Player,Nation,Pos,Squad,Comp,Age,Born,MP,Starts,Min,90s,Gls,Ast,G+A,G-PK,PK,PKatt,CrdY,CrdR,Sh,SoT,Fls,Fld,Off,Crs,Int,TklW,OG,SoT%,G/Sh,G/SoT,PPM,+/-90,On-Off,GA,GA90,SoTA,Saves,Save%,W,D,L,CS,CS%,PKatt_stats_keeper,PKA,PKsv,PKm,Primary_Position,Secondary_Position,Is_Multi_Position,Position_Group,Eligible_450,Eligible_900,Eligible_1350,Gls_per90,Ast_per90,G+A_per90,G-PK_per90,PK_per90,PKatt_per90,CrdY_per90,CrdR_per90,Sh_per90,SoT_per90,Fls_per90,Fld_per90,Off_per90,Crs_per90,Int_per90,TklW_per90,OG_per90
Brenden Aaronson,us USA,"MF,FW",Leeds United,eng Premier League,24.0,2000.0,37,30,2449,27.2,4,5,9,4,0,0,3,0,47,17,20,51,5,37,17,27,0,36.2,0.09,0.24,1.19,0.15,1.17,,,,,,,,,,,,,,,MF,FW,True,Midfielder,True,True,True,0.14699877501020825,0.18374846876276033,0.3307472437729686,0.14699877501020825,0.0,0.0,0.11024908125765619,0.0,1.7272356063699468,0.6247447937933851,0.7349938750510413,1.874234381380155,0.18374846876276033,1.3597386688444262,0.6247447937933851,0.9922417313189057,0.0
Himad Abdelli,dz ALG,MF,Angers,fr Ligue 1,25.0,1999.0,13,11,943,10.5,2,0,2,0,2,2,1,0,11,5,16,12,1,9,13,17,0,45.5,0.0,0.0,1.38,-0.1,0.67,,,,,,,,,,,,,,,MF,,False,Midfielder,True,True,False,0.19088016967126195,0.0,0.19088016967126195,0.0,0.19088016967126195,0.19088016967126195,0.09544008483563098,0.0,1.0498409331919407,0.47720042417815484,1.5270413573700956,1.1452810180275717,0.09544008483563098,0.8589607635206787,1.2407211028632026,1.6224814422057265,0.0
Ali Abdi,tn TUN,"MF,DF",Nice,fr Ligue 1,31.0,1993.0,22,13,1187,13.2,3,0,3,3,0,0,4,1,16,4,22,18,1,33,10,11,0,25.0,0.19,0.75,0.68,0.15,1.35,,,,,,,,,,,,,,,MF,DF,True,Midfielder,True,True,False,0.22746419545071608,0.0,0.22746419545071608,0.22746419545071608,0.0,0.0,0.3032855939342881,0.07582139848357203,1.2131423757371524,0.3032855939342881,1.6680707666385846,1.3647851727042966,0.07582139848357203,2.5021061499578767,0.7582139848357202,0.8340353833192923,0.0
Salis Abdul Samed,gh GHA,MF,Nice,fr Ligue 1,25.0,2000.0,18,12,911,10.1,0,0,0,0,0,0,3,0,1,0,19,10,0,2,11,7,0,0.0,0.0,,1.06,-0.2,0.68,,,,,,,,,,,,,,,MF,,False,Midfielder,True,True,False,0.0,0.0,0.0,0.0,0.0,0.0,0.29637760702524696,0.0,0.09879253567508232,0.0,1.8770581778265643,0.9879253567508234,0.0,0.19758507135016465,1.0867178924259056,0.6915477497255763,0.0
Saud Abdulhamid,sa KSA,MF,Lens,fr Ligue 1,26.0,1999.0,25,14,1352,15.0,2,4,6,2,0,0,4,1,8,3,26,14,1,47,9,22,0,37.5,0.25,0.67,1.84,1.2,0.51,,,,,,,,,,,,,,,MF,,False,Midfielder,True,True,True,0.1331360946745562,0.2662721893491124,0.3994082840236686,0.1331360946745562,0.0,0.0,0.2662721893491124,0.0665680473372781,0.5325443786982248,0.1997041420118343,1.7307692307692308,0.9319526627218936,0.0665680473372781,3.1286982248520707,0.599112426035503,1.4644970414201184,0.0
Laurent Abergel,fr FRA,MF,Lorient,fr Ligue 1,32.0,1993.0,28,27,2318,25.8,1,0,1,1,0,0,7,0,22,5,24,27,1,9,28,23,0,22.7,0.05,0.2,1.39,-0.04,0.2,,,,,,,,,,,,,,,MF,,False,Midfielder,True,True,True,0.03882657463330458,0.0,0.03882657463330458,0.03882657463330458,0.0,0.0,0.271786022433132,0.0,0.8541846419327006,0.19413287316652286,0.9318377911993097,1.0483175150992234,0.03882657463330458,0.34943917169974115,1.087144089732528,0.8930112165660051,0.0
Matthis Abline,fr FRA,"FW,MF",Nantes,fr Ligue 1,22.0,2003.0,33,28,2584,28.7,6,4,10,6,0,1,6,0,84,22,32,42,5,62,9,13,0,26.2,0.07,0.27,0.61,-0.84,-1.02,,,,,,,,,,,,,,,FW,MF,True,Forward,True,True,True,0.2089783281733746,0.1393188854489164,0.34829721362229105,0.2089783281733746,0.0,0.0348297213622291,0.2089783281733746,0.0,2.9256965944272446,0.7662538699690402,1.1145510835913313,1.4628482972136223,0.17414860681114552,2.1594427244582044,0.31346749226006193,0.45278637770897834,0.0
Abner,br BRA,"DF,MF",Lyon,fr Ligue 1,25.0,2000.0,26,25,2150,23.9,3,2,5,3,0,0,4,1,17,7,23,6,1,61,8,24,0,41.2,0.18,0.43,1.81,0.42,0.12,,,,,,,,,,,,,,,DF,MF,True,Defender,True,True,True,0.12558139534883722,0.08372093023255814,0.20930232558139533,0.12558139534883722,0.0,0.0,0.16744186046511628,0.04186046511627907,0.7116279069767442,0.2930232558139535,0.9627906976744186,0.25116279069767444,0.04186046511627907,2.5534883720930233,0.33488372093023255,1.0046511627906978,0.0
Abdel Abqar,ma MAR,DF,Getafe,es La Liga,26.0,1999.0,23,17,1437,16.0,0,2,2,0,0,0,10,1,7,1,30,36,1,2,20,17,0,14.3,0.0,0.0,1.17,0.06,0.38,,,,,,,,,,,,,,,DF,,False,Defender,True,True,True,0.0,0.12526096033402923,0.12526096033402923,0.0,0.0,0.0,0.6263048016701461,0.06263048016701461,0.43841336116910234,0.06263048016701461,1.8789144050104385,2.2546972860125263,0.06263048016701461,0.12526096033402923,1.2526096033402923,1.0647181628392484,0.0
Francesco Acerbi,it ITA,DF,Inter,it Serie A,37.0,1988.0,18,15,1378,15.3,0,1,1,0,0,0,3,0,3,1,17,13,3,3,18,9,0,33.3,0.0,0.0,2.11,1.04,-0.63,,,,,,,,,,,,,,,DF,,False,Defender,True,True,True,0.0,0.06531204644412192,0.06531204644412192,0.0,0.0,0.0,0.19593613933236573,0.0,0.19593613933236573,0.06531204644412192,1.1103047895500726,0.8490566037735848,0.19593613933236573,0.19593613933236573,1.1756168359941945,0.5878084179970973,0.0
Ragnar Ache,de GER,FW,Köln,de Bundesliga,27.0,1998.0,29,18,1718,19.1,7,4,11,7,0,0,3,0,52,22,18,29,10,1,4,8,0,42.3,0.13,0.32,1.03,-0.58,-0.38,,,,,,,,,,,,,,,FW,,False,Forward,True,True,True,0.36670547147846333,0.20954598370197905,0.5762514551804423,0.36670547147846333,0.0,0.0,0.15715948777648428,0.0,2.724097788125728,1.1525029103608846,0.9429569266589057,1.519208381839348,0.5238649592549477,0.05238649592549476,0.20954598370197905,0.4190919674039581,0.0
Akor Adams,ng NGA,FW,Sevilla,es La Liga,25.0,2000.0,32,21,2064,22.9,10,3,13,7,3,3,3,0,61,30,36,12,41,17,1,4,0,49.2,0.11,0.23,1.13,-0.35,0.05,,,,,,,,,,,,,,,FW,,False,Forward,True,True,True,0.436046511627907,0.1308139534883721,0.5668604651162791,0.30523255813953487,0.1308139534883721,0.1308139534883721,0.1308139534883721,0.0,2.6598837209302326,1.3081395348837208,1.569767441860465,0.5232558139534884,1.7877906976744187,0.741279069767442,0.0436046511627907,0.1744186046511628,0.0
Che Adams,sct SCO,FW,Torino,it Serie A,29.0,1996.0,33,19,1893,21.0,6,2,8,6,0,0,0,0,53,18,18,15,9,14,1,9,0,34.0,0.11,0.33,1.18,-0.19,0.69,,,,,,,,,,,,,,,FW,,False,Forward,True,True,True,0.28526148969889065,0.09508716323296355,0.3803486529318542,0.28526148969889065,0.0,0.0,0.0,0.0,2.519809825673534,0.8557844690966719,0.8557844690966719,0.7131537242472267,0.42789223454833597,0.6656101426307449,0.04754358161648178,0.42789223454833597,0.0
Tyler Adams,us USA,MF,Bournemouth,eng Premier League,26.0,1999.0,25,21,1773,19.7,2,2,4,2,0,0,8,0,10,6,36,13,1,3,30,24,0,60.0,0.2,0.33,1.52,-0.15,-0.53,,,,,,,,,,,,,,,MF,,False,Midfielder,True,True,True,0.10152284263959392,0.10152284263959392,0.20304568527918784,0.10152284263959392,0.0,0.0,0.4060913705583757,0.0,0.5076142131979695,0.3045685279187817,1.8274111675126903,0.6598984771573604,0.05076142131979696,0.15228426395939085,1.5228426395939085,1.2182741116751268,0.0
Karim Adeyemi,de GER,"MF,FW",Dortmund,de Bundesliga,23.0,2002.0,28,15,1195,13.3,7,4,11,7,0,0,5,0,31,14,21,25,5,11,8,4,0,45.2,0.23,0.5,2.29,0.98,-0.13,,,,,,,,,,,,,,,MF,FW,True,Midfielder,True,True,False,0.5271966527196653,0.301255230125523,0.8284518828451883,0.5271966527196653,0.0,0.0,0.37656903765690375,0.0,2.3347280334728033,1.0543933054393306,1.5815899581589958,1.8828451882845187,0.37656903765690375,0.8284518828451883,0.602510460251046,0.301255230125523,0.0
Amine Adli,ma MAR,MF,Bournemouth,eng Premier League,25.0,2000.0,31,10,1093,12.1,3,1,4,3,0,0,2,0,20,9,29,23,5,39,6,17,0,45.0,0.15,0.33,1.48,0.08,-0.03,,,,,,,,,,,,,,,MF,,False,Midfielder,True,True,False,0.24702653247941445,0.08234217749313816,0.32936870997255263,0.24702653247941445,0.0,0.0,0.16468435498627632,0.0,1.6468435498627632,0.7410795974382433,2.3879231473010063,1.8938700823421775,0.4117108874656908,3.211344922232388,0.4940530649588289,1.3998170173833486,0.0
Michel Aebischer,ch SUI,MF,Pisa,it Serie A,28.0,1997.0,35,33,2892,32.1,1,2,3,1,0,0,8,0,19,5,44,38,0,43,35,37,0,26.3,0.05,0.2,0.51,-0.81,2.43,,,,,,,,,,,,,,,MF,,False,Midfielder,True,True,True,0.03112033195020747,0.06224066390041494,0.09336099585062241,0.03112033195020747,0.0,0.0,0.24896265560165975,0.0,0.5912863070539419,0.15560165975103735,1.3692946058091287,1.1825726141078838,0.0,1.338174273858921,1.0892116182572615,1.1514522821576763,0.0
David Affengruber,at AUT,DF,Elche,es La Liga,24.0,2001.0,36,33,2949,32.8,1,1,2,1,0,0,7,1,14,4,34,35,2,8,50,50,0,28.6,0.07,0.25,1.14,-0.12,0.64,,,,,,,,,,,,,,,DF,,False,Defender,True,True,True,0.030518819938962362,0.030518819938962362,0.061037639877924724,0.030518819938962362,0.0,0.0,0.21363173957273654,0.030518819938962362,0.4272634791454731,0.12207527975584945,1.0376398779247202,1.0681586978636826,0.061037639877924724,0.2441505595116989,1.525940996948118,1.525940996948118,0.0
Emmanuel Agbadou,ci CIV,DF,Wolves,eng Premier League,28.0,1997.0,14,12,1101,12.2,0,0,0,0,0,0,1,1,10,3,10,5,1,13,14,21,0,30.0,0.0,0.0,0.14,-1.72,-0.94,,,,,,,,,,,,,,,DF,,False,Defender,True,True,False,0.0,0.0,0.0,0.0,0.0,0.0,0.08174386920980926,0.08174386920980926,0.8174386920980927,0.24523160762942778,0.8174386920980927,0.40871934604904636,0.08174386920980926,1.0626702997275204,1.1444141689373297,1.7166212534059946,0.0
Lucien Agoume,fr FRA,MF,Sevilla,es La Liga,23.0,2002.0,34,31,2686,29.8,1,3,4,1,0,0,12,0,15,2,58,16,8,18,49,40,0,13.3,0.07,0.5,1.18,-0.3,0.31,,,,,,,,,,,,,,,MF,,False,Midfielder,True,True,True,0.03350707371556218,0.10052122114668652,0.1340282948622487,0.03350707371556218,0.0,0.0,0.40208488458674607,0.0,0.5026061057334327,0.06701414743112435,1.9434102755026061,0.5361131794489948,0.2680565897244974,0.6031273268801192,1.6418466120625466,1.340282948622487,0.0
Marc Aguado,es ESP,MF,Elche,es La Liga,25.0,2000.0,35,30,2500,27.8,1,2,3,1,0,0,3,0,3,2,25,23,0,2,42,26,0,66.7,0.33,0.5,1.03,-0.22,-0.02,,,,,,,,,,,,,,,MF,,False,Midfielder,True,True,True,0.036000000000000004,0.07200000000000001,0.10799999999999998,0.036000000000000004,0.0,0.0,0.10799999999999998,0.0,0.10799999999999998,0.07200000000000001,0.9,0.828,0.0,0.07200000000000001,1.512,0.9359999999999999,0.0
Nayef Aguerd,ma MAR,DF,Marseille,fr Ligue 1,29.0,1996.0,16,16,1396,15.5,1,0,1,1,0,0,4,0,10,2,21,6,0,2,21,16,0,20.0,0.1,0.5,1.94,1.03,0.92,,,,,,,,,,,,,,,DF,,False,Defender,True,True,True,0.06446991404011461,0.0,0.06446991404011461,0.06446991404011461,0.0,0.0,0.25787965616045844,0.0,0.6446991404011462,0.12893982808022922,1.3538681948424067,0.3868194842406877,0.0,0.12893982808022922,1.3538681948424067,1.0315186246418337,0.0
Ruben Aguilar,fr FRA,MF,Lens,fr Ligue 1,32.0,1993.0,26,20,1720,19.1,2,2,4,2,0,0,6,1,13,3,26,12,5,86,24,24,0,23.1,0.15,0.67,2.08,0.47,-1.01,,,,,,,,,,,,,,,MF,,False,Midfielder,True,True,True,0.10465116279069767,0.10465116279069767,0.20930232558139533,0.10465116279069767,0.0,0.0,0.313953488372093,0.05232558139534883,0.6802325581395349,0.1569767441860465,1.3604651162790697,0.627906976744186,0.2616279069767442,4.5,1.255813953488372,1.255813953488372,0.0
Honest Ahanor,it ITA,DF,Atalanta,it Serie A,17.0,2008.0,22,15,1377,15.3,0,0,0,0,0,0,2,1,13,4,24,28,0,2,24,20,0,30.8,0.0,0.0,1.64,0.13,-0.44,,,,,,,,,,,,,,,DF,,False,Defender,True,True,True,0.0,0.0,0.0,0.0,0.0,0.0,0.13071895424836602,0.06535947712418301,0.8496732026143791,0.26143790849673204,1.5686274509803924,1.8300653594771241,0.0,0.13071895424836602,1.5686274509803924,1.3071895424836601,0.0
Lucas Ahijado,es ESP,DF,Oviedo,es La Liga,30.0,1995.0,20,11,1098,12.2,0,1,1,0,0,0,3,0,10,2,14,3,2,16,17,29,0,20.0,0.0,0.0,0.5,-1.31,-0.61,,,,,,,,,,,,,,,DF,,False,Defender,True,True,False,0.0,0.08196721311475409,0.08196721311475409,0.0,0.0,0.0,0.2459016393442623,0.0,0.819672131147541,0.16393442622950818,1.1475409836065575,0.2459016393442623,0.16393442622950818,1.3114754098360655,1.3934426229508197,2.377049180327869,0.0
Ola Aina,ng NGA,DF,Nottingham Forest,eng Premier League,28.0,1996.0,18,18,1588,17.6,0,0,0,0,0,0,3,0,12,1,13,15,0,39,26,21,0,8.3,0.0,0.0,1.39,0.45,0.99,,,,,,,,,,,,,,,DF,,False,Defender,True,True,True,0.0,0.0,0.0,0.0,0.0,0.0,0.17002518891687657,0.0,0.6801007556675063,0.05667506297229219,0.7367758186397985,0.850125944584383,0.0,2.2103274559193955,1.473551637279597,1.1901763224181359,0.0
Abdelhamid Ait Boudlal,ma MAR,DF,Rennes,fr Ligue 1,19.0,2006.0,20,17,1403,15.6,2,1,3,2,0,0,3,1,13,4,14,10,1,2,18,11,0,30.8,0.15,0.5,1.85,0.32,0.1,,,,,,,,,,,,,,,DF,,False,Defender,True,True,True,0.12829650748396293,0.06414825374198146,0.19244476122594442,0.12829650748396293,0.0,0.0,0.19244476122594442,0.06414825374198146,0.8339272986457591,0.25659301496792586,0.8980755523877406,0.6414825374198148,0.06414825374198146,0.12829650748396293,1.1546685673556665,0.7056307911617962,0.0
Rayan Aït-Nouri,dz ALG,DF,Manchester City,eng Premier League,24.0,2001.0,17,12,974,10.8,0,2,2,0,0,0,2,0,10,2,17,10,0,22,13,21,0,20.0,0.0,0.0,1.94,1.29,0.26,,,,,,,,,,,,,,,DF,,False,Defender,True,True,False,0.0,0.18480492813141686,0.18480492813141686,0.0,0.0,0.0,0.18480492813141686,0.0,0.9240246406570841,0.18480492813141686,1.570841889117043,0.9240246406570841,0.0,2.0328542094455853,1.2012320328542094,1.9404517453798769,0.0
Tosin Aiyegun,bj BEN,"FW,MF",Lorient,fr Ligue 1,27.0,1998.0,27,11,1073,11.9,5,0,5,5,0,1,1,0,30,12,11,13,3,6,1,5,0,40.0,0.17,0.42,1.04,-0.25,-0.25,,,,,,,,,,,,,,,FW,MF,True,Forward,True,True,False,0.4193849021435228,0.0,0.4193849021435228,0.4193849021435228,0.0,0.08387698042870456,0.08387698042870456,0.0,2.516309412861137,1.0065237651444547,0.9226467847157503,1.0904007455731595,0.2516309412861137,0.5032618825722274,0.08387698042870456,0.4193849021435228,0.0
Kristoffer Ajer,no NOR,DF,Brentford,eng Premier League,27.0,1998.0,27,20,1810,20.1,0,1,1,0,0,0,4,0,10,3,23,5,0,7,15,23,0,30.0,0.0,0.0,1.37,-0.15,-0.48,,,,,,,,,,,,,,,DF,,False,Defender,True,True,True,0.0,0.04972375690607735,0.04972375690607735,0.0,0.0,0.0,0.1988950276243094,0.0,0.49723756906077343,0.14917127071823205,1.143646408839779,0.24861878453038672,0.0,0.34806629834254144,0.7458563535911602,1.143646408839779,0.0
Ludovic Ajorque,fr FRA,FW,Brest,fr Ligue 1,31.0,1994.0,32,32,2820,31.3,8,9,17,8,0,0,9,1,55,17,65,55,14,9,11,20,0,30.9,0.15,0.47,1.22,-0.26,1.24,,,,,,,,,,,,,,,FW,,False,Forward,True,True,True,0.25531914893617025,0.28723404255319146,0.5425531914893617,0.25531914893617025,0.0,0.0,0.28723404255319146,0.03191489361702128,1.7553191489361701,0.5425531914893617,2.074468085106383,1.7553191489361701,0.4468085106382979,0.28723404255319146,0.35106382978723405,0.6382978723404256,0.0
Manuel Akanji,ch SUI,DF,Inter,it Serie A,30.0,1995.0,33,31,2821,31.3,2,0,2,2,0,0,4,0,23,6,26,18,2,3,37,24,0,26.1,0.09,0.33,2.39,1.5,0.45,,,,,,,,,,,,,,,DF,,False,Defender,True,True,True,0.06380716058135413,0.0,0.06380716058135413,0.06380716058135413,0.0,0.0,0.12761432116270827,0.0,0.7337823466855725,0.1914214817440624,0.8294930875576036,0.5742644452321871,0.06380716058135413,0.0957107408720312,1.1804324707550515,0.7656859269762496,0.0
Ebenezer Akinsanmiro,ng NGA,MF,Pisa,it Serie A,20.0,2004.0,24,16,1444,16.0,0,1,1,0,0,0,2,0,13,3,30,28,1,9,27,25,0,23.1,0.0,0.0,0.5,-1.18,0.0,,,,,,,,,,,,,,,MF,,False,Midfielder,True,True,True,0.0,0.062326869806094184,0.062326869806094184,0.0,0.0,0.0,0.12465373961218837,0.0,0.8102493074792244,0.18698060941828257,1.8698060941828254,1.745152354570637,0.062326869806094184,0.5609418282548477,1.6828254847645427,1.5581717451523547,0.0
Maghnes Akliouche,fr FRA,"MF,FW",Monaco,fr Ligue 1,23.0,2002.0,31,28,2400,26.7,6,6,12,6,0,0,3,0,48,19,29,36,9,53,18,26,0,39.6,0.13,0.32,1.55,0.37,0.92,,,,,,,,,,,,,,,MF,FW,True,Midfielder,True,True,True,0.225,0.225,0.45,0.225,0.0,0.0,0.1125,0.0,1.8,0.7125,1.0875,1.3499999999999999,0.33749999999999997,1.9875,0.6749999999999999,0.9750000000000001,0.0
Clément Akpa,ci CIV,DF,Auxerre,fr Ligue 1,23.0,2001.0,26,21,1944,21.6,0,0,0,0,0,0,4,1,6,0,12,30,1,30,23,19,2,0.0,0.0,,1.0,-0.6,-0.84,,,,,,,,,,,,,,,DF,,False,Defender,True,True,True,0.0,0.0,0.0,0.0,0.0,0.0,0.1851851851851852,0.0462962962962963,0.2777777777777778,0.0,0.5555555555555556,1.3888888888888888,0.0462962962962963,1.3888888888888888,1.0648148148148149,0.8796296296296297,0.0925925925925926
Jean-Daniel Akpa-Akpro,ci CIV,MF,Hellas Verona,it Serie A,32.0,1992.0,22,17,1504,16.7,1,0,1,1,0,0,9,0,13,4,39,15,0,17,22,32,0,30.8,0.08,0.25,0.5,-0.54,0.73,,,,,,,,,,,,,,,MF,,False,Midfielder,True,True,True,0.05984042553191489,0.0,0.05984042553191489,0.05984042553191489,0.0,0.0,0.538563829787234,0.0,0.7779255319148937,0.23936170212765956,2.333776595744681,0.8976063829787234,0.0,1.0172872340425532,1.3164893617021276,1.9148936170212765,0.0
Omar Alderete,py PAR,DF,Sunderland,eng Premier League,28.0,1996.0,33,32,2798,31.1,1,1,2,1,0,0,6,0,24,9,34,10,5,11,36,18,0,37.5,0.04,0.11,1.39,-0.32,-0.9,,,,,,,,,,,,,,,DF,,False,Defender,True,True,True,0.032165832737669764,0.032165832737669764,0.06433166547533953,0.032165832737669764,0.0,0.0,0.19299499642601858,0.0,0.7719799857040743,0.2894924946390279,1.093638313080772,0.32165832737669764,0.16082916368834882,0.3538241601143674,1.1579699785561115,0.5789849892780558,0.0
Alexandre Alemão,br BRA,FW,Rayo Vallecano,es La Liga,27.0,1998.0,26,11,1136,12.6,4,0,4,4,0,0,3,0,26,12,23,27,4,5,1,2,0,46.2,0.15,0.33,1.42,0.16,0.36,,,,,,,,,,,,,,,FW,,False,Forward,True,True,False,0.31690140845070425,0.0,0.31690140845070425,0.31690140845070425,0.0,0.0,0.23767605633802816,0.0,2.0598591549295775,0.9507042253521126,1.8221830985915495,2.1390845070422535,0.31690140845070425,0.3961267605633803,0.07922535211267606,0.15845070422535212,0.0
Carles Aleñá,es ESP,MF,Alavés,es La Liga,27.0,1998.0,34,23,1989,22.1,0,4,4,0,0,0,5,0,29,5,38,36,1,121,12,24,0,17.2,0.0,0.0,1.06,-0.54,-0.54,,,,,,,,,,,,,,,MF,,False,Midfielder,True,True,True,0.0,0.18099547511312214,0.18099547511312214,0.0,0.0,0.0,0.22624434389140274,0.0,1.3122171945701357,0.22624434389140274,1.7194570135746607,1.6289592760180998,0.045248868778280535,5.475113122171946,0.5429864253393666,1.0859728506787332,0.0
Trent Alexander-Arnold,eng ENG,DF,Real Madrid,es La Liga,26.0,1998.0,21,14,1163,12.9,0,4,4,0,0,0,4,0,10,2,10,5,0,126,13,10,0,20.0,0.0,0.0,2.05,0.85,-0.38,,,,,,,,,,,,,,,DF,,False,Defender,True,True,False,0.0,0.30954428202923473,0.30954428202923473,0.0,0.0,0.0,0.30954428202923473,0.0,0.7738607050730868,0.15477214101461736,0.7738607050730868,0.3869303525365434,0.0,9.750644883920895,1.0060189165950129,0.7738607050730868,0.0
Mohamed Ali Cho,fr FRA,"FW,MF",Nice,fr Ligue 1,21.0,2004.0,24,20,1667,18.5,4,3,7,4,0,0,1,0,32,14,14,32,5,39,4,9,0,43.8,0.13,0.29,0.67,-0.76,-0.17,,,,,,,,,,,,,,,FW,MF,True,Forward,True,True,True,0.21595680863827232,0.16196760647870426,0.3779244151169766,0.21595680863827232,0.0,0.0,0.05398920215956808,0.0,1.7276544691061786,0.7558488302339532,0.7558488302339532,1.7276544691061786,0.2699460107978405,2.1055788842231555,0.21595680863827232,0.4859028194361128,0.0
Thiago Almada,ar ARG,"MF,FW",Atlético Madrid,es La Liga,24.0,2001.0,27,16,1311,14.6,3,1,4,3,0,0,2,1,21,10,13,16,2,40,9,18,0,47.6,0.14,0.3,1.78,0.07,-0.66,,,,,,,,,,,,,,,MF,FW,True,Midfielder,True,True,False,0.20594965675057209,0.06864988558352403,0.2745995423340961,0.20594965675057209,0.0,0.0,0.13729977116704806,0.06864988558352403,1.4416475972540046,0.6864988558352403,0.8924485125858123,1.0983981693363845,0.13729977116704806,2.745995423340961,0.6178489702517163,1.2356979405034325,0.0
Domingos André Ribeiro Almeida,pt POR,MF,Valencia,es La Liga,25.0,2000.0,22,11,1017,11.3,0,2,2,0,0,0,0,0,9,3,12,22,0,65,8,11,0,33.3,0.0,0.0,1.23,0.0,0.34,,,,,,,,,,,,,,,MF,,False,Midfielder,True,True,False,0.0,0.17699115044247787,0.17699115044247787,0.0,0.0,0.0,0.0,0.0,0.7964601769911505,0.2654867256637168,1.0619469026548671,1.9469026548672568,0.0,5.752212389380531,0.7079646017699115,0.9734513274336284,0.0
Marcos Alonso,es ESP,DF,Celta Vigo,es La Liga,34.0,1990.0,32,31,2768,30.8,1,0,1,0,1,1,5,0,24,3,23,20,0,19,30,24,0,12.5,0.0,0.0,1.41,0.1,-0.18,,,,,,,,,,,,,,,DF,,False,Defender,True,True,True,0.03251445086705202,0.0,0.03251445086705202,0.0,0.03251445086705202,0.03251445086705202,0.16257225433526012,0.0,0.7803468208092484,0.09754335260115606,0.7478323699421965,0.6502890173410405,0.0,0.6177745664739884,0.9754335260115606,0.7803468208092484,0.0
Sergi Altimira,es ESP,MF,Real Betis,es La Liga,23.0,2001.0,24,13,1186,13.2,1,2,3,1,0,0,3,0,7,3,14,22,0,3,20,36,0,42.9,0.14,0.33,1.5,-0.38,-1.02,,,,,,,,,,,,,,,MF,,False,Midfielder,True,True,False,0.07588532883642496,0.15177065767284992,0.22765598650927485,0.07588532883642496,0.0,0.0,0.22765598650927485,0.0,0.5311973018549747,0.22765598650927485,1.0623946037099494,1.669477234401349,0.0,0.22765598650927485,1.5177065767284992,2.7318718381112985,0.0
Carlos Álvarez,es ESP,MF,Levante,es La Liga,21.0,2003.0,30,23,1890,21.0,3,1,4,3,0,0,3,0,30,11,22,49,2,54,13,13,0,36.7,0.1,0.27,0.93,-0.71,-0.77,,,,,,,,,,,,,,,MF,,False,Midfielder,True,True,True,0.14285714285714285,0.04761904761904762,0.1904761904761905,0.14285714285714285,0.0,0.0,0.14285714285714285,0.0,1.4285714285714284,0.5238095238095238,1.0476190476190477,2.3333333333333335,0.09523809523809525,2.571428571428571,0.6190476190476191,0.6190476190476191,0.0
Hugo Álvarez,es ESP,"FW,MF",Celta Vigo,es La Liga,22.0,2003.0,28,15,1340,14.9,4,2,6,4,0,0,2,0,14,8,16,17,2,23,10,9,0,57.1,0.29,0.5,1.43,0.13,0.0,,,,,,,,,,,,,,,FW,MF,True,Forward,True,True,False,0.26865671641791045,0.13432835820895522,0.40298507462686567,0.26865671641791045,0.0,0.0,0.13432835820895522,0.0,0.9402985074626866,0.5373134328358209,1.0746268656716418,1.1417910447761193,0.13432835820895522,1.5447761194029852,0.6716417910447761,0.6044776119402985,0.0
Julián Álvarez,ar ARG,FW,Atlético Madrid,es La Liga,25.0,2000.0,29,22,1895,21.1,8,4,12,6,2,3,2,0,54,26,14,18,2,86,3,13,0,48.1,0.11,0.23,1.97,0.71,0.54,,,,,,,,,,,,,,,FW,,False,Forward,True,True,True,0.37994722955145116,0.18997361477572558,0.5699208443271767,0.28496042216358836,0.09498680738786279,0.14248021108179418,0.09498680738786279,0.0,2.5646437994722957,1.2348284960422162,0.6649076517150395,0.8548812664907651,0.09498680738786279,4.084432717678101,0.14248021108179418,0.6174142480211081,0.0
Aurele Amenda,ch SUI,DF,Eintracht Frankfurt,de Bundesliga,22.0,2003.0,24,18,1678,18.6,0,0,0,0,0,0,5,0,10,2,22,13,0,6,29,12,1,20.0,0.0,0.0,1.17,-0.32,-0.45,,,,,,,,,,,,,,,DF,,False,Defender,True,True,True,0.0,0.0,0.0,0.0,0.0,0.0,0.26817640047675806,0.0,0.5363528009535161,0.10727056019070322,1.1799761620977354,0.6972586412395709,0.0,0.3218116805721096,1.5554231227651967,0.6436233611442193,0.05363528009535161
Kelvin Amian,fr FRA,DF,Nantes,fr Ligue 1,27.0,1998.0,23,22,1961,21.8,0,1,1,0,0,0,3,0,10,2,23,18,2,29,8,18,0,20.0,0.0,0.0,0.65,-0.87,-0.54,,,,,,,,,,,,,,,DF,,False,Defender,True,True,True,0.0,0.04589495155532892,0.04589495155532892,0.0,0.0,0.0,0.13768485466598673,0.0,0.45894951555328917,0.09178990311065784,1.055583885772565,0.8261091279959204,0.09178990311065784,1.3309535951045386,0.36715961244263134,0.8261091279959204,0.0
Mohamed Amine Sbai,fr FRA,"MF,FW",Angers,fr Ligue 1,24.0,2000.0,25,23,1818,20.2,3,1,4,3,0,1,3,1,34,16,15,24,5,59,4,10,0,47.1,0.09,0.19,1.2,-0.45,0.28,,,,,,,,,,,,,,,MF,FW,True,Midfielder,True,True,True,0.1485148514851485,0.0495049504950495,0.198019801980198,0.1485148514851485,0.0,0.0495049504950495,0.1485148514851485,0.0495049504950495,1.683168316831683,0.792079207920792,0.7425742574257425,1.188118811881188,0.24752475247524755,2.920792079207921,0.198019801980198,0.4950495049504951,0.0
Michael Amir Murillo,pa PAN,"DF,MF",Marseille,fr Ligue 1,29.0,1996.0,16,11,989,11.0,2,1,3,2,0,0,4,0,9,2,22,16,2,28,6,13,0,22.2,0.22,1.0,2.0,1.18,0.97,,,,,,,,,,,,,,,DF,MF,True,Defender,True,True,False,0.1820020222446916,0.0910010111223458,0.2730030333670374,0.1820020222446916,0.0,0.0,0.3640040444893832,0.0,0.8190091001011123,0.1820020222446916,2.0020222446916076,1.456016177957533,0.1820020222446916,2.5480283114256825,0.5460060667340748,1.1830131445904954,0.0
Nadiem Amiri,de GER,MF,Mainz 05,de Bundesliga,28.0,1996.0,26,24,2083,23.1,12,2,14,4,8,8,6,0,54,22,20,26,3,136,19,18,0,40.7,0.07,0.18,1.08,-0.04,0.69,,,,,,,,,,,,,,,MF,,False,Midfielder,True,True,True,0.5184829572731637,0.08641382621219394,0.6048967834853577,0.17282765242438788,0.34565530484877577,0.34565530484877577,0.25924147863658187,0.0,2.3331733077292367,0.9505520883341335,0.8641382621219396,1.1233797407585213,0.12962073931829093,5.8761401824291895,0.8209313490158426,0.7777244359097455,0.0
Samuel Amo-Ameyaw,eng ENG,"MF,DF",Strasbourg,fr Ligue 1,19.0,2006.0,25,9,1047,11.6,2,2,4,2,0,0,2,0,17,5,15,26,2,50,3,12,0,29.4,0.12,0.4,1.4,-0.43,-1.15,,,,,,,,,,,,,,,MF,DF,True,Midfielder,True,True,False,0.17191977077363896,0.17191977077363896,0.3438395415472779,0.17191977077363896,0.0,0.0,0.17191977077363896,0.0,1.4613180515759312,0.42979942693409745,1.2893982808022924,2.2349570200573066,0.17191977077363896,4.2979942693409745,0.25787965616045844,1.0315186246418337,0.0
Mohamed Amoura,dz ALG,"FW,MF",Wolfsburg,de Bundesliga,25.0,2000.0,30,23,1919,21.3,8,3,11,7,1,1,2,0,60,19,21,11,12,34,7,22,0,31.7,0.12,0.37,0.97,0.0,1.89,,,,,,,,,,,,,,,FW,MF,True,Forward,True,True,True,0.3751954142782699,0.14069828035435122,0.5158936946326211,0.32829598749348615,0.04689942678478374,0.04689942678478374,0.09379885356956748,0.0,2.8139656070870247,0.8910891089108911,0.9848879624804586,0.5158936946326211,0.5627931214174049,1.5945805106826472,0.32829598749348615,1.0317873892652423,0.0
Ethan Ampadu,wls WAL,MF,Leeds United,eng Premier League,24.0,2000.0,35,35,3119,34.7,1,1,2,1,0,0,10,0,26,6,50,36,0,25,50,46,0,23.1,0.04,0.17,1.29,-0.12,0.78,,,,,,,,,,,,,,,MF,,False,Midfielder,True,True,True,0.02885540237255531,0.02885540237255531,0.05771080474511062,0.02885540237255531,0.0,0.0,0.28855402372555305,0.0,0.750240461686438,0.17313241423533185,1.4427701186277653,1.038794485411991,0.0,0.7213850593138826,1.4427701186277653,1.327348509137544,0.0
Sofyan Amrabat,ma MAR,MF,Real Betis,es La Liga,28.0,1996.0,17,14,1295,14.4,0,0,0,0,0,0,4,0,8,1,22,19,0,6,11,13,0,12.5,0.0,0.0,1.53,0.42,0.21,,,,,,,,,,,,,,,MF,,False,Midfielder,True,True,False,0.0,0.0,0.0,0.0,0.0,0.0,0.277992277992278,0.0,0.555984555984556,0.0694980694980695,1.528957528957529,1.3204633204633205,0.0,0.416988416988417,0.7644787644787645,0.9034749034749034,0.0
Joachim Andersen,dk DEN,DF,Fulham,eng Premier League,29.0,1996.0,33,33,2875,31.9,0,1,1,0,0,0,7,1,16,4,30,13,0,15,34,26,0,25.0,0.0,0.0,1.36,-0.09,0.07,,,,,,,,,,,,,,,DF,,False,Defender,True,True,True,0.0,0.03130434782608696,0.03130434782608696,0.0,0.0,0.0,0.21913043478260869,0.03130434782608696,0.5008695652173913,0.12521739130434784,0.9391304347826088,0.4069565217391304,0.0,0.4695652173913044,1.0643478260869565,0.8139130434782608,0.0
Elliot Anderson,eng ENG,MF,Nottingham Forest,eng Premier League,22.0,2002.0,38,37,3331,37.0,4,4,8,3,1,1,8,0,44,10,57,80,2,175,41,60,0,22.7,0.07,0.3,1.16,-0.11,-1.12,,,,,,,,,,,,,,,MF,,False,Midfielder,True,True,True,0.10807565295706995,0.10807565295706995,0.2161513059141399,0.08105673971780246,0.027018913239267486,0.027018913239267486,0.2161513059141399,0.0,1.1888321825277695,0.2701891323926749,1.5400780546382467,2.161513059141399,0.05403782647853497,4.72830981687181,1.1077754428099669,1.6211347943560495,0.0
Tomoya Ando,jp JPN,DF,St Pauli,de Bundesliga,26.0,1999.0,15,14,1260,14.0,0,1,1,0,0,0,3,0,8,2,12,12,0,6,14,23,0,25.0,0.0,0.0,0.6,-1.21,-0.51,,,,,,,,,,,,,,,DF,,False,Defender,True,True,False,0.0,0.07142857142857142,0.07142857142857142,0.0,0.0,0.0,0.2142857142857143,0.0,0.5714285714285714,0.14285714285714285,0.8571428571428572,0.8571428571428572,0.0,0.4285714285714286,1.0,1.642857142857143,0.0
André,br BRA,MF,Wolves,eng Premier League,24.0,2001.0,35,30,2762,30.7,1,0,1,1,0,0,12,0,15,1,47,43,0,40,25,42,0,6.7,0.07,1.0,0.51,-1.11,-0.15,,,,,,,,,,,,,,,MF,,False,Midfielder,True,True,True,0.03258508327299058,0.0,0.03258508327299058,0.03258508327299058,0.0,0.0,0.39102099927588707,0.0,0.48877624909485884,0.03258508327299058,1.5314989138305575,1.4011585807385953,0.0,1.3034033309196233,0.8146270818247647,1.3685734974656047,0.0
Benjamin André,fr FRA,MF,Lille,fr Ligue 1,34.0,1990.0,27,26,2332,25.9,2,2,4,2,0,0,9,0,27,6,35,44,3,22,31,40,0,22.2,0.07,0.33,1.93,0.69,1.07,,,,,,,,,,,,,,,MF,,False,Midfielder,True,True,True,0.07718696397941681,0.07718696397941681,0.15437392795883362,0.07718696397941681,0.0,0.0,0.34734133790737565,0.0,1.042024013722127,0.23156089193825044,1.3507718696397941,1.6981132075471697,0.11578044596912522,0.8490566037735848,1.1963979416809605,1.5437392795883362,0.0
Robert Andrich,de GER,"DF,MF",Leverkusen,de Bundesliga,30.0,1994.0,32,29,2546,28.3,2,0,2,2,0,0,6,1,12,3,30,22,0,13,33,30,0,25.0,0.17,0.67,1.81,0.53,-0.52,,,,,,,,,,,,,,,DF,MF,True,Defender,True,True,True,0.07069913589945012,0.0,0.07069913589945012,0.07069913589945012,0.0,0.0,0.21209740769835037,0.03534956794972506,0.42419481539670073,0.10604870384917518,1.0604870384917517,0.7776904948939513,0.0,0.4595443833464258,1.1665357423409268,1.0604870384917517,0.0
Samuele Angori,it ITA,MF,Pisa,it Serie A,21.0,2003.0,35,30,2599,28.9,0,2,2,0,0,0,2,0,14,3,17,54,3,165,23,25,0,21.4,0.0,0.0,0.37,-1.14,0.17,,,,,,,,,,,,,,,MF,,False,Midfielder,True,True,True,0.0,0.06925740669488265,0.06925740669488265,0.0,0.0,0.0,0.06925740669488265,0.0,0.4848018468641785,0.10388611004232397,0.5886879569065024,1.8699499807618314,0.10388611004232397,5.7137360523278184,0.7964601769911505,0.8657175836860331,0.0
Ilyas Ansah,de GER,"MF,FW",Union Berlin,de Bundesliga,20.0,2004.0,33,23,1892,21.0,5,1,6,5,0,0,1,0,33,12,21,43,9,19,4,9,0,36.4,0.15,0.42,1.18,-0.14,0.7,,,,,,,,,,,,,,,MF,FW,True,Midfielder,True,True,True,0.23784355179704017,0.04756871035940804,0.2854122621564482,0.23784355179704017,0.0,0.0,0.04756871035940804,0.0,1.569767441860465,0.5708245243128964,0.9989429175475688,2.0454545454545454,0.4281183932346723,0.9038054968287526,0.19027484143763215,0.4281183932346723,0.0
Jaidon Anthony,eng ENG,MF,Burnley,eng Premier League,25.0,1999.0,37,32,2722,30.2,8,2,10,8,0,0,4,0,55,23,27,47,9,80,16,21,0,41.8,0.15,0.35,0.59,-0.96,0.07,,,,,,,,,,,,,,,MF,,False,Midfielder,True,True,True,0.26451138868479057,0.06612784717119764,0.33063923585598826,0.26451138868479057,0.0,0.0,0.13225569434239529,0.0,1.8185157972079353,0.7604702424687729,0.8927259368111683,1.5540044085231446,0.2975753122703894,2.645113886847906,0.5290227773695811,0.6943423952975754,0.0
Waldemar Anton,de GER,DF,Dortmund,de Bundesliga,29.0,1996.0,32,32,2880,32.0,2,0,2,2,0,0,3,0,16,6,26,16,0,12,33,42,0,37.5,0.13,0.33,2.16,1.06,0.06,,,,,,,,,,,,,,,DF,,False,Defender,True,True,True,0.0625,0.0,0.0625,0.0625,0.0,0.0,0.09375,0.0,0.5,0.1875,0.8124999999999999,0.5,0.0,0.375,1.03125,1.3125,0.0
Antony,br BRA,"MF,FW",Real Betis,es La Liga,25.0,2000.0,32,30,2447,27.2,8,6,14,8,0,0,6,1,90,34,20,44,2,66,22,23,0,37.8,0.09,0.24,1.53,0.33,0.15,,,,,,,,,,,,,,,MF,FW,True,Midfielder,True,True,True,0.29423784225582345,0.2206783816918676,0.5149162239476911,0.29423784225582345,0.0,0.0,0.2206783816918676,0.03677973028197793,3.3101757253780137,1.2505108295872498,0.7355946056395587,1.618308132407029,0.07355946056395586,2.4274621986105434,0.8091540662035145,0.8459337964854924,0.0
Youssef El-Arabi,ma MAR,FW,Nantes,fr Ligue 1,38.0,1987.0,25,11,941,10.5,3,0,3,3,0,1,0,0,15,9,22,23,10,2,4,9,0,60.0,0.2,0.33,0.56,-0.19,0.7,,,,,,,,,,,,,,,FW,,False,Forward,True,True,False,0.2869287991498406,0.0,0.2869287991498406,0.2869287991498406,0.0,0.09564293304994687,0.0,0.0,1.434643995749203,0.8607863974495219,2.104144527098831,2.199787460148778,0.9564293304994687,0.19128586609989373,0.38257173219978746,0.8607863974495219,0.0
Mauro Arambarri,uy URU,MF,Getafe,es La Liga,29.0,1995.0,37,37,3249,36.1,6,2,8,4,2,3,6,0,58,19,60,67,4,19,21,43,0,32.8,0.07,0.21,1.38,-0.14,0.39,,,,,,,,,,,,,,,MF,,False,Midfielder,True,True,True,0.16620498614958448,0.055401662049861494,0.22160664819944598,0.11080332409972299,0.055401662049861494,0.08310249307479224,0.16620498614958448,0.0,1.6066481994459834,0.5263157894736842,1.662049861495845,1.8559556786703602,0.11080332409972299,0.5263157894736842,0.5817174515235457,1.1911357340720221,0.0
Jon Aramburu,ve VEN,DF,Real Sociedad,es La Liga,23.0,2002.0,35,31,2773,30.8,1,0,1,1,0,0,11,0,21,5,69,45,3,48,47,66,0,23.8,0.05,0.2,1.26,-0.13,-0.41,,,,,,,,,,,,,,,DF,,False,Defender,True,True,True,0.03245582401730977,0.0,0.03245582401730977,0.03245582401730977,0.0,0.0,0.3570140641904075,0.0,0.6815723043635052,0.16227912008654888,2.2394518571943745,1.4605120807789398,0.09736747205192933,1.5578795528308693,1.5254237288135593,2.142084385142445,0.0
Ronald Araújo,uy URU,DF,Barcelona,es La Liga,26.0,1999.0,24,11,1071,11.9,3,0,3,3,0,0,2,0,12,5,17,3,0,6,10,15,0,41.7,0.25,0.6,2.5,1.34,-0.3,,,,,,,,,,,,,,,DF,,False,Defender,True,True,False,0.25210084033613445,0.0,0.25210084033613445,0.25210084033613445,0.0,0.0,0.16806722689075632,0.0,1.0084033613445378,0.42016806722689076,1.4285714285714284,0.25210084033613445,0.0,0.5042016806722689,0.8403361344537815,1.2605042016806722,0.0
Carlens Arcus,ht HAI,DF,Angers,fr Ligue 1,29.0,1996.0,26,24,2040,22.7,0,3,3,0,0,0,7,0,9,1,33,16,0,38,29,29,0,11.1,0.0,0.0,1.15,-0.35,0.62,,,,,,,,,,,,,,,DF,,False,Defender,True,True,True,0.0,0.1323529411764706,0.1323529411764706,0.0,0.0,0.0,0.3088235294117647,0.0,0.39705882352941174,0.044117647058823525,1.4558823529411766,0.7058823529411764,0.0,1.6764705882352942,1.2794117647058822,1.2794117647058822,0.0
Jesús Areso,es ESP,DF,Athletic Club,es La Liga,26.0,1999.0,26,14,1506,16.7,0,1,1,0,0,0,3,0,3,0,19,7,1,86,20,16,0,0.0,0.0,,1.12,-0.3,0.17,,,,,,,,,,,,,,,DF,,False,Defender,True,True,True,0.0,0.0597609561752988,0.0597609561752988,0.0,0.0,0.0,0.17928286852589642,0.0,0.17928286852589642,0.0,1.1354581673306772,0.41832669322709165,0.0597609561752988,5.139442231075697,1.1952191235059761,0.9561752988047808,0.0
Jhon Arias,co COL,"FW,MF",Wolves,eng Premier League,27.0,1997.0,23,14,1124,12.5,1,0,1,1,0,0,1,0,16,3,26,9,3,30,7,27,0,18.8,0.06,0.33,0.35,-0.8,0.41,,,,,,,,,,,,,,,FW,MF,True,Forward,True,True,False,0.08007117437722419,0.0,0.08007117437722419,0.08007117437722419,0.0,0.0,0.08007117437722419,0.0,1.281138790035587,0.2402135231316726,2.0818505338078293,0.7206405693950179,0.2402135231316726,2.402135231316726,0.5604982206405694,2.1619217081850532,0.0
Adam Armstrong,eng ENG,"FW,MF",Wolves,eng Premier League,28.0,1997.0,14,14,1140,12.7,2,2,4,1,1,1,3,0,18,6,12,3,5,5,1,4,0,33.3,0.06,0.17,0.86,-0.87,0.32,,,,,,,,,,,,,,,FW,MF,True,Forward,True,True,False,0.15789473684210525,0.15789473684210525,0.3157894736842105,0.07894736842105263,0.07894736842105263,0.07894736842105263,0.23684210526315788,0.0,1.4210526315789473,0.47368421052631576,0.9473684210526315,0.23684210526315788,0.39473684210526316,0.39473684210526316,0.07894736842105263,0.3157894736842105,0.0
Maximilian Arnold,de GER,MF,Wolfsburg,de Bundesliga,31.0,1994.0,25,20,1859,20.7,1,4,5,1,0,0,5,0,13,5,17,26,0,81,24,15,0,38.5,0.08,0.2,0.92,-0.48,0.56,,,,,,,,,,,,,,,MF,,False,Midfielder,True,True,True,0.048413125336202255,0.19365250134480902,0.24206562668101128,0.048413125336202255,0.0,0.0,0.24206562668101128,0.0,0.6293706293706294,0.24206562668101128,0.8230231307154383,1.2587412587412588,0.0,3.921463152232383,1.1619150080688543,0.7261968800430338,0.0
Tolu Arokodare,ng NGA,FW,Wolves,eng Premier League,24.0,2000.0,33,13,1419,15.8,3,1,4,3,0,1,1,0,46,16,18,17,6,0,5,4,0,34.8,0.07,0.19,0.61,-0.76,0.54,,,,,,,,,,,,,,,FW,,False,Forward,True,True,True,0.19027484143763215,0.06342494714587738,0.2536997885835095,0.19027484143763215,0.0,0.06342494714587738,0.06342494714587738,0.0,2.917547568710359,1.014799154334038,1.1416490486257929,1.0782241014799154,0.3805496828752643,0.0,0.31712473572938693,0.2536997885835095,0.0
Kervin Arriaga,hn HON,MF,Levante,es La Liga,27.0,1998.0,27,16,1532,17.0,3,3,6,3,0,0,8,1,16,6,22,22,1,5,14,26,0,37.5,0.19,0.5,1.19,-0.35,0.03,,,,,,,,,,,,,,,MF,,False,Midfielder,True,True,True,0.1762402088772846,0.1762402088772846,0.3524804177545692,0.1762402088772846,0.0,0.0,0.4699738903394256,0.0587467362924282,0.9399477806788512,0.3524804177545692,1.2924281984334205,1.2924281984334205,0.0587467362924282,0.29373368146214096,0.8224543080939948,1.5274151436031334,0.0
Arthur,br BRA,MF,Leverkusen,de Bundesliga,22.0,2003.0,20,13,1136,12.6,1,3,4,1,0,0,3,0,10,2,19,10,3,33,18,12,0,20.0,0.1,0.5,1.8,0.55,-0.1,,,,,,,,,,,,,,,MF,,False,Midfielder,True,True,False,0.07922535211267606,0.23767605633802816,0.31690140845070425,0.07922535211267606,0.0,0.0,0.23767605633802816,0.0,0.7922535211267606,0.15845070422535212,1.505281690140845,0.7922535211267606,0.23767605633802816,2.61443661971831,1.426056338028169,0.9507042253521126,0.0
Raúl Asencio,es ESP,DF,Real Madrid,es La Liga,22.0,2003.0,23,18,1708,19.0,2,0,2,2,0,0,4,0,14,4,17,23,0,1,10,12,0,28.6,0.14,0.5,2.22,1.05,-0.1,,,,,,,,,,,,,,,DF,,False,Defender,True,True,True,0.1053864168618267,0.0,0.1053864168618267,0.1053864168618267,0.0,0.0,0.2107728337236534,0.0,0.7377049180327869,0.2107728337236534,0.895784543325527,1.211943793911007,0.0,0.05269320843091335,0.5269320843091335,0.6323185011709602,0.0
Fisnik Asllani,xk KVX,"FW,MF",Hoffenheim,de Bundesliga,22.0,2002.0,33,31,2335,25.9,10,7,17,10,0,0,2,0,73,28,26,37,14,10,5,7,0,38.4,0.14,0.36,1.76,0.35,-0.15,,,,,,,,,,,,,,,FW,MF,True,Forward,True,True,True,0.3854389721627409,0.2698072805139186,0.6552462526766596,0.3854389721627409,0.0,0.0,0.07708779443254818,0.0,2.8137044967880085,1.0792291220556745,1.0021413276231264,1.4261241970021414,0.5396145610278372,0.3854389721627409,0.19271948608137046,0.2698072805139186,0.0
Kristjan Asllani,al ALB,MF,Torino,it Serie A,23.0,2002.0,15,13,1129,12.5,0,0,0,0,0,1,3,0,20,4,7,14,0,52,12,14,0,20.0,0.0,0.0,1.27,-0.56,-0.09,,,,,,,,,,,,,,,MF,,False,Midfielder,True,True,False,0.0,0.0,0.0,0.0,0.0,0.07971656333038087,0.23914968999114258,0.0,1.5943312666076175,0.31886625332152346,0.5580159433126661,1.1160318866253323,0.0,4.145261293179805,0.9565987599645703,1.1160318866253323,0.0
Iago Aspas,es ESP,"FW,MF",Celta Vigo,es La Liga,37.0,1987.0,32,11,1140,12.7,5,3,8,3,2,2,4,0,28,12,5,17,0,24,12,11,0,42.9,0.11,0.25,1.36,0.79,0.99,,,,,,,,,,,,,,,FW,MF,True,Forward,True,True,False,0.39473684210526316,0.23684210526315788,0.631578947368421,0.23684210526315788,0.15789473684210525,0.15789473684210525,0.3157894736842105,0.0,2.210526315789474,0.9473684210526315,0.39473684210526316,1.3421052631578947,0.0,1.894736842105263,0.9473684210526315,0.868421052631579,0.0
Lorenz Assignon,tg TOG,"DF,MF",Stuttgart,de Bundesliga,25.0,2000.0,24,12,1094,12.2,0,0,0,0,0,0,3,1,12,4,19,7,1,40,15,15,0,33.3,0.0,0.0,2.0,1.23,0.91,,,,,,,,,,,,,,,DF,MF,True,Defender,True,True,False,0.0,0.0,0.0,0.0,0.0,0.0,0.24680073126142596,0.08226691042047532,0.9872029250457038,0.3290676416819013,1.563071297989031,0.5758683729433273,0.08226691042047532,3.290676416819013,1.2340036563071297,1.2340036563071297,0.0
Dehmaine Assoumani,fr FRA,MF,Nantes,fr Ligue 1,20.0,2005.0,27,14,1276,14.2,1,0,1,1,0,0,5,0,29,7,23,20,0,88,16,18,0,24.1,0.03,0.14,0.7,-0.35,0.56,,,,,,,,,,,,,,,MF,,False,Midfielder,True,True,False,0.07053291536050156,0.0,0.07053291536050156,0.07053291536050156,0.0,0.0,0.3526645768025078,0.0,2.0454545454545454,0.493730407523511,1.6222570532915361,1.4106583072100312,0.0,6.206896551724138,1.128526645768025,1.2695924764890283,0.0
Otavio Ataide,br BRA,DF,Paris FC,fr Ligue 1,23.0,2002.0,23,21,1901,21.1,1,0,1,1,0,0,6,1,12,3,24,33,1,6,27,29,0,25.0,0.08,0.33,1.39,-0.19,-0.27,,,,,,,,,,,,,,,DF,,False,Defender,True,True,True,0.04734350341925302,0.0,0.04734350341925302,0.04734350341925302,0.0,0.0,0.2840610205155181,0.04734350341925302,0.5681220410310363,0.14203051025775906,1.1362440820620725,1.5623356128353498,0.04734350341925302,0.2840610205155181,1.2782745923198315,1.3729615991583377,0.0
Arthur Atta,fr FRA,MF,Udinese,it Serie A,22.0,2003.0,32,29,2557,28.4,5,3,8,5,0,0,3,0,57,20,23,32,8,56,23,17,0,35.1,0.09,0.25,1.34,-0.18,-0.38,,,,,,,,,,,,,,,MF,,False,Midfielder,True,True,True,0.17598748533437622,0.10559249120062572,0.28157997653500194,0.17598748533437622,0.0,0.0,0.10559249120062572,0.0,2.006257332811889,0.7039499413375049,0.8095424325381306,1.1263199061400078,0.28157997653500194,1.9710598357450138,0.8095424325381306,0.5983574501368791,0.0
Pierre-Emerick Aubameyang,ga GAB,FW,Marseille,fr Ligue 1,36.0,1989.0,30,23,2039,22.7,10,5,15,10,0,0,1,0,60,34,19,16,9,30,7,6,0,56.7,0.17,0.29,1.67,0.75,0.66,,,,,,,,,,,,,,,FW,,False,Forward,True,True,True,0.4413928396272683,0.22069641981363414,0.6620892594409025,0.4413928396272683,0.0,0.0,0.04413928396272683,0.0,2.64835703776361,1.5007356547327122,0.8386463952918097,0.7062285434036293,0.3972535556645414,1.324178518881805,0.30897498773908777,0.26483570377636095,0.0
Carlos Augusto,br BRA,"MF,DF",Inter,it Serie A,26.0,1999.0,34,18,1763,19.6,1,1,2,1,0,0,6,0,20,6,26,13,0,46,19,22,0,30.0,0.05,0.17,2.29,1.12,-0.61,,,,,,,,,,,,,,,MF,DF,True,Midfielder,True,True,True,0.05104934770277936,0.05104934770277936,0.10209869540555871,0.05104934770277936,0.0,0.0,0.30629608621667614,0.0,1.020986954055587,0.30629608621667614,1.327283040272263,0.6636415201361315,0.0,2.34826999432785,0.9699376063528078,1.1230856494611459,0.0
Yann Aurel Bisseck,de GER,DF,Inter,it Serie A,24.0,2000.0,23,21,1922,21.4,3,1,4,3,0,0,2,0,25,12,21,16,3,12,23,18,0,48.0,0.12,0.25,2.3,1.45,0.07,,,,,,,,,,,,,,,DF,,False,Defender,True,True,True,0.1404786680541103,0.04682622268470344,0.18730489073881376,0.1404786680541103,0.0,0.0,0.09365244536940688,0.0,1.1706555671175858,0.5619146722164412,0.9833506763787722,0.749219562955255,0.1404786680541103,0.5619146722164412,1.0770031217481788,0.8428720083246618,0.0
Leon Avdullahu,xk KVX,MF,Hoffenheim,de Bundesliga,21.0,2004.0,33,32,2834,31.5,0,1,1,0,0,0,5,0,14,2,27,12,1,15,33,30,0,14.3,0.0,0.0,1.85,0.6,2.99,,,,,,,,,,,,,,,MF,,False,Midfielder,True,True,True,0.0,0.03175723359209598,0.03175723359209598,0.0,0.0,0.0,0.1587861679604799,0.0,0.4446012702893437,0.06351446718419196,0.8574453069865915,0.38108680310515175,0.03175723359209598,0.4763585038814397,1.0479887085391673,0.9527170077628794,0.0
Arthur Avom,cm CMR,MF,Lorient,fr Ligue 1,20.0,2004.0,31,22,2119,23.5,2,1,3,2,0,0,3,0,21,6,23,38,0,45,28,31,1,28.6,0.1,0.33,1.29,-0.04,0.15,,,,,,,,,,,,,,,MF,,False,Midfielder,True,True,True,0.08494572911750826,0.04247286455875413,0.1274185936762624,0.08494572911750826,0.0,0.0,0.1274185936762624,0.0,0.8919301557338368,0.2548371873525248,0.976875884851345,1.6139688532326568,0.0,1.911278905143936,1.1892402076451156,1.316658801321378,0.04247286455875413
Chidozie Awaziem,ng NGA,DF,Nantes,fr Ligue 1,28.0,1997.0,27,26,2321,25.8,1,2,3,1,0,0,7,0,11,4,23,21,1,2,20,20,1,36.4,0.09,0.25,0.67,-0.7,-0.09,,,,,,,,,,,,,,,DF,,False,Defender,True,True,True,0.03877638948728996,0.07755277897457992,0.11632916846186989,0.03877638948728996,0.0,0.0,0.2714347264110297,0.0,0.4265402843601896,0.15510555794915984,0.8918569582076691,0.8143041792330892,0.03877638948728996,0.07755277897457992,0.7755277897457992,0.7755277897457992,0.03877638948728996
Yasin Ayari,se SWE,MF,Brighton,eng Premier League,21.0,2003.0,29,20,1929,21.4,3,3,6,3,0,0,1,0,41,10,24,28,0,24,26,25,0,24.4,0.07,0.3,1.55,0.37,0.49,,,,,,,,,,,,,,,MF,,False,Midfielder,True,True,True,0.13996889580093314,0.13996889580093314,0.27993779160186627,0.13996889580093314,0.0,0.0,0.04665629860031104,0.0,1.9129082426127526,0.4665629860031104,1.119751166407465,1.3063763608087091,0.0,1.119751166407465,1.2130637636080872,1.166407465007776,0.0
Neil El Aynaoui,ma MAR,MF,Roma,it Serie A,24.0,2001.0,25,8,999,11.1,1,2,3,1,0,0,5,0,6,4,23,10,2,17,18,10,0,66.7,0.17,0.25,2.04,0.63,-0.15,,,,,,,,,,,,,,,MF,,False,Midfielder,True,True,False,0.09009009009009009,0.18018018018018017,0.2702702702702703,0.09009009009009009,0.0,0.0,0.45045045045045046,0.0,0.5405405405405406,0.36036036036036034,2.0720720720720722,0.9009009009009009,0.18018018018018017,1.5315315315315317,1.6216216216216217,0.9009009009009009,0.0
César Azpilicueta,es ESP,DF,Sevilla,es La Liga,35.0,1989.0,17,17,1213,13.5,0,1,1,0,0,0,4,0,1,0,24,9,1,12,22,19,0,0.0,0.0,,1.24,0.15,0.8,,,,,,,,,,,,,,,DF,,False,Defender,True,True,False,0.0,0.0741962077493817,0.0741962077493817,0.0,0.0,0.0,0.2967848309975268,0.0,0.0741962077493817,0.0,1.7807089859851608,0.6677658697444353,0.0741962077493817,0.8903544929925804,1.6323165704863973,1.4097279472382522,0.0
Loïc Bade,fr FRA,DF,Leverkusen,de Bundesliga,25.0,2000.0,23,19,1653,18.4,0,0,0,0,0,0,4,0,12,4,11,4,0,4,21,19,1,33.3,0.0,0.0,1.83,0.71,0.2,,,,,,,,,,,,,,,DF,,False,Defender,True,True,True,0.0,0.0,0.0,0.0,0.0,0.0,0.21778584392014522,0.0,0.6533575317604355,0.21778584392014522,0.5989110707803993,0.21778584392014522,0.0,0.21778584392014522,1.1433756805807622,1.0344827586206897,0.054446460980036304
Alex Baena,es ESP,"MF,FW",Atlético Madrid,es La Liga,24.0,2001.0,27,21,1560,17.3,2,3,5,2,0,0,5,0,29,7,26,29,9,117,16,11,0,24.1,0.07,0.29,1.67,0.4,-0.13,,,,,,,,,,,,,,,MF,FW,True,Midfielder,True,True,True,0.11538461538461539,0.17307692307692307,0.28846153846153844,0.11538461538461539,0.0,0.0,0.28846153846153844,0.0,1.6730769230769231,0.4038461538461538,1.5,1.6730769230769231,0.5192307692307693,6.75,0.9230769230769231,0.6346153846153846,0.0
Samson Baidoo,at AUT,DF,Lens,fr Ligue 1,21.0,2004.0,23,20,1827,20.3,2,1,3,2,0,0,2,0,16,4,20,5,1,0,25,23,0,25.0,0.13,0.5,2.22,1.18,0.67,,,,,,,,,,,,,,,DF,,False,Defender,True,True,True,0.09852216748768473,0.04926108374384237,0.14778325123152708,0.09852216748768473,0.0,0.0,0.09852216748768473,0.0,0.7881773399014779,0.19704433497536947,0.9852216748768473,0.24630541871921183,0.04926108374384237,0.0,1.2315270935960592,1.1330049261083743,0.0
Eric Bailly,ci CIV,DF,Oviedo,es La Liga,31.0,1994.0,15,15,1234,13.7,1,0,1,1,0,0,3,0,6,1,13,7,0,1,17,10,0,16.7,0.17,1.0,0.93,-0.66,0.37,,,,,,,,,,,,,,,DF,,False,Defender,True,True,False,0.07293354943273905,0.0,0.07293354943273905,0.07293354943273905,0.0,0.0,0.2188006482982172,0.0,0.4376012965964344,0.07293354943273905,0.9481361426256077,0.5105348460291734,0.0,0.07293354943273905,1.239870340356564,0.7293354943273905,0.0
Ridle Baku,de GER,DF,RB Leipzig,de Bundesliga,27.0,1998.0,32,28,2504,27.8,2,3,5,2,0,0,4,0,30,6,23,22,4,59,31,40,0,20.0,0.07,0.33,1.94,0.5,-0.31,,,,,,,,,,,,,,,DF,,False,Defender,True,True,True,0.0718849840255591,0.10782747603833866,0.17971246006389777,0.0718849840255591,0.0,0.0,0.1437699680511182,0.0,1.0782747603833864,0.21565495207667731,0.8266773162939297,0.7907348242811502,0.1437699680511182,2.1206070287539935,1.114217252396166,1.4376996805111821,0.0
Alejandro Balde,es ESP,DF,Barcelona,es La Liga,21.0,2003.0,28,21,1869,20.8,0,2,2,0,0,0,2,0,10,1,14,25,4,25,6,21,0,10.0,0.0,0.0,2.29,1.2,-0.77,,,,,,,,,,,,,,,DF,,False,Defender,True,True,True,0.0,0.09630818619582664,0.09630818619582664,0.0,0.0,0.0,0.09630818619582664,0.0,0.4815409309791332,0.04815409309791332,0.6741573033707865,1.203852327447833,0.19261637239165327,1.203852327447833,0.28892455858747995,1.0112359550561798,0.0
Carlos Baleba,cm CMR,MF,Brighton,eng Premier League,21.0,2004.0,31,23,1652,18.4,0,0,0,0,0,0,5,0,20,2,31,24,0,0,28,21,0,10.0,0.0,0.0,1.39,0.0,-0.31,,,,,,,,,,,,,,,MF,,False,Midfielder,True,True,True,0.0,0.0,0.0,0.0,0.0,0.0,0.27239709443099275,0.0,1.089588377723971,0.1089588377723971,1.6888619854721552,1.3075060532687652,0.0,0.0,1.5254237288135593,1.1440677966101696,0.0
Leonardo Balerdi,ar ARG,DF,Marseille,fr Ligue 1,26.0,1999.0,26,21,2001,22.2,0,1,1,0,0,0,5,0,20,5,23,21,0,2,27,28,0,25.0,0.0,0.0,1.73,0.58,0.16,,,,,,,,,,,,,,,DF,,False,Defender,True,True,True,0.0,0.04497751124437781,0.04497751124437781,0.0,0.0,0.0,0.22488755622188908,0.0,0.8995502248875563,0.22488755622188908,1.0344827586206897,0.9445277361319341,0.0,0.08995502248875561,1.214392803598201,1.2593703148425788,0.0
Daniel Ballard,nir NIR,DF,Sunderland,eng Premier League,25.0,1999.0,29,24,2149,23.9,2,0,2,2,0,0,4,1,26,9,29,29,3,1,20,17,0,34.6,0.08,0.22,1.21,-0.21,-0.14,,,,,,,,,,,,,,,DF,,False,Defender,True,True,True,0.08375988832014891,0.0,0.08375988832014891,0.08375988832014891,0.0,0.0,0.16751977664029782,0.041879944160074456,1.0888785481619359,0.37691949744067005,1.2145183806421591,1.2145183806421591,0.12563983248022337,0.041879944160074456,0.8375988832014891,0.7119590507212658,0.0
Folarin Balogun,us USA,FW,Monaco,fr Ligue 1,24.0,2001.0,30,26,2230,24.8,13,4,17,10,3,3,4,1,77,32,44,37,17,14,4,6,0,41.6,0.13,0.31,1.6,0.28,0.39,,,,,,,,,,,,,,,FW,,False,Forward,True,True,True,0.5246636771300448,0.16143497757847533,0.6860986547085202,0.40358744394618834,0.1210762331838565,0.1210762331838565,0.16143497757847533,0.04035874439461883,3.1076233183856505,1.2914798206278026,1.7757847533632285,1.493273542600897,0.6860986547085202,0.5650224215246636,0.16143497757847533,0.242152466367713,0.0
Lameck Banda,zm ZAM,"MF,FW",Lecce,it Serie A,24.0,2001.0,32,21,1752,19.5,5,4,9,5,0,0,6,1,38,15,44,49,3,90,7,17,0,39.5,0.13,0.33,1.09,-0.1,0.98,,,,,,,,,,,,,,,MF,FW,True,Midfielder,True,True,True,0.2568493150684931,0.2054794520547945,0.46232876712328763,0.2568493150684931,0.0,0.0,0.3082191780821918,0.05136986301369863,1.9520547945205478,0.7705479452054794,2.2602739726027394,2.517123287671233,0.1541095890410959,4.623287671232877,0.3595890410958904,0.8732876712328766,0.0
Noahkai Banks,us USA,DF,Augsburg,de Bundesliga,18.0,2006.0,23,20,1725,19.2,1,1,2,1,0,0,8,0,9,5,29,18,3,4,18,29,0,55.6,0.11,0.2,1.09,-0.47,0.0,,,,,,,,,,,,,,,DF,,False,Defender,True,True,True,0.05217391304347826,0.05217391304347826,0.10434782608695652,0.05217391304347826,0.0,0.0,0.41739130434782606,0.0,0.4695652173913044,0.2608695652173913,1.5130434782608697,0.9391304347826088,0.1565217391304348,0.20869565217391303,0.9391304347826088,1.5130434782608697,0.0
Tommaso Barbieri,it ITA,MF,Cremonese,it Serie A,22.0,2002.0,29,18,1707,19.0,0,1,1,0,0,0,8,0,16,2,40,26,1,78,14,26,0,12.5,0.0,0.0,0.86,-0.32,0.68,,,,,,,,,,,,,,,MF,,False,Midfielder,True,True,True,0.0,0.05272407732864675,0.05272407732864675,0.0,0.0,0.0,0.421792618629174,0.0,0.843585237258348,0.1054481546572935,2.10896309314587,1.3708260105448153,0.05272407732864675,4.1124780316344465,0.7381370826010545,1.3708260105448153,0.0
Valentín Barco,ar ARG,MF,Strasbourg,fr Ligue 1,21.0,2004.0,27,24,2168,24.1,2,4,6,2,0,0,5,1,27,10,24,61,2,103,14,33,0,37.0,0.07,0.2,1.81,0.5,0.6,,,,,,,,,,,,,,,MF,,False,Midfielder,True,True,True,0.08302583025830258,0.16605166051660517,0.24907749077490773,0.08302583025830258,0.0,0.0,0.20756457564575645,0.04151291512915129,1.1208487084870848,0.4151291512915129,0.9963099630996309,2.532287822878229,0.08302583025830258,4.275830258302583,0.5811808118081181,1.3699261992619927,0.0
Bradley Barcola,fr FRA,FW,Paris Saint-Germain,fr Ligue 1,22.0,2002.0,29,21,1743,19.4,11,1,12,11,0,0,2,0,66,30,20,10,6,26,12,16,0,45.5,0.17,0.37,2.31,1.34,0.04,,,,,,,,,,,,,,,FW,,False,Forward,True,True,True,0.5679862306368331,0.05163511187607572,0.6196213425129088,0.5679862306368331,0.0,0.0,0.10327022375215145,0.0,3.4079173838209984,1.5490533562822717,1.0327022375215147,0.5163511187607573,0.3098106712564544,1.342512908777969,0.6196213425129088,0.8261617900172116,0.0
Melvin Bard,fr FRA,"DF,MF",Nice,fr Ligue 1,24.0,2000.0,29,26,2394,26.6,2,1,3,2,0,0,4,0,15,5,26,27,3,77,41,29,0,33.3,0.13,0.4,0.9,-0.98,-1.38,,,,,,,,,,,,,,,DF,MF,True,Defender,True,True,True,0.07518796992481203,0.03759398496240601,0.11278195488721804,0.07518796992481203,0.0,0.0,0.15037593984962405,0.0,0.5639097744360901,0.18796992481203006,0.9774436090225563,1.0150375939849623,0.11278195488721804,2.894736842105263,1.5413533834586466,1.0902255639097744,0.0
Nicolò Barella,it ITA,MF,Inter,it Serie A,28.0,1997.0,34,31,2517,28.0,3,8,11,3,0,0,7,0,35,5,33,22,4,102,9,31,0,14.3,0.09,0.6,2.26,1.29,-0.51,,,,,,,,,,,,,,,MF,,False,Midfielder,True,True,True,0.10727056019070322,0.2860548271752086,0.3933253873659118,0.10727056019070322,0.0,0.0,0.25029797377830754,0.0,1.2514898688915377,0.17878426698450536,1.1799761620977354,0.7866507747318237,0.1430274135876043,3.6471990464839097,0.3218116805721096,1.1084624553039333,0.0
Harvey Barnes,eng ENG,"FW,MF",Newcastle United,eng Premier League,27.0,1997.0,37,19,1966,21.8,7,1,8,7,0,0,1,0,58,21,17,23,3,74,3,5,0,36.2,0.12,0.33,1.24,0.18,0.55,,,,,,,,,,,,,,,FW,MF,True,Forward,True,True,True,0.32044760935910477,0.04577822990844354,0.3662258392675483,0.32044760935910477,0.0,0.0,0.04577822990844354,0.0,2.655137334689725,0.9613428280773143,0.7782299084435402,1.0528992878942014,0.1373346897253306,3.3875890132248223,0.1373346897253306,0.2288911495422177,0.0
Ander Barrenetxea,es ESP,MF,Real Sociedad,es La Liga,23.0,2001.0,30,22,1763,19.6,3,5,8,3,0,0,5,0,35,11,37,30,5,72,17,18,0,31.4,0.09,0.27,1.27,0.1,0.32,,,,,,,,,,,,,,,MF,,False,Midfielder,True,True,True,0.15314804310833807,0.25524673851389673,0.40839478162223486,0.15314804310833807,0.0,0.0,0.25524673851389673,0.0,1.7867271695972773,0.5615428247305729,1.8888258650028362,1.5314804310833807,0.25524673851389673,3.6755530346001133,0.867838910947249,0.9188882586500283,0.0
Pablo Barrios,es ESP,MF,Atlético Madrid,es La Liga,22.0,2003.0,23,20,1661,18.5,1,1,2,1,0,0,0,0,23,6,12,23,0,30,26,16,0,26.1,0.04,0.17,1.96,0.76,0.55,,,,,,,,,,,,,,,MF,,False,Midfielder,True,True,True,0.054184226369656835,0.054184226369656835,0.10836845273931367,0.054184226369656835,0.0,0.0,0.0,0.0,1.2462372065021072,0.325105358217941,0.650210716435882,1.2462372065021072,0.0,1.625526791089705,1.4087898856110779,0.8669476219145094,0.0
Thierno Barry,fr FRA,FW,Everton,eng Premier League,22.0,2002.0,38,21,1914,21.3,8,0,8,8,0,0,3,0,38,14,46,8,13,4,5,4,0,36.8,0.21,0.57,1.29,-0.47,-0.89,,,,,,,,,,,,,,,FW,,False,Forward,True,True,True,0.3761755485893417,0.0,0.3761755485893417,0.3761755485893417,0.0,0.0,0.14106583072100312,0.0,1.786833855799373,0.658307210031348,2.1630094043887147,0.3761755485893417,0.6112852664576802,0.18808777429467086,0.23510971786833856,0.18808777429467086,0.0
Davide Bartesaghi,it ITA,"MF,DF",Milan,it Serie A,19.0,2005.0,31,27,2441,27.1,2,0,2,2,0,0,3,0,22,7,18,14,4,139,15,35,1,31.8,0.09,0.29,1.77,0.26,-0.75,,,,,,,,,,,,,,,MF,DF,True,Midfielder,True,True,True,0.0737402703809914,0.0,0.0737402703809914,0.0737402703809914,0.0,0.0,0.1106104055714871,0.0,0.8111429741909053,0.2580909463334699,0.6636624334289225,0.5161818926669398,0.1474805407619828,5.124948791478902,0.5530520278574356,1.2904547316673496,0.0368701351904957
Marc Bartra,es ESP,DF,Real Betis,es La Liga,34.0,1991.0,25,21,1978,22.0,1,0,1,1,0,0,3,0,16,5,15,11,0,2,29,18,1,31.3,0.06,0.2,1.56,0.0,-0.69,,,,,,,,,,,,,,,DF,,False,Defender,True,True,True,0.0455005055611729,0.0,0.0455005055611729,0.0455005055611729,0.0,0.0,0.1365015166835187,0.0,0.7280080889787665,0.2275025278058645,0.6825075834175935,0.5005055611729019,0.0,0.0910010111223458,1.3195146612740143,0.8190091001011123,0.0455005055611729
Federico Baschirotto,it ITA,DF,Cremonese,it Serie A,28.0,1996.0,29,29,2540,28.2,2,0,2,2,0,0,2,0,12,5,45,9,1,8,24,13,0,41.7,0.17,0.4,0.86,-0.6,0.22,,,,,,,,,,,,,,,DF,,False,Defender,True,True,True,0.07086614173228346,0.0,0.07086614173228346,0.07086614173228346,0.0,0.0,0.07086614173228346,0.0,0.4251968503937008,0.17716535433070865,1.594488188976378,0.3188976377952756,0.03543307086614173,0.28346456692913385,0.8503937007874016,0.46062992125984253,0.0
Toma Bašić,hr CRO,MF,Lazio,it Serie A,28.0,1996.0,23,23,1735,19.3,2,3,5,2,0,0,0,1,30,12,20,19,0,48,9,16,0,40.0,0.07,0.17,1.52,0.1,0.16,,,,,,,,,,,,,,,MF,,False,Midfielder,True,True,True,0.1037463976945245,0.15561959654178675,0.25936599423631124,0.1037463976945245,0.0,0.0,0.0,0.05187319884726225,1.5561959654178676,0.622478386167147,1.037463976945245,0.9855907780979827,0.0,2.489913544668588,0.4668587896253602,0.829971181556196,0.0
Calvin Bassey,ng NGA,DF,Fulham,eng Premier League,25.0,1999.0,30,28,2534,28.2,1,0,1,1,0,0,5,0,12,1,28,40,1,14,22,32,0,8.3,0.08,1.0,1.27,-0.14,-0.14,,,,,,,,,,,,,,,DF,,False,Defender,True,True,True,0.035516969218626675,0.0,0.035516969218626675,0.035516969218626675,0.0,0.0,0.1775848460931334,0.0,0.4262036306235202,0.035516969218626675,0.9944751381215469,1.4206787687450673,0.035516969218626675,0.49723756906077343,0.781373322809787,1.1365430149960536,0.0
Alessandro Bastoni,it ITA,DF,Inter,it Serie A,26.0,1999.0,28,28,2239,24.9,1,4,5,1,0,0,6,0,17,8,45,20,0,85,21,39,0,47.1,0.06,0.13,2.39,1.65,0.66,,,,,,,,,,,,,,,DF,,False,Defender,True,True,True,0.0401965163019205,0.160786065207682,0.2009825815096025,0.0401965163019205,0.0,0.0,0.241179097811523,0.0,0.6833407771326485,0.321572130415364,1.8088432335864224,0.80393032603841,0.0,3.4167038856632423,0.8441268423403305,1.5676641357748995,0.0
Martin Baturina,hr CRO,"MF,FW",Como,it Serie A,22.0,2003.0,29,17,1569,17.4,6,3,9,6,0,0,0,0,28,9,15,44,0,77,5,14,0,32.1,0.21,0.67,1.76,0.98,0.05,,,,,,,,,,,,,,,MF,FW,True,Midfielder,True,True,True,0.3441682600382409,0.17208413001912046,0.5162523900573613,0.3441682600382409,0.0,0.0,0.0,0.0,1.6061185468451245,0.5162523900573613,0.8604206500956023,2.523900573613767,0.0,4.416826003824092,0.28680688336520077,0.8030592734225622,0.0
Christoph Baumgartner,at AUT,MF,RB Leipzig,de Bundesliga,25.0,1999.0,33,32,2780,30.9,13,8,21,13,0,1,10,0,81,35,63,33,4,6,22,40,0,43.2,0.16,0.37,1.97,0.84,3.09,,,,,,,,,,,,,,,MF,,False,Midfielder,True,True,True,0.420863309352518,0.2589928057553957,0.6798561151079137,0.420863309352518,0.0,0.03237410071942446,0.32374100719424465,0.0,2.6223021582733814,1.1330935251798562,2.039568345323741,1.0683453237410072,0.12949640287769784,0.19424460431654675,0.7122302158273381,1.2949640287769786,0.0
Sheraldo Becker,sr SUR,FW,Mainz 05,de Bundesliga,30.0,1995.0,14,11,946,10.5,3,3,6,3,0,0,2,0,29,15,13,8,10,31,3,0,0,51.7,0.1,0.2,1.57,0.76,1.48,,,,,,,,,,,,,,,FW,,False,Forward,True,True,False,0.2854122621564482,0.2854122621564482,0.5708245243128964,0.2854122621564482,0.0,0.0,0.19027484143763215,0.0,2.758985200845666,1.427061310782241,1.236786469344609,0.7610993657505286,0.9513742071881607,2.9492600422832984,0.2854122621564482,0.0,0.0
Hannes Behrens,de GER,"DF,MF",Heidenheim,de Bundesliga,20.0,2005.0,16,15,1318,14.6,1,2,3,1,0,0,0,0,9,4,5,27,1,59,18,18,1,44.4,0.11,0.25,0.81,-0.41,0.88,,,,,,,,,,,,,,,DF,MF,True,Defender,True,True,False,0.06828528072837634,0.13657056145675267,0.20485584218512898,0.06828528072837634,0.0,0.0,0.0,0.0,0.6145675265553869,0.27314112291350534,0.34142640364188165,1.843702579666161,0.06828528072837634,4.0288315629742035,1.2291350531107739,1.2291350531107739,0.06828528072837634
Maximilian Beier,de GER,"MF,FW",Dortmund,de Bundesliga,22.0,2002.0,32,24,2026,22.5,9,6,15,9,0,0,3,0,50,20,31,24,3,28,11,16,0,40.0,0.18,0.45,2.16,1.33,0.81,,,,,,,,,,,,,,,MF,FW,True,Midfielder,True,True,True,0.39980256663376107,0.2665350444225074,0.6663376110562685,0.39980256663376107,0.0,0.0,0.1332675222112537,0.0,2.2211253701875617,0.8884501480750246,1.3770977295162883,1.0661401776900297,0.1332675222112537,1.2438302073050347,0.4886475814412636,0.7107601184600197,0.0
Rafik Belghali,dz ALG,MF,Hellas Verona,it Serie A,23.0,2002.0,26,22,1920,21.3,2,0,2,2,0,0,6,0,21,6,20,10,6,60,17,13,0,28.6,0.1,0.33,0.58,-0.61,0.77,,,,,,,,,,,,,,,MF,,False,Midfielder,True,True,True,0.09375,0.0,0.09375,0.09375,0.0,0.0,0.28125,0.0,0.9843749999999999,0.28125,0.9375,0.46875,0.28125,2.8125,0.796875,0.609375,0.0
Haris Belkebla,dz ALG,MF,Angers,fr Ligue 1,31.0,1994.0,33,33,2875,31.9,0,0,0,0,0,0,7,0,5,0,24,54,0,5,30,44,0,0.0,0.0,,1.0,-0.59,-0.59,,,,,,,,,,,,,,,MF,,False,Midfielder,True,True,True,0.0,0.0,0.0,0.0,0.0,0.0,0.21913043478260869,0.0,0.1565217391304348,0.0,0.7513043478260869,1.6904347826086956,0.0,0.1565217391304348,0.9391304347826088,1.377391304347826,0.0
Yassin Belkhdim,fr FRA,MF,Angers,fr Ligue 1,23.0,2002.0,27,26,2135,23.7,2,2,4,2,0,0,5,0,33,14,29,29,2,42,32,43,0,42.4,0.06,0.14,1.22,-0.63,-0.24,,,,,,,,,,,,,,,MF,,False,Midfielder,True,True,True,0.08430913348946135,0.08430913348946135,0.1686182669789227,0.08430913348946135,0.0,0.0,0.2107728337236534,0.0,1.3911007025761124,0.5901639344262295,1.2224824355971897,1.2224824355971897,0.08430913348946135,1.7704918032786887,1.3489461358313817,1.8126463700234192,0.0
Stefan Bell,de GER,DF,Mainz 05,de Bundesliga,33.0,1991.0,18,13,1039,11.5,2,1,3,2,0,0,4,0,12,5,15,8,1,1,19,6,0,41.7,0.17,0.4,1.06,-0.26,0.01,,,,,,,,,,,,,,,DF,,False,Defender,True,True,False,0.17324350336862368,0.08662175168431184,0.2598652550529355,0.17324350336862368,0.0,0.0,0.34648700673724736,0.0,1.039461020211742,0.43310875842155916,1.2993262752646775,0.6929740134744947,0.08662175168431184,0.08662175168431184,1.645813282001925,0.519730510105871,0.0
Armel Bella Kotchap,de GER,DF,Hellas Verona,it Serie A,23.0,2001.0,19,14,1347,15.0,0,0,0,0,0,0,3,0,3,0,22,17,0,1,29,12,0,0.0,0.0,,0.58,-0.94,0.02,,,,,,,,,,,,,,,DF,,False,Defender,True,True,False,0.0,0.0,0.0,0.0,0.0,0.0,0.20044543429844097,0.0,0.20044543429844097,0.0,1.469933184855234,1.135857461024499,0.0,0.06681514476614699,1.9376391982182628,0.8017817371937639,0.0
Raoul Bellanova,it ITA,MF,Atalanta,it Serie A,25.0,2000.0,24,15,1377,15.3,0,1,1,0,0,0,2,0,13,5,5,12,2,84,10,9,0,38.5,0.0,0.0,1.38,-0.46,-1.43,,,,,,,,,,,,,,,MF,,False,Midfielder,True,True,True,0.0,0.06535947712418301,0.06535947712418301,0.0,0.0,0.0,0.13071895424836602,0.0,0.8496732026143791,0.32679738562091504,0.32679738562091504,0.7843137254901962,0.13071895424836602,5.490196078431373,0.6535947712418301,0.5882352941176471,0.0
Jean-Ricner Bellegarde,ht HAI,"MF,FW",Wolves,eng Premier League,27.0,1998.0,26,15,1248,13.9,1,1,2,1,0,0,5,0,21,7,20,41,0,25,9,15,0,33.3,0.05,0.14,0.46,-1.44,-0.57,,,,,,,,,,,,,,,MF,FW,True,Midfielder,True,True,False,0.07211538461538461,0.07211538461538461,0.14423076923076922,0.07211538461538461,0.0,0.0,0.360576923076923,0.0,1.5144230769230769,0.5048076923076923,1.442307692307692,2.956730769230769,0.0,1.8028846153846156,0.6490384615384616,1.0817307692307694,0.0
Héctor Bellerín,es ESP,DF,Real Betis,es La Liga,30.0,1995.0,27,20,1822,20.2,2,3,5,2,0,0,2,0,7,5,15,4,2,29,14,16,0,71.4,0.29,0.4,1.56,0.3,0.01,,,,,,,,,,,,,,,DF,,False,Defender,True,True,True,0.09879253567508232,0.14818880351262348,0.24698133918770585,0.09879253567508232,0.0,0.0,0.09879253567508232,0.0,0.34577387486278816,0.24698133918770585,0.7409440175631175,0.19758507135016465,0.09879253567508232,1.4324917672886939,0.6915477497255763,0.7903402854006586,0.0
Jobe Bellingham,eng ENG,MF,Dortmund,de Bundesliga,19.0,2005.0,32,20,1786,19.8,0,1,1,0,0,0,2,1,19,6,15,20,0,5,41,23,0,31.6,0.0,0.0,2.16,1.21,0.36,,,,,,,,,,,,,,,MF,,False,Midfielder,True,True,True,0.0,0.05039193729003359,0.05039193729003359,0.0,0.0,0.0,0.10078387458006718,0.05039193729003359,0.9574468085106382,0.3023516237402015,0.7558790593505039,1.007838745800672,0.0,0.251959686450168,2.0660694288913772,1.1590145576707727,0.0
Jude Bellingham,eng ENG,MF,Real Madrid,es La Liga,22.0,2003.0,28,22,1916,21.3,6,4,10,6,0,0,3,0,51,26,33,55,4,16,14,37,0,51.0,0.12,0.23,2.21,1.08,-0.06,,,,,,,,,,,,,,,MF,,False,Midfielder,True,True,True,0.2818371607515658,0.1878914405010438,0.4697286012526096,0.2818371607515658,0.0,0.0,0.1409185803757829,0.0,2.395615866388309,1.221294363256785,1.5501043841336117,2.5835073068893526,0.1878914405010438,0.7515657620041752,0.6576200417536534,1.7379958246346554,0.0
Jeanuël Belocian,fr FRA,DF,Wolfsburg,de Bundesliga,20.0,2005.0,14,14,1254,13.9,0,1,1,0,0,0,3,0,3,0,18,8,0,4,16,17,0,0.0,0.0,,0.71,-0.65,0.1,,,,,,,,,,,,,,,DF,,False,Defender,True,True,False,0.0,0.07177033492822966,0.07177033492822966,0.0,0.0,0.0,0.21531100478468898,0.0,0.21531100478468898,0.0,1.291866028708134,0.5741626794258373,0.0,0.28708133971291866,1.1483253588516746,1.2200956937799043,0.0
Fran Beltrán,es ESP,MF,Girona,es La Liga,26.0,1999.0,17,11,1012,11.2,1,0,1,1,0,0,3,0,10,3,10,9,0,8,11,14,0,30.0,0.1,0.33,1.0,-0.09,0.47,,,,,,,,,,,,,,,MF,,False,Midfielder,True,True,False,0.08893280632411067,0.0,0.08893280632411067,0.08893280632411067,0.0,0.0,0.266798418972332,0.0,0.8893280632411067,0.266798418972332,0.8893280632411067,0.8003952569169961,0.0,0.7114624505928854,0.9782608695652174,1.2450592885375493,0.0
Lucas Beltrán,ar ARG,FW,Valencia,es La Liga,24.0,2001.0,27,16,1365,15.2,1,2,3,1,0,0,1,0,34,9,26,39,4,10,4,10,0,26.5,0.03,0.11,1.07,-0.26,-0.04,,,,,,,,,,,,,,,FW,,False,Forward,True,True,True,0.06593406593406594,0.13186813186813187,0.1978021978021978,0.06593406593406594,0.0,0.0,0.06593406593406594,0.0,2.241758241758242,0.5934065934065934,1.7142857142857144,2.571428571428571,0.26373626373626374,0.6593406593406593,0.26373626373626374,0.6593406593406593,0.0
Ramy Bensebaini,dz ALG,DF,Dortmund,de Bundesliga,30.0,1995.0,21,15,1530,17.0,5,2,7,3,2,2,6,0,17,7,31,16,1,11,18,14,0,41.2,0.18,0.43,2.05,1.29,0.47,,,,,,,,,,,,,,,DF,,False,Defender,True,True,True,0.29411764705882354,0.11764705882352941,0.411764705882353,0.1764705882352941,0.11764705882352941,0.11764705882352941,0.3529411764705882,0.0,1.0,0.411764705882353,1.823529411764706,0.9411764705882353,0.058823529411764705,0.6470588235294117,1.0588235294117647,0.823529411764706,0.0
Nabil Bentaleb,dz ALG,MF,Lille,fr Ligue 1,30.0,1994.0,26,13,1287,14.3,2,2,4,1,1,1,3,0,18,6,14,18,0,24,15,12,0,33.3,0.06,0.17,2.0,0.77,0.57,,,,,,,,,,,,,,,MF,,False,Midfielder,True,True,False,0.13986013986013987,0.13986013986013987,0.27972027972027974,0.06993006993006994,0.06993006993006994,0.06993006993006994,0.2097902097902098,0.0,1.2587412587412588,0.4195804195804196,0.9790209790209791,1.2587412587412588,0.0,1.6783216783216783,1.048951048951049,0.8391608391608392,0.0
Rodrigo Bentancur,uy URU,MF,Tottenham Hotspur,eng Premier League,28.0,1997.0,26,23,1883,20.9,1,1,2,1,0,0,7,0,13,3,19,8,1,7,36,36,0,23.1,0.08,0.33,1.35,0.14,0.85,,,,,,,,,,,,,,,MF,,False,Midfielder,True,True,True,0.04779607010090281,0.04779607010090281,0.09559214020180562,0.04779607010090281,0.0,0.0,0.33457249070631967,0.0,0.6213489113117365,0.14338821030270843,0.9081253319171535,0.3823685608072225,0.04779607010090281,0.33457249070631967,1.7206585236325014,1.7206585236325014,0.0
Lucas Beraldo,br BRA,"DF,MF",Paris Saint-Germain,fr Ligue 1,21.0,2003.0,20,18,1567,17.4,2,1,3,2,0,0,2,0,14,4,15,7,0,2,18,21,0,28.6,0.14,0.5,2.3,1.32,-0.01,,,,,,,,,,,,,,,DF,MF,True,Defender,True,True,True,0.11486917677089982,0.05743458838544991,0.1723037651563497,0.11486917677089982,0.0,0.0,0.11486917677089982,0.0,0.8040842373962986,0.22973835354179964,0.8615188257817485,0.4020421186981493,0.0,0.11486917677089982,1.0338225909380983,1.206126356094448,0.0
Domenico Berardi,it ITA,FW,Sassuolo,it Serie A,30.0,1994.0,26,24,1958,21.8,8,4,12,6,2,3,2,1,40,21,31,34,12,58,24,17,0,52.5,0.15,0.29,1.27,0.0,0.25,,,,,,,,,,,,,,,FW,,False,Forward,True,True,True,0.3677221654749745,0.18386108273748725,0.5515832482124616,0.2757916241062308,0.09193054136874362,0.1378958120531154,0.09193054136874362,0.04596527068437181,1.8386108273748722,0.9652706843718081,1.4249233912155261,1.5628192032686414,0.5515832482124616,2.665985699693565,1.1031664964249233,0.7814096016343207,0.0
Yuri Berchiche,es ESP,DF,Athletic Club,es La Liga,35.0,1990.0,32,31,2705,30.1,0,6,6,0,0,0,5,0,24,5,26,34,3,64,34,29,0,20.8,0.0,0.0,1.38,-0.13,1.25,,,,,,,,,,,,,,,DF,,False,Defender,True,True,True,0.0,0.199630314232902,0.199630314232902,0.0,0.0,0.0,0.16635859519408502,0.0,0.798521256931608,0.16635859519408502,0.8650646950092422,1.131238447319778,0.099815157116451,2.129390018484288,1.131238447319778,0.9648798521256932,0.0
Álex Berenguer,es ESP,MF,Athletic Club,es La Liga,30.0,1995.0,31,25,2154,23.9,2,3,5,2,0,0,4,0,44,20,28,38,6,199,13,17,1,45.5,0.05,0.1,0.97,-0.29,0.28,,,,,,,,,,,,,,,MF,,False,Midfielder,True,True,True,0.08356545961002786,0.12534818941504178,0.20891364902506962,0.08356545961002786,0.0,0.0,0.1671309192200557,0.0,1.8384401114206128,0.8356545961002785,1.1699164345403898,1.5877437325905293,0.25069637883008355,8.314763231197771,0.5431754874651811,0.7103064066852367,0.04178272980501393
Sander Berge,no NOR,MF,Fulham,eng Premier League,27.0,1998.0,35,34,2905,32.3,0,1,1,0,0,0,5,0,14,3,35,14,1,13,26,41,1,21.4,0.0,0.0,1.46,-0.06,0.29,,,,,,,,,,,,,,,MF,,False,Midfielder,True,True,True,0.0,0.03098106712564544,0.03098106712564544,0.0,0.0,0.0,0.1549053356282272,0.0,0.4337349397590362,0.0929432013769363,1.0843373493975905,0.4337349397590362,0.03098106712564544,0.4027538726333907,0.8055077452667814,1.270223752151463,0.03098106712564544
Lucas Bergvall,se SWE,MF,Tottenham Hotspur,eng Premier League,19.0,2006.0,23,11,965,10.7,1,3,4,1,0,0,2,0,12,5,24,7,3,19,3,14,0,41.7,0.08,0.2,1.17,-0.37,-0.19,,,,,,,,,,,,,,,MF,,False,Midfielder,True,True,False,0.09326424870466321,0.27979274611398963,0.37305699481865284,0.09326424870466321,0.0,0.0,0.18652849740932642,0.0,1.1191709844559585,0.46632124352331605,2.238341968911917,0.6528497409326425,0.27979274611398963,1.7720207253886011,0.27979274611398963,1.305699481865285,0.0
Adrian Bernabe,es ESP,MF,Parma,it Serie A,24.0,2001.0,32,31,2470,27.4,3,1,4,3,0,0,0,0,50,12,15,61,1,81,17,23,0,24.0,0.06,0.25,1.28,-0.47,0.0,,,,,,,,,,,,,,,MF,,False,Midfielder,True,True,True,0.10931174089068826,0.03643724696356275,0.145748987854251,0.10931174089068826,0.0,0.0,0.0,0.0,1.8218623481781377,0.43724696356275305,0.5465587044534413,2.2226720647773277,0.03643724696356275,2.951417004048583,0.6194331983805669,0.8380566801619433,0.0
Federico Bernardeschi,it ITA,"MF,FW",Bologna,it Serie A,31.0,1994.0,29,12,1217,13.5,4,2,6,3,1,1,3,0,39,13,13,11,2,48,6,6,0,33.3,0.08,0.23,1.66,0.52,0.68,,,,,,,,,,,,,,,MF,FW,True,Midfielder,True,True,False,0.29580936729663104,0.14790468364831552,0.4437140509449466,0.2218570254724733,0.07395234182415776,0.07395234182415776,0.2218570254724733,0.0,2.8841413311421524,0.9613804437140511,0.9613804437140511,0.8134757600657354,0.14790468364831552,3.5497124075595727,0.4437140509449466,0.4437140509449466,0.0
Bernardo,br BRA,DF,Hoffenheim,de Bundesliga,30.0,1995.0,29,26,2312,25.7,0,0,0,0,0,0,9,0,10,0,42,11,2,16,39,42,0,0.0,0.0,,1.76,0.39,0.03,,,,,,,,,,,,,,,DF,,False,Defender,True,True,True,0.0,0.0,0.0,0.0,0.0,0.0,0.35034602076124566,0.0,0.3892733564013841,0.0,1.6349480968858132,0.4282006920415225,0.07785467128027682,0.6228373702422145,1.5181660899653981,1.6349480968858132,0.0
Lorenzo Bernasconi,it ITA,MF,Atalanta,it Serie A,21.0,2003.0,23,17,1572,17.5,0,3,3,0,0,0,3,0,9,1,8,5,3,113,14,16,0,11.1,0.0,0.0,1.91,0.74,0.65,,,,,,,,,,,,,,,MF,,False,Midfielder,True,True,True,0.0,0.17175572519083968,0.17175572519083968,0.0,0.0,0.0,0.17175572519083968,0.0,0.5152671755725191,0.05725190839694657,0.45801526717557256,0.2862595419847328,0.17175572519083968,6.469465648854962,0.8015267175572519,0.9160305343511451,0.0
Antoine Bernede,fr FRA,MF,Hellas Verona,it Serie A,26.0,1999.0,32,29,2301,25.6,1,2,3,1,0,0,2,0,21,4,55,20,1,25,16,39,0,19.0,0.05,0.25,0.56,-0.78,0.5,,,,,,,,,,,,,,,MF,,False,Midfielder,True,True,True,0.03911342894393742,0.07822685788787484,0.11734028683181225,0.03911342894393742,0.0,0.0,0.07822685788787484,0.0,0.8213820078226858,0.15645371577574968,2.1512385919165578,0.7822685788787483,0.03911342894393742,0.9778357235984354,0.6258148631029987,1.5254237288135593,0.0
Nicolò Bertola,it ITA,"DF,MF",Udinese,it Serie A,22.0,2003.0,28,18,1763,19.6,0,1,1,0,0,0,3,0,13,4,19,12,1,8,24,21,0,30.8,0.0,0.0,1.46,-0.05,0.06,,,,,,,,,,,,,,,DF,MF,True,Defender,True,True,True,0.0,0.05104934770277936,0.05104934770277936,0.0,0.0,0.0,0.15314804310833807,0.0,0.6636415201361315,0.20419739081111743,0.9699376063528078,0.6125921724333523,0.05104934770277936,0.40839478162223486,1.2251843448667046,1.0720363017583665,0.0
Jan-Niklas Beste,de GER,MF,Freiburg,de Bundesliga,26.0,1999.0,28,20,1704,18.9,2,2,4,2,0,0,5,0,24,14,17,36,5,106,17,24,0,58.3,0.08,0.14,1.54,0.42,1.35,,,,,,,,,,,,,,,MF,,False,Midfielder,True,True,True,0.1056338028169014,0.1056338028169014,0.2112676056338028,0.1056338028169014,0.0,0.0,0.2640845070422535,0.0,1.267605633802817,0.7394366197183099,0.897887323943662,1.9014084507042253,0.2640845070422535,5.598591549295775,0.897887323943662,1.267605633802817,0.0
Beto,gw GNB,FW,Everton,eng Premier League,27.0,1998.0,37,17,1568,17.4,9,1,10,9,0,0,3,0,43,17,32,12,9,2,1,5,0,39.5,0.21,0.53,1.32,0.34,0.78,,,,,,,,,,,,,,,FW,,False,Forward,True,True,True,0.5165816326530612,0.057397959183673464,0.5739795918367347,0.5165816326530612,0.0,0.0,0.1721938775510204,0.0,2.4681122448979593,0.9757653061224489,1.8367346938775508,0.6887755102040816,0.5165816326530612,0.11479591836734693,0.057397959183673464,0.2869897959183674,0.0
Sam Beukema,nl NED,DF,Napoli,it Serie A,26.0,1998.0,24,18,1681,18.7,2,0,2,2,0,0,2,0,8,4,19,5,1,6,14,17,0,50.0,0.25,0.5,2.04,0.54,-0.09,,,,,,,,,,,,,,,DF,,False,Defender,True,True,True,0.10707911957168352,0.0,0.10707911957168352,0.10707911957168352,0.0,0.0,0.10707911957168352,0.0,0.4283164782867341,0.21415823914336704,1.0172516359309935,0.2676977989292088,0.05353955978584176,0.32123735871505055,0.7495538370017846,0.9101725163593098,0.0
Matteo Bianchetti,it ITA,DF,Cremonese,it Serie A,32.0,1993.0,27,25,2192,24.4,0,2,2,0,0,0,4,0,7,1,28,15,0,6,19,30,0,14.3,0.0,0.0,1.15,-0.37,0.8,,,,,,,,,,,,,,,DF,,False,Defender,True,True,True,0.0,0.08211678832116788,0.08211678832116788,0.0,0.0,0.0,0.16423357664233576,0.0,0.2874087591240876,0.04105839416058394,1.1496350364963503,0.6158759124087592,0.0,0.24635036496350365,0.7801094890510949,1.2317518248175183,0.0
Mika Biereth,dk DEN,FW,Monaco,fr Ligue 1,22.0,2003.0,32,12,1074,11.9,2,2,4,2,0,0,0,0,19,7,16,14,9,9,0,7,0,36.8,0.11,0.29,1.56,-0.34,-0.79,,,,,,,,,,,,,,,FW,,False,Forward,True,True,False,0.16759776536312848,0.16759776536312848,0.33519553072625696,0.16759776536312848,0.0,0.0,0.0,0.0,1.5921787709497206,0.5865921787709497,1.3407821229050279,1.1731843575418994,0.7541899441340782,0.7541899441340782,0.0,0.5865921787709497,0.0
Pedro Bigas,es ESP,DF,Elche,es La Liga,34.0,1990.0,28,25,2063,22.9,1,3,4,1,0,0,5,1,10,3,24,19,0,26,30,22,0,30.0,0.1,0.33,1.29,0.0,0.53,,,,,,,,,,,,,,,DF,,False,Defender,True,True,True,0.043625787687833255,0.13087736306349976,0.17450315075133302,0.043625787687833255,0.0,0.0,0.21812893843916625,0.043625787687833255,0.4362578768783325,0.13087736306349976,1.047018904507998,0.8288899660688318,0.0,1.1342704798836645,1.3087736306349977,0.9597673291323315,0.0
Jaka Bijol,si SVN,DF,Leeds United,eng Premier League,26.0,1999.0,25,21,1890,21.0,1,2,3,1,0,0,4,0,15,6,19,10,0,1,22,13,0,40.0,0.07,0.17,1.28,0.14,0.73,,,,,,,,,,,,,,,DF,,False,Defender,True,True,True,0.04761904761904762,0.09523809523809525,0.14285714285714285,0.04761904761904762,0.0,0.0,0.1904761904761905,0.0,0.7142857142857142,0.2857142857142857,0.9047619047619048,0.47619047619047616,0.0,0.04761904761904762,1.0476190476190477,0.6190476190476191,0.0
Tom Bischof,de GER,"DF,MF",Bayern Munich,de Bundesliga,20.0,2005.0,26,14,1302,14.5,3,3,6,3,0,0,2,0,30,9,15,9,1,26,15,18,0,30.0,0.1,0.33,2.65,2.76,0.41,,,,,,,,,,,,,,,DF,MF,True,Defender,True,True,False,0.2073732718894009,0.2073732718894009,0.4147465437788018,0.2073732718894009,0.0,0.0,0.1382488479262673,0.0,2.0737327188940093,0.6221198156682028,1.0368663594470047,0.6221198156682028,0.06912442396313365,1.7972350230414746,1.0368663594470047,1.2442396313364057,0.0
Antonio Blanco,es ESP,MF,Alavés,es La Liga,25.0,2000.0,36,36,3110,34.6,2,3,5,2,0,0,9,0,40,13,71,43,2,30,51,49,0,32.5,0.05,0.15,1.08,-0.46,-1.62,,,,,,,,,,,,,,,MF,,False,Midfielder,True,True,True,0.057877813504823156,0.08681672025723472,0.14469453376205788,0.057877813504823156,0.0,0.0,0.2604501607717042,0.0,1.157556270096463,0.3762057877813505,2.054662379421222,1.2443729903536977,0.057877813504823156,0.8681672025723474,1.4758842443729905,1.4180064308681672,0.0
Ludovic Blas,fr FRA,"MF,FW",Rennes,fr Ligue 1,27.0,1997.0,32,15,1546,17.2,5,4,9,3,2,2,1,0,47,14,24,27,5,93,15,10,0,29.8,0.06,0.21,1.78,-0.17,-0.89,,,,,,,,,,,,,,,MF,FW,True,Midfielder,True,True,True,0.2910737386804657,0.2328589909443726,0.5239327296248383,0.17464424320827943,0.1164294954721863,0.1164294954721863,0.05821474773609315,0.0,2.736093143596378,0.815006468305304,1.3971539456662354,1.571798188874515,0.2910737386804657,5.4139715394566625,0.8732212160413971,0.5821474773609314,0.0
Daley Blind,nl NED,DF,Girona,es La Liga,35.0,1990.0,31,30,2606,29.0,0,0,0,0,0,0,1,0,5,1,19,20,0,13,38,34,0,20.0,0.0,0.0,1.13,-0.52,-0.41,,,,,,,,,,,,,,,DF,,False,Defender,True,True,True,0.0,0.0,0.0,0.0,0.0,0.0,0.03453568687643899,0.0,0.17267843438219493,0.03453568687643899,0.6561780506523407,0.6907137375287797,0.0,0.44896392939370683,1.3123561013046814,1.1742133537989254,0.0
Lamare Bogarde,nl NED,"MF,DF",Aston Villa,eng Premier League,21.0,2004.0,28,11,1053,11.7,0,0,0,0,0,0,5,0,0,0,17,20,0,2,4,19,0,,,,1.61,-0.09,-0.39,,,,,,,,,,,,,,,MF,DF,True,Midfielder,True,True,False,0.0,0.0,0.0,0.0,0.0,0.0,0.42735042735042733,0.0,0.0,0.0,1.4529914529914532,1.7094017094017093,0.0,0.17094017094017094,0.3418803418803419,1.6239316239316237,0.0
Jayden Bogle,eng ENG,"MF,DF",Leeds United,eng Premier League,25.0,2000.0,34,32,2793,31.0,1,2,3,1,0,0,6,0,18,4,39,29,10,67,30,43,0,22.2,0.06,0.25,1.24,-0.19,-0.05,,,,,,,,,,,,,,,MF,DF,True,Midfielder,True,True,True,0.0322234156820623,0.0644468313641246,0.09667024704618689,0.0322234156820623,0.0,0.0,0.19334049409237378,0.0,0.5800214822771214,0.1288936627282492,1.2567132116004298,0.9344790547798068,0.322234156820623,2.158968850698174,0.966702470461869,1.385606874328679,0.0
Federico Bonazzoli,it ITA,FW,Cremonese,it Serie A,28.0,1997.0,35,31,2510,27.9,10,1,11,7,3,3,4,0,75,32,26,80,4,26,12,16,0,42.7,0.09,0.22,0.83,-0.79,-0.49,,,,,,,,,,,,,,,FW,,False,Forward,True,True,True,0.35856573705179284,0.035856573705179286,0.39442231075697215,0.250996015936255,0.10756972111553784,0.10756972111553784,0.14342629482071714,0.0,2.6892430278884465,1.1474103585657371,0.9322709163346614,2.8685258964143427,0.14342629482071714,0.9322709163346614,0.43027888446215135,0.5737051792828686,0.0
Warren Bondo,fr FRA,MF,Cremonese,it Serie A,21.0,2003.0,27,22,1762,19.6,0,0,0,0,0,0,5,0,8,2,39,33,0,3,9,16,0,25.0,0.0,0.0,0.85,-0.72,-0.12,,,,,,,,,,,,,,,MF,,False,Midfielder,True,True,True,0.0,0.0,0.0,0.0,0.0,0.0,0.25539160045402953,0.0,0.4086265607264472,0.1021566401816118,1.9920544835414302,1.6855845629965946,0.0,0.1532349602724177,0.45970488081725314,0.8172531214528944,0.0
Rahim Bonkano,ne NIG,DF,Oviedo,es La Liga,23.0,2002.0,27,18,1713,19.0,0,0,0,0,0,0,2,0,3,0,10,8,9,68,29,19,0,0.0,0.0,,0.78,-1.21,-0.63,,,,,,,,,,,,,,,DF,,False,Defender,True,True,True,0.0,0.0,0.0,0.0,0.0,0.0,0.10507880910683012,0.0,0.1576182136602452,0.0,0.5253940455341506,0.4203152364273205,0.47285464098073554,3.5726795096322244,1.5236427320490369,0.9982486865148862,0.0
Ange-Yoan Bonny,fr FRA,FW,Inter,it Serie A,21.0,2003.0,33,10,1142,12.7,5,4,9,5,0,0,1,0,22,9,17,24,9,6,1,9,0,40.9,0.23,0.56,2.18,1.89,0.71,,,,,,,,,,,,,,,FW,,False,Forward,True,True,False,0.39404553415061294,0.3152364273204904,0.7092819614711033,0.39404553415061294,0.0,0.0,0.0788091068301226,0.0,1.733800350262697,0.7092819614711033,1.339754816112084,1.8914185639229422,0.7092819614711033,0.47285464098073554,0.0788091068301226,0.7092819614711033,0.0
Gennaro Borrelli,it ITA,FW,Cagliari,it Serie A,25.0,2000.0,27,13,1275,14.2,5,1,6,5,0,0,4,0,30,12,43,49,5,2,3,6,0,40.0,0.17,0.42,1.26,-0.56,-0.35,,,,,,,,,,,,,,,FW,,False,Forward,True,True,False,0.3529411764705882,0.07058823529411765,0.4235294117647058,0.3529411764705882,0.0,0.0,0.2823529411764706,0.0,2.1176470588235294,0.8470588235294116,3.0352941176470587,3.4588235294117644,0.3529411764705882,0.1411764705882353,0.2117647058823529,0.4235294117647058,0.0
Sven Botman,nl NED,DF,Newcastle United,eng Premier League,25.0,2000.0,25,21,1835,20.4,1,1,2,1,0,0,2,0,15,4,13,19,1,2,25,14,1,26.7,0.07,0.25,1.36,-0.1,-0.1,,,,,,,,,,,,,,,DF,,False,Defender,True,True,True,0.04904632152588556,0.04904632152588556,0.09809264305177112,0.04904632152588556,0.0,0.0,0.09809264305177112,0.0,0.7356948228882834,0.19618528610354224,0.6376021798365122,0.9318801089918256,0.04904632152588556,0.09809264305177112,1.2261580381471389,0.6866485013623979,0.04904632152588556
Ayyoub Bouaddi,fr FRA,MF,Lille,fr Ligue 1,17.0,2007.0,30,28,2321,25.8,0,1,1,0,0,0,7,1,16,5,37,24,0,20,27,40,0,31.3,0.0,0.0,1.63,0.12,-1.35,,,,,,,,,,,,,,,MF,,False,Midfielder,True,True,True,0.0,0.03877638948728996,0.03877638948728996,0.0,0.0,0.0,0.2714347264110297,0.03877638948728996,0.6204222317966394,0.1938819474364498,1.4347264110297284,0.9306333476949591,0.0,0.7755277897457992,1.046962516156829,1.5510555794915983,0.0
Hicham Boudaoui,dz ALG,MF,Nice,fr Ligue 1,25.0,1999.0,25,18,1694,18.8,1,2,3,1,0,0,5,0,21,9,19,40,2,19,18,16,0,42.9,0.05,0.11,0.92,-0.69,-0.03,,,,,,,,,,,,,,,MF,,False,Midfielder,True,True,True,0.053128689492325853,0.10625737898465171,0.15938606847697756,0.053128689492325853,0.0,0.0,0.26564344746162927,0.0,1.115702479338843,0.47815820543093274,1.009445100354191,2.125147579693034,0.10625737898465171,1.009445100354191,0.9563164108618655,0.8500590318772137,0.0
Sofiane Boufal,ma MAR,"MF,FW",Le Havre,fr Ligue 1,31.0,1993.0,17,13,1019,11.3,1,4,5,1,0,1,2,0,19,4,24,32,6,59,3,17,0,21.1,0.05,0.25,1.0,-0.53,-0.27,,,,,,,,,,,,,,,MF,FW,True,Midfielder,True,True,False,0.08832188420019627,0.35328753680078506,0.4416094210009814,0.08832188420019627,0.0,0.08832188420019627,0.17664376840039253,0.0,1.6781157998037293,0.35328753680078506,2.1197252208047104,2.8263002944062805,0.5299313052011776,5.21099116781158,0.2649656526005888,1.5014720314033365,0.0
Jarrod Bowen,eng ENG,"MF,FW",West Ham United,eng Premier League,28.0,1996.0,38,38,3403,37.8,9,11,20,8,1,1,4,0,79,28,19,49,17,148,27,28,0,35.4,0.1,0.29,1.03,-0.48,4.82,,,,,,,,,,,,,,,MF,FW,True,Midfielder,True,True,True,0.23802527181898323,0.2909197766676462,0.5289450484866294,0.2115780193946518,0.026447252424331474,0.026447252424331474,0.1057890096973259,0.0,2.089332941522186,0.7405230678812813,0.5024977960622979,1.2959153687922422,0.449603291213635,3.9141933588010582,0.7140758154569496,0.7405230678812813,0.0
Kieron Bowie,sct SCO,FW,Hellas Verona,it Serie A,22.0,2002.0,14,14,1200,13.3,4,0,4,4,0,0,1,0,33,11,34,27,3,6,0,3,0,33.3,0.12,0.36,0.5,-0.82,0.19,,,,,,,,,,,,,,,FW,,False,Forward,True,True,False,0.30000000000000004,0.0,0.30000000000000004,0.30000000000000004,0.0,0.0,0.07500000000000001,0.0,2.475,0.825,2.55,2.025,0.225,0.45,0.0,0.225,0.0
Lucas Boyé,ar ARG,FW,Alavés,es La Liga,29.0,1996.0,29,22,1958,21.8,11,1,12,8,3,3,4,1,63,21,58,39,10,10,7,25,0,33.3,0.13,0.38,1.21,-0.32,-0.01,,,,,,,,,,,,,,,FW,,False,Forward,True,True,True,0.5056179775280899,0.04596527068437181,0.5515832482124616,0.3677221654749745,0.1378958120531154,0.1378958120531154,0.18386108273748725,0.04596527068437181,2.895812053115424,0.9652706843718081,2.665985699693565,1.7926455566905006,0.45965270684371806,0.45965270684371806,0.32175689479060265,1.1491317671092953,0.0
Enzo Boyomo,cm CMR,DF,Osasuna,es La Liga,23.0,2001.0,30,29,2542,28.2,1,2,3,1,0,0,7,0,11,4,33,5,0,10,17,36,0,36.4,0.09,0.25,1.07,-0.25,-0.35,,,,,,,,,,,,,,,DF,,False,Defender,True,True,True,0.03540519276160504,0.07081038552321008,0.10621557828481511,0.03540519276160504,0.0,0.0,0.24783634933123525,0.0,0.38945712037765545,0.14162077104642015,1.168371361132966,0.17702596380802518,0.0,0.35405192761605037,0.6018882769472856,1.2745869394177813,0.0
Domagoj Bradarić,hr CRO,MF,Hellas Verona,it Serie A,25.0,1999.0,29,23,1966,21.8,0,1,1,0,0,0,2,0,13,6,8,10,2,108,9,20,0,46.2,0.0,0.0,0.45,-1.01,-0.14,,,,,,,,,,,,,,,MF,,False,Midfielder,True,True,True,0.0,0.04577822990844354,0.04577822990844354,0.0,0.0,0.0,0.09155645981688708,0.0,0.595116988809766,0.2746693794506612,0.3662258392675483,0.4577822990844354,0.09155645981688708,4.944048830111902,0.41200406917599186,0.9155645981688708,0.0
Conor Bradley,nir NIR,DF,Liverpool,eng Premier League,22.0,2003.0,15,12,929,10.3,0,1,1,0,0,0,5,0,6,0,18,20,1,23,12,15,0,0.0,0.0,,1.47,-0.19,-0.63,,,,,,,,,,,,,,,DF,,False,Defender,True,True,False,0.0,0.0968783638320775,0.0968783638320775,0.0,0.0,0.0,0.48439181916038754,0.0,0.581270182992465,0.0,1.743810548977395,1.9375672766415502,0.0968783638320775,2.2282023681377825,1.16254036598493,1.4531754574811624,0.0
Julian Brandt,de GER,"MF,FW",Dortmund,de Bundesliga,29.0,1996.0,29,17,1606,17.8,7,4,11,7,0,0,0,0,38,18,8,5,7,25,5,8,0,47.4,0.18,0.39,2.14,1.34,0.6,,,,,,,,,,,,,,,MF,FW,True,Midfielder,True,True,True,0.39227895392278955,0.22415940224159403,0.6164383561643836,0.39227895392278955,0.0,0.0,0.0,0.0,2.1295143212951433,1.0087173100871731,0.44831880448318806,0.28019925280199254,0.39227895392278955,1.4009962640099627,0.28019925280199254,0.44831880448318806,0.0
Lilian Brassier,fr FRA,DF,Rennes,fr Ligue 1,25.0,1999.0,27,25,2250,25.0,0,1,1,0,0,0,2,0,11,2,27,21,0,23,38,13,0,18.2,0.0,0.0,1.78,0.48,0.81,,,,,,,,,,,,,,,DF,,False,Defender,True,True,True,0.0,0.04,0.04,0.0,0.0,0.0,0.08,0.0,0.44,0.08,1.08,0.8400000000000001,0.0,0.92,1.5199999999999998,0.52,0.0
Gleison Bremer,br BRA,DF,Juventus,it Serie A,28.0,1997.0,26,25,2171,24.1,4,3,7,4,0,0,5,0,23,9,21,10,0,1,30,14,0,39.1,0.17,0.44,2.12,1.08,1.01,,,,,,,,,,,,,,,DF,,False,Defender,True,True,True,0.16582220175034545,0.1243666513127591,0.29018885306310455,0.16582220175034545,0.0,0.0,0.20727775218793182,0.0,0.9534776600644863,0.37309995393827733,0.8705665591893137,0.41455550437586364,0.0,0.041455550437586364,1.243666513127591,0.5803777061262091,0.0
Abel Bretones,es ESP,"MF,DF",Osasuna,es La Liga,24.0,2000.0,28,17,1624,18.0,1,2,3,1,0,0,5,1,11,3,16,19,1,34,16,12,0,27.3,0.09,0.33,1.18,-0.17,-0.02,,,,,,,,,,,,,,,MF,DF,True,Midfielder,True,True,True,0.05541871921182266,0.11083743842364532,0.16625615763546797,0.05541871921182266,0.0,0.0,0.2770935960591133,0.05541871921182266,0.6096059113300493,0.16625615763546797,0.8866995073891626,1.0529556650246306,0.05541871921182266,1.8842364532019704,0.8866995073891626,0.6650246305418719,0.0
Sascha Britschgi,ch SUI,"MF,DF",Parma,it Serie A,18.0,2006.0,29,22,2095,23.3,0,2,2,0,0,0,7,1,13,3,18,23,0,48,8,18,0,23.1,0.0,0.0,1.31,-0.39,0.22,,,,,,,,,,,,,,,MF,DF,True,Midfielder,True,True,True,0.0,0.08591885441527447,0.08591885441527447,0.0,0.0,0.0,0.3007159904534606,0.042959427207637235,0.558472553699284,0.1288782816229117,0.7732696897374702,0.9880668257756563,0.0,2.0620525059665873,0.3436754176610979,0.7732696897374702,0.0
Brian Brobbey,nl NED,FW,Sunderland,eng Premier League,23.0,2002.0,31,22,1927,21.4,7,1,8,7,0,0,6,0,36,18,33,37,8,2,0,2,0,50.0,0.19,0.39,1.29,-0.47,-0.71,,,,,,,,,,,,,,,FW,,False,Forward,True,True,True,0.3269330565646082,0.046704722366372596,0.37363777893098077,0.3269330565646082,0.0,0.0,0.2802283341982356,0.0,1.6813700051894136,0.8406850025947068,1.5412558380902956,1.7280747275557862,0.37363777893098077,0.09340944473274519,0.0,0.09340944473274519,0.0
David Brooks,wls WAL,MF,Bournemouth,eng Premier League,28.0,1997.0,31,13,1204,13.4,1,3,4,1,0,0,7,0,48,13,11,13,2,59,4,13,0,27.1,0.02,0.08,1.52,0.07,-0.05,,,,,,,,,,,,,,,MF,,False,Midfielder,True,True,False,0.07475083056478406,0.22425249169435216,0.29900332225913623,0.07475083056478406,0.0,0.0,0.5232558139534884,0.0,3.5880398671096345,0.9717607973421927,0.8222591362126247,0.9717607973421927,0.14950166112956811,4.410299003322259,0.29900332225913623,0.9717607973421927,0.0
Nathaniel Brown,de GER,"MF,DF",Eintracht Frankfurt,de Bundesliga,22.0,2003.0,33,29,2656,29.5,4,4,8,4,0,0,3,0,18,9,27,33,1,45,25,57,0,50.0,0.22,0.44,1.33,-0.1,0.12,,,,,,,,,,,,,,,MF,DF,True,Midfielder,True,True,True,0.13554216867469882,0.13554216867469882,0.27108433734939763,0.13554216867469882,0.0,0.0,0.1016566265060241,0.0,0.6099397590361446,0.3049698795180723,0.9149096385542168,1.118222891566265,0.033885542168674704,1.5248493975903614,0.8471385542168676,1.9314759036144578,0.0
Brugui,es ESP,"MF,FW",Levante,es La Liga,28.0,1996.0,19,10,1005,11.2,1,1,2,1,0,0,1,1,28,9,11,8,6,11,4,6,0,32.1,0.04,0.11,0.95,-0.72,-0.49,,,,,,,,,,,,,,,MF,FW,True,Midfielder,True,True,False,0.08955223880597014,0.08955223880597014,0.1791044776119403,0.08955223880597014,0.0,0.0,0.08955223880597014,0.08955223880597014,2.5074626865671643,0.8059701492537313,0.9850746268656717,0.7164179104477612,0.5373134328358209,0.9850746268656717,0.3582089552238806,0.5373134328358209,0.0
Jacob Bruun Larsen,dk DEN,"MF,FW",Burnley,eng Premier League,26.0,1998.0,28,10,1030,11.4,0,1,1,0,0,0,0,0,17,4,1,0,4,42,6,3,0,23.5,0.0,0.0,0.61,-1.49,-0.73,,,,,,,,,,,,,,,MF,FW,True,Midfielder,True,True,False,0.0,0.08737864077669903,0.08737864077669903,0.0,0.0,0.0,0.0,0.0,1.4854368932038837,0.34951456310679613,0.08737864077669903,0.0,0.34951456310679613,3.6699029126213594,0.5242718446601942,0.2621359223300971,0.0
Tajon Buchanan,ca CAN,MF,Villarreal,es La Liga,26.0,1999.0,34,21,1819,20.2,7,1,8,7,0,0,8,0,27,11,18,36,8,33,22,19,0,40.7,0.26,0.64,1.76,0.84,0.34,,,,,,,,,,,,,,,MF,,False,Midfielder,True,True,True,0.34634414513468936,0.049477735019241346,0.39582188015393077,0.34634414513468936,0.0,0.0,0.39582188015393077,0.0,1.3358988455195162,0.5442550852116547,0.8905992303463441,1.7811984606926883,0.39582188015393077,1.6327652556349643,1.0885101704233093,0.9400769653655855,0.0
Ante Budimir,hr CRO,FW,Osasuna,es La Liga,34.0,1991.0,37,35,2938,32.6,17,0,17,11,6,8,3,0,103,41,52,36,22,4,6,16,0,39.8,0.11,0.27,1.14,-0.12,0.25,,,,,,,,,,,,,,,FW,,False,Forward,True,True,True,0.5207624234172906,0.0,0.5207624234172906,0.3369639210347175,0.18379850238257317,0.2450646698434309,0.09189925119128659,0.0,3.1552076242341727,1.2559564329475834,1.592920353982301,1.1027910142954391,0.673927842069435,0.12253233492171545,0.18379850238257317,0.4901293396868618,0.0
Emi Buendía,ar ARG,MF,Aston Villa,eng Premier League,28.0,1996.0,36,21,1755,19.5,6,2,8,6,0,0,6,0,49,13,41,45,1,10,13,27,0,26.5,0.12,0.46,1.78,-0.15,-0.69,,,,,,,,,,,,,,,MF,,False,Midfielder,True,True,True,0.3076923076923077,0.10256410256410256,0.41025641025641024,0.3076923076923077,0.0,0.0,0.3076923076923077,0.0,2.5128205128205128,0.6666666666666667,2.1025641025641026,2.3076923076923075,0.05128205128205128,0.5128205128205129,0.6666666666666667,1.3846153846153846,0.0
Hugo Bueno,es ESP,"MF,DF",Wolves,eng Premier League,22.0,2002.0,35,26,2366,26.3,1,2,3,1,0,0,3,0,16,6,17,24,3,166,33,35,0,37.5,0.06,0.17,0.57,-0.91,0.54,,,,,,,,,,,,,,,MF,DF,True,Midfielder,True,True,True,0.03803888419273035,0.0760777683854607,0.11411665257819104,0.03803888419273035,0.0,0.0,0.11411665257819104,0.0,0.6086221470836856,0.22823330515638207,0.6466610312764158,0.9129332206255283,0.11411665257819104,6.314454775993237,1.2552831783601015,1.331360946745562,0.0
Santiago Bueno,uy URU,DF,Wolves,eng Premier League,26.0,1998.0,29,28,2553,28.4,3,1,4,3,0,0,4,0,10,7,29,11,2,6,27,30,0,70.0,0.3,0.43,0.66,-0.85,0.92,,,,,,,,,,,,,,,DF,,False,Defender,True,True,True,0.10575793184488837,0.03525264394829612,0.1410105757931845,0.10575793184488837,0.0,0.0,0.1410105757931845,0.0,0.35252643948296125,0.24676850763807287,1.0223266745005877,0.38777908343125733,0.07050528789659224,0.21151586368977673,0.9518213866039954,1.0575793184488838,0.0
Adam Buksa,pl POL,FW,Udinese,it Serie A,29.0,1996.0,25,6,922,10.2,3,0,3,3,0,0,3,0,12,6,24,15,3,1,3,8,0,50.0,0.25,0.5,1.24,-0.29,-0.29,,,,,,,,,,,,,,,FW,,False,Forward,True,True,False,0.2928416485900217,0.0,0.2928416485900217,0.2928416485900217,0.0,0.0,0.2928416485900217,0.0,1.1713665943600868,0.5856832971800434,2.3427331887201737,1.4642082429501084,0.2928416485900217,0.09761388286334056,0.2928416485900217,0.7809110629067245,0.0
Marius Bülter,de GER,"FW,MF",Köln,de Bundesliga,32.0,1993.0,32,18,1597,17.7,5,4,9,5,0,0,3,0,42,17,17,25,6,62,8,5,0,40.5,0.12,0.29,0.91,0.06,0.98,,,,,,,,,,,,,,,FW,MF,True,Forward,True,True,True,0.28177833437695676,0.22542266750156542,0.5072010018785222,0.28177833437695676,0.0,0.0,0.16906700062617408,0.0,2.366938008766437,0.9580463368816531,0.9580463368816531,1.408891671884784,0.33813400125234816,3.494051346274264,0.45084533500313084,0.28177833437695676,0.0
Alessandro Buongiorno,it ITA,DF,Napoli,it Serie A,26.0,1999.0,33,28,2521,28.0,0,1,1,0,0,0,3,0,8,3,50,26,1,6,40,22,0,37.5,0.0,0.0,2.0,0.46,-0.44,,,,,,,,,,,,,,,DF,,False,Defender,True,True,True,0.0,0.03570011900039667,0.03570011900039667,0.0,0.0,0.0,0.10710035700119,0.0,0.28560095200317337,0.10710035700119,1.7850059500198334,0.9282030940103133,0.03570011900039667,0.21420071400238,1.4280047600158665,0.7854026180087268,0.0
Wouter Burger,nl NED,MF,Hoffenheim,de Bundesliga,24.0,2001.0,30,30,2430,27.0,4,5,9,4,0,0,7,1,36,13,57,12,1,89,19,42,0,36.1,0.11,0.31,1.9,0.63,1.2,,,,,,,,,,,,,,,MF,,False,Midfielder,True,True,True,0.14814814814814814,0.1851851851851852,0.33333333333333337,0.14814814814814814,0.0,0.0,0.2592592592592593,0.037037037037037035,1.3333333333333335,0.4814814814814815,2.111111111111111,0.4444444444444444,0.037037037037037035,3.2962962962962963,0.7037037037037037,1.5555555555555554,0.0
Jonathan Burkardt,de GER,FW,Eintracht Frankfurt,de Bundesliga,25.0,2000.0,22,15,1336,14.8,13,1,14,9,4,4,1,0,41,21,12,15,2,5,1,4,0,51.2,0.22,0.43,1.36,1.21,2.36,,,,,,,,,,,,,,,FW,,False,Forward,True,True,False,0.875748502994012,0.06736526946107785,0.9431137724550898,0.6062874251497006,0.2694610778443114,0.2694610778443114,0.06736526946107785,0.0,2.7619760479041915,1.4146706586826348,0.8083832335329341,1.0104790419161678,0.1347305389221557,0.33682634730538924,0.06736526946107785,0.2694610778443114,0.0
Oliver Burke,sct SCO,"FW,MF",Union Berlin,de Bundesliga,28.0,1997.0,29,21,1664,18.5,6,2,8,6,0,0,4,0,34,15,10,8,8,39,4,7,0,44.1,0.18,0.4,1.0,-0.49,-0.16,,,,,,,,,,,,,,,FW,MF,True,Forward,True,True,True,0.3245192307692308,0.10817307692307693,0.4326923076923077,0.3245192307692308,0.0,0.0,0.21634615384615385,0.0,1.8389423076923077,0.8112980769230769,0.5408653846153847,0.4326923076923077,0.4326923076923077,2.109375,0.21634615384615385,0.3786057692307692,0.0
Dan Burn,eng ENG,DF,Newcastle United,eng Premier League,33.0,1992.0,29,25,2199,24.4,1,2,3,1,0,0,11,1,10,3,36,13,3,14,20,26,0,30.0,0.1,0.33,1.21,-0.08,-0.08,,,,,,,,,,,,,,,DF,,False,Defender,True,True,True,0.04092769440654843,0.08185538881309685,0.12278308321964529,0.04092769440654843,0.0,0.0,0.45020463847203274,0.04092769440654843,0.4092769440654843,0.12278308321964529,1.4733969986357434,0.5320600272851297,0.12278308321964529,0.572987721691678,0.8185538881309686,1.0641200545702594,0.0
Marnon Busch,de GER,"DF,MF",Heidenheim,de Bundesliga,30.0,1994.0,29,20,1915,21.3,1,5,6,1,0,0,4,0,12,3,18,8,1,61,34,24,0,25.0,0.08,0.33,0.76,-0.8,0.3,,,,,,,,,,,,,,,DF,MF,True,Defender,True,True,True,0.04699738903394256,0.2349869451697128,0.2819843342036554,0.04699738903394256,0.0,0.0,0.18798955613577023,0.0,0.5639686684073107,0.1409921671018277,0.8459530026109662,0.37597911227154046,0.04699738903394256,2.866840731070496,1.597911227154047,1.1279373368146215,0.0
Leandro Cabrera,uy URU,DF,Espanyol,es La Liga,34.0,1991.0,37,37,3330,37.0,3,0,3,3,0,0,4,0,40,12,38,9,1,20,23,23,0,30.0,0.08,0.25,1.22,-0.32,-0.32,,,,,,,,,,,,,,,DF,,False,Defender,True,True,True,0.08108108108108109,0.0,0.08108108108108109,0.08108108108108109,0.0,0.0,0.1081081081081081,0.0,1.0810810810810811,0.32432432432432434,1.027027027027027,0.24324324324324326,0.027027027027027025,0.5405405405405406,0.6216216216216216,0.6216216216216216,0.0
Noah Cadiou,gp GLP,MF,Lorient,fr Ligue 1,26.0,1998.0,28,20,1879,20.9,3,1,4,3,0,0,2,0,19,9,27,13,0,3,24,16,0,47.4,0.16,0.33,1.43,-0.1,-0.02,,,,,,,,,,,,,,,MF,,False,Midfielder,True,True,True,0.14369345396487493,0.04789781798829164,0.19159127195316655,0.14369345396487493,0.0,0.0,0.09579563597658328,0.0,0.9100585417775412,0.4310803618946248,1.2932410856838743,0.6226716338477913,0.0,0.14369345396487493,1.1495476317189994,0.7663650878126662,0.0
Moisés Caicedo,ec ECU,MF,Chelsea,eng Premier League,23.0,2001.0,33,32,2795,31.1,3,1,4,3,0,0,11,1,27,7,54,55,0,8,59,47,0,25.9,0.11,0.43,1.33,0.16,0.02,,,,,,,,,,,,,,,MF,,False,Midfielder,True,True,True,0.09660107334525939,0.032200357781753126,0.1288014311270125,0.09660107334525939,0.0,0.0,0.3542039355992845,0.032200357781753126,0.8694096601073346,0.22540250447227192,1.7388193202146691,1.7710196779964222,0.0,0.257602862254025,1.899821109123435,1.513416815742397,0.0
Arturo Calabresi,it ITA,DF,Pisa,it Serie A,29.0,1996.0,26,17,1514,16.8,0,0,0,0,0,0,8,0,4,1,33,25,1,17,19,13,0,25.0,0.0,0.0,0.62,-0.89,0.52,,,,,,,,,,,,,,,DF,,False,Defender,True,True,True,0.0,0.0,0.0,0.0,0.0,0.0,0.47556142668428003,0.0,0.23778071334214002,0.059445178335535004,1.961690885072655,1.4861294583883753,0.059445178335535004,1.0105680317040953,1.1294583883751652,0.7727873183619551,0.0
Riccardo Calafiori,it ITA,DF,Arsenal,eng Premier League,23.0,2002.0,26,22,1699,18.9,1,2,3,1,0,0,5,0,32,8,26,10,4,21,13,19,0,25.0,0.03,0.13,2.38,1.27,0.23,,,,,,,,,,,,,,,DF,,False,Defender,True,True,True,0.052972336668628606,0.10594467333725721,0.15891701000588582,0.052972336668628606,0.0,0.0,0.26486168334314303,0.0,1.6951147733961154,0.42377869334902885,1.3772807533843436,0.5297233666862861,0.21188934667451442,1.1124190700412007,0.6886403766921718,1.0064743967039433,0.0
Fernando Calero,es ESP,DF,Espanyol,es La Liga,29.0,1995.0,28,24,2148,23.9,0,0,0,0,0,0,5,0,12,1,15,9,0,2,31,18,0,8.3,0.0,0.0,1.29,-0.54,-0.62,,,,,,,,,,,,,,,DF,,False,Defender,True,True,True,0.0,0.0,0.0,0.0,0.0,0.0,0.20949720670391062,0.0,0.5027932960893855,0.04189944134078212,0.6284916201117318,0.3770949720670391,0.0,0.08379888268156424,1.2988826815642458,0.7541899441340782,0.0
Duje Ćaleta-Car,hr CRO,DF,Real Sociedad,es La Liga,28.0,1996.0,27,24,2150,23.9,1,0,1,1,0,0,6,1,13,3,30,8,1,1,29,14,1,23.1,0.08,0.33,1.3,0.08,0.37,,,,,,,,,,,,,,,DF,,False,Defender,True,True,True,0.04186046511627907,0.0,0.04186046511627907,0.04186046511627907,0.0,0.0,0.25116279069767444,0.04186046511627907,0.5441860465116278,0.12558139534883722,1.255813953488372,0.33488372093023255,0.04186046511627907,0.04186046511627907,1.213953488372093,0.586046511627907,0.04186046511627907
Hakan Çalhanoğlu,tr TUR,MF,Inter,it Serie A,31.0,1994.0,22,20,1639,18.2,9,4,13,5,4,5,7,0,50,17,28,11,0,86,19,17,0,34.0,0.1,0.29,2.27,1.48,0.12,,,,,,,,,,,,,,,MF,,False,Midfielder,True,True,True,0.4942037827943868,0.21964612568639413,0.7138499084807809,0.2745576571079927,0.21964612568639413,0.2745576571079927,0.3843807199511898,0.0,2.7455765710799267,0.9334960341671752,1.537522879804759,0.6040268456375839,0.0,4.722391702257474,1.043319097010372,0.9334960341671752,0.0
Dominic Calvert-Lewin,eng ENG,FW,Leeds United,eng Premier League,28.0,1997.0,35,30,2721,30.2,14,1,15,10,4,5,3,0,73,34,45,37,26,9,5,4,0,46.6,0.14,0.29,1.23,0.26,2.2,,,,,,,,,,,,,,,FW,,False,Forward,True,True,True,0.46306504961411243,0.03307607497243661,0.496141124586549,0.33076074972436603,0.13230429988974643,0.16538037486218302,0.09922822491730982,0.0,2.414553472987872,1.1245865490628446,1.4884233737596473,1.2238147739801544,0.8599779492833517,0.29768467475192945,0.16538037486218302,0.13230429988974643,0.0
Dani Calvo,es ESP,DF,Oviedo,es La Liga,31.0,1994.0,20,17,1611,17.9,0,0,0,0,0,0,3,0,3,0,11,6,1,1,10,15,0,0.0,0.0,,0.95,-0.84,0.11,,,,,,,,,,,,,,,DF,,False,Defender,True,True,True,0.0,0.0,0.0,0.0,0.0,0.0,0.16759776536312848,0.0,0.16759776536312848,0.0,0.6145251396648045,0.33519553072625696,0.055865921787709494,0.055865921787709494,0.558659217877095,0.8379888268156425,0.0
Adama Camara,fr FRA,"MF,DF",Paris FC,fr Ligue 1,28.0,1996.0,29,26,2159,24.0,1,0,1,1,0,0,8,0,17,5,26,18,0,14,38,30,0,29.4,0.06,0.2,1.38,-0.29,-0.69,,,,,,,,,,,,,,,MF,DF,True,Midfielder,True,True,True,0.041685965724872626,0.0,0.041685965724872626,0.041685965724872626,0.0,0.0,0.333487725798981,0.0,0.7086614173228346,0.20842982862436313,1.0838351088466882,0.7503473830477072,0.0,0.5836035201482168,1.5840666975451598,1.2505789717461788,0.0
Lamine Camara,sn SEN,MF,Monaco,fr Ligue 1,21.0,2004.0,24,22,1847,20.5,3,4,7,3,0,0,6,0,25,4,28,48,0,101,38,33,0,16.0,0.12,0.75,1.88,0.63,1.15,,,,,,,,,,,,,,,MF,,False,Midfielder,True,True,True,0.1461829994585815,0.19491066594477532,0.3410936654033568,0.1461829994585815,0.0,0.0,0.292365998917163,0.0,1.2181916621548456,0.19491066594477532,1.3643746616134271,2.338927991337304,0.0,4.921494315105576,1.8516513264753653,1.6080129940443963,0.0
Mahdi Camara,fr FRA,MF,Rennes,fr Ligue 1,27.0,1998.0,32,31,2653,29.5,3,1,4,3,0,0,5,1,29,12,39,28,4,28,27,33,0,41.4,0.1,0.25,1.72,0.44,1.33,,,,,,,,,,,,,,,MF,,False,Midfielder,True,True,True,0.10177157934413872,0.03392385978137957,0.1356954391255183,0.10177157934413872,0.0,0.0,0.16961929890689786,0.03392385978137957,0.9837919336600076,0.4070863173765549,1.3230305314738031,0.9498680738786279,0.1356954391255183,0.9498680738786279,0.9159442140972485,1.1194873727855257,0.0
Ousmane Camara,ml MLI,DF,Angers,fr Ligue 1,22.0,2003.0,32,31,2718,30.2,1,0,1,1,0,0,3,0,13,5,22,7,1,3,34,29,0,38.5,0.08,0.2,1.13,-0.33,2.04,,,,,,,,,,,,,,,DF,,False,Defender,True,True,True,0.033112582781456956,0.0,0.033112582781456956,0.033112582781456956,0.0,0.0,0.09933774834437085,0.0,0.43046357615894043,0.16556291390728478,0.728476821192053,0.23178807947019867,0.033112582781456956,0.09933774834437085,1.1258278145695364,0.9602649006622516,0.0
Eduardo Camavinga,fr FRA,MF,Real Madrid,es La Liga,22.0,2002.0,29,16,1528,17.0,1,0,1,1,0,0,2,0,13,2,34,31,2,2,15,37,0,15.4,0.08,0.5,2.24,1.06,-0.08,,,,,,,,,,,,,,,MF,,False,Midfielder,True,True,True,0.05890052356020943,0.0,0.05890052356020943,0.05890052356020943,0.0,0.0,0.11780104712041886,0.0,0.7657068062827226,0.11780104712041886,2.0026178010471205,1.8259162303664922,0.11780104712041886,0.11780104712041886,0.8835078534031413,2.1793193717277486,0.0
Nicolò Cambiaghi,it ITA,"MF,FW",Bologna,it Serie A,24.0,2000.0,28,17,1518,16.9,3,4,7,3,0,0,3,1,24,6,32,71,5,63,9,20,0,25.0,0.13,0.5,1.36,0.06,-0.04,,,,,,,,,,,,,,,MF,FW,True,Midfielder,True,True,True,0.17786561264822134,0.23715415019762848,0.4150197628458498,0.17786561264822134,0.0,0.0,0.17786561264822134,0.05928853754940712,1.4229249011857708,0.3557312252964427,1.8972332015810278,4.209486166007905,0.2964426877470356,3.7351778656126484,0.533596837944664,1.1857707509881423,0.0
Andrea Cambiaso,it ITA,"MF,DF",Juventus,it Serie A,25.0,2000.0,36,35,2769,30.8,3,4,7,3,0,0,3,1,26,13,29,21,2,123,20,39,2,50.0,0.12,0.23,1.75,0.62,-0.49,,,,,,,,,,,,,,,MF,DF,True,Midfielder,True,True,True,0.09750812567713976,0.13001083423618637,0.2275189599133261,0.09750812567713976,0.0,0.0,0.09750812567713976,0.03250270855904659,0.8450704225352113,0.4225352112676056,0.9425785482123511,0.6825568797399784,0.06500541711809318,3.99783315276273,0.6500541711809318,1.267605633802817,0.06500541711809318
Matteo Cancellieri,it ITA,FW,Lazio,it Serie A,23.0,2002.0,30,21,1725,19.2,4,2,6,4,0,0,6,0,41,17,39,67,3,21,24,28,0,41.5,0.1,0.24,1.37,0.1,0.16,,,,,,,,,,,,,,,FW,,False,Forward,True,True,True,0.20869565217391303,0.10434782608695652,0.3130434782608696,0.20869565217391303,0.0,0.0,0.3130434782608696,0.0,2.139130434782609,0.8869565217391304,2.0347826086956524,3.4956521739130437,0.1565217391304348,1.0956521739130434,1.2521739130434784,1.4608695652173913,0.0
João Cancelo,pt POR,DF,Barcelona,es La Liga,31.0,1994.0,16,11,954,10.6,2,2,4,2,0,0,1,0,13,4,11,14,4,31,11,19,0,30.8,0.15,0.5,2.44,1.98,0.59,,,,,,,,,,,,,,,DF,,False,Defender,True,True,False,0.18867924528301888,0.18867924528301888,0.37735849056603776,0.18867924528301888,0.0,0.0,0.09433962264150944,0.0,1.2264150943396226,0.37735849056603776,1.0377358490566038,1.3207547169811322,0.37735849056603776,2.924528301886792,1.0377358490566038,1.7924528301886793,0.0
Simone Canestrelli,it ITA,DF,Pisa,it Serie A,24.0,2000.0,37,36,3201,35.6,1,0,1,1,0,0,4,0,16,3,42,22,1,12,33,25,0,18.8,0.06,0.33,0.49,-1.12,0.93,,,,,,,,,,,,,,,DF,,False,Defender,True,True,True,0.028116213683223992,0.0,0.028116213683223992,0.028116213683223992,0.0,0.0,0.11246485473289597,0.0,0.4498594189315839,0.08434864104967198,1.1808809746954076,0.6185567010309279,0.028116213683223992,0.3373945641986879,0.9278350515463918,0.7029053420805998,0.0
Jaydee Canvot,fr FRA,DF,Crystal Palace,eng Premier League,19.0,2006.0,20,14,1336,14.8,0,0,0,0,0,0,3,0,7,1,12,7,0,5,12,22,0,14.3,0.0,0.0,1.4,-0.67,-0.67,,,,,,,,,,,,,,,DF,,False,Defender,True,True,False,0.0,0.0,0.0,0.0,0.0,0.0,0.20209580838323352,0.0,0.4715568862275449,0.06736526946107785,0.8083832335329341,0.4715568862275449,0.0,0.33682634730538924,0.8083832335329341,1.4820359281437128,0.0
Nicolás Capaldo,ar ARG,"DF,MF",Hamburger SV,de Bundesliga,26.0,1998.0,26,24,2001,22.2,1,3,4,1,0,0,10,0,22,6,31,46,2,21,35,46,0,27.3,0.05,0.17,1.04,-0.31,0.28,,,,,,,,,,,,,,,DF,MF,True,Defender,True,True,True,0.04497751124437781,0.13493253373313344,0.17991004497751123,0.04497751124437781,0.0,0.0,0.44977511244377816,0.0,0.9895052473763118,0.2698650674662669,1.394302848575712,2.0689655172413794,0.08995502248875561,0.9445277361319341,1.5742128935532234,2.0689655172413794,0.0
Maxence Caqueret,fr FRA,MF,Como,it Serie A,25.0,2000.0,30,17,1485,16.5,2,6,8,2,0,0,3,0,18,4,26,23,2,36,14,23,0,22.2,0.11,0.5,1.9,1.27,0.58,,,,,,,,,,,,,,,MF,,False,Midfielder,True,True,True,0.12121212121212122,0.36363636363636365,0.48484848484848486,0.12121212121212122,0.0,0.0,0.18181818181818182,0.0,1.0909090909090908,0.24242424242424243,1.5757575757575757,1.393939393939394,0.12121212121212122,2.1818181818181817,0.8484848484848484,1.393939393939394,0.0
Antonio Caracciolo,it ITA,DF,Pisa,it Serie A,35.0,1990.0,35,34,3073,34.1,2,0,2,2,0,0,10,0,25,6,41,11,2,3,57,44,1,24.0,0.08,0.33,0.49,-1.14,0.41,,,,,,,,,,,,,,,DF,,False,Defender,True,True,True,0.05857468272046859,0.0,0.05857468272046859,0.05857468272046859,0.0,0.0,0.292873413602343,0.0,0.7321835340058575,0.1757240481614058,1.2007809957696063,0.3221607549625773,0.05857468272046859,0.0878620240807029,1.669378457533355,1.2886430198503092,0.029287341360234295
Sergi Cardona,es ESP,DF,Villarreal,es La Liga,26.0,1999.0,31,20,1970,21.9,1,4,5,1,0,0,4,0,18,5,28,23,1,75,37,31,0,27.8,0.06,0.2,1.94,0.37,-0.75,,,,,,,,,,,,,,,DF,,False,Defender,True,True,True,0.045685279187817264,0.18274111675126906,0.22842639593908629,0.045685279187817264,0.0,0.0,0.18274111675126906,0.0,0.8223350253807107,0.22842639593908629,1.2791878172588833,1.0507614213197969,0.045685279187817264,3.426395939086295,1.6903553299492386,1.4162436548223352,0.0
Igor Carioca,br BRA,DF,Lorient,fr Ligue 1,28.0,1996.0,17,13,1213,13.5,1,0,1,1,0,0,1,0,8,1,9,18,1,21,13,19,0,12.5,0.13,1.0,1.53,-0.07,0.02,,,,,,,,,,,,,,,DF,,False,Defender,True,True,False,0.0741962077493817,0.0,0.0741962077493817,0.0741962077493817,0.0,0.0,0.0741962077493817,0.0,0.5935696619950536,0.0741962077493817,0.6677658697444353,1.3355317394888706,0.0741962077493817,1.5581203627370155,0.964550700741962,1.4097279472382522,0.0
Diego Carlos,br BRA,DF,Como,it Serie A,32.0,1993.0,27,21,1949,21.7,1,0,1,1,0,0,8,0,8,2,39,7,2,2,22,18,0,25.0,0.13,0.5,2.0,0.83,-0.27,,,,,,,,,,,,,,,DF,,False,Defender,True,True,True,0.04617752693689071,0.0,0.04617752693689071,0.04617752693689071,0.0,0.0,0.36942021549512566,0.0,0.36942021549512566,0.09235505387378141,1.800923550538738,0.323242688558235,0.09235505387378141,0.09235505387378141,1.0159055926115956,0.8311954848640329,0.0
David Carmo,ao ANG,DF,Oviedo,es La Liga,26.0,1999.0,22,20,1786,19.8,1,0,1,1,0,0,8,1,10,3,20,4,0,2,21,18,0,30.0,0.1,0.33,0.59,-1.06,-0.34,,,,,,,,,,,,,,,DF,,False,Defender,True,True,True,0.05039193729003359,0.0,0.05039193729003359,0.05039193729003359,0.0,0.0,0.40313549832026874,0.05039193729003359,0.503919372900336,0.15117581187010076,1.007838745800672,0.20156774916013437,0.0,0.10078387458006718,1.0582306830907053,0.9070548712206047,0.0
Carmona,es ESP,"DF,MF",Sevilla,es La Liga,23.0,2002.0,35,29,2565,28.5,1,3,4,1,0,0,13,0,20,3,49,44,3,48,45,40,0,15.0,0.05,0.33,1.11,-0.53,-0.63,,,,,,,,,,,,,,,DF,MF,True,Defender,True,True,True,0.03508771929824561,0.10526315789473685,0.14035087719298245,0.03508771929824561,0.0,0.0,0.456140350877193,0.0,0.7017543859649122,0.10526315789473685,1.719298245614035,1.543859649122807,0.10526315789473685,1.6842105263157896,1.5789473684210527,1.4035087719298245,0.0
Sergio Carreira,es ESP,MF,Celta Vigo,es La Liga,24.0,2000.0,34,29,2694,29.9,2,1,3,2,0,0,2,0,16,7,20,36,2,32,27,18,0,43.8,0.13,0.29,1.47,0.07,-0.31,,,,,,,,,,,,,,,MF,,False,Midfielder,True,True,True,0.06681514476614699,0.03340757238307349,0.10022271714922049,0.06681514476614699,0.0,0.0,0.06681514476614699,0.0,0.5345211581291759,0.23385300668151449,0.6681514476614699,1.2026726057906458,0.06681514476614699,1.0690423162583518,0.9020044543429845,0.6013363028953229,0.0
Álvaro Carreras,es ESP,DF,Real Madrid,es La Liga,22.0,2003.0,28,26,2332,25.9,2,3,5,2,0,0,5,1,9,3,22,33,5,30,38,18,0,33.3,0.22,0.67,2.25,1.27,0.53,,,,,,,,,,,,,,,DF,,False,Defender,True,True,True,0.07718696397941681,0.11578044596912522,0.19296740994854203,0.07718696397941681,0.0,0.0,0.19296740994854203,0.038593481989708404,0.34734133790737565,0.11578044596912522,0.8490566037735848,1.2735849056603774,0.19296740994854203,1.1578044596912522,1.4665523156089193,0.6946826758147513,0.0
Dani Carvajal,es ESP,DF,Real Madrid,es La Liga,33.0,1992.0,17,10,977,10.9,0,1,1,0,0,0,0,0,5,1,7,9,0,11,6,12,0,20.0,0.0,0.0,2.35,0.92,-0.26,,,,,,,,,,,,,,,DF,,False,Defender,True,True,False,0.0,0.09211873080859775,0.09211873080859775,0.0,0.0,0.0,0.0,0.0,0.4605936540429888,0.09211873080859775,0.6448311156601843,0.8290685772773797,0.0,1.0133060388945752,0.5527123848515865,1.105424769703173,0.0
Cesare Casadei,it ITA,MF,Torino,it Serie A,22.0,2003.0,33,19,1997,22.2,6,0,6,6,0,0,5,0,35,17,52,16,2,4,9,16,0,48.6,0.17,0.35,1.18,-0.36,0.34,,,,,,,,,,,,,,,MF,,False,Midfielder,True,True,True,0.27040560841261896,0.0,0.27040560841261896,0.27040560841261896,0.0,0.0,0.2253380070105158,0.0,1.5773660490736103,0.7661492238357537,2.343515272909364,0.7210816224336504,0.0901352028042063,0.1802704056084126,0.40560841261892844,0.7210816224336504,0.0
Marc Casado,es ESP,MF,Barcelona,es La Liga,21.0,2003.0,24,10,989,11.0,0,1,1,0,0,0,1,0,11,0,25,20,0,1,7,9,0,0.0,0.0,,2.63,1.37,-0.26,,,,,,,,,,,,,,,MF,,False,Midfielder,True,True,False,0.0,0.0910010111223458,0.0910010111223458,0.0,0.0,0.0,0.0910010111223458,0.0,1.0010111223458038,0.0,2.275025278058645,1.820020222446916,0.0,0.0910010111223458,0.6370070778564206,0.8190091001011123,0.0
Casemiro,br BRA,MF,Manchester Utd,eng Premier League,33.0,1992.0,34,33,2571,28.6,9,2,11,9,0,0,11,1,52,18,46,36,5,19,30,45,0,34.6,0.17,0.5,1.97,0.84,1.37,,,,,,,,,,,,,,,MF,,False,Midfielder,True,True,True,0.31505250875145857,0.07001166861143523,0.38506417736289383,0.31505250875145857,0.0,0.0,0.38506417736289383,0.03500583430571762,1.8203033838973162,0.6301050175029171,1.6102683780630105,1.2602100350058343,0.1750291715285881,0.6651108518086348,1.0501750291715286,1.5752625437572927,0.0
Matty Cash,pl POL,DF,Aston Villa,eng Premier League,27.0,1997.0,35,34,3014,33.5,3,3,6,3,0,0,9,0,30,10,42,30,4,131,24,32,0,33.3,0.1,0.3,1.77,0.39,1.72,,,,,,,,,,,,,,,DF,,False,Defender,True,True,True,0.08958195089581952,0.08958195089581952,0.17916390179163905,0.08958195089581952,0.0,0.0,0.26874585268745854,0.0,0.8958195089581952,0.29860650298606506,1.254147312541473,0.8958195089581952,0.11944260119442601,3.9117451891174517,0.7166556071665562,0.9555408095554081,0.0
Josué Casimir,ht HAI,"MF,FW",Auxerre,fr Ligue 1,23.0,2001.0,31,16,1522,16.9,1,0,1,1,0,1,6,1,22,12,34,32,3,54,11,17,0,54.5,0.05,0.08,0.97,-0.71,-0.83,,,,,,,,,,,,,,,MF,FW,True,Midfielder,True,True,True,0.05913272010512484,0.0,0.05913272010512484,0.05913272010512484,0.0,0.05913272010512484,0.354796320630749,0.05913272010512484,1.3009198423127464,0.709592641261498,2.0105124835742445,1.8922470433639949,0.1773981603153745,3.1931668856767415,0.6504599211563732,1.0052562417871223,0.0
Cristian Cásseres Jr.,ve VEN,MF,Toulouse,fr Ligue 1,25.0,2000.0,31,29,2585,28.7,2,3,5,2,0,1,6,0,26,6,40,43,1,99,37,43,0,23.1,0.08,0.33,1.23,-0.1,-0.86,,,,,,,,,,,,,,,MF,,False,Midfielder,True,True,True,0.06963249516441006,0.10444874274661509,0.17408123791102514,0.06963249516441006,0.0,0.03481624758220503,0.20889748549323017,0.0,0.9052224371373307,0.20889748549323017,1.3926499032882012,1.4970986460348163,0.03481624758220503,3.4468085106382977,1.288201160541586,1.4970986460348163,0.0
Timothy Castagne,be BEL,"DF,MF",Fulham,eng Premier League,29.0,1995.0,30,20,1845,20.5,0,0,0,0,0,0,4,0,14,6,18,11,1,48,28,24,0,42.9,0.0,0.0,1.2,-0.34,-0.51,,,,,,,,,,,,,,,DF,MF,True,Defender,True,True,True,0.0,0.0,0.0,0.0,0.0,0.0,0.1951219512195122,0.0,0.6829268292682927,0.2926829268292683,0.8780487804878049,0.5365853658536586,0.04878048780487805,2.341463414634146,1.3658536585365855,1.170731707317073,0.0
Valentín Castellanos,ar ARG,FW,West Ham United,eng Premier League,26.0,1998.0,18,17,1384,15.4,6,0,6,6,0,0,6,0,50,22,32,16,9,9,6,9,0,44.0,0.12,0.27,1.39,0.33,1.39,,,,,,,,,,,,,,,FW,,False,Forward,True,True,True,0.3901734104046242,0.0,0.3901734104046242,0.3901734104046242,0.0,0.0,0.3901734104046242,0.0,3.2514450867052025,1.4306358381502888,2.0809248554913293,1.0404624277456647,0.5852601156069365,0.5852601156069365,0.3901734104046242,0.5852601156069365,0.0
Castrin,es ESP,DF,Sevilla,es La Liga,22.0,2003.0,19,13,1277,14.2,1,0,1,1,0,0,4,0,11,3,13,13,1,1,22,15,0,27.3,0.09,0.33,1.21,0.28,1.04,,,,,,,,,,,,,,,DF,,False,Defender,True,True,False,0.07047768206734534,0.0,0.07047768206734534,0.07047768206734534,0.0,0.0,0.28191072826938135,0.0,0.7752545027407988,0.21143304620203604,0.9162098668754894,0.9162098668754894,0.07047768206734534,0.07047768206734534,1.5505090054815975,1.0571652310101802,0.0
Jonny Castro,es ESP,DF,Alavés,es La Liga,31.0,1994.0,34,34,2994,33.3,0,0,0,0,0,0,7,0,9,3,37,30,1,23,40,41,0,33.3,0.0,0.0,1.06,-0.39,-0.6,,,,,,,,,,,,,,,DF,,False,Defender,True,True,True,0.0,0.0,0.0,0.0,0.0,0.0,0.21042084168336672,0.0,0.27054108216432865,0.09018036072144288,1.1122244488977955,0.9018036072144289,0.030060120240480964,0.691382765531062,1.2024048096192386,1.2324649298597194,0.0
Santiago Castro,ar ARG,FW,Bologna,it Serie A,20.0,2004.0,35,26,2359,26.2,7,2,9,7,0,0,3,0,63,20,35,50,12,4,1,8,0,31.7,0.11,0.35,1.43,0.0,-0.25,,,,,,,,,,,,,,,FW,,False,Forward,True,True,True,0.26706231454005935,0.07630351844001695,0.3433658329800763,0.26706231454005935,0.0,0.0,0.11445527766002545,0.0,2.403560830860534,0.7630351844001695,1.3353115727002969,1.9075879610004238,0.4578211106401018,0.1526070368800339,0.03815175922000848,0.3052140737600678,0.0
Danilo Cataldi,it ITA,MF,Lazio,it Serie A,30.0,1994.0,27,24,1985,22.1,3,3,6,1,2,2,6,0,26,7,22,12,0,48,21,22,0,26.9,0.04,0.14,1.37,-0.09,-0.28,,,,,,,,,,,,,,,MF,,False,Midfielder,True,True,True,0.13602015113350124,0.13602015113350124,0.2720403022670025,0.04534005037783375,0.0906801007556675,0.0906801007556675,0.2720403022670025,0.0,1.1788413098236776,0.31738035264483627,0.9974811083123425,0.544080604534005,0.0,2.17632241813602,0.9521410579345089,0.9974811083123425,0.0
Catena,es ESP,DF,Osasuna,es La Liga,30.0,1994.0,35,35,3071,34.1,3,2,5,3,0,0,11,1,19,4,46,14,3,1,32,29,0,21.1,0.16,0.75,1.09,-0.23,-0.75,,,,,,,,,,,,,,,DF,,False,Defender,True,True,True,0.08791924454575058,0.05861282969716705,0.14653207424291761,0.08791924454575058,0.0,0.0,0.32237056333441877,0.029306414848583526,0.5568218821230869,0.1172256593943341,1.348095083034842,0.41028980788016933,0.08791924454575058,0.029306414848583526,0.9378052751546728,0.8498860306089222,0.0
Santi Cazorla,es ESP,MF,Oviedo,es La Liga,40.0,1984.0,28,6,940,10.4,0,1,1,0,0,0,2,1,7,1,6,19,0,71,4,10,0,14.3,0.0,0.0,0.68,-1.15,-0.35,,,,,,,,,,,,,,,MF,,False,Midfielder,True,True,False,0.0,0.09574468085106383,0.09574468085106383,0.0,0.0,0.0,0.19148936170212766,0.09574468085106383,0.6702127659574468,0.09574468085106383,0.5744680851063829,1.819148936170213,0.0,6.797872340425532,0.3829787234042553,0.9574468085106382,0.0
Zeki Çelik,tr TUR,"MF,DF",Roma,it Serie A,28.0,1997.0,34,32,2723,30.3,1,2,3,1,0,0,2,1,22,4,35,18,3,75,24,40,0,18.2,0.05,0.25,1.79,0.76,0.11,,,,,,,,,,,,,,,MF,DF,True,Midfielder,True,True,True,0.03305178112376056,0.06610356224752112,0.09915534337128168,0.03305178112376056,0.0,0.0,0.06610356224752112,0.03305178112376056,0.7271391847227323,0.13220712449504224,1.1568123393316196,0.5949320602276901,0.09915534337128168,2.478883584282042,0.7932427469702534,1.3220712449504224,0.0
Julian Chabot,de GER,DF,Stuttgart,de Bundesliga,27.0,1998.0,27,26,2294,25.5,0,0,0,0,0,0,3,0,18,7,35,40,0,1,40,20,1,38.9,0.0,0.0,1.81,0.71,0.24,,,,,,,,,,,,,,,DF,,False,Defender,True,True,True,0.0,0.0,0.0,0.0,0.0,0.0,0.11769834350479512,0.0,0.7061900610287707,0.2746294681778553,1.3731473408892763,1.5693112467306014,0.0,0.03923278116826504,1.5693112467306014,0.7846556233653007,0.03923278116826504
Fares Chaïbi,dz ALG,MF,Eintracht Frankfurt,de Bundesliga,22.0,2002.0,28,21,1792,19.9,2,9,11,2,0,0,2,0,35,9,14,21,5,91,13,21,0,25.7,0.06,0.22,1.36,0.1,0.53,,,,,,,,,,,,,,,MF,,False,Midfielder,True,True,True,0.10044642857142856,0.4520089285714286,0.5524553571428571,0.10044642857142856,0.0,0.0,0.10044642857142856,0.0,1.7578125,0.4520089285714286,0.703125,1.0546875,0.25111607142857145,4.5703125,0.6529017857142857,1.0546875,0.0
Ilyas Chaira,ma MAR,"MF,FW",Oviedo,es La Liga,24.0,2001.0,36,30,2447,27.2,6,2,8,6,0,0,2,1,81,35,53,41,18,74,4,34,0,43.2,0.07,0.17,0.81,-0.63,0.95,,,,,,,,,,,,,,,MF,FW,True,Midfielder,True,True,True,0.2206783816918676,0.07355946056395586,0.29423784225582345,0.2206783816918676,0.0,0.0,0.07355946056395586,0.03677973028197793,2.9791581528402125,1.2872905598692275,1.9493257049448303,1.507968941561095,0.6620351450756028,2.721700040866367,0.14711892112791172,1.2505108295872498,0.0
Trevoh Chalobah,eng ENG,DF,Chelsea,eng Premier League,26.0,1999.0,34,31,2783,30.9,3,0,3,3,0,0,3,1,16,5,20,18,2,5,37,22,0,31.3,0.19,0.6,1.41,0.49,1.76,,,,,,,,,,,,,,,DF,,False,Defender,True,True,True,0.09701760689902982,0.0,0.09701760689902982,0.09701760689902982,0.0,0.0,0.09701760689902982,0.03233920229967661,0.5174272367948257,0.16169601149838303,0.6467840459935321,0.582105641394179,0.06467840459935321,0.16169601149838303,1.1965504850880346,0.7114624505928854,0.0
Brendan Chardonnet,fr FRA,DF,Brest,fr Ligue 1,30.0,1994.0,29,29,2546,28.3,1,3,4,1,0,0,6,0,12,6,28,20,0,7,34,18,0,50.0,0.08,0.17,1.34,-0.14,1.26,,,,,,,,,,,,,,,DF,,False,Defender,True,True,True,0.03534956794972506,0.10604870384917518,0.14139827179890024,0.03534956794972506,0.0,0.0,0.21209740769835037,0.0,0.42419481539670073,0.21209740769835037,0.9897879025923016,0.7069913589945012,0.0,0.2474469756480754,1.2018853102906522,0.6362922230950511,0.0
Pep Chavarría,es ESP,DF,Rayo Vallecano,es La Liga,27.0,1998.0,33,29,2682,29.8,1,2,3,1,0,0,6,1,18,3,33,35,3,95,32,31,0,16.7,0.06,0.33,1.24,-0.1,-0.1,,,,,,,,,,,,,,,DF,,False,Defender,True,True,True,0.03355704697986577,0.06711409395973154,0.10067114093959731,0.03355704697986577,0.0,0.0,0.20134228187919462,0.03355704697986577,0.6040268456375839,0.10067114093959731,1.1073825503355705,1.174496644295302,0.10067114093959731,3.187919463087248,1.0738255033557047,1.0402684563758389,0.0
Walid Cheddira,ma MAR,FW,Lecce,it Serie A,27.0,1998.0,17,11,1000,11.1,3,1,4,3,0,0,2,0,25,10,20,25,10,4,1,3,0,40.0,0.12,0.3,1.24,-0.63,-0.07,,,,,,,,,,,,,,,FW,,False,Forward,True,True,False,0.27,0.09,0.36,0.27,0.0,0.0,0.18,0.0,2.25,0.9,1.8,2.25,0.9,0.36,0.09,0.27,0.0
Chema,es ESP,MF,Stuttgart,de Bundesliga,20.0,2005.0,25,14,1310,14.6,3,0,3,3,0,0,5,0,15,6,20,8,1,0,31,16,0,40.0,0.2,0.5,1.88,0.55,-0.17,,,,,,,,,,,,,,,MF,,False,Midfielder,True,True,False,0.20610687022900764,0.0,0.20610687022900764,0.20610687022900764,0.0,0.0,0.34351145038167935,0.0,1.0305343511450382,0.4122137404580153,1.3740458015267174,0.549618320610687,0.06870229007633588,0.0,2.1297709923664123,1.099236641221374,0.0
Samir Chergui,dz ALG,DF,Paris FC,fr Ligue 1,26.0,1999.0,15,13,1154,12.8,1,0,1,1,0,0,1,0,13,4,14,4,1,6,13,12,0,30.8,0.08,0.25,1.33,-0.16,-0.11,,,,,,,,,,,,,,,DF,,False,Defender,True,True,False,0.0779896013864818,0.0,0.0779896013864818,0.0779896013864818,0.0,0.0,0.0779896013864818,0.0,1.0138648180242635,0.3119584055459272,1.0918544194107451,0.3119584055459272,0.0779896013864818,0.46793760831889086,1.0138648180242635,0.9358752166377817,0.0
Sidiki Cherif,fr FRA,"FW,MF",Angers,fr Ligue 1,18.0,2006.0,19,14,1157,12.9,4,0,4,4,0,0,3,0,28,12,15,16,11,6,6,3,0,42.9,0.14,0.33,1.21,-0.23,0.52,,,,,,,,,,,,,,,FW,MF,True,Forward,True,True,False,0.3111495246326707,0.0,0.3111495246326707,0.3111495246326707,0.0,0.0,0.23336214347450301,0.0,2.178046672428695,0.9334485738980121,1.166810717372515,1.2445980985306828,0.8556611927398443,0.46672428694900603,0.46672428694900603,0.23336214347450301,0.0
Rayan Cherki,fr FRA,MF,Manchester City,eng Premier League,21.0,2003.0,33,19,1786,19.8,4,12,16,4,0,0,1,0,55,13,18,34,1,80,7,16,0,23.6,0.07,0.31,2.06,1.06,-0.1,,,,,,,,,,,,,,,MF,,False,Midfielder,True,True,True,0.20156774916013437,0.604703247480403,0.8062709966405375,0.20156774916013437,0.0,0.0,0.05039193729003359,0.0,2.7715565509518476,0.6550951847704367,0.9070548712206047,1.7133258678611423,0.05039193729003359,4.031354983202688,0.3527435610302352,0.8062709966405375,0.0
Ben Chilwell,eng ENG,"DF,MF",Strasbourg,fr Ligue 1,28.0,1996.0,20,19,1598,17.8,0,2,2,0,0,0,4,0,5,3,14,22,4,30,22,17,0,60.0,0.0,0.0,1.45,0.17,-0.32,,,,,,,,,,,,,,,DF,MF,True,Defender,True,True,True,0.0,0.11264080100125157,0.11264080100125157,0.0,0.0,0.0,0.22528160200250313,0.0,0.2816020025031289,0.16896120150187735,0.7884856070087609,1.2390488110137672,0.22528160200250313,1.6896120150187737,1.2390488110137672,0.9574468085106382,0.0
Joris Chotard,fr FRA,MF,Brest,fr Ligue 1,23.0,2001.0,33,31,2773,30.8,2,1,3,2,0,0,2,0,25,8,28,12,0,51,48,34,0,32.0,0.08,0.25,1.15,-0.26,0.99,,,,,,,,,,,,,,,MF,,False,Midfielder,True,True,True,0.06491164803461955,0.03245582401730977,0.09736747205192933,0.06491164803461955,0.0,0.0,0.06491164803461955,0.0,0.8113956004327444,0.2596465921384782,0.9087630724846737,0.38946988820771733,0.0,1.6552470248827984,1.5578795528308693,1.1034980165885324,0.0
Ryan Christie,sct SCO,MF,Bournemouth,eng Premier League,30.0,1995.0,26,9,993,11.0,2,0,2,2,0,0,3,1,25,8,16,22,1,17,11,20,0,32.0,0.08,0.25,1.77,0.18,0.11,,,,,,,,,,,,,,,MF,,False,Midfielder,True,True,False,0.18126888217522658,0.0,0.18126888217522658,0.18126888217522658,0.0,0.0,0.2719033232628399,0.09063444108761329,2.2658610271903323,0.7250755287009063,1.4501510574018126,1.9939577039274925,0.09063444108761329,1.540785498489426,0.9969788519637462,1.8126888217522659,0.0
Carney Chukwuemeka,at AUT,"MF,FW",Dortmund,de Bundesliga,21.0,2003.0,28,8,919,10.2,2,0,2,2,0,0,2,0,18,2,11,15,0,1,6,15,0,11.1,0.11,1.0,2.32,1.37,0.45,,,,,,,,,,,,,,,MF,FW,True,Midfielder,True,True,False,0.19586507072905332,0.0,0.19586507072905332,0.19586507072905332,0.0,0.0,0.19586507072905332,0.0,1.7627856365614798,0.19586507072905332,1.0772578890097932,1.4689880304679,0.0,0.09793253536452666,0.5875952121871599,1.4689880304679,0.0
Samuel Chukwueze,ng NGA,MF,Fulham,eng Premier League,26.0,1999.0,23,10,1079,12.0,3,4,7,3,0,0,0,0,25,7,5,12,3,43,6,4,0,28.0,0.12,0.43,1.17,-0.25,-0.21,,,,,,,,,,,,,,,MF,,False,Midfielder,True,True,False,0.25023169601482853,0.3336422613531047,0.5838739573679332,0.25023169601482853,0.0,0.0,0.0,0.0,2.0852641334569046,0.5838739573679332,0.4170528266913809,1.0009267840593141,0.25023169601482853,3.586654309545876,0.5004633920296571,0.3336422613531047,0.0
Víctor Chust,es ESP,DF,Elche,es La Liga,25.0,2000.0,31,22,2166,24.1,1,0,1,1,0,0,9,1,9,3,38,10,1,36,20,35,0,33.3,0.11,0.33,1.16,-0.21,0.01,,,,,,,,,,,,,,,DF,,False,Defender,True,True,True,0.04155124653739612,0.0,0.04155124653739612,0.04155124653739612,0.0,0.0,0.37396121883656513,0.04155124653739612,0.37396121883656513,0.12465373961218837,1.5789473684210527,0.41551246537396125,0.04155124653739612,1.4958448753462605,0.8310249307479225,1.4542936288088641,0.0
Alessandro Circati,au AUS,DF,Parma,it Serie A,21.0,2003.0,31,31,2664,29.6,1,0,1,1,0,0,6,0,8,1,30,18,0,5,27,25,0,12.5,0.13,1.0,1.1,-0.44,0.16,,,,,,,,,,,,,,,DF,,False,Defender,True,True,True,0.033783783783783786,0.0,0.033783783783783786,0.033783783783783786,0.0,0.0,0.20270270270270271,0.0,0.2702702702702703,0.033783783783783786,1.0135135135135134,0.6081081081081081,0.0,0.16891891891891891,0.9121621621621622,0.8445945945945946,0.0
Pathé Ciss,sn SEN,"MF,DF",Rayo Vallecano,es La Liga,31.0,1994.0,29,20,1998,22.2,2,1,3,2,0,0,9,2,20,8,30,13,2,1,35,35,0,40.0,0.1,0.25,1.31,0.05,0.3,,,,,,,,,,,,,,,MF,DF,True,Midfielder,True,True,True,0.09009009009009009,0.04504504504504504,0.13513513513513514,0.09009009009009009,0.0,0.0,0.40540540540540543,0.09009009009009009,0.9009009009009009,0.36036036036036034,1.3513513513513513,0.5855855855855856,0.09009009009009009,0.04504504504504504,1.5765765765765767,1.5765765765765767,0.0
Djaoui Cissé,fr FRA,MF,Rennes,fr Ligue 1,21.0,2004.0,24,12,981,10.9,0,0,0,0,0,0,3,0,24,6,18,10,0,27,5,22,0,25.0,0.0,0.0,1.75,0.37,0.15,,,,,,,,,,,,,,,MF,,False,Midfielder,True,True,False,0.0,0.0,0.0,0.0,0.0,0.0,0.27522935779816515,0.0,2.2018348623853212,0.5504587155963303,1.651376146788991,0.9174311926605505,0.0,2.4770642201834865,0.45871559633027525,2.018348623853211,0.0
Alexis Claude-Maurice,fr FRA,"MF,FW",Augsburg,de Bundesliga,27.0,1998.0,29,25,2097,23.3,5,4,9,4,1,2,3,0,71,26,23,42,1,65,8,26,0,36.6,0.06,0.15,1.28,-0.6,-0.41,,,,,,,,,,,,,,,MF,FW,True,Midfielder,True,True,True,0.21459227467811157,0.17167381974248927,0.38626609442060084,0.17167381974248927,0.04291845493562232,0.08583690987124463,0.12875536480686695,0.0,3.047210300429185,1.1158798283261802,0.9871244635193133,1.8025751072961373,0.04291845493562232,2.7896995708154506,0.34334763948497854,1.1158798283261802,0.0
Jonathan Clauss,fr FRA,"MF,DF",Nice,fr Ligue 1,32.0,1992.0,30,28,2530,28.1,1,6,7,1,0,0,0,0,23,6,22,17,1,223,47,38,0,26.1,0.04,0.17,0.83,-0.92,-1.43,,,,,,,,,,,,,,,MF,DF,True,Midfielder,True,True,True,0.03557312252964427,0.21343873517786563,0.2490118577075099,0.03557312252964427,0.0,0.0,0.0,0.0,0.8181818181818181,0.21343873517786563,0.782608695652174,0.6047430830039526,0.03557312252964427,7.932806324110673,1.6719367588932808,1.3517786561264822,0.0
Saúl Coco,gq EQG,DF,Torino,it Serie A,26.0,1999.0,35,35,3088,34.3,1,1,2,1,0,0,3,0,15,4,46,34,0,5,41,34,0,26.7,0.07,0.25,1.2,-0.47,0.35,,,,,,,,,,,,,,,DF,,False,Defender,True,True,True,0.029145077720207253,0.029145077720207253,0.05829015544041451,0.029145077720207253,0.0,0.0,0.08743523316062177,0.0,0.4371761658031088,0.11658031088082901,1.3406735751295336,0.9909326424870466,0.0,0.14572538860103626,1.1949481865284974,0.9909326424870466,0.0
Maxime Colin,fr FRA,DF,Metz,fr Ligue 1,33.0,1991.0,22,18,1692,18.8,0,0,0,0,0,0,1,0,7,2,10,7,0,12,24,30,0,28.6,0.0,0.0,0.59,-0.9,0.87,,,,,,,,,,,,,,,DF,,False,Defender,True,True,True,0.0,0.0,0.0,0.0,0.0,0.0,0.05319148936170213,0.0,0.3723404255319149,0.10638297872340426,0.5319148936170213,0.3723404255319149,0.0,0.6382978723404256,1.2765957446808511,1.595744680851064,0.0
Nathan Collins,ie IRL,DF,Brentford,eng Premier League,24.0,2001.0,35,32,2975,33.1,1,2,3,1,0,0,7,0,20,6,20,17,2,1,36,13,1,30.0,0.05,0.17,1.31,0.06,-0.14,,,,,,,,,,,,,,,DF,,False,Defender,True,True,True,0.030252100840336135,0.06050420168067227,0.0907563025210084,0.030252100840336135,0.0,0.0,0.2117647058823529,0.0,0.6050420168067228,0.1815126050420168,0.6050420168067228,0.5142857142857142,0.06050420168067227,0.030252100840336135,1.0890756302521007,0.39327731092436974,0.030252100840336135
Nnamdi Collins,de GER,DF,Eintracht Frankfurt,de Bundesliga,21.0,2004.0,23,16,1500,16.7,1,2,3,1,0,0,4,0,4,1,22,19,0,4,24,38,0,25.0,0.25,1.0,1.57,0.36,0.94,,,,,,,,,,,,,,,DF,,False,Defender,True,True,True,0.06,0.12,0.18,0.06,0.0,0.0,0.24,0.0,0.24,0.06,1.32,1.14,0.0,0.24,1.44,2.28,0.0
Santiago Colombatto,ar ARG,MF,Oviedo,es La Liga,28.0,1997.0,32,23,2064,22.9,0,1,1,0,0,0,6,0,15,2,44,41,1,67,14,22,0,13.3,0.0,0.0,0.75,-0.96,-0.16,,,,,,,,,,,,,,,MF,,False,Midfielder,True,True,True,0.0,0.0436046511627907,0.0436046511627907,0.0,0.0,0.0,0.2616279069767442,0.0,0.6540697674418604,0.0872093023255814,1.9186046511627908,1.7877906976744187,0.0436046511627907,2.921511627906977,0.6104651162790697,0.9593023255813954,0.0
Lorenzo Colombo,it ITA,FW,Genoa,it Serie A,23.0,2002.0,38,30,2326,25.8,7,1,8,6,1,2,2,0,66,27,41,55,3,16,1,12,0,40.9,0.09,0.22,1.08,-0.19,0.22,,,,,,,,,,,,,,,FW,,False,Forward,True,True,True,0.27085124677558037,0.03869303525365434,0.30954428202923473,0.23215821152192606,0.03869303525365434,0.07738607050730868,0.07738607050730868,0.0,2.5537403267411865,1.0447119518486674,1.5864144453998281,2.128116938950989,0.11607910576096303,0.6190885640584695,0.03869303525365434,0.4643164230438521,0.0
Eray Cömert,ch SUI,DF,Valencia,es La Liga,27.0,1998.0,17,15,1337,14.9,2,1,3,2,0,0,3,1,11,3,9,13,1,1,21,14,0,27.3,0.18,0.67,1.35,-0.07,0.28,,,,,,,,,,,,,,,DF,,False,Defender,True,True,False,0.13462976813762154,0.06731488406881077,0.20194465220643232,0.13462976813762154,0.0,0.0,0.20194465220643232,0.06731488406881077,0.7404637247569185,0.20194465220643232,0.605833956619297,0.87509349289454,0.06731488406881077,0.06731488406881077,1.413612565445026,0.9424083769633509,0.0
Santi Comesaña,es ESP,MF,Villarreal,es La Liga,28.0,1996.0,34,28,2407,26.7,3,6,9,3,0,0,5,1,27,7,43,28,1,12,31,25,0,25.9,0.11,0.43,1.91,0.97,0.97,,,,,,,,,,,,,,,MF,,False,Midfielder,True,True,True,0.11217282924802659,0.22434565849605317,0.3365184877440798,0.11217282924802659,0.0,0.0,0.18695471541337763,0.03739094308267553,1.0095554632322392,0.2617366015787287,1.607810552555048,1.0469464063149148,0.03739094308267553,0.44869131699210635,1.1591192355629414,0.9347735770668882,0.0
Pietro Comuzzo,it ITA,DF,Fiorentina,it Serie A,20.0,2005.0,27,18,1696,18.8,1,0,1,1,0,0,2,0,10,2,24,4,0,1,24,16,1,20.0,0.1,0.5,1.0,-0.37,-0.27,,,,,,,,,,,,,,,DF,,False,Defender,True,True,True,0.05306603773584905,0.0,0.05306603773584905,0.05306603773584905,0.0,0.0,0.1061320754716981,0.0,0.5306603773584906,0.1061320754716981,1.2735849056603774,0.2122641509433962,0.0,0.05306603773584905,1.2735849056603774,0.8490566037735848,0.05306603773584905
Francisco Conceição,pt POR,"MF,FW",Juventus,it Serie A,22.0,2002.0,31,27,2078,23.1,3,5,8,3,0,0,3,0,73,23,32,40,3,92,7,26,0,31.5,0.04,0.13,1.68,0.52,-0.49,,,,,,,,,,,,,,,MF,FW,True,Midfielder,True,True,True,0.12993262752646775,0.21655437921077958,0.34648700673724736,0.12993262752646775,0.0,0.0,0.12993262752646775,0.0,3.1616939364773824,0.996150144369586,1.3859480269489894,1.7324350336862366,0.12993262752646775,3.984600577478344,0.30317613089509143,1.1260827718960538,0.0
Copete,es ESP,DF,Valencia,es La Liga,25.0,1999.0,21,19,1759,19.5,0,0,0,0,0,0,5,0,13,0,20,11,2,4,25,15,1,0.0,0.0,,0.9,-0.77,-1.09,,,,,,,,,,,,,,,DF,,False,Defender,True,True,True,0.0,0.0,0.0,0.0,0.0,0.0,0.2558271745309835,0.0,0.6651506537805572,0.0,1.023308698123934,0.5628197839681638,0.1023308698123934,0.2046617396247868,1.2791358726549176,0.7674815235929505,0.0511654349061967
Diego Coppola,it ITA,DF,Paris FC,fr Ligue 1,21.0,2003.0,13,13,1170,13.0,0,2,2,0,0,0,1,0,5,3,6,3,0,0,7,9,0,60.0,0.0,0.0,1.69,0.38,0.77,,,,,,,,,,,,,,,DF,,False,Defender,True,True,False,0.0,0.15384615384615385,0.15384615384615385,0.0,0.0,0.0,0.07692307692307693,0.0,0.38461538461538464,0.23076923076923078,0.46153846153846156,0.23076923076923078,0.0,0.0,0.5384615384615385,0.6923076923076923,0.0
Félix Correia,pt POR,MF,Lille,fr Ligue 1,24.0,2001.0,34,26,2053,22.8,4,5,9,4,0,0,2,0,37,8,14,28,3,84,21,13,0,21.6,0.11,0.5,1.79,0.61,0.52,,,,,,,,,,,,,,,MF,,False,Midfielder,True,True,True,0.17535314174378958,0.21919142717973697,0.3945445689235266,0.17535314174378958,0.0,0.0,0.08767657087189479,0.0,1.6220165611300534,0.35070628348757915,0.6137359961032635,1.227471992206527,0.13151485630784218,3.6824159766195814,0.9206039941548954,0.5698977106673161,0.0
Thierry Correia,pt POR,"DF,MF",Valencia,es La Liga,26.0,1999.0,24,17,1392,15.5,0,2,2,0,0,0,5,0,5,1,28,25,4,42,18,22,0,20.0,0.0,0.0,0.96,-0.71,-0.8,,,,,,,,,,,,,,,DF,MF,True,Defender,True,True,True,0.0,0.12931034482758622,0.12931034482758622,0.0,0.0,0.0,0.3232758620689655,0.0,0.3232758620689655,0.06465517241379311,1.8103448275862069,1.6163793103448274,0.25862068965517243,2.7155172413793105,1.1637931034482758,1.4224137931034484,0.0
Danny da Costa,de GER,"DF,MF",Mainz 05,de Bundesliga,32.0,1993.0,34,30,2695,29.9,2,3,5,2,0,0,3,0,14,5,22,24,1,48,29,27,1,35.7,0.14,0.4,1.18,-0.5,-1.98,,,,,,,,,,,,,,,DF,MF,True,Defender,True,True,True,0.06679035250463822,0.10018552875695734,0.16697588126159554,0.06679035250463822,0.0,0.0,0.10018552875695734,0.0,0.4675324675324675,0.16697588126159554,0.7346938775510204,0.8014842300556587,0.03339517625231911,1.6029684601113174,0.9684601113172542,0.901669758812616,0.03339517625231911
Samu Costa,pt POR,MF,Mallorca,es La Liga,24.0,2000.0,34,31,2697,30.0,7,2,9,7,0,0,11,0,39,16,64,68,6,30,26,37,0,41.0,0.18,0.44,1.12,-0.33,-0.33,,,,,,,,,,,,,,,MF,,False,Midfielder,True,True,True,0.2335928809788654,0.06674082313681869,0.3003337041156841,0.2335928809788654,0.0,0.0,0.3670745272525027,0.0,1.3014460511679644,0.5339265850945495,2.135706340378198,2.2691879866518354,0.20022246941045607,1.0011123470522802,0.867630700778643,1.2347052280311457,0.0
David Costas,es ESP,DF,Oviedo,es La Liga,30.0,1995.0,25,22,2066,23.0,1,0,1,1,0,0,3,0,5,1,16,10,3,1,27,22,0,20.0,0.2,1.0,0.92,-0.96,-0.16,,,,,,,,,,,,,,,DF,,False,Defender,True,True,True,0.04356243949661181,0.0,0.04356243949661181,0.04356243949661181,0.0,0.0,0.13068731848983545,0.0,0.21781219748305905,0.04356243949661181,0.6969990319457889,0.4356243949661181,0.13068731848983545,0.04356243949661181,1.176185866408519,0.9583736689254598,0.0
Vladimír Coufal,cz CZE,"DF,MF",Hoffenheim,de Bundesliga,32.0,1992.0,34,34,3012,33.5,1,8,9,1,0,0,4,0,26,6,32,42,1,209,39,35,0,23.1,0.04,0.17,1.79,0.42,2.29,,,,,,,,,,,,,,,DF,MF,True,Defender,True,True,True,0.0298804780876494,0.2390438247011952,0.2689243027888446,0.0298804780876494,0.0,0.0,0.1195219123505976,0.0,0.7768924302788844,0.17928286852589642,0.9561752988047808,1.254980079681275,0.0298804780876494,6.245019920318724,1.1653386454183268,1.045816733067729,0.0
Abdoul Coulibaly,de GER,DF,Werder Bremen,de Bundesliga,18.0,2007.0,27,24,2120,23.6,1,0,1,1,0,0,5,1,6,1,18,9,1,13,24,14,1,16.7,0.17,1.0,0.93,-0.81,-0.42,,,,,,,,,,,,,,,DF,,False,Defender,True,True,True,0.04245283018867924,0.0,0.04245283018867924,0.04245283018867924,0.0,0.0,0.2122641509433962,0.04245283018867924,0.25471698113207547,0.04245283018867924,0.7641509433962264,0.3820754716981132,0.04245283018867924,0.5518867924528302,1.0188679245283019,0.5943396226415094,0.04245283018867924
Lassana Coulibaly,ml MLI,MF,Lecce,it Serie A,29.0,1996.0,33,31,2689,29.9,3,1,4,3,0,0,4,0,28,8,34,52,1,18,9,28,0,28.6,0.11,0.38,1.12,-0.37,0.99,,,,,,,,,,,,,,,MF,,False,Midfielder,True,True,True,0.10040907400520639,0.033469691335068795,0.13387876534027518,0.10040907400520639,0.0,0.0,0.13387876534027518,0.0,0.9371513573819263,0.26775753068055036,1.137969505392339,1.7404239494235776,0.033469691335068795,0.6024544440312384,0.3012272220156192,0.9371513573819263,0.0
Mamadou Coulibaly,fr FRA,MF,Monaco,fr Ligue 1,21.0,2004.0,25,15,1381,15.3,3,3,6,3,0,0,7,1,13,5,31,16,3,15,21,21,0,38.5,0.23,0.6,1.6,-0.2,-0.68,,,,,,,,,,,,,,,MF,,False,Midfielder,True,True,True,0.19551049963794354,0.19551049963794354,0.39102099927588707,0.19551049963794354,0.0,0.0,0.4561911658218682,0.06517016654598116,0.8472121650977553,0.32585083272990584,2.0202751629254165,1.0427226647356986,0.19551049963794354,0.9775524981897177,1.3685734974656047,1.3685734974656047,0.0
Soumaïla Coulibaly,fr FRA,DF,Brest,fr Ligue 1,21.0,2003.0,16,15,1338,14.9,0,0,0,0,0,0,3,0,6,2,26,20,1,1,13,12,1,33.3,0.0,0.0,0.88,-0.74,-0.69,,,,,,,,,,,,,,,DF,,False,Defender,True,True,False,0.0,0.0,0.0,0.0,0.0,0.0,0.20179372197309417,0.0,0.40358744394618834,0.13452914798206278,1.748878923766816,1.3452914798206277,0.06726457399103139,0.06726457399103139,0.874439461883408,0.8071748878923767,0.06726457399103139
Woyo Coulibaly,ml MLI,DF,Sassuolo,it Serie A,26.0,1999.0,20,9,1054,11.7,0,0,0,0,0,0,2,0,6,1,15,12,0,10,10,14,0,16.7,0.0,0.0,1.55,0.17,0.4,,,,,,,,,,,,,,,DF,,False,Defender,True,True,False,0.0,0.0,0.0,0.0,0.0,0.0,0.17077798861480076,0.0,0.5123339658444023,0.08538899430740038,1.2808349146110056,1.0246679316888045,0.0,0.8538899430740038,0.8538899430740038,1.1954459203036054,0.0
Yan Couto,br BRA,MF,Dortmund,de Bundesliga,23.0,2002.0,19,11,997,11.1,2,2,4,2,0,0,4,0,9,4,17,13,2,54,9,15,0,44.4,0.22,0.5,2.26,0.99,-0.1,,,,,,,,,,,,,,,MF,,False,Midfielder,True,True,False,0.18054162487462388,0.18054162487462388,0.36108324974924777,0.18054162487462388,0.0,0.0,0.36108324974924777,0.0,0.8124373119358075,0.36108324974924777,1.5346038114343028,1.1735205616850553,0.18054162487462388,4.874623871614844,0.8124373119358075,1.354062186559679,0.0
Nicolas Cozza,fr FRA,DF,Nantes,fr Ligue 1,26.0,1999.0,30,26,2391,26.6,0,1,1,0,0,0,2,0,11,3,24,32,0,22,22,27,0,27.3,0.0,0.0,0.7,-0.64,0.17,,,,,,,,,,,,,,,DF,,False,Defender,True,True,True,0.0,0.037641154328732745,0.037641154328732745,0.0,0.0,0.0,0.07528230865746549,0.0,0.41405269761606023,0.11292346298619824,0.9033877038895859,1.2045169385194479,0.0,0.8281053952321205,0.8281053952321205,1.0163111668757843,0.0
Charlie Cresswell,eng ENG,DF,Toulouse,fr Ligue 1,22.0,2002.0,29,28,2533,28.1,3,2,5,3,0,0,8,0,38,12,31,15,4,2,30,14,0,31.6,0.08,0.25,1.31,0.21,1.07,,,,,,,,,,,,,,,DF,,False,Defender,True,True,True,0.10659297275957363,0.07106198183971575,0.17765495459928937,0.10659297275957363,0.0,0.0,0.284247927358863,0.0,1.3501776549545994,0.42637189103829454,1.1014607185155942,0.5329648637978681,0.1421239636794315,0.07106198183971575,1.0659297275957362,0.4974338728780102,0.0
Bryan Cristante,it ITA,MF,Roma,it Serie A,30.0,1995.0,37,36,3094,34.4,2,1,3,2,0,0,6,0,44,8,63,9,0,19,28,43,0,18.2,0.05,0.25,1.89,0.84,1.12,,,,,,,,,,,,,,,MF,,False,Midfielder,True,True,True,0.058177117000646414,0.029088558500323207,0.08726567550096961,0.058177117000646414,0.0,0.0,0.17453135100193923,0.0,1.279896574014221,0.23270846800258566,1.8325791855203621,0.26179702650290887,0.0,0.552682611506141,0.8144796380090499,1.2508080155138979,0.0
Pau Cubarsí,es ESP,DF,Barcelona,es La Liga,18.0,2007.0,31,31,2703,30.0,1,0,1,1,0,0,3,0,10,2,25,9,0,0,30,28,0,20.0,0.1,0.5,2.52,1.56,0.06,,,,,,,,,,,,,,,DF,,False,Defender,True,True,True,0.033296337402885685,0.0,0.033296337402885685,0.033296337402885685,0.0,0.0,0.09988901220865705,0.0,0.33296337402885684,0.06659267480577137,0.8324084350721421,0.2996670366259711,0.0,0.0,0.9988901220865705,0.932297447280799,0.0
Cucho,co COL,FW,Real Betis,es La Liga,26.0,1999.0,32,30,2580,28.7,11,3,14,10,1,1,5,0,89,27,22,38,17,23,11,16,0,30.3,0.11,0.37,1.5,0.35,0.24,,,,,,,,,,,,,,,FW,,False,Forward,True,True,True,0.38372093023255816,0.10465116279069767,0.4883720930232558,0.3488372093023256,0.03488372093023256,0.03488372093023256,0.1744186046511628,0.0,3.104651162790698,0.9418604651162791,0.7674418604651163,1.3255813953488371,0.5930232558139534,0.8023255813953488,0.38372093023255816,0.5581395348837209,0.0
Marc Cucurella,es ESP,DF,Chelsea,eng Premier League,27.0,1998.0,34,31,2707,30.1,1,4,5,1,0,0,8,1,20,6,45,29,5,41,28,40,0,30.0,0.05,0.17,1.44,0.3,0.68,,,,,,,,,,,,,,,DF,,False,Defender,True,True,True,0.03324713705208718,0.1329885482083487,0.16623568526043592,0.03324713705208718,0.0,0.0,0.2659770964166974,0.03324713705208718,0.6649427410417437,0.1994828223125231,1.4961211673439234,0.9641669745105282,0.16623568526043592,1.3631326191355744,0.930919837458441,1.3298854820834873,0.0
Jorge Cuenca,es ESP,DF,Fulham,eng Premier League,25.0,1999.0,15,11,938,10.4,0,0,0,0,0,0,6,0,1,0,10,1,1,2,15,10,0,0.0,0.0,,1.8,-0.19,-0.12,,,,,,,,,,,,,,,DF,,False,Defender,True,True,False,0.0,0.0,0.0,0.0,0.0,0.0,0.5756929637526652,0.0,0.09594882729211088,0.0,0.9594882729211087,0.09594882729211088,0.09594882729211088,0.19189765458422176,1.439232409381663,0.9594882729211087,0.0
Josh Cullen,ie IRL,MF,Burnley,eng Premier League,29.0,1996.0,18,18,1514,16.8,2,2,4,2,0,0,2,0,11,6,16,18,0,12,24,19,1,54.5,0.18,0.33,0.67,-0.65,0.57,,,,,,,,,,,,,,,MF,,False,Midfielder,True,True,True,0.11889035667107001,0.11889035667107001,0.23778071334214002,0.11889035667107001,0.0,0.0,0.11889035667107001,0.0,0.6538969616908851,0.35667107001321,0.9511228533685601,1.07001321003963,0.0,0.71334214002642,1.42668428005284,1.1294583883751652,0.059445178335535004
Matheus Cunha,br BRA,"MF,FW",Manchester Utd,eng Premier League,26.0,1999.0,33,29,2494,27.7,10,2,12,10,0,0,4,0,90,35,28,54,2,49,21,23,0,38.9,0.11,0.29,1.88,0.47,-0.11,,,,,,,,,,,,,,,MF,FW,True,Midfielder,True,True,True,0.36086607858861264,0.07217321571772253,0.4330392943063352,0.36086607858861264,0.0,0.0,0.14434643143544507,0.0,3.247794707297514,1.2630312750601442,1.0104250200481155,1.9486768243785084,0.07217321571772253,1.768243785084202,0.7578187650360866,0.8299919807538091,0.0
Lucas Da Cunha,fr FRA,MF,Como,it Serie A,24.0,2001.0,36,31,2739,30.4,6,4,10,2,4,4,4,0,42,16,34,19,1,99,18,33,0,38.1,0.05,0.13,1.86,0.92,-0.14,,,,,,,,,,,,,,,MF,,False,Midfielder,True,True,True,0.19715224534501644,0.13143483023001096,0.3285870755750274,0.06571741511500548,0.13143483023001096,0.13143483023001096,0.13143483023001096,0.0,1.380065717415115,0.5257393209200438,1.117196056955093,0.6243154435925521,0.03285870755750274,3.253012048192771,0.5914567360350492,1.0843373493975905,0.0
Adam Daghim,dk DEN,"MF,FW",Wolfsburg,de Bundesliga,19.0,2005.0,27,12,1364,15.2,2,3,5,2,0,0,3,0,27,9,18,23,4,20,11,20,0,33.3,0.07,0.22,0.67,-0.99,-0.51,,,,,,,,,,,,,,,MF,FW,True,Midfielder,True,True,True,0.13196480938416422,0.19794721407624635,0.3299120234604106,0.13196480938416422,0.0,0.0,0.19794721407624635,0.0,1.781524926686217,0.593841642228739,1.187683284457478,1.5175953079178885,0.26392961876832843,1.3196480938416424,0.7258064516129032,1.3196480938416424,0.0
Diogo Dalot,pt POR,"DF,MF",Manchester Utd,eng Premier League,26.0,1999.0,34,29,2614,29.0,1,3,4,1,0,0,5,0,24,6,25,14,4,57,26,30,0,25.0,0.04,0.17,1.88,0.62,0.51,,,,,,,,,,,,,,,DF,MF,True,Defender,True,True,True,0.03442999234889059,0.10328997704667177,0.13771996939556236,0.03442999234889059,0.0,0.0,0.17214996174445296,0.0,0.8263198163733741,0.20657995409334354,0.8607498087222647,0.4820198928844682,0.13771996939556236,1.9625095638867636,0.8951798010711552,1.0328997704667178,0.0
Mikkel Damsgaard,dk DEN,MF,Brentford,eng Premier League,25.0,2000.0,33,24,2054,22.8,4,4,8,4,0,0,0,0,29,11,18,23,4,95,24,34,0,37.9,0.14,0.36,1.42,0.22,0.35,,,,,,,,,,,,,,,MF,,False,Midfielder,True,True,True,0.17526777020447906,0.17526777020447906,0.3505355404089581,0.17526777020447906,0.0,0.0,0.0,0.0,1.2706913339824732,0.48198636806231737,0.7887049659201558,1.0077896786757548,0.17526777020447906,4.162609542356377,1.0516066212268744,1.489776046738072,0.0
Arnaut Danjuma,nl NED,"MF,FW",Valencia,es La Liga,28.0,1997.0,30,18,1628,18.1,3,2,5,3,0,1,0,0,36,14,21,22,5,49,2,10,0,38.9,0.08,0.21,1.0,-0.5,-0.5,,,,,,,,,,,,,,,MF,FW,True,Midfielder,True,True,True,0.16584766584766586,0.11056511056511056,0.2764127764127764,0.16584766584766586,0.0,0.05528255528255528,0.0,0.0,1.99017199017199,0.773955773955774,1.160933660933661,1.2162162162162162,0.2764127764127764,2.708845208845209,0.11056511056511056,0.5528255528255528,0.0
Kévin Danois,fr FRA,MF,Auxerre,fr Ligue 1,21.0,2004.0,33,32,2830,31.4,3,1,4,3,0,0,3,0,25,8,33,26,3,130,38,48,0,32.0,0.12,0.38,1.03,-0.19,1.37,,,,,,,,,,,,,,,MF,,False,Midfielder,True,True,True,0.09540636042402825,0.03180212014134275,0.127208480565371,0.09540636042402825,0.0,0.0,0.09540636042402825,0.0,0.7950530035335689,0.254416961130742,1.049469964664311,0.8268551236749117,0.09540636042402825,4.134275618374558,1.2084805653710247,1.526501766784452,0.0
Kevin Danso,at AUT,DF,Tottenham Hotspur,eng Premier League,26.0,1998.0,24,17,1494,16.6,0,0,0,0,0,0,8,0,11,2,21,13,0,7,25,13,0,18.2,0.0,0.0,1.38,-0.36,-0.22,,,,,,,,,,,,,,,DF,,False,Defender,True,True,True,0.0,0.0,0.0,0.0,0.0,0.0,0.4819277108433735,0.0,0.6626506024096385,0.12048192771084337,1.2650602409638554,0.783132530120482,0.0,0.42168674698795183,1.5060240963855422,0.783132530120482,0.0
Sergi Darder,es ESP,MF,Mallorca,es La Liga,31.0,1993.0,38,30,2680,29.8,1,5,6,1,0,0,3,0,36,13,21,29,2,165,23,13,0,36.1,0.03,0.08,1.11,-0.2,0.28,,,,,,,,,,,,,,,MF,,False,Midfielder,True,True,True,0.033582089552238806,0.16791044776119401,0.20149253731343283,0.033582089552238806,0.0,0.0,0.10074626865671642,0.0,1.208955223880597,0.43656716417910446,0.7052238805970149,0.9738805970149255,0.06716417910447761,5.541044776119403,0.7723880597014926,0.43656716417910446,0.0
Jonathan David,ca CAN,FW,Juventus,it Serie A,25.0,2000.0,35,20,1781,19.8,6,4,10,6,0,1,0,0,41,16,30,26,11,8,6,10,0,39.0,0.15,0.38,1.91,0.91,0.42,,,,,,,,,,,,,,,FW,,False,Forward,True,True,True,0.30320044918585065,0.20213363279056712,0.5053340819764177,0.30320044918585065,0.0,0.05053340819764178,0.0,0.0,2.071869736103313,0.8085345311622685,1.516002245929253,1.313868613138686,0.5558674901740596,0.40426726558113424,0.30320044918585065,0.5053340819764177,0.0
Keinan Davis,eng ENG,FW,Udinese,it Serie A,27.0,1998.0,30,27,2065,22.9,10,4,14,6,4,4,5,0,50,25,41,47,10,5,1,5,0,50.0,0.12,0.24,1.4,0.13,0.53,,,,,,,,,,,,,,,FW,,False,Forward,True,True,True,0.4358353510895884,0.17433414043583534,0.6101694915254237,0.261501210653753,0.17433414043583534,0.17433414043583534,0.2179176755447942,0.0,2.179176755447942,1.089588377723971,1.7869249394673123,2.0484261501210654,0.4358353510895884,0.2179176755447942,0.043583535108958835,0.2179176755447942,0.0
Kevin De Bruyne,be BEL,MF,Napoli,it Serie A,34.0,1991.0,18,13,1165,12.9,5,2,7,2,3,3,1,0,27,11,8,6,4,58,5,8,0,40.7,0.07,0.18,2.28,1.08,0.76,,,,,,,,,,,,,,,MF,,False,Midfielder,True,True,False,0.38626609442060084,0.15450643776824033,0.5407725321888412,0.15450643776824033,0.23175965665236054,0.23175965665236054,0.07725321888412016,0.0,2.0858369098712446,0.8497854077253219,0.6180257510729613,0.46351931330472107,0.30901287553648066,4.48068669527897,0.38626609442060084,0.6180257510729613,0.0
Maxim De Cuyper,be BEL,"DF,MF",Brighton,eng Premier League,24.0,2000.0,30,17,1415,15.7,2,3,5,2,0,0,2,0,13,6,18,21,1,77,11,10,0,46.2,0.15,0.33,1.4,-0.13,-0.49,,,,,,,,,,,,,,,DF,MF,True,Defender,True,True,True,0.127208480565371,0.1908127208480565,0.31802120141342755,0.127208480565371,0.0,0.0,0.127208480565371,0.0,0.8268551236749117,0.381625441696113,1.1448763250883394,1.3356890459363957,0.0636042402826855,4.897526501766785,0.6996466431095407,0.6360424028268551,0.0
Charles De Ketelaere,be BEL,"MF,FW",Atalanta,it Serie A,24.0,2001.0,31,26,2177,24.2,3,5,8,3,0,0,4,0,46,16,23,36,3,46,5,15,0,34.8,0.07,0.19,1.45,0.54,0.39,,,,,,,,,,,,,,,MF,FW,True,Midfielder,True,True,True,0.12402388608176389,0.2067064768029398,0.3307303628847037,0.12402388608176389,0.0,0.0,0.16536518144235185,0.0,1.9016995865870463,0.6614607257694074,0.9508497932935231,1.4882866329811668,0.12402388608176389,1.9016995865870463,0.2067064768029398,0.6201194304088196,0.0
Thibault De Smet,be BEL,DF,Paris FC,fr Ligue 1,27.0,1998.0,17,13,1144,12.7,0,1,1,0,0,0,6,2,4,0,11,13,1,26,10,11,0,0.0,0.0,,1.18,-0.16,-0.11,,,,,,,,,,,,,,,DF,,False,Defender,True,True,False,0.0,0.07867132867132867,0.07867132867132867,0.0,0.0,0.0,0.47202797202797203,0.15734265734265734,0.3146853146853147,0.0,0.8653846153846154,1.0227272727272727,0.07867132867132867,2.0454545454545454,0.7867132867132868,0.8653846153846154,0.0
Koni De Winter,be BEL,DF,Milan,it Serie A,23.0,2002.0,26,19,1800,20.0,1,1,2,1,0,0,1,0,7,1,27,8,1,5,13,19,0,14.3,0.14,1.0,1.96,0.3,-0.37,,,,,,,,,,,,,,,DF,,False,Defender,True,True,True,0.05,0.05,0.1,0.05,0.0,0.0,0.05,0.0,0.35,0.05,1.3499999999999999,0.4,0.05,0.25,0.65,0.9500000000000001,0.0
Alessandro Deiola,it ITA,"MF,DF",Cagliari,it Serie A,29.0,1995.0,20,17,1430,15.9,0,2,2,0,0,0,3,0,22,7,22,11,7,2,13,20,0,31.8,0.0,0.0,1.45,0.13,0.8,,,,,,,,,,,,,,,MF,DF,True,Midfielder,True,True,True,0.0,0.1258741258741259,0.1258741258741259,0.0,0.0,0.0,0.1888111888111888,0.0,1.3846153846153846,0.4405594405594406,1.3846153846153846,0.6923076923076923,0.4405594405594406,0.1258741258741259,0.8181818181818181,1.2587412587412588,0.0
Romain Del Castillo,fr FRA,"MF,FW",Brest,fr Ligue 1,29.0,1996.0,32,32,2625,29.2,9,3,12,3,6,8,2,1,33,13,28,43,5,198,28,36,0,39.4,0.09,0.23,1.19,-0.1,1.76,,,,,,,,,,,,,,,MF,FW,True,Midfielder,True,True,True,0.30857142857142855,0.10285714285714287,0.4114285714285715,0.10285714285714287,0.20571428571428574,0.2742857142857143,0.06857142857142857,0.03428571428571429,1.1314285714285715,0.4457142857142857,0.96,1.4742857142857144,0.17142857142857143,6.788571428571428,0.96,1.2342857142857142,0.0
Liam Delap,eng ENG,FW,Chelsea,eng Premier League,22.0,2003.0,28,12,1107,12.3,1,0,1,1,0,0,4,0,36,11,25,19,5,6,1,3,0,30.6,0.03,0.09,1.32,0.08,-0.11,,,,,,,,,,,,,,,FW,,False,Forward,True,True,False,0.08130081300813008,0.0,0.08130081300813008,0.08130081300813008,0.0,0.0,0.3252032520325203,0.0,2.9268292682926833,0.8943089430894309,2.032520325203252,1.5447154471544715,0.4065040650406504,0.4878048780487805,0.08130081300813008,0.24390243902439024,0.0
Fisayo Dele-Bashiru,ng NGA,MF,Lazio,it Serie A,24.0,2001.0,24,11,1187,13.2,1,0,1,1,0,0,0,0,9,2,8,3,2,10,4,15,0,22.2,0.11,0.5,1.33,0.15,0.19,,,,,,,,,,,,,,,MF,,False,Midfielder,True,True,False,0.07582139848357203,0.0,0.07582139848357203,0.07582139848357203,0.0,0.0,0.0,0.0,0.6823925863521483,0.15164279696714406,0.6065711878685762,0.22746419545071608,0.15164279696714406,0.7582139848357202,0.3032855939342881,1.1373209772535806,0.0
Enrico Delprato,it ITA,"DF,MF",Parma,it Serie A,25.0,1999.0,35,34,2951,32.8,2,0,2,2,0,0,5,0,18,9,16,10,6,19,24,21,0,50.0,0.11,0.22,1.11,-0.52,-0.33,,,,,,,,,,,,,,,DF,MF,True,Defender,True,True,True,0.060996272450016945,0.0,0.060996272450016945,0.060996272450016945,0.0,0.0,0.15249068112504235,0.0,0.5489664520501525,0.27448322602507624,0.48797017960013556,0.3049813622500847,0.18298881735005082,0.579464588275161,0.7319552694002033,0.6404608607251778,0.0
Olivier Deman,be BEL,"DF,MF",Werder Bremen,de Bundesliga,25.0,2000.0,16,14,1254,13.9,1,2,3,1,0,0,3,0,10,3,19,12,3,63,10,26,0,30.0,0.1,0.33,0.88,-0.43,0.42,,,,,,,,,,,,,,,DF,MF,True,Defender,True,True,False,0.07177033492822966,0.14354066985645933,0.21531100478468898,0.07177033492822966,0.0,0.0,0.21531100478468898,0.0,0.7177033492822966,0.21531100478468898,1.3636363636363638,0.8612440191387559,0.21531100478468898,4.521531100478469,0.7177033492822966,1.8660287081339713,0.0
Pape Demba Diop,sn SEN,MF,Toulouse,fr Ligue 1,21.0,2003.0,16,14,1271,14.1,1,2,3,1,0,0,2,0,29,11,15,17,0,15,31,20,0,37.9,0.03,0.09,1.13,-0.28,-0.53,,,,,,,,,,,,,,,MF,,False,Midfielder,True,True,False,0.07081038552321008,0.14162077104642015,0.21243115656963021,0.07081038552321008,0.0,0.0,0.14162077104642015,0.0,2.053501180173092,0.7789142407553109,1.0621557828481512,1.2037765538945713,0.0,1.0621557828481512,2.1951219512195124,1.4162077104642015,0.0
Ousmane Dembélé,fr FRA,FW,Paris Saint-Germain,fr Ligue 1,28.0,1997.0,22,11,1063,11.8,10,7,17,8,2,3,0,0,45,18,3,4,8,49,0,3,0,40.0,0.18,0.44,2.23,2.46,1.73,,,,,,,,,,,,,,,FW,,False,Forward,True,True,False,0.8466603951081844,0.5926622765757291,1.4393226716839136,0.6773283160865475,0.16933207902163688,0.25399811853245535,0.0,0.0,3.80997177798683,1.5239887111947317,0.25399811853245535,0.33866415804327377,0.6773283160865475,4.148635936030104,0.0,0.25399811853245535,0.0
Jessy Deminguet,fr FRA,MF,Metz,fr Ligue 1,27.0,1998.0,31,25,1995,22.2,2,0,2,2,0,0,4,0,17,7,28,32,0,19,22,21,0,41.2,0.12,0.29,0.52,-1.31,-0.04,,,,,,,,,,,,,,,MF,,False,Midfielder,True,True,True,0.09022556390977443,0.0,0.09022556390977443,0.09022556390977443,0.0,0.0,0.18045112781954886,0.0,0.7669172932330828,0.3157894736842105,1.263157894736842,1.443609022556391,0.0,0.8571428571428572,0.9924812030075189,0.9473684210526315,0.0
Ermedin Demirović,ba BIH,FW,Stuttgart,de Bundesliga,27.0,1998.0,25,17,1497,16.6,12,3,15,11,1,1,5,0,41,22,37,26,8,1,2,10,0,53.7,0.27,0.5,1.92,1.2,1.09,,,,,,,,,,,,,,,FW,,False,Forward,True,True,True,0.721442885771543,0.18036072144288576,0.9018036072144289,0.6613226452905812,0.06012024048096193,0.06012024048096193,0.30060120240480964,0.0,2.464929859719439,1.3226452905811623,2.224448897795591,1.56312625250501,0.4809619238476954,0.06012024048096193,0.12024048096192386,0.6012024048096193,0.0
Rav van den Berg,nl NED,DF,Köln,de Bundesliga,21.0,2004.0,14,12,1131,12.6,0,1,1,0,0,0,0,1,1,0,10,3,1,1,14,8,0,0.0,0.0,,0.93,-0.32,0.15,,,,,,,,,,,,,,,DF,,False,Defender,True,True,False,0.0,0.07957559681697612,0.07957559681697612,0.0,0.0,0.0,0.0,0.07957559681697612,0.07957559681697612,0.0,0.7957559681697614,0.23872679045092837,0.07957559681697612,0.07957559681697612,1.1140583554376657,0.636604774535809,0.0
Sepp van den Berg,nl NED,DF,Brentford,eng Premier League,23.0,2001.0,32,30,2763,30.7,0,2,2,0,0,0,2,0,23,7,15,11,0,0,26,9,0,30.4,0.0,0.0,1.34,0.07,-0.07,,,,,,,,,,,,,,,DF,,False,Defender,True,True,True,0.0,0.06514657980456026,0.06514657980456026,0.0,0.0,0.0,0.06514657980456026,0.0,0.749185667752443,0.2280130293159609,0.48859934853420195,0.3583061889250814,0.0,0.0,0.8469055374592834,0.2931596091205212,0.0
Branco van den Boomen,nl NED,MF,Angers,fr Ligue 1,30.0,1995.0,15,14,1238,13.8,0,1,1,0,0,1,3,0,13,5,19,9,0,69,7,15,0,38.5,0.0,0.0,0.93,-0.87,-0.53,,,,,,,,,,,,,,,MF,,False,Midfielder,True,True,False,0.0,0.07269789983844911,0.07269789983844911,0.0,0.0,0.07269789983844911,0.21809369951534732,0.0,0.9450726978998385,0.36348949919224555,1.381260096930533,0.654281098546042,0.0,5.016155088852989,0.5088852988691438,1.0904684975767367,0.0
Leander Dendoncker,be BEL,MF,Oviedo,es La Liga,30.0,1995.0,19,15,1330,14.8,1,0,1,1,0,0,2,0,9,4,12,3,1,5,11,25,0,44.4,0.11,0.25,0.79,-1.22,-0.53,,,,,,,,,,,,,,,MF,,False,Midfielder,True,True,False,0.06766917293233084,0.0,0.06766917293233084,0.06766917293233084,0.0,0.0,0.13533834586466167,0.0,0.6090225563909775,0.27067669172932335,0.81203007518797,0.2030075187969925,0.06766917293233084,0.3383458646616541,0.744360902255639,1.6917293233082706,0.0
Kiernan Dewsbury-Hall,eng ENG,MF,Everton,eng Premier League,26.0,1998.0,31,30,2626,29.2,8,4,12,8,0,0,6,0,39,15,32,48,2,112,14,26,0,38.5,0.21,0.53,1.23,-0.03,0.19,,,,,,,,,,,,,,,MF,,False,Midfielder,True,True,True,0.2741812642802742,0.1370906321401371,0.4112718964204113,0.2741812642802742,0.0,0.0,0.20563594821020564,0.0,1.3366336633663365,0.5140898705255141,1.0967250571210967,1.6450875856816451,0.06854531607006854,3.8385376999238385,0.4798172124904798,0.8910891089108911,0.0
Giovanni Di Lorenzo,it ITA,"DF,MF",Napoli,it Serie A,31.0,1993.0,26,26,2276,25.3,2,1,3,2,0,0,1,0,25,9,33,23,1,38,9,26,0,36.0,0.08,0.22,2.0,0.55,-0.08,,,,,,,,,,,,,,,DF,MF,True,Defender,True,True,True,0.07908611599297012,0.03954305799648506,0.11862917398945519,0.07908611599297012,0.0,0.0,0.03954305799648506,0.0,0.9885764499121266,0.35588752196836554,1.304920913884007,0.9094903339191565,0.03954305799648506,1.5026362038664325,0.35588752196836554,1.0281195079086116,0.0
Boulaye Dia,sn SEN,"FW,MF",Lazio,it Serie A,28.0,1996.0,27,14,1253,13.9,1,2,3,1,0,0,1,0,12,7,19,14,4,0,3,7,0,58.3,0.08,0.14,1.44,0.22,0.3,,,,,,,,,,,,,,,FW,MF,True,Forward,True,True,False,0.07182761372705507,0.14365522745411013,0.2154828411811652,0.07182761372705507,0.0,0.0,0.07182761372705507,0.0,0.8619313647246608,0.5027932960893855,1.3647246608140462,1.005586592178771,0.28731045490822027,0.0,0.2154828411811652,0.5027932960893855,0.0
Bafodé Diakité,fr FRA,DF,Bournemouth,eng Premier League,24.0,2001.0,18,15,1277,14.2,0,0,0,0,0,0,1,0,1,0,8,4,2,1,10,15,0,0.0,0.0,,1.28,-0.42,-0.84,,,,,,,,,,,,,,,DF,,False,Defender,True,True,False,0.0,0.0,0.0,0.0,0.0,0.0,0.07047768206734534,0.0,0.07047768206734534,0.0,0.5638214565387627,0.28191072826938135,0.14095536413469067,0.07047768206734534,0.7047768206734535,1.0571652310101802,0.0
Amad Diallo,ci CIV,MF,Manchester Utd,eng Premier League,23.0,2002.0,32,27,2341,26.0,2,3,5,2,0,0,2,0,53,23,24,38,12,46,15,23,0,43.4,0.04,0.09,2.03,0.73,0.73,,,,,,,,,,,,,,,MF,,False,Midfielder,True,True,True,0.07689021785561725,0.1153353267834259,0.19222554463904315,0.07689021785561725,0.0,0.0,0.07689021785561725,0.0,2.037590773173857,0.8842375053395984,0.9226826142674072,1.4609141392567278,0.4613413071337036,1.7684750106791969,0.5766766339171294,0.8842375053395984,0.0
Habib Diallo,sn SEN,FW,Metz,fr Ligue 1,30.0,1995.0,25,21,1909,21.2,4,1,5,4,0,1,0,0,38,12,27,29,11,4,2,5,0,31.6,0.11,0.33,0.56,-1.51,-0.57,,,,,,,,,,,,,,,FW,,False,Forward,True,True,True,0.1885804085908853,0.04714510214772132,0.23572551073860662,0.1885804085908853,0.0,0.04714510214772132,0.0,0.0,1.7915138816134102,0.5657412257726558,1.2729177579884756,1.3672079622839184,0.5185961236249346,0.1885804085908853,0.09429020429544265,0.23572551073860662,0.0
Grady Diangana,cd COD,"MF,FW",Elche,es La Liga,27.0,1998.0,20,13,926,10.3,1,0,1,1,0,0,3,0,16,2,15,19,5,12,4,6,0,12.5,0.06,0.5,1.05,0.0,0.29,,,,,,,,,,,,,,,MF,FW,True,Midfielder,True,True,False,0.09719222462203024,0.0,0.09719222462203024,0.09719222462203024,0.0,0.0,0.2915766738660907,0.0,1.5550755939524838,0.19438444924406048,1.4578833693304538,1.8466522678185744,0.48596112311015116,1.1663066954643628,0.38876889848812096,0.5831533477321814,0.0
Assane Diao,sn SEN,MF,Como,it Serie A,19.0,2005.0,17,13,1075,11.9,2,1,3,2,0,0,2,0,31,10,15,39,3,27,4,5,0,32.3,0.06,0.2,1.71,0.59,-0.53,,,,,,,,,,,,,,,MF,,False,Midfielder,True,True,False,0.16744186046511628,0.08372093023255814,0.25116279069767444,0.16744186046511628,0.0,0.0,0.16744186046511628,0.0,2.5953488372093023,0.8372093023255813,1.255813953488372,3.265116279069767,0.25116279069767444,2.26046511627907,0.33488372093023255,0.41860465116279066,0.0
Habib Diarra,sn SEN,MF,Sunderland,eng Premier League,21.0,2004.0,20,15,1405,15.6,2,2,4,1,1,1,6,0,26,8,19,27,3,32,4,7,0,30.8,0.04,0.13,1.4,-0.13,0.05,,,,,,,,,,,,,,,MF,,False,Midfielder,True,True,True,0.12811387900355872,0.12811387900355872,0.25622775800711745,0.06405693950177936,0.06405693950177936,0.06405693950177936,0.3843416370106762,0.0,1.6654804270462633,0.5124555160142349,1.217081850533808,1.7295373665480427,0.1921708185053381,2.0498220640569396,0.25622775800711745,0.4483985765124555,0.0
Rúben Dias,pt POR,DF,Manchester City,eng Premier League,28.0,1997.0,26,24,2141,23.8,2,0,2,2,0,0,3,0,10,4,15,9,0,9,23,6,0,40.0,0.2,0.5,2.12,1.35,0.64,,,,,,,,,,,,,,,DF,,False,Defender,True,True,True,0.08407286314806164,0.0,0.08407286314806164,0.08407286314806164,0.0,0.0,0.12610929472209248,0.0,0.42036431574030825,0.1681457262961233,0.6305464736104623,0.37832788416627744,0.0,0.37832788416627744,0.966837926202709,0.25221858944418496,0.0
Krépin Diatta,sn SEN,"MF,DF",Monaco,fr Ligue 1,26.0,1999.0,18,10,1013,11.3,0,1,1,0,0,0,2,0,7,1,8,10,4,39,15,16,0,14.3,0.0,0.0,1.72,0.36,0.27,,,,,,,,,,,,,,,MF,DF,True,Midfielder,True,True,False,0.0,0.08884501480750247,0.08884501480750247,0.0,0.0,0.0,0.17769002961500494,0.0,0.6219151036525173,0.08884501480750247,0.7107601184600197,0.8884501480750246,0.35538005923000987,3.464955577492596,1.332675222112537,1.4215202369200395,0.0
Brahim Díaz,ma MAR,"MF,FW",Real Madrid,es La Liga,25.0,1999.0,30,13,1257,14.0,1,6,7,1,0,0,2,0,15,7,19,37,3,20,2,10,0,46.7,0.07,0.14,2.33,0.79,-0.5,,,,,,,,,,,,,,,MF,FW,True,Midfielder,True,True,False,0.07159904534606205,0.42959427207637235,0.5011933174224343,0.07159904534606205,0.0,0.0,0.1431980906921241,0.0,1.0739856801909307,0.5011933174224343,1.360381861575179,2.649164677804296,0.21479713603818618,1.431980906921241,0.1431980906921241,0.7159904534606205,0.0
Junior Diaz,ci CIV,DF,Brest,fr Ligue 1,22.0,2003.0,20,17,1562,17.4,0,0,0,0,0,0,4,0,7,1,8,11,0,1,25,18,0,14.3,0.0,0.0,1.25,-0.12,0.49,,,,,,,,,,,,,,,DF,,False,Defender,True,True,True,0.0,0.0,0.0,0.0,0.0,0.0,0.23047375160051214,0.0,0.4033290653008963,0.057618437900128036,0.4609475032010243,0.6338028169014085,0.0,0.057618437900128036,1.440460947503201,1.0371318822023048,0.0
Luis Díaz,co COL,MF,Bayern Munich,de Bundesliga,28.0,1997.0,32,27,2447,27.2,15,14,29,15,0,0,7,1,88,37,35,38,26,45,17,13,0,42.0,0.17,0.41,2.66,2.54,0.04,,,,,,,,,,,,,,,MF,,False,Midfielder,True,True,True,0.551695954229669,0.5149162239476911,1.0666121781773599,0.551695954229669,0.0,0.0,0.25745811197384555,0.03677973028197793,3.236616264814058,1.3608500204331835,1.2872905598692275,1.3976297507151614,0.9562729873314263,1.6550878626890069,0.6252554147936249,0.47813649366571315,0.0
Pedro Díaz,es ESP,MF,Rayo Vallecano,es La Liga,27.0,1998.0,34,21,1870,20.8,0,1,1,0,0,0,2,0,44,6,20,13,0,38,9,25,0,13.6,0.0,0.0,1.32,-0.34,-0.57,,,,,,,,,,,,,,,MF,,False,Midfielder,True,True,True,0.0,0.0481283422459893,0.0481283422459893,0.0,0.0,0.0,0.0962566844919786,0.0,2.1176470588235294,0.2887700534759358,0.9625668449197861,0.625668449197861,0.0,1.8288770053475936,0.43315508021390375,1.2032085561497325,0.0
Bamba Dieng,sn SEN,FW,Lorient,fr Ligue 1,25.0,2000.0,22,15,1212,13.5,10,1,11,9,1,2,2,0,45,24,15,13,9,2,2,2,0,53.3,0.2,0.38,1.55,0.52,1.01,,,,,,,,,,,,,,,FW,,False,Forward,True,True,False,0.7425742574257425,0.07425742574257425,0.8168316831683169,0.6683168316831682,0.07425742574257425,0.1485148514851485,0.1485148514851485,0.0,3.3415841584158414,1.7821782178217822,1.113861386138614,0.9653465346534653,0.6683168316831682,0.1485148514851485,0.1485148514851485,0.1485148514851485,0.0
Lucas Digne,fr FRA,DF,Aston Villa,eng Premier League,32.0,1993.0,31,21,1852,20.6,0,6,6,0,0,0,3,0,14,5,14,12,3,108,13,26,0,35.7,0.0,0.0,1.77,0.29,0.23,,,,,,,,,,,,,,,DF,,False,Defender,True,True,True,0.0,0.2915766738660907,0.2915766738660907,0.0,0.0,0.0,0.14578833693304535,0.0,0.6803455723542117,0.24298056155507558,0.6803455723542117,0.5831533477321814,0.14578833693304535,5.248380129589633,0.6317494600431965,1.263498920086393,0.0
Kevin Diks,id IDN,DF,Gladbach,de Bundesliga,28.0,1996.0,30,28,2464,27.4,5,0,5,1,4,4,6,0,23,13,15,22,1,5,24,30,0,56.5,0.04,0.08,1.2,-0.11,1.1,,,,,,,,,,,,,,,DF,,False,Defender,True,True,True,0.18262987012987011,0.0,0.18262987012987011,0.03652597402597403,0.14610389610389612,0.14610389610389612,0.21915584415584416,0.0,0.8400974025974026,0.47483766233766234,0.5478896103896104,0.8035714285714285,0.03652597402597403,0.18262987012987011,0.8766233766233766,1.0957792207792207,0.0
Federico Dimarco,it ITA,MF,Inter,it Serie A,27.0,1997.0,35,30,2698,30.0,7,16,23,7,0,0,3,0,65,22,41,23,5,295,30,31,0,33.8,0.11,0.32,2.23,1.53,0.54,,,,,,,,,,,,,,,MF,,False,Midfielder,True,True,True,0.23350630096367678,0.5337286879169755,0.7672349888806522,0.23350630096367678,0.0,0.0,0.10007412898443291,0.0,2.168272794662713,0.7338769458858414,1.36767976278725,0.7672349888806522,0.16679021497405486,9.840622683469237,1.000741289844329,1.0340993328391401,0.0
Junior Dina Ebimbe,cm CMR,MF,Brest,fr Ligue 1,24.0,2000.0,27,15,1165,12.9,5,0,5,5,0,0,3,0,27,9,22,15,3,4,6,16,0,33.3,0.19,0.56,1.04,-0.46,-0.18,,,,,,,,,,,,,,,MF,,False,Midfielder,True,True,False,0.38626609442060084,0.0,0.38626609442060084,0.38626609442060084,0.0,0.0,0.23175965665236054,0.0,2.0858369098712446,0.6952789699570815,1.6995708154506437,1.1587982832618027,0.23175965665236054,0.30901287553648066,0.46351931330472107,1.2360515021459226,0.0
Eren Dinkçi,de GER,"MF,FW",Heidenheim,de Bundesliga,23.0,2001.0,14,13,1131,12.6,3,1,4,3,0,0,3,0,25,9,9,4,0,22,5,13,0,36.0,0.12,0.33,0.93,-0.16,1.19,,,,,,,,,,,,,,,MF,FW,True,Midfielder,True,True,False,0.23872679045092837,0.07957559681697612,0.3183023872679045,0.23872679045092837,0.0,0.0,0.23872679045092837,0.0,1.9893899204244032,0.7161803713527851,0.7161803713527851,0.3183023872679045,0.0,1.750663129973475,0.3978779840848807,1.0344827586206897,0.0
Sinaly Diomande,ci CIV,DF,Auxerre,fr Ligue 1,24.0,2001.0,24,24,2131,23.7,2,2,4,2,0,0,4,1,9,4,31,26,2,0,33,17,0,44.4,0.22,0.5,1.13,-0.08,0.69,,,,,,,,,,,,,,,DF,,False,Defender,True,True,True,0.08446738620366025,0.08446738620366025,0.1689347724073205,0.08446738620366025,0.0,0.0,0.1689347724073205,0.04223369310183012,0.3801032379164711,0.1689347724073205,1.3092444861567338,1.0980760206475833,0.08446738620366025,0.0,1.3937118723603943,0.7179727827311122,0.0
Yan Diomandé,ci CIV,"FW,MF",RB Leipzig,de Bundesliga,18.0,2006.0,33,28,2472,27.5,12,8,20,12,0,0,2,0,53,26,19,34,7,45,16,19,0,49.1,0.23,0.46,1.97,0.73,0.88,,,,,,,,,,,,,,,FW,MF,True,Forward,True,True,True,0.4368932038834951,0.29126213592233013,0.7281553398058251,0.4368932038834951,0.0,0.0,0.07281553398058253,0.0,1.9296116504854368,0.9466019417475728,0.691747572815534,1.2378640776699028,0.25485436893203883,1.6383495145631066,0.5825242718446603,0.691747572815534,0.0
Sofiane Diop,ma MAR,"MF,FW",Nice,fr Ligue 1,25.0,2000.0,33,26,2130,23.7,8,2,10,6,2,2,5,0,54,17,22,46,7,37,18,9,0,31.5,0.11,0.35,0.97,-0.59,0.28,,,,,,,,,,,,,,,MF,FW,True,Midfielder,True,True,True,0.3380281690140845,0.08450704225352113,0.4225352112676056,0.2535211267605634,0.08450704225352113,0.08450704225352113,0.2112676056338028,0.0,2.2816901408450705,0.7183098591549296,0.9295774647887324,1.943661971830986,0.29577464788732394,1.5633802816901408,0.76056338028169,0.380281690140845,0.0
El Hadji Malick Diouf,sn SEN,"DF,MF",West Ham United,eng Premier League,20.0,2004.0,32,30,2707,30.1,0,5,5,0,0,0,6,0,18,4,28,25,2,109,32,19,0,22.2,0.0,0.0,1.09,-0.3,0.96,,,,,,,,,,,,,,,DF,MF,True,Defender,True,True,True,0.0,0.16623568526043592,0.16623568526043592,0.0,0.0,0.0,0.1994828223125231,0.0,0.5984484669375693,0.1329885482083487,0.930919837458441,0.8311784263021795,0.06649427410417436,3.6239379386775026,1.0639083856667897,0.6316956039896564,0.0
Axel Disasi,fr FRA,DF,West Ham United,eng Premier League,27.0,1998.0,14,14,1254,13.9,0,0,0,0,0,0,1,0,5,3,5,4,1,0,12,10,1,60.0,0.0,0.0,1.36,0.0,0.79,,,,,,,,,,,,,,,DF,,False,Defender,True,True,False,0.0,0.0,0.0,0.0,0.0,0.0,0.07177033492822966,0.0,0.3588516746411483,0.21531100478468898,0.3588516746411483,0.28708133971291866,0.07177033492822966,0.0,0.8612440191387559,0.7177033492822966,0.07177033492822966
Djené,tg TOG,"DF,MF",Getafe,es La Liga,33.0,1991.0,34,32,2578,28.6,0,0,0,0,0,0,10,2,4,0,35,26,0,11,38,24,0,0.0,0.0,,1.32,-0.17,-0.07,,,,,,,,,,,,,,,DF,MF,True,Defender,True,True,True,0.0,0.0,0.0,0.0,0.0,0.0,0.3491078355314197,0.06982156710628394,0.13964313421256788,0.0,1.221877424359969,0.9076803723816913,0.0,0.38401861908456164,1.3266097750193948,0.8378588052754072,0.0
Berat Djimsiti,al ALB,DF,Atalanta,it Serie A,32.0,1993.0,34,29,2525,28.1,0,0,0,0,0,0,4,0,16,2,17,8,0,2,42,30,0,12.5,0.0,0.0,1.44,0.25,-0.55,,,,,,,,,,,,,,,DF,,False,Defender,True,True,True,0.0,0.0,0.0,0.0,0.0,0.0,0.1425742574257426,0.0,0.5702970297029704,0.0712871287128713,0.6059405940594059,0.2851485148514852,0.0,0.0712871287128713,1.497029702970297,1.0693069306930694,0.0
Ritsu Doan,jp JPN,MF,Eintracht Frankfurt,de Bundesliga,27.0,1998.0,31,28,2364,26.3,5,5,10,5,0,0,5,0,41,15,26,35,3,111,17,23,0,36.6,0.12,0.33,1.32,0.23,1.52,,,,,,,,,,,,,,,MF,,False,Midfielder,True,True,True,0.19035532994923857,0.19035532994923857,0.38071065989847713,0.19035532994923857,0.0,0.0,0.19035532994923857,0.0,1.5609137055837563,0.5710659898477157,0.9898477157360407,1.33248730964467,0.11421319796954314,4.225888324873097,0.6472081218274112,0.8756345177664975,0.0
Dodô,br BRA,"DF,MF",Fiorentina,it Serie A,26.0,1998.0,36,36,3134,34.8,1,2,3,1,0,0,7,0,25,4,22,53,2,153,31,18,0,16.0,0.04,0.25,1.08,-0.2,0.43,,,,,,,,,,,,,,,DF,MF,True,Defender,True,True,True,0.028717294192724955,0.05743458838544991,0.08615188257817485,0.028717294192724955,0.0,0.0,0.20102105934907466,0.0,0.7179323548181238,0.11486917677089982,0.6317804722399489,1.5220165922144226,0.05743458838544991,4.393746011486917,0.8902361199744736,0.5169112954690491,0.0
Danilho Doekhi,nl NED,DF,Union Berlin,de Bundesliga,27.0,1998.0,34,34,3060,34.0,5,0,5,5,0,0,4,0,45,11,28,15,1,6,42,31,0,24.4,0.11,0.45,1.15,-0.41,,,,,,,,,,,,,,,,DF,,False,Defender,True,True,True,0.14705882352941177,0.0,0.14705882352941177,0.14705882352941177,0.0,0.0,0.11764705882352941,0.0,1.3235294117647058,0.32352941176470584,0.823529411764706,0.4411764705882353,0.029411764705882353,0.1764705882352941,1.2352941176470589,0.911764705882353,0.0
Josh Doig,sct SCO,DF,Sassuolo,it Serie A,23.0,2002.0,30,22,1917,21.3,0,0,0,0,0,0,5,0,11,4,16,19,0,39,22,20,0,36.4,0.0,0.0,1.1,-0.52,-0.94,,,,,,,,,,,,,,,DF,,False,Defender,True,True,True,0.0,0.0,0.0,0.0,0.0,0.0,0.23474178403755872,0.0,0.5164319248826291,0.18779342723004694,0.7511737089201878,0.892018779342723,0.0,1.8309859154929575,1.0328638497652582,0.9389671361502349,0.0
Jeremy Doku,be BEL,"MF,FW",Manchester City,eng Premier League,23.0,2002.0,30,19,1784,19.8,5,5,10,5,0,0,0,0,39,15,23,61,3,62,12,16,0,38.5,0.13,0.33,1.87,1.26,0.33,,,,,,,,,,,,,,,MF,FW,True,Midfielder,True,True,True,0.2522421524663677,0.2522421524663677,0.5044843049327354,0.2522421524663677,0.0,0.0,0.0,0.0,1.9674887892376682,0.7567264573991032,1.1603139013452914,3.0773542600896864,0.15134529147982065,3.12780269058296,0.6053811659192826,0.8071748878923767,0.0
Tyrhys Dolan,eng ENG,MF,Espanyol,es La Liga,23.0,2001.0,36,28,2415,26.8,2,5,7,2,0,0,7,1,34,12,37,46,5,105,15,35,0,35.3,0.06,0.17,1.11,-0.26,0.19,,,,,,,,,,,,,,,MF,,False,Midfielder,True,True,True,0.07453416149068323,0.1863354037267081,0.2608695652173913,0.07453416149068323,0.0,0.0,0.2608695652173913,0.037267080745341616,1.267080745341615,0.4472049689440994,1.3788819875776397,1.7142857142857144,0.1863354037267081,3.9130434782608696,0.5590062111801242,1.3043478260869565,0.0
Nicolás Domínguez,ar ARG,MF,Nottingham Forest,eng Premier League,27.0,1998.0,27,17,1175,13.1,1,1,2,1,0,0,3,0,18,5,16,11,0,14,6,30,0,27.8,0.06,0.2,1.26,-0.31,-0.35,,,,,,,,,,,,,,,MF,,False,Midfielder,True,True,False,0.07659574468085106,0.07659574468085106,0.15319148936170213,0.07659574468085106,0.0,0.0,0.2297872340425532,0.0,1.3787234042553191,0.3829787234042553,1.225531914893617,0.8425531914893618,0.0,1.0723404255319149,0.4595744680851064,2.2978723404255317,0.0
Jean-Luc Dompé,fr FRA,"FW,MF",Hamburger SV,de Bundesliga,29.0,1995.0,20,12,1138,12.6,3,0,3,2,1,1,0,0,25,12,2,9,4,82,0,5,0,48.0,0.08,0.17,1.05,0.16,0.91,,,,,,,,,,,,,,,FW,MF,True,Forward,True,True,False,0.23725834797891038,0.0,0.23725834797891038,0.15817223198594024,0.07908611599297012,0.07908611599297012,0.0,0.0,1.9771528998242531,0.9490333919156415,0.15817223198594024,0.7117750439367311,0.3163444639718805,6.48506151142355,0.0,0.39543057996485065,0.0
Patrick Dorgu,dk DEN,MF,Manchester Utd,eng Premier League,20.0,2004.0,26,15,1449,16.1,4,4,8,4,0,0,5,0,25,11,23,47,7,57,16,30,0,44.0,0.16,0.36,1.73,0.12,-0.65,,,,,,,,,,,,,,,MF,,False,Midfielder,True,True,True,0.2484472049689441,0.2484472049689441,0.4968944099378882,0.2484472049689441,0.0,0.0,0.3105590062111801,0.0,1.5527950310559007,0.6832298136645963,1.4285714285714284,2.919254658385093,0.43478260869565216,3.5403726708074537,0.9937888198757764,1.8633540372670807,0.0
Niklas Dorsch,de GER,MF,Heidenheim,de Bundesliga,27.0,1998.0,32,27,2258,25.1,0,1,1,0,0,0,2,0,14,3,30,27,1,33,19,31,0,21.4,0.0,0.0,0.81,-0.92,-0.02,,,,,,,,,,,,,,,MF,,False,Midfielder,True,True,True,0.0,0.03985828166519043,0.03985828166519043,0.0,0.0,0.0,0.07971656333038087,0.0,0.5580159433126661,0.11957484499557129,1.195748449955713,1.0761736049601418,0.03985828166519043,1.3153232949512843,0.7573073516386182,1.2356067316209034,0.0
Fodé Doucouré,ml MLI,"MF,FW",Le Havre,fr Ligue 1,24.0,2001.0,26,15,1239,13.8,3,1,4,3,0,0,2,0,20,8,14,4,2,78,9,26,0,40.0,0.15,0.38,0.96,0.0,0.59,,,,,,,,,,,,,,,MF,FW,True,Midfielder,True,True,False,0.2179176755447942,0.07263922518159806,0.29055690072639223,0.2179176755447942,0.0,0.0,0.14527845036319612,0.0,1.452784503631961,0.5811138014527845,1.0169491525423728,0.29055690072639223,0.14527845036319612,5.665859564164649,0.6537530266343826,1.8886198547215496,0.0
Désiré Doué,fr FRA,"FW,MF",Paris Saint-Germain,fr Ligue 1,20.0,2005.0,23,16,1348,15.0,7,4,11,7,0,1,0,0,55,19,24,28,0,56,12,20,0,34.5,0.13,0.37,2.35,1.34,0.02,,,,,,,,,,,,,,,FW,MF,True,Forward,True,True,False,0.46735905044510384,0.26706231454005935,0.7344213649851633,0.46735905044510384,0.0,0.06676557863501484,0.0,0.0,3.672106824925816,1.268545994065282,1.6023738872403561,1.8694362017804154,0.0,3.7388724035608307,0.8011869436201781,1.3353115727002969,0.0
Guela Doué,ci CIV,"DF,MF",Strasbourg,fr Ligue 1,22.0,2002.0,24,23,2061,22.9,2,6,8,2,0,0,3,0,12,5,42,24,0,52,27,38,0,41.7,0.17,0.4,1.63,0.61,0.88,,,,,,,,,,,,,,,DF,MF,True,Defender,True,True,True,0.08733624454148471,0.26200873362445415,0.34934497816593885,0.08733624454148471,0.0,0.0,0.13100436681222707,0.0,0.5240174672489083,0.21834061135371177,1.834061135371179,1.0480349344978166,0.0,2.2707423580786026,1.1790393013100435,1.6593886462882097,0.0
Ismaël Doukouré,fr FRA,"DF,MF",Strasbourg,fr Ligue 1,22.0,2003.0,25,25,2072,23.0,0,2,2,0,0,0,4,2,7,3,21,17,0,3,24,11,2,42.9,0.0,0.0,1.56,0.48,0.48,,,,,,,,,,,,,,,DF,MF,True,Defender,True,True,True,0.0,0.08687258687258688,0.08687258687258688,0.0,0.0,0.0,0.17374517374517376,0.08687258687258688,0.30405405405405406,0.1303088803088803,0.9121621621621622,0.7384169884169883,0.0,0.1303088803088803,1.0424710424710424,0.4777992277992278,0.08687258687258688
Kamory Doumbia,ml MLI,MF,Brest,fr Ligue 1,22.0,2003.0,24,22,1750,19.4,5,4,9,5,0,0,6,0,43,14,29,21,2,20,20,30,0,32.6,0.12,0.36,1.33,0.26,1.43,,,,,,,,,,,,,,,MF,,False,Midfielder,True,True,True,0.2571428571428571,0.20571428571428574,0.46285714285714286,0.2571428571428571,0.0,0.0,0.30857142857142855,0.0,2.2114285714285713,0.72,1.4914285714285713,1.08,0.10285714285714287,1.0285714285714285,1.0285714285714285,1.542857142857143,0.0
Anastasios Douvikas,gr GRE,FW,Como,it Serie A,25.0,1999.0,38,25,2273,25.3,14,1,15,13,1,1,0,0,65,30,36,42,7,4,4,10,0,46.2,0.2,0.43,1.87,1.11,0.48,,,,,,,,,,,,,,,FW,,False,Forward,True,True,True,0.5543334799824021,0.03959524857017158,0.5939287285525737,0.5147382314122305,0.03959524857017158,0.03959524857017158,0.0,0.0,2.5736911570611527,1.1878574571051475,1.4254289485261769,1.6630004399472065,0.27716673999120106,0.15838099428068633,0.15838099428068633,0.3959524857017158,0.0
Domingos Duarte,pt POR,DF,Getafe,es La Liga,30.0,1995.0,34,34,2923,32.5,1,1,2,1,0,0,11,0,13,4,32,24,3,0,33,18,1,30.8,0.08,0.25,1.29,-0.28,-0.82,,,,,,,,,,,,,,,DF,,False,Defender,True,True,True,0.030790283954840916,0.030790283954840916,0.06158056790968183,0.030790283954840916,0.0,0.0,0.3386931235032501,0.0,0.4002736914129319,0.12316113581936367,0.9852890865549093,0.738966814916182,0.09237085186452275,0.0,1.0160793705097504,0.5542251111871366,0.030790283954840916
Denzel Dumfries,nl NED,MF,Inter,it Serie A,29.0,1996.0,20,15,1325,14.7,3,1,4,3,0,0,2,0,23,5,20,13,2,34,7,9,0,21.7,0.13,0.6,2.1,1.49,0.12,,,,,,,,,,,,,,,MF,,False,Midfielder,True,True,False,0.2037735849056604,0.06792452830188679,0.27169811320754716,0.2037735849056604,0.0,0.0,0.13584905660377358,0.0,1.562264150943396,0.33962264150943394,1.3584905660377358,0.8830188679245283,0.13584905660377358,2.309433962264151,0.4754716981132076,0.6113207547169811,0.0
Lewis Dunk,eng ENG,DF,Brighton,eng Premier League,33.0,1991.0,33,31,2838,31.5,1,0,1,1,0,0,10,0,23,3,14,12,1,5,30,22,0,13.0,0.04,0.33,1.36,0.13,-0.18,,,,,,,,,,,,,,,DF,,False,Defender,True,True,True,0.03171247357293869,0.0,0.03171247357293869,0.03171247357293869,0.0,0.0,0.31712473572938693,0.0,0.7293868921775898,0.09513742071881608,0.4439746300211416,0.3805496828752643,0.03171247357293869,0.15856236786469347,0.9513742071881607,0.6976744186046512,0.0
Pablo Durán,es ESP,"FW,MF",Celta Vigo,es La Liga,24.0,2001.0,30,17,1425,15.8,2,2,4,2,0,0,1,0,37,15,15,12,19,15,7,11,0,40.5,0.05,0.13,1.37,-0.44,-0.98,,,,,,,,,,,,,,,FW,MF,True,Forward,True,True,True,0.12631578947368421,0.12631578947368421,0.25263157894736843,0.12631578947368421,0.0,0.0,0.06315789473684211,0.0,2.3368421052631576,0.9473684210526315,0.9473684210526315,0.7578947368421053,1.2000000000000002,0.9473684210526315,0.4421052631578948,0.6947368421052632,0.0
Hugo Duro,es ESP,FW,Valencia,es La Liga,25.0,1999.0,36,22,1979,22.0,10,0,10,9,1,2,4,0,36,14,22,38,6,1,3,9,0,38.9,0.25,0.64,1.31,-0.23,0.02,,,,,,,,,,,,,,,FW,,False,Forward,True,True,True,0.45477513895907024,0.0,0.45477513895907024,0.40929762506316325,0.045477513895907026,0.09095502779181405,0.1819100555836281,0.0,1.637190500252653,0.6366851945426983,1.0005053057099544,1.7281455280444669,0.27286508337544213,0.045477513895907026,0.13643254168772107,0.40929762506316325,0.0
Paulo Dybala,ar ARG,"MF,FW",Roma,it Serie A,31.0,1993.0,22,15,1354,15.0,2,6,8,2,0,1,0,0,43,18,11,40,3,98,5,6,0,41.9,0.05,0.11,1.95,0.66,-0.12,,,,,,,,,,,,,,,MF,FW,True,Midfielder,True,True,True,0.1329394387001477,0.39881831610044316,0.5317577548005908,0.1329394387001477,0.0,0.06646971935007386,0.0,0.0,2.8581979320531756,1.1964549483013294,0.7311669128508124,2.658788774002954,0.19940915805022158,6.514032496307237,0.33234859675036926,0.39881831610044316,0.0
Adam Dźwigała,pl POL,DF,St Pauli,de Bundesliga,29.0,1995.0,19,14,1288,14.3,1,1,2,1,0,0,5,0,4,2,20,6,0,2,25,27,0,50.0,0.25,0.5,0.95,-0.77,0.25,,,,,,,,,,,,,,,DF,,False,Defender,True,True,False,0.06987577639751552,0.06987577639751552,0.13975155279503104,0.06987577639751552,0.0,0.0,0.34937888198757766,0.0,0.2795031055900621,0.13975155279503104,1.3975155279503106,0.4192546583850932,0.0,0.13975155279503104,1.746894409937888,1.8866459627329193,0.0
Aron Dønnum,no NOR,MF,Toulouse,fr Ligue 1,27.0,1998.0,28,28,2419,26.9,4,4,8,1,3,3,10,1,40,14,42,38,0,140,29,29,0,35.0,0.03,0.07,1.29,0.15,0.57,,,,,,,,,,,,,,,MF,,False,Midfielder,True,True,True,0.14882182720132286,0.14882182720132286,0.29764365440264573,0.037205456800330716,0.11161637040099215,0.11161637040099215,0.3720545680033071,0.037205456800330716,1.4882182720132284,0.52087639520463,1.56262918561389,1.4138073584125672,0.0,5.208763952046301,1.0789582472095907,1.0789582472095907,0.0
Simon Ebonog,cm CMR,MF,Le Havre,fr Ligue 1,20.0,2004.0,30,21,1759,19.5,1,0,1,1,0,0,8,0,22,4,29,34,0,16,24,21,0,18.2,0.05,0.25,1.07,-0.72,-0.85,,,,,,,,,,,,,,,MF,,False,Midfielder,True,True,True,0.0511654349061967,0.0,0.0511654349061967,0.0511654349061967,0.0,0.0,0.4093234792495736,0.0,1.1256395679363276,0.2046617396247868,1.4837976122797045,1.739624786810688,0.0,0.8186469584991471,1.2279704377487208,1.0744741330301306,0.0
Enzo Ebosse,cm CMR,DF,Torino,it Serie A,26.0,1999.0,13,13,1115,12.4,0,1,1,0,0,0,3,0,0,0,16,9,0,7,10,6,0,,,,1.38,0.0,0.74,,,,,,,,,,,,,,,DF,,False,Defender,True,True,False,0.0,0.08071748878923767,0.08071748878923767,0.0,0.0,0.0,0.242152466367713,0.0,0.0,0.0,1.2914798206278026,0.726457399103139,0.0,0.5650224215246636,0.8071748878923767,0.484304932735426,0.0
Éderson,br BRA,MF,Atalanta,it Serie A,26.0,1999.0,30,26,2230,24.8,2,1,3,1,1,1,3,0,35,11,34,40,2,12,28,35,0,31.4,0.03,0.09,1.53,0.48,0.26,,,,,,,,,,,,,,,MF,,False,Midfielder,True,True,True,0.08071748878923767,0.04035874439461883,0.1210762331838565,0.04035874439461883,0.04035874439461883,0.04035874439461883,0.1210762331838565,0.0,1.4125560538116593,0.4439461883408071,1.3721973094170403,1.6143497757847534,0.08071748878923767,0.484304932735426,1.1300448430493273,1.4125560538116593,0.0
Andrias Edmundsson,fo FRO,DF,Hellas Verona,it Serie A,24.0,2000.0,15,15,1319,14.7,0,0,0,0,0,0,3,0,4,1,13,7,0,4,28,20,1,25.0,0.0,0.0,0.47,-0.89,0.1,,,,,,,,,,,,,,,DF,,False,Defender,True,True,False,0.0,0.0,0.0,0.0,0.0,0.0,0.2047005307050796,0.0,0.27293404094010615,0.06823351023502654,0.8870356330553449,0.4776345716451858,0.0,0.27293404094010615,1.9105382865807432,1.3646702047005308,0.06823351023502654
Odsonne Édouard,fr FRA,FW,Lens,fr Ligue 1,27.0,1998.0,29,26,1796,20.0,12,3,15,11,1,1,2,0,60,31,21,17,12,1,4,4,0,51.7,0.18,0.35,2.0,0.85,-0.14,,,,,,,,,,,,,,,FW,,False,Forward,True,True,True,0.6013363028953229,0.15033407572383073,0.7516703786191538,0.5512249443207127,0.05011135857461024,0.05011135857461024,0.10022271714922049,0.0,3.006681514476615,1.5534521158129175,1.052338530066815,0.8518930957683741,0.6013363028953229,0.05011135857461024,0.20044543429844097,0.20044543429844097,0.0
Marcus Edwards,eng ENG,"MF,FW",Burnley,eng Premier League,26.0,1998.0,23,11,1067,11.9,1,3,4,1,0,0,0,0,23,6,7,18,1,19,3,6,0,26.1,0.04,0.17,0.48,-0.34,0.92,,,,,,,,,,,,,,,MF,FW,True,Midfielder,True,True,False,0.08434864104967198,0.2530459231490159,0.3373945641986879,0.08434864104967198,0.0,0.0,0.0,0.0,1.9400187441424555,0.5060918462980318,0.5904404873477038,1.5182755388940956,0.08434864104967198,1.6026241799437677,0.2530459231490159,0.5060918462980318,0.0
Maximilian Eggestein,de GER,MF,Freiburg,de Bundesliga,28.0,1996.0,34,34,3060,34.0,3,1,4,3,0,0,4,0,44,13,18,20,1,14,31,34,0,29.5,0.07,0.23,1.38,-0.18,,,,,,,,,,,,,,,,MF,,False,Midfielder,True,True,True,0.08823529411764705,0.029411764705882353,0.11764705882352941,0.08823529411764705,0.0,0.0,0.11764705882352941,0.0,1.2941176470588234,0.38235294117647056,0.5294117647058824,0.5882352941176471,0.029411764705882353,0.411764705882353,0.911764705882353,1.0,0.0
Kingsley Ehizibue,nl NED,"MF,DF",Udinese,it Serie A,30.0,1995.0,32,20,1811,20.1,2,0,2,2,0,0,5,0,9,2,34,24,2,32,13,31,0,22.2,0.22,1.0,1.5,0.1,0.38,,,,,,,,,,,,,,,MF,DF,True,Midfielder,True,True,True,0.09939260077305358,0.0,0.09939260077305358,0.09939260077305358,0.0,0.0,0.2484815019326339,0.0,0.44726670347874103,0.09939260077305358,1.6896742131419105,1.1927112092766428,0.09939260077305358,1.5902816123688572,0.6460519050248481,1.5405853119823303,0.0
Chidera Ejuke,ng NGA,"MF,FW",Sevilla,es La Liga,27.0,1998.0,27,6,932,10.4,1,1,2,1,0,0,0,0,23,3,5,16,2,27,7,13,0,13.0,0.04,0.33,1.07,0.19,0.77,,,,,,,,,,,,,,,MF,FW,True,Midfielder,True,True,False,0.09656652360515021,0.09656652360515021,0.19313304721030042,0.09656652360515021,0.0,0.0,0.0,0.0,2.221030042918455,0.28969957081545067,0.48283261802575106,1.5450643776824033,0.19313304721030042,2.6072961373390555,0.6759656652360515,1.255364806866953,0.0
Hjalmar Ekdal,se SWE,DF,Burnley,eng Premier League,26.0,1998.0,19,17,1539,17.1,0,0,0,0,0,0,0,0,6,1,5,7,2,1,12,17,0,16.7,0.0,0.0,0.53,-1.23,-0.46,,,,,,,,,,,,,,,DF,,False,Defender,True,True,True,0.0,0.0,0.0,0.0,0.0,0.0,0.0,0.0,0.3508771929824561,0.05847953216374269,0.29239766081871343,0.4093567251461988,0.11695906432748537,0.05847953216374269,0.7017543859649122,0.9941520467836257,0.0
Jeff Ekhator,it ITA,"FW,MF",Genoa,it Serie A,18.0,2006.0,30,9,956,10.6,3,0,3,3,0,0,3,0,20,5,20,19,10,9,2,8,0,25.0,0.15,0.6,1.03,-0.19,0.1,,,,,,,,,,,,,,,FW,MF,True,Forward,True,True,False,0.2824267782426778,0.0,0.2824267782426778,0.2824267782426778,0.0,0.0,0.2824267782426778,0.0,1.8828451882845187,0.4707112970711297,1.8828451882845187,1.788702928870293,0.9414225941422594,0.8472803347280335,0.18828451882845187,0.7531380753138075,0.0
Hugo Ekitike,fr FRA,FW,Liverpool,eng Premier League,23.0,2002.0,28,21,1803,20.0,11,4,15,11,0,0,0,0,65,19,35,12,10,7,4,7,0,29.2,0.17,0.58,1.68,0.5,0.5,,,,,,,,,,,,,,,FW,,False,Forward,True,True,True,0.5490848585690515,0.19966722129783696,0.7487520798668885,0.5490848585690515,0.0,0.0,0.0,0.0,3.2445923460898505,0.9484193011647254,1.7470881863560732,0.5990016638935108,0.49916805324459235,0.34941763727121466,0.19966722129783696,0.34941763727121466,0.0
Jurgen Ekkelenkamp,nl NED,MF,Udinese,it Serie A,25.0,2000.0,31,27,2186,24.3,5,3,8,5,0,0,1,0,33,15,22,19,3,32,18,27,0,45.5,0.15,0.33,1.35,-0.04,0.1,,,,,,,,,,,,,,,MF,,False,Midfielder,True,True,True,0.2058554437328454,0.12351326623970722,0.32936870997255263,0.2058554437328454,0.0,0.0,0.04117108874656908,0.0,1.3586459286367796,0.6175663311985361,0.9057639524245197,0.7822506861848124,0.12351326623970722,1.3174748398902105,0.7410795974382433,1.111619396157365,0.0
Jacques Ekomie,ga GAB,"DF,MF",Angers,fr Ligue 1,21.0,2003.0,32,25,2239,24.9,0,0,0,0,0,0,3,0,12,3,30,31,6,65,31,32,0,25.0,0.0,0.0,1.13,-0.56,-0.01,,,,,,,,,,,,,,,DF,MF,True,Defender,True,True,True,0.0,0.0,0.0,0.0,0.0,0.0,0.1205895489057615,0.0,0.482358195623046,0.1205895489057615,1.205895489057615,1.2460920053595355,0.241179097811523,2.6127735596248325,1.2460920053595355,1.286288521661456,0.0
Caleb Ekuban,gh GHA,"FW,MF",Genoa,it Serie A,31.0,1994.0,31,6,994,11.0,4,1,5,4,0,0,0,0,29,10,16,29,6,5,5,1,0,34.5,0.14,0.4,1.1,-0.18,0.12,,,,,,,,,,,,,,,FW,MF,True,Forward,True,True,False,0.3621730382293763,0.09054325955734407,0.45271629778672035,0.3621730382293763,0.0,0.0,0.0,0.0,2.625754527162978,0.9054325955734407,1.4486921529175052,2.625754527162978,0.5432595573440644,0.45271629778672035,0.45271629778672035,0.09054325955734407,0.0
Anthony Elanga,se SWE,"FW,MF",Newcastle United,eng Premier League,23.0,2002.0,32,14,1319,14.7,0,1,1,0,0,0,0,0,17,4,8,25,2,83,3,11,0,23.5,0.0,0.0,1.13,-0.55,-0.8,,,,,,,,,,,,,,,FW,MF,True,Forward,True,True,False,0.0,0.06823351023502654,0.06823351023502654,0.0,0.0,0.0,0.0,0.0,1.159969673995451,0.27293404094010615,0.5458680818802123,1.7058377558756632,0.13646702047005307,5.663381349507203,0.2047005307050796,0.750568612585292,0.0
Daniel Elfadli,ly LBY,DF,Hamburger SV,de Bundesliga,28.0,1997.0,21,15,1253,13.9,0,0,0,0,0,0,6,1,4,1,20,15,0,0,20,14,0,25.0,0.0,0.0,1.14,-0.43,-0.03,,,,,,,,,,,,,,,DF,,False,Defender,True,True,False,0.0,0.0,0.0,0.0,0.0,0.0,0.4309656823623304,0.07182761372705507,0.28731045490822027,0.07182761372705507,1.4365522745411012,1.077414205905826,0.0,0.0,1.4365522745411012,1.005586592178771,0.0
Unai Elgezabal,es ESP,"DF,MF",Levante,es La Liga,32.0,1993.0,12,11,958,10.6,1,0,1,1,0,0,2,0,3,1,11,6,0,0,4,4,1,33.3,0.33,1.0,0.42,-0.85,-0.66,,,,,,,,,,,,,,,DF,MF,True,Defender,True,True,False,0.0939457202505219,0.0,0.0939457202505219,0.0939457202505219,0.0,0.0,0.1878914405010438,0.0,0.2818371607515658,0.0939457202505219,1.033402922755741,0.5636743215031316,0.0,0.0,0.3757828810020876,0.3757828810020876,0.0939457202505219
Mikael Ellertsson,is ISL,MF,Genoa,it Serie A,23.0,2002.0,36,31,2767,30.7,1,1,2,1,0,0,1,1,26,6,28,42,1,32,14,26,0,23.1,0.04,0.17,0.97,-0.49,-1.18,,,,,,,,,,,,,,,MF,,False,Midfielder,True,True,True,0.03252620166245031,0.03252620166245031,0.06505240332490062,0.03252620166245031,0.0,0.0,0.03252620166245031,0.03252620166245031,0.845681243223708,0.19515720997470185,0.9107336465486086,1.3661004698229129,0.03252620166245031,1.0408384531984098,0.4553668232743043,0.845681243223708,0.0
Elif Elmas,mk MKD,"MF,FW",Napoli,it Serie A,25.0,1999.0,33,20,1783,19.8,1,3,4,1,0,0,3,0,27,9,18,13,2,41,7,13,0,33.3,0.04,0.11,1.91,0.25,-0.68,,,,,,,,,,,,,,,MF,FW,True,Midfielder,True,True,True,0.050476724621424565,0.15143017386427368,0.20190689848569826,0.050476724621424565,0.0,0.0,0.15143017386427368,0.0,1.3628715647784633,0.45429052159282113,0.9085810431856423,0.6561974200785193,0.10095344924284913,2.0695457094784073,0.35333707234997197,0.6561974200785193,0.0
Nico Elvedi,ch SUI,DF,Gladbach,de Bundesliga,28.0,1996.0,33,33,2966,33.0,0,2,2,0,0,0,5,0,9,0,18,16,1,1,40,32,0,0.0,0.0,,1.15,-0.27,1.64,,,,,,,,,,,,,,,DF,,False,Defender,True,True,True,0.0,0.060687795010114634,0.060687795010114634,0.0,0.0,0.0,0.15171948752528658,0.0,0.2730950775455158,0.0,0.5461901550910316,0.4855023600809171,0.030343897505057317,0.030343897505057317,1.2137559002022926,0.9710047201618341,0.0
Breel Embolo,ch SUI,FW,Rennes,fr Ligue 1,28.0,1997.0,31,20,1872,20.8,9,3,12,9,0,0,3,0,41,18,48,58,14,7,4,14,0,43.9,0.22,0.5,1.77,0.14,-0.31,,,,,,,,,,,,,,,FW,,False,Forward,True,True,True,0.4326923076923077,0.14423076923076922,0.5769230769230769,0.4326923076923077,0.0,0.0,0.14423076923076922,0.0,1.971153846153846,0.8653846153846154,2.3076923076923075,2.7884615384615383,0.6730769230769231,0.33653846153846156,0.19230769230769232,0.6730769230769231,0.0
Emersonn,br BRA,FW,Toulouse,fr Ligue 1,21.0,2004.0,28,19,1589,17.7,6,2,8,6,0,0,5,1,51,19,41,10,5,8,7,8,0,37.3,0.12,0.32,1.14,0.11,0.17,,,,,,,,,,,,,,,FW,,False,Forward,True,True,True,0.3398363750786658,0.11327879169288861,0.45311516677155445,0.3398363750786658,0.0,0.0,0.28319697923222154,0.056639395846444306,2.888609188168659,1.0761485210824417,2.3222152297042165,0.5663939584644431,0.28319697923222154,0.45311516677155445,0.39647577092511016,0.45311516677155445,0.0
Julio Enciso,py PAR,"MF,FW",Strasbourg,fr Ligue 1,21.0,2004.0,27,22,1883,20.9,3,6,9,2,1,1,2,0,61,22,20,31,5,61,7,10,0,36.1,0.03,0.09,1.41,0.24,-0.22,,,,,,,,,,,,,,,MF,FW,True,Midfielder,True,True,True,0.14338821030270843,0.28677642060541686,0.43016463090812534,0.09559214020180562,0.04779607010090281,0.04779607010090281,0.09559214020180562,0.0,2.915560276155072,1.051513542219862,0.9559214020180563,1.4816781731279873,0.23898035050451408,2.915560276155072,0.33457249070631967,0.47796070100902815,0.0
Endrick,br BRA,"FW,MF",Lyon,fr Ligue 1,19.0,2006.0,16,14,1215,13.5,5,7,12,4,1,1,4,1,50,26,21,21,4,52,2,9,0,52.0,0.08,0.15,1.69,0.44,0.1,,,,,,,,,,,,,,,FW,MF,True,Forward,True,True,False,0.3703703703703704,0.5185185185185186,0.8888888888888888,0.2962962962962963,0.07407407407407407,0.07407407407407407,0.2962962962962963,0.07407407407407407,3.7037037037037037,1.925925925925926,1.5555555555555554,1.5555555555555554,0.2962962962962963,3.851851851851852,0.14814814814814814,0.6666666666666667,0.0
Yannik Engelhardt,de GER,MF,Gladbach,de Bundesliga,24.0,2001.0,31,29,2487,27.6,2,2,4,2,0,0,7,0,21,5,41,34,0,6,36,23,0,23.8,0.1,0.4,1.19,-0.04,1.53,,,,,,,,,,,,,,,MF,,False,Midfielder,True,True,True,0.07237635705669482,0.07237635705669482,0.14475271411338964,0.07237635705669482,0.0,0.0,0.25331724969843183,0.0,0.7599517490952955,0.18094089264173702,1.4837153196622437,1.2303980699638117,0.0,0.21712907117008443,1.3027744270205066,0.8323281061519904,0.0
Christian Eriksen,dk DEN,MF,Wolfsburg,de Bundesliga,33.0,1992.0,31,27,2410,26.8,3,9,12,0,3,4,4,0,38,14,13,5,3,131,18,20,0,36.8,0.0,0.0,0.77,-0.63,0.33,,,,,,,,,,,,,,,MF,,False,Midfielder,True,True,True,0.11203319502074688,0.3360995850622407,0.4481327800829875,0.0,0.11203319502074688,0.14937759336099585,0.14937759336099585,0.0,1.4190871369294604,0.5228215767634855,0.4854771784232365,0.18672199170124482,0.11203319502074688,4.8921161825726145,0.6721991701244814,0.7468879668049793,0.0
Carlos Espí,es ESP,FW,Levante,es La Liga,20.0,2005.0,25,13,1343,14.9,11,0,11,11,0,0,3,0,57,24,31,25,10,1,9,7,0,42.1,0.19,0.46,1.28,0.27,1.05,,,,,,,,,,,,,,,FW,,False,Forward,True,True,False,0.7371556217423678,0.0,0.7371556217423678,0.7371556217423678,0.0,0.0,0.20104244229337304,0.0,3.8198064035740877,1.6083395383469843,2.077438570364855,1.6753536857781086,0.6701414743112435,0.06701414743112435,0.6031273268801192,0.46909903201787045,0.0
Alfonso Espino,uy URU,"DF,MF",Rayo Vallecano,es La Liga,33.0,1992.0,30,15,1486,16.5,2,0,2,2,0,0,3,0,20,9,24,30,10,49,15,33,0,45.0,0.1,0.22,1.5,-0.48,-0.72,,,,,,,,,,,,,,,DF,MF,True,Defender,True,True,True,0.12113055181695828,0.0,0.12113055181695828,0.12113055181695828,0.0,0.0,0.1816958277254374,0.0,1.2113055181695829,0.5450874831763123,1.4535666218034993,1.816958277254374,0.6056527590847914,2.9676985195154777,0.908479138627187,1.9986541049798117,0.0
Francesco Esposito,it ITA,FW,Inter,it Serie A,20.0,2005.0,35,15,1571,17.5,7,3,10,7,0,0,1,0,57,23,29,50,2,4,5,5,0,40.4,0.12,0.3,2.31,1.09,-0.62,,,,,,,,,,,,,,,FW,,False,Forward,True,True,True,0.40101845957988547,0.1718650541056652,0.5728835136855506,0.40101845957988547,0.0,0.0,0.057288351368555056,0.0,3.2654360280076387,1.3176320814767664,1.6613621896880968,2.864417568427753,0.11457670273711011,0.22915340547422022,0.2864417568427753,0.2864417568427753,0.0
Sebastiano Esposito,it ITA,"FW,MF",Cagliari,it Serie A,23.0,2002.0,36,34,2675,29.7,7,5,12,6,1,1,6,0,57,16,46,56,5,139,21,35,0,28.1,0.11,0.38,1.17,-0.24,0.49,,,,,,,,,,,,,,,FW,MF,True,Forward,True,True,True,0.2355140186915888,0.16822429906542058,0.40373831775700936,0.20186915887850468,0.03364485981308411,0.03364485981308411,0.20186915887850468,0.0,1.9177570093457943,0.5383177570093458,1.5476635514018693,1.8841121495327104,0.16822429906542058,4.676635514018692,0.7065420560747664,1.177570093457944,0.0
Maxime Estève,fr FRA,DF,Burnley,eng Premier League,23.0,2002.0,34,34,2932,32.6,0,0,0,0,0,0,1,0,10,1,13,12,0,6,37,27,2,10.0,0.0,0.0,0.56,-1.11,-0.92,,,,,,,,,,,,,,,DF,,False,Defender,True,True,True,0.0,0.0,0.0,0.0,0.0,0.0,0.030695770804911322,0.0,0.30695770804911326,0.030695770804911322,0.3990450204638472,0.36834924965893584,0.0,0.18417462482946792,1.135743519781719,0.8287858117326057,0.061391541609822645
Nahuel Estévez,ar ARG,MF,Parma,it Serie A,29.0,1995.0,32,9,1049,11.7,0,1,1,0,0,0,2,0,9,1,11,13,0,43,5,10,0,11.1,0.0,0.0,1.06,-0.34,0.19,,,,,,,,,,,,,,,MF,,False,Midfielder,True,True,False,0.0,0.08579599618684461,0.08579599618684461,0.0,0.0,0.0,0.17159199237368922,0.0,0.7721639656816015,0.08579599618684461,0.9437559580552907,1.11534795042898,0.0,3.689227836034318,0.42897998093422307,0.8579599618684461,0.0
Pervis Estupiñán,ec ECU,MF,Milan,it Serie A,27.0,1998.0,19,13,1034,11.5,1,1,2,1,0,0,5,1,9,1,17,8,5,20,11,9,0,11.1,0.11,1.0,1.79,0.96,0.69,,,,,,,,,,,,,,,MF,,False,Midfielder,True,True,False,0.08704061895551257,0.08704061895551257,0.17408123791102514,0.08704061895551257,0.0,0.0,0.4352030947775629,0.08704061895551257,0.7833655705996132,0.08704061895551257,1.4796905222437136,0.6963249516441006,0.4352030947775629,1.7408123791102517,0.9574468085106382,0.7833655705996132,0.0
Karl Etta Eyong,cm CMR,FW,Levante,es La Liga,21.0,2003.0,30,15,1416,15.7,6,2,8,6,0,1,3,0,43,21,29,30,6,13,6,11,0,48.8,0.14,0.29,1.07,-0.7,-0.56,,,,,,,,,,,,,,,FW,,False,Forward,True,True,True,0.3813559322033898,0.1271186440677966,0.5084745762711864,0.3813559322033898,0.0,0.0635593220338983,0.1906779661016949,0.0,2.733050847457627,1.3347457627118644,1.8432203389830508,1.906779661016949,0.3813559322033898,0.826271186440678,0.3813559322033898,0.6991525423728814,0.0
Evanilson,br BRA,FW,Bournemouth,eng Premier League,25.0,1999.0,36,32,2742,30.5,6,1,7,6,0,0,2,0,72,23,26,37,28,3,6,5,0,31.9,0.08,0.26,1.47,0.1,-0.03,,,,,,,,,,,,,,,FW,,False,Forward,True,True,True,0.19693654266958424,0.03282275711159737,0.22975929978118165,0.19693654266958424,0.0,0.0,0.06564551422319474,0.0,2.363238512035011,0.7549234135667395,0.8533916849015317,1.2144420131291027,0.9190371991247266,0.09846827133479212,0.19693654266958424,0.1641137855579869,0.0
Edu Expósito,es ESP,MF,Espanyol,es La Liga,28.0,1996.0,36,32,2523,28.0,1,6,7,1,0,0,9,0,44,13,28,42,2,254,24,29,0,29.5,0.02,0.08,1.17,-0.14,0.66,,,,,,,,,,,,,,,MF,,False,Midfielder,True,True,True,0.0356718192627824,0.2140309155766944,0.24970273483947683,0.0356718192627824,0.0,0.0,0.3210463733650416,0.0,1.5695600475624256,0.46373365041617126,0.9988109393579073,1.4982164090368608,0.0713436385255648,9.060642092746729,0.8561236623067776,1.0344827586206897,0.0
Eberechi Eze,eng ENG,"MF,FW",Arsenal,eng Premier League,27.0,1998.0,32,21,1812,20.1,7,2,9,7,0,0,1,0,57,18,14,38,1,8,11,13,0,31.6,0.12,0.39,2.09,1.14,-0.03,,,,,,,,,,,,,,,MF,FW,True,Midfielder,True,True,True,0.347682119205298,0.09933774834437085,0.4470198675496689,0.347682119205298,0.0,0.0,0.04966887417218543,0.0,2.8311258278145695,0.8940397350993378,0.695364238410596,1.8874172185430462,0.04966887417218543,0.3973509933774834,0.5463576158940397,0.6456953642384106,0.0
Abde Ezzalzouli,ma MAR,"MF,FW",Real Betis,es La Liga,23.0,2001.0,29,26,2247,25.0,10,8,18,10,0,0,3,0,73,26,28,71,4,55,15,32,0,35.6,0.14,0.38,1.62,0.44,0.44,,,,,,,,,,,,,,,MF,FW,True,Midfielder,True,True,True,0.40053404539385845,0.3204272363150868,0.7209612817089454,0.40053404539385845,0.0,0.0,0.12016021361815754,0.0,2.923898531375167,1.041388518024032,1.1214953271028036,2.843791722296395,0.1602136181575434,2.2029372496662214,0.6008010680907877,1.2817089452603472,0.0
Alieu Fadera,gm GAM,FW,Sassuolo,it Serie A,23.0,2001.0,28,8,987,11.0,2,1,3,2,0,0,5,0,13,4,36,36,8,24,5,23,0,30.8,0.15,0.5,1.57,0.09,0.28,,,,,,,,,,,,,,,FW,,False,Forward,True,True,False,0.18237082066869303,0.09118541033434652,0.2735562310030395,0.18237082066869303,0.0,0.0,0.45592705167173253,0.0,1.1854103343465046,0.36474164133738607,3.282674772036474,3.282674772036474,0.7294832826747721,2.188449848024316,0.45592705167173253,2.0972644376899696,0.0
Wout Faes,be BEL,DF,Monaco,fr Ligue 1,27.0,1998.0,14,13,1141,12.7,0,0,0,0,0,0,3,0,5,1,14,3,0,1,14,12,0,20.0,0.0,0.0,1.71,0.32,0.22,,,,,,,,,,,,,,,DF,,False,Defender,True,True,False,0.0,0.0,0.0,0.0,0.0,0.0,0.23663453111305874,0.0,0.3943908851884312,0.07887817703768624,1.1042944785276074,0.23663453111305874,0.0,0.07887817703768624,1.1042944785276074,0.946538124452235,0.0
Nicolò Fagioli,it ITA,MF,Fiorentina,it Serie A,24.0,2001.0,33,30,2554,28.4,2,3,5,2,0,0,5,0,33,7,23,45,0,84,18,31,0,21.2,0.06,0.29,1.09,-0.39,-0.6,,,,,,,,,,,,,,,MF,,False,Midfielder,True,True,True,0.07047768206734534,0.10571652310101802,0.17619420516836337,0.07047768206734534,0.0,0.0,0.17619420516836337,0.0,1.162881754111198,0.24667188723570868,0.8104933437744714,1.5857478465152701,0.0,2.9600626468285043,0.6342991386061081,1.0924040720438528,0.0
Ansu Fati,es ESP,"MF,FW",Monaco,fr Ligue 1,22.0,2002.0,25,10,1093,12.1,11,0,11,8,3,4,1,0,43,24,9,6,3,8,2,9,0,55.8,0.19,0.33,1.64,0.33,0.24,,,,,,,,,,,,,,,MF,FW,True,Midfielder,True,True,False,0.9057639524245197,0.0,0.9057639524245197,0.6587374199451053,0.24702653247941445,0.32936870997255263,0.08234217749313816,0.0,3.5407136322049406,1.9762122598353156,0.7410795974382433,0.4940530649588289,0.24702653247941445,0.6587374199451053,0.16468435498627632,0.7410795974382433,0.0
Abdoulaye Faye,sn SEN,DF,Lorient,fr Ligue 1,20.0,2004.0,17,16,1444,16.0,0,0,0,0,0,0,8,0,8,2,25,15,0,4,28,24,1,25.0,0.0,0.0,1.18,-0.56,-0.9,,,,,,,,,,,,,,,DF,,False,Defender,True,True,True,0.0,0.0,0.0,0.0,0.0,0.0,0.4986149584487535,0.0,0.4986149584487535,0.12465373961218837,1.5581717451523547,0.9349030470914127,0.0,0.24930747922437674,1.745152354570637,1.4958448753462605,0.062326869806094184
Aleix Febas,es ESP,MF,Elche,es La Liga,29.0,1996.0,36,36,3160,35.1,2,2,4,2,0,0,10,0,23,8,34,118,1,22,27,46,0,34.8,0.09,0.25,1.11,-0.2,0.15,,,,,,,,,,,,,,,MF,,False,Midfielder,True,True,True,0.056962025316455694,0.056962025316455694,0.11392405063291139,0.056962025316455694,0.0,0.0,0.2848101265822785,0.0,0.6550632911392404,0.22784810126582278,0.9683544303797469,3.360759493670886,0.028481012658227847,0.6265822784810127,0.7689873417721519,1.310126582278481,0.0
Robin Fellhauer,de GER,MF,Augsburg,de Bundesliga,27.0,1998.0,34,31,2799,31.1,3,2,5,3,0,0,2,0,30,9,25,33,6,92,22,43,0,30.0,0.1,0.33,1.26,-0.58,-1.27,,,,,,,,,,,,,,,MF,,False,Midfielder,True,True,True,0.09646302250803858,0.06430868167202572,0.1607717041800643,0.09646302250803858,0.0,0.0,0.06430868167202572,0.0,0.9646302250803859,0.28938906752411575,0.8038585209003215,1.0610932475884245,0.19292604501607716,2.9581993569131835,0.707395498392283,1.382636655948553,0.0
Kiko Femenía,es ESP,"DF,MF",Getafe,es La Liga,34.0,1991.0,28,25,2008,22.3,1,1,2,1,0,0,6,0,8,3,21,11,5,43,36,24,0,37.5,0.13,0.33,1.25,-0.18,-0.05,,,,,,,,,,,,,,,DF,MF,True,Defender,True,True,True,0.044820717131474105,0.044820717131474105,0.08964143426294821,0.044820717131474105,0.0,0.0,0.2689243027888446,0.0,0.35856573705179284,0.1344621513944223,0.9412350597609561,0.49302788844621515,0.2241035856573705,1.9272908366533863,1.6135458167330679,1.0756972111553784,0.0
Lewis Ferguson,sct SCO,MF,Bologna,it Serie A,25.0,1999.0,27,17,1601,17.8,1,0,1,1,0,0,7,1,13,2,34,26,3,25,12,16,0,15.4,0.08,0.5,1.15,-0.39,-0.89,,,,,,,,,,,,,,,MF,,False,Midfielder,True,True,True,0.056214865708931916,0.0,0.056214865708931916,0.056214865708931916,0.0,0.0,0.3935040599625234,0.056214865708931916,0.730793254216115,0.11242973141786383,1.9113054341036853,1.46158650843223,0.16864459712679578,1.4053716427232978,0.6745783885071831,0.8994378513429107,0.0
Bruno Fernandes,pt POR,MF,Manchester Utd,eng Premier League,30.0,1994.0,35,35,3063,34.0,9,21,30,5,4,6,5,0,85,24,24,35,4,181,21,35,0,28.2,0.06,0.21,1.89,0.59,0.84,,,,,,,,,,,,,,,MF,,False,Midfielder,True,True,True,0.2644466209598433,0.6170421155729677,0.881488736532811,0.14691478942213515,0.11753183153770813,0.1762977473065622,0.14691478942213515,0.0,2.497551420176298,0.7051909892262488,0.7051909892262488,1.0284035259549462,0.11753183153770813,5.318315377081293,0.6170421155729677,1.0284035259549462,0.0
Mateus Fernandes,pt POR,MF,West Ham United,eng Premier League,21.0,2004.0,36,35,3016,33.5,3,4,7,3,0,0,7,0,28,8,49,49,0,51,36,67,0,28.6,0.11,0.38,1.08,-0.3,1.71,,,,,,,,,,,,,,,MF,,False,Midfielder,True,True,True,0.08952254641909814,0.11936339522546419,0.20888594164456234,0.08952254641909814,0.0,0.0,0.20888594164456234,0.0,0.8355437665782494,0.23872679045092837,1.4622015915119362,1.4622015915119362,0.0,1.5218832891246685,1.0742705570291777,1.999336870026525,0.0
Enzo Fernández,ar ARG,MF,Chelsea,eng Premier League,24.0,2001.0,36,35,3115,34.6,10,4,14,8,2,2,10,0,72,31,36,45,1,89,20,24,0,43.1,0.11,0.26,1.36,0.2,0.5,,,,,,,,,,,,,,,MF,,False,Midfielder,True,True,True,0.28892455858747995,0.11556982343499198,0.40449438202247195,0.23113964686998395,0.05778491171749599,0.05778491171749599,0.28892455858747995,0.0,2.0802568218298556,0.8956661316211878,1.0401284109149278,1.3001605136436598,0.028892455858747994,2.571428571428571,0.5778491171749599,0.6934189406099518,0.0
Ezequiél Fernández,ar ARG,MF,Leverkusen,de Bundesliga,23.0,2002.0,20,12,984,10.9,0,1,1,0,0,0,4,1,11,1,14,24,1,4,14,17,0,9.1,0.0,0.0,2.05,0.09,-0.78,,,,,,,,,,,,,,,MF,,False,Midfielder,True,True,False,0.0,0.09146341463414635,0.09146341463414635,0.0,0.0,0.0,0.3658536585365854,0.09146341463414635,1.0060975609756098,0.09146341463414635,1.2804878048780488,2.1951219512195124,0.09146341463414635,0.3658536585365854,1.2804878048780488,1.5548780487804879,0.0
Roberto Férnandez,es ESP,FW,Espanyol,es La Liga,23.0,2002.0,38,25,2382,26.5,7,3,10,6,1,1,3,0,59,23,40,47,9,9,6,5,0,39.0,0.1,0.26,1.21,-0.3,0.04,,,,,,,,,,,,,,,FW,,False,Forward,True,True,True,0.26448362720403024,0.11335012594458438,0.3778337531486146,0.22670025188916876,0.03778337531486146,0.03778337531486146,0.11335012594458438,0.0,2.229219143576826,0.8690176322418135,1.5113350125944585,1.7758186397984885,0.34005037783375314,0.34005037783375314,0.22670025188916876,0.1889168765743073,0.0
Matias Fernandez-Pardo,be BEL,"FW,MF",Lille,fr Ligue 1,20.0,2005.0,29,27,2370,26.3,8,5,13,6,2,2,5,0,68,30,15,40,16,57,8,14,0,44.1,0.09,0.2,1.69,0.23,-0.95,,,,,,,,,,,,,,,FW,MF,True,Forward,True,True,True,0.3037974683544304,0.18987341772151897,0.4936708860759494,0.22784810126582278,0.0759493670886076,0.0759493670886076,0.18987341772151897,0.0,2.5822784810126582,1.139240506329114,0.569620253164557,1.5189873417721518,0.6075949367088608,2.1645569620253164,0.3037974683544304,0.5316455696202531,0.0
Zian Flemming,nl NED,FW,Burnley,eng Premier League,26.0,1998.0,29,21,1768,19.6,11,0,11,9,2,2,5,0,52,21,51,26,3,6,6,10,0,40.4,0.17,0.43,0.66,-0.61,0.75,,,,,,,,,,,,,,,FW,,False,Forward,True,True,True,0.5599547511312217,0.0,0.5599547511312217,0.45814479638009054,0.10180995475113123,0.10180995475113123,0.25452488687782804,0.0,2.6470588235294117,1.0690045248868778,2.5961538461538463,1.3235294117647058,0.15271493212669685,0.3054298642533937,0.3054298642533937,0.5090497737556561,0.0
Romano Floriani,it ITA,MF,Cremonese,it Serie A,22.0,2003.0,28,12,1168,13.0,0,1,1,0,0,0,2,0,5,1,21,5,2,29,6,14,0,20.0,0.0,0.0,0.75,-0.77,-0.17,,,,,,,,,,,,,,,MF,,False,Midfielder,True,True,False,0.0,0.07705479452054795,0.07705479452054795,0.0,0.0,0.0,0.1541095890410959,0.0,0.3852739726027397,0.07705479452054795,1.6181506849315068,0.3852739726027397,0.1541095890410959,2.2345890410958904,0.46232876712328763,1.0787671232876712,0.0
Phil Foden,eng ENG,MF,Manchester City,eng Premier League,25.0,2000.0,33,23,2086,23.2,7,5,12,7,0,0,4,0,55,19,18,31,3,119,10,16,0,34.5,0.13,0.37,2.0,1.47,0.93,,,,,,,,,,,,,,,MF,,False,Midfielder,True,True,True,0.30201342281879195,0.21572387344199426,0.5177372962607862,0.30201342281879195,0.0,0.0,0.1725790987535954,0.0,2.3729626078619366,0.8197507190795782,0.7766059443911794,1.3374880153403643,0.12943432406519656,5.134228187919463,0.4314477468839885,0.6903163950143816,0.0
Wesley Fofana,fr FRA,DF,Chelsea,eng Premier League,24.0,2000.0,25,20,1722,19.1,0,1,1,0,0,0,9,2,8,1,27,17,1,2,38,11,0,12.5,0.0,0.0,1.52,0.16,0.0,,,,,,,,,,,,,,,DF,,False,Defender,True,True,True,0.0,0.05226480836236934,0.05226480836236934,0.0,0.0,0.0,0.47038327526132406,0.10452961672473868,0.4181184668989547,0.05226480836236934,1.411149825783972,0.8885017421602788,0.05226480836236934,0.10452961672473868,1.9860627177700347,0.5749128919860628,0.0
Youssouf Fofana,fr FRA,MF,Milan,it Serie A,26.0,1999.0,33,28,2203,24.5,2,3,5,2,0,0,4,0,45,18,21,16,0,10,19,19,0,40.0,0.04,0.11,1.88,0.65,0.51,,,,,,,,,,,,,,,MF,,False,Midfielder,True,True,True,0.0817067635043123,0.12256014525646845,0.20426690876078077,0.0817067635043123,0.0,0.0,0.1634135270086246,0.0,1.8384021788470268,0.7353608715388108,0.8579210167952792,0.6536541080344984,0.0,0.40853381752156154,0.7762142532909669,0.7762142532909669,0.0
Jonas Föhrenbach,de GER,"DF,MF",Heidenheim,de Bundesliga,29.0,1996.0,27,25,2325,25.8,1,1,2,1,0,0,3,0,6,1,16,18,1,78,33,27,0,16.7,0.17,1.0,0.93,-0.66,1.06,,,,,,,,,,,,,,,DF,MF,True,Defender,True,True,True,0.03870967741935484,0.03870967741935484,0.07741935483870968,0.03870967741935484,0.0,0.0,0.11612903225806452,0.0,0.23225806451612904,0.03870967741935484,0.6193548387096774,0.6967741935483871,0.03870967741935484,3.019354838709677,1.2774193548387098,1.0451612903225806,0.0
Michael Folorunsho,it ITA,"MF,FW",Cagliari,it Serie A,27.0,1998.0,27,24,1999,22.2,2,0,2,2,0,0,3,0,36,9,35,49,13,22,10,10,0,25.0,0.06,0.22,0.96,-0.45,-0.26,,,,,,,,,,,,,,,MF,FW,True,Midfielder,True,True,True,0.09004502251125562,0.0,0.09004502251125562,0.09004502251125562,0.0,0.0,0.13506753376688344,0.0,1.6208104052026013,0.40520260130065033,1.5757878939469734,2.206103051525763,0.5852926463231616,0.9904952476238119,0.4502251125562781,0.4502251125562781,0.0
Nicolas Fonseca,uy URU,MF,Oviedo,es La Liga,26.0,1998.0,19,12,1018,11.3,0,0,0,0,0,0,6,0,8,1,27,12,0,4,17,25,0,12.5,0.0,0.0,0.84,-0.8,0.14,,,,,,,,,,,,,,,MF,,False,Midfielder,True,True,False,0.0,0.0,0.0,0.0,0.0,0.0,0.5304518664047151,0.0,0.7072691552062867,0.08840864440078584,2.387033398821218,1.0609037328094302,0.0,0.3536345776031434,1.5029469548133596,2.2102161100196462,0.0
Pablo Fornals,es ESP,MF,Real Betis,es La Liga,29.0,1996.0,37,34,2848,31.6,9,6,15,9,0,0,2,0,43,18,32,26,13,140,34,26,0,41.9,0.21,0.5,1.62,0.47,1.1,,,,,,,,,,,,,,,MF,,False,Midfielder,True,True,True,0.28441011235955055,0.1896067415730337,0.47401685393258425,0.28441011235955055,0.0,0.0,0.06320224719101124,0.0,1.3588483146067416,0.5688202247191011,1.0112359550561798,0.821629213483146,0.410814606741573,4.424157303370786,1.074438202247191,0.821629213483146,0.0
Lyle Foster,za RSA,"FW,MF",Burnley,eng Premier League,24.0,2000.0,26,15,1371,15.2,3,2,5,3,0,0,4,0,20,6,22,13,11,6,4,12,0,30.0,0.15,0.5,0.58,-1.25,-0.46,,,,,,,,,,,,,,,FW,MF,True,Forward,True,True,True,0.19693654266958424,0.13129102844638948,0.3282275711159738,0.19693654266958424,0.0,0.0,0.26258205689277897,0.0,1.3129102844638951,0.3938730853391685,1.4442013129102846,0.8533916849015317,0.7221006564551423,0.3938730853391685,0.26258205689277897,0.787746170678337,0.0
Dimitri Foulquier,fr FRA,DF,Valencia,es La Liga,32.0,1993.0,15,12,1150,12.8,0,0,0,0,0,0,1,0,6,1,16,7,0,11,8,9,0,16.7,0.0,0.0,1.27,-0.39,-0.23,,,,,,,,,,,,,,,DF,,False,Defender,True,True,False,0.0,0.0,0.0,0.0,0.0,0.0,0.0782608695652174,0.0,0.4695652173913044,0.0782608695652174,1.2521739130434784,0.5478260869565217,0.0,0.8608695652173912,0.6260869565217392,0.7043478260869566,0.0
Juan Foyth,ar ARG,DF,Villarreal,es La Liga,27.0,1998.0,13,12,934,10.4,0,0,0,0,0,0,2,0,2,0,8,1,0,0,15,13,0,0.0,0.0,,2.15,1.25,0.78,,,,,,,,,,,,,,,DF,,False,Defender,True,True,False,0.0,0.0,0.0,0.0,0.0,0.0,0.19271948608137046,0.0,0.19271948608137046,0.0,0.7708779443254818,0.09635974304068523,0.0,0.0,1.4453961456102784,1.2526766595289078,0.0
Alejandro Francés,es ESP,DF,Girona,es La Liga,22.0,2002.0,24,11,1116,12.4,0,2,2,0,0,0,2,1,16,4,15,23,1,24,16,15,0,25.0,0.0,0.0,1.33,-0.48,-0.09,,,,,,,,,,,,,,,DF,,False,Defender,True,True,False,0.0,0.16129032258064516,0.16129032258064516,0.0,0.0,0.0,0.16129032258064516,0.08064516129032258,1.2903225806451613,0.3225806451612903,1.2096774193548387,1.8548387096774195,0.08064516129032258,1.935483870967742,1.2903225806451613,1.2096774193548387,0.0
Przemysław Frankowski,pl POL,"MF,DF",Rennes,fr Ligue 1,30.0,1995.0,19,15,1210,13.4,1,2,3,1,0,0,5,0,9,3,13,10,1,82,9,25,0,33.3,0.11,0.33,1.68,0.3,0.05,,,,,,,,,,,,,,,MF,DF,True,Midfielder,True,True,False,0.0743801652892562,0.1487603305785124,0.2231404958677686,0.0743801652892562,0.0,0.0,0.371900826446281,0.0,0.6694214876033058,0.2231404958677686,0.9669421487603306,0.743801652892562,0.0743801652892562,6.099173553719008,0.6694214876033058,1.859504132231405,0.0
Morten Frendrup,dk DEN,MF,Genoa,it Serie A,24.0,2001.0,36,35,3081,34.2,1,0,1,1,0,0,5,0,8,3,41,39,0,5,41,71,0,37.5,0.13,0.33,0.97,-0.26,0.0,,,,,,,,,,,,,,,MF,,False,Midfielder,True,True,True,0.029211295034079845,0.0,0.029211295034079845,0.029211295034079845,0.0,0.0,0.1460564751703992,0.0,0.23369036027263876,0.08763388510223953,1.1976630963972736,1.139240506329114,0.0,0.1460564751703992,1.1976630963972736,2.074001947419669,0.0
Martin Frese,dk DEN,"MF,DF",Hellas Verona,it Serie A,27.0,1998.0,31,27,2408,26.8,2,0,2,2,0,0,8,0,21,11,46,20,4,74,30,54,1,52.4,0.1,0.18,0.61,-0.9,0.17,,,,,,,,,,,,,,,MF,DF,True,Midfielder,True,True,True,0.07475083056478406,0.0,0.07475083056478406,0.07475083056478406,0.0,0.0,0.29900332225913623,0.0,0.7848837209302325,0.41112956810631235,1.7192691029900333,0.7475083056478405,0.14950166112956811,2.76578073089701,1.1212624584717608,2.0182724252491697,0.03737541528239203
Remo Freuler,ch SUI,MF,Bologna,it Serie A,33.0,1992.0,29,26,2213,24.6,1,2,3,1,0,0,5,0,8,1,19,24,1,18,22,31,1,12.5,0.13,1.0,1.62,0.16,0.24,,,,,,,,,,,,,,,MF,,False,Midfielder,True,True,True,0.04066877541798464,0.08133755083596927,0.12200632625395391,0.04066877541798464,0.0,0.0,0.20334387708992316,0.0,0.3253502033438771,0.04066877541798464,0.7727067329417081,0.9760506100316313,0.04066877541798464,0.7320379575237235,0.894713059195662,1.2607320379575238,0.04066877541798464
Marco Friedl,at AUT,DF,Werder Bremen,de Bundesliga,27.0,1998.0,30,29,2546,28.3,1,0,1,1,0,0,9,1,8,2,17,16,1,15,35,24,0,25.0,0.13,0.5,0.9,-0.71,-0.18,,,,,,,,,,,,,,,DF,,False,Defender,True,True,True,0.03534956794972506,0.0,0.03534956794972506,0.03534956794972506,0.0,0.0,0.31814611154752553,0.03534956794972506,0.2827965435978005,0.07069913589945012,0.6009426551453261,0.565593087195601,0.03534956794972506,0.5302435192458759,1.237234878240377,0.8483896307934015,0.0
Jeremie Frimpong,nl NED,"DF,MF",Liverpool,eng Premier League,24.0,2000.0,21,12,1040,11.6,0,1,1,0,0,0,1,0,10,2,8,21,4,51,6,9,0,20.0,0.0,0.0,1.48,0.61,0.49,,,,,,,,,,,,,,,DF,MF,True,Defender,True,True,False,0.0,0.08653846153846154,0.08653846153846154,0.0,0.0,0.0,0.08653846153846154,0.0,0.8653846153846154,0.17307692307692307,0.6923076923076923,1.8173076923076925,0.34615384615384615,4.413461538461538,0.5192307692307693,0.7788461538461539,0.0
Jorge de Frutos,es ESP,"FW,MF",Rayo Vallecano,es La Liga,28.0,1997.0,36,31,2463,27.4,10,1,11,9,1,1,3,0,62,28,34,39,18,47,11,16,0,45.2,0.15,0.32,1.39,0.33,1.46,,,,,,,,,,,,,,,FW,MF,True,Forward,True,True,True,0.3654080389768575,0.03654080389768575,0.40194884287454324,0.3288672350791717,0.03654080389768575,0.03654080389768575,0.10962241169305724,0.0,2.2655298416565164,1.023142509135201,1.2423873325213155,1.4250913520097441,0.6577344701583434,1.7174177831912303,0.40194884287454324,0.584652862362972,0.0
Chris Führich,de GER,MF,Stuttgart,de Bundesliga,27.0,1998.0,33,20,1698,18.9,7,7,14,7,0,0,2,0,45,23,6,7,5,86,3,9,0,51.1,0.16,0.3,1.79,0.69,0.09,,,,,,,,,,,,,,,MF,,False,Midfielder,True,True,True,0.3710247349823321,0.3710247349823321,0.7420494699646643,0.3710247349823321,0.0,0.0,0.10600706713780918,0.0,2.385159010600707,1.2190812720848057,0.31802120141342755,0.3710247349823321,0.26501766784452296,4.558303886925795,0.15901060070671377,0.4770318021201414,0.0
Joel Fujita,jp JPN,MF,St Pauli,de Bundesliga,23.0,2002.0,32,31,2665,29.6,1,3,4,1,0,0,6,0,32,7,37,19,3,28,34,36,0,21.9,0.03,0.14,0.69,-0.95,-0.26,,,,,,,,,,,,,,,MF,,False,Midfielder,True,True,True,0.03377110694183865,0.10131332082551595,0.1350844277673546,0.03377110694183865,0.0,0.0,0.2026266416510319,0.0,1.0806754221388368,0.23639774859287055,1.2495309568480302,0.6416510318949343,0.10131332082551595,0.9455909943714822,1.148217636022514,1.2157598499061915,0.0
Matteo Gabbia,it ITA,DF,Milan,it Serie A,25.0,1999.0,30,28,2530,28.1,0,0,0,0,0,0,4,0,19,3,25,6,0,1,13,14,0,15.8,0.0,0.0,1.93,0.6,0.5,,,,,,,,,,,,,,,DF,,False,Defender,True,True,True,0.0,0.0,0.0,0.0,0.0,0.0,0.1422924901185771,0.0,0.6758893280632411,0.10671936758893281,0.8893280632411067,0.21343873517786563,0.0,0.03557312252964427,0.4624505928853755,0.4980237154150198,0.0
Tiago Gabriel,pt POR,DF,Lecce,it Serie A,20.0,2004.0,37,36,3219,35.8,2,0,2,2,0,0,7,0,20,4,29,40,1,2,46,40,1,20.0,0.1,0.5,1.0,-0.5,1.29,,,,,,,,,,,,,,,DF,,False,Defender,True,True,True,0.05591798695246971,0.0,0.05591798695246971,0.05591798695246971,0.0,0.0,0.195712954333644,0.0,0.5591798695246971,0.11183597390493942,0.8108108108108109,1.1183597390493942,0.027958993476234855,0.05591798695246971,1.2861136999068035,1.1183597390493942,0.027958993476234855
Gianluca Gaetano,it ITA,"MF,FW",Cagliari,it Serie A,25.0,2000.0,33,21,1912,21.2,2,4,6,2,0,0,4,0,34,11,26,29,0,38,23,15,0,32.4,0.06,0.18,1.21,-0.14,0.46,,,,,,,,,,,,,,,MF,FW,True,Midfielder,True,True,True,0.09414225941422594,0.18828451882845187,0.2824267782426778,0.09414225941422594,0.0,0.0,0.18828451882845187,0.0,1.600418410041841,0.5177824267782427,1.2238493723849373,1.365062761506276,0.0,1.788702928870293,1.0826359832635983,0.7060669456066946,0.0
Roberto Gagliardini,it ITA,MF,Hellas Verona,it Serie A,31.0,1994.0,29,25,2272,25.2,1,0,1,1,0,0,9,0,15,3,45,35,0,16,56,40,0,20.0,0.07,0.33,0.52,-0.75,0.58,,,,,,,,,,,,,,,MF,,False,Midfielder,True,True,True,0.03961267605633803,0.0,0.03961267605633803,0.03961267605633803,0.0,0.0,0.35651408450704225,0.0,0.5941901408450704,0.11883802816901408,1.7825704225352115,1.386443661971831,0.0,0.6338028169014085,2.2183098591549295,1.5845070422535212,0.0
Cody Gakpo,nl NED,"MF,FW",Liverpool,eng Premier League,26.0,1999.0,36,32,2737,30.4,7,5,12,7,0,0,3,0,87,21,42,44,30,86,12,15,0,24.1,0.08,0.33,1.5,0.3,0.16,,,,,,,,,,,,,,,MF,FW,True,Midfielder,True,True,True,0.23017902813299235,0.16441359152356594,0.3945926196565583,0.23017902813299235,0.0,0.0,0.09864815491413957,0.0,2.8607964925100475,0.690537084398977,1.381074168797954,1.4468396054073804,0.9864815491413957,2.827913774205334,0.3945926196565583,0.49324077457069787,0.0
Javi Galán,es ESP,DF,Osasuna,es La Liga,30.0,1994.0,20,19,1672,18.6,0,1,1,0,0,0,3,0,6,1,30,37,0,86,27,30,0,16.7,0.0,0.0,1.2,-0.22,-0.11,,,,,,,,,,,,,,,DF,,False,Defender,True,True,True,0.0,0.053827751196172245,0.053827751196172245,0.0,0.0,0.0,0.16148325358851676,0.0,0.3229665071770335,0.053827751196172245,1.6148325358851674,1.9916267942583732,0.0,4.6291866028708135,1.4533492822966507,1.6148325358851674,0.0
Iñigo Ruiz de Galarreta,es ESP,MF,Athletic Club,es La Liga,31.0,1993.0,34,30,2206,24.5,1,2,3,1,0,0,10,0,20,2,54,41,0,62,24,32,0,10.0,0.05,0.5,1.15,-0.37,0.08,,,,,,,,,,,,,,,MF,,False,Midfielder,True,True,True,0.04079782411604714,0.08159564823209428,0.12239347234814144,0.04079782411604714,0.0,0.0,0.40797824116047143,0.0,0.8159564823209429,0.08159564823209428,2.203082502266546,1.672710788757933,0.0,2.529465095194923,0.9791477787851315,1.3055303717135085,0.0
Conor Gallagher,eng ENG,MF,Tottenham Hotspur,eng Premier League,25.0,2000.0,16,14,1184,13.2,1,1,2,1,0,0,2,0,11,4,25,23,1,23,18,14,0,36.4,0.09,0.25,0.81,-0.76,-0.8,,,,,,,,,,,,,,,MF,,False,Midfielder,True,True,False,0.07601351351351351,0.07601351351351351,0.15202702702702703,0.07601351351351351,0.0,0.0,0.15202702702702703,0.0,0.8361486486486487,0.30405405405405406,1.9003378378378377,1.7483108108108107,0.07601351351351351,1.7483108108108107,1.3682432432432434,1.0641891891891893,0.0
Antonino Gallo,it ITA,DF,Lecce,it Serie A,25.0,2000.0,37,34,3056,34.0,0,4,4,0,0,0,3,0,6,1,7,13,0,134,15,37,0,16.7,0.0,0.0,1.03,-0.53,0.46,,,,,,,,,,,,,,,DF,,False,Defender,True,True,True,0.0,0.11780104712041886,0.11780104712041886,0.0,0.0,0.0,0.08835078534031413,0.0,0.17670157068062825,0.029450261780104715,0.20615183246073296,0.3828534031413613,0.0,3.946335078534031,0.44175392670157065,1.0896596858638743,0.0
Idrissa Gana Gueye,sn SEN,MF,Everton,eng Premier League,35.0,1989.0,25,25,2093,23.3,2,3,5,2,0,0,1,1,29,7,21,31,0,19,29,21,0,24.1,0.07,0.29,1.32,0.0,0.2,,,,,,,,,,,,,,,MF,,False,Midfielder,True,True,True,0.08600095556617296,0.12900143334925945,0.2150023889154324,0.08600095556617296,0.0,0.0,0.04300047778308648,0.04300047778308648,1.2470138557095078,0.3010033444816054,0.9030100334448161,1.3330148112756808,0.0,0.8170090778786431,1.2470138557095078,0.9030100334448161,0.0
Ignatius Ganago,cm CMR,FW,Nantes,fr Ligue 1,26.0,1999.0,14,11,929,10.3,3,1,4,2,1,1,1,0,23,7,11,14,3,9,2,3,0,30.4,0.09,0.29,0.64,0.19,1.25,,,,,,,,,,,,,,,FW,,False,Forward,True,True,False,0.2906350914962325,0.0968783638320775,0.38751345532831,0.193756727664155,0.0968783638320775,0.0968783638320775,0.0968783638320775,0.0,2.2282023681377825,0.6781485468245425,1.0656620021528525,1.356297093649085,0.2906350914962325,0.8719052744886975,0.193756727664155,0.2906350914962325,0.0
Omri Gandelman,il ISR,"MF,FW",Lecce,it Serie A,25.0,2000.0,19,10,975,10.8,2,1,3,2,0,0,0,0,10,3,13,3,1,4,4,6,0,30.0,0.2,0.67,1.11,-0.46,0.16,,,,,,,,,,,,,,,MF,FW,True,Midfielder,True,True,False,0.18461538461538463,0.09230769230769231,0.27692307692307694,0.18461538461538463,0.0,0.0,0.0,0.0,0.9230769230769231,0.27692307692307694,1.2000000000000002,0.27692307692307694,0.09230769230769231,0.36923076923076925,0.36923076923076925,0.5538461538461539,0.0
Ismaëlo Ganiou,fr FRA,DF,Lens,fr Ligue 1,20.0,2005.0,23,22,2014,22.4,3,0,3,3,0,0,4,1,22,4,25,22,0,17,29,27,0,18.2,0.14,0.75,2.09,0.85,-0.18,,,,,,,,,,,,,,,DF,,False,Defender,True,True,True,0.13406156901688182,0.0,0.13406156901688182,0.13406156901688182,0.0,0.0,0.17874875868917575,0.04468718967229394,0.9831181727904666,0.17874875868917575,1.1171797418073486,0.9831181727904666,0.0,0.759682224428997,1.2959285004965242,1.2065541211519364,0.0
Aleix García,es ESP,MF,Leverkusen,de Bundesliga,28.0,1997.0,33,31,2667,29.6,3,8,11,3,0,0,6,0,30,5,8,19,2,123,22,20,0,16.7,0.1,0.6,1.7,0.67,0.45,,,,,,,,,,,,,,,MF,,False,Midfielder,True,True,True,0.10123734533183353,0.26996625421822273,0.3712035995500562,0.10123734533183353,0.0,0.0,0.20247469066366705,0.0,1.012373453318335,0.1687289088863892,0.26996625421822273,0.641169853768279,0.06749156355455568,4.150731158605174,0.7424071991001124,0.6749156355455568,0.0
Álvaro García,es ESP,"MF,FW",Rayo Vallecano,es La Liga,32.0,1992.0,32,23,2101,23.3,4,5,9,4,0,0,3,0,47,19,19,12,15,91,14,15,0,40.4,0.09,0.21,1.19,-0.34,-0.68,,,,,,,,,,,,,,,MF,FW,True,Midfielder,True,True,True,0.17134697762970014,0.21418372203712516,0.38553069966682535,0.17134697762970014,0.0,0.0,0.12851023322227512,0.0,2.0133269871489765,0.8138981437410756,0.8138981437410756,0.5140409328891005,0.6425511661113755,3.8981437410756787,0.5997144217039505,0.6425511661113755,0.0
Eric García,es ESP,"DF,MF",Barcelona,es La Liga,24.0,2001.0,34,32,2721,30.2,1,1,2,1,0,0,6,0,25,7,33,24,1,14,50,44,0,28.0,0.04,0.14,2.5,1.85,1.47,,,,,,,,,,,,,,,DF,MF,True,Defender,True,True,True,0.03307607497243661,0.03307607497243661,0.06615214994487321,0.03307607497243661,0.0,0.0,0.19845644983461963,0.0,0.826901874310915,0.23153252480705622,1.091510474090408,0.7938257993384785,0.03307607497243661,0.46306504961411243,1.65380374862183,1.4553472987872107,0.0
Fran Garcia,es ESP,"DF,MF",Real Madrid,es La Liga,25.0,1999.0,13,10,929,10.3,1,1,2,1,0,0,2,1,6,2,7,14,1,28,6,12,0,33.3,0.17,0.5,2.08,0.87,-0.32,,,,,,,,,,,,,,,DF,MF,True,Defender,True,True,False,0.0968783638320775,0.0968783638320775,0.193756727664155,0.0968783638320775,0.0,0.0,0.193756727664155,0.0968783638320775,0.581270182992465,0.193756727664155,0.6781485468245425,1.356297093649085,0.0968783638320775,2.71259418729817,0.581270182992465,1.16254036598493,0.0
Gonzalo García,es ESP,FW,Real Madrid,es La Liga,21.0,2004.0,30,9,964,10.7,6,1,7,6,0,0,2,0,21,11,9,6,0,3,2,7,0,52.4,0.29,0.55,2.23,1.4,0.41,,,,,,,,,,,,,,,FW,,False,Forward,True,True,False,0.5601659751037344,0.09336099585062241,0.6535269709543569,0.5601659751037344,0.0,0.0,0.18672199170124482,0.0,1.9605809128630705,1.0269709543568464,0.8402489626556017,0.5601659751037344,0.0,0.2800829875518672,0.18672199170124482,0.6535269709543569,0.0
Rubén García,es ESP,"MF,FW",Osasuna,es La Liga,32.0,1993.0,35,28,2229,24.8,2,5,7,2,0,0,6,0,31,10,36,27,1,154,17,31,0,32.3,0.06,0.2,1.17,-0.16,-0.01,,,,,,,,,,,,,,,MF,FW,True,Midfielder,True,True,True,0.08075370121130551,0.2018842530282638,0.28263795423956933,0.08075370121130551,0.0,0.0,0.24226110363391656,0.0,1.2516823687752356,0.4037685060565276,1.4535666218034993,1.0901749663526246,0.040376850605652756,6.218034993270526,0.686406460296097,1.2516823687752356,0.0
Ulisses Garcia,ch SUI,DF,Sassuolo,it Serie A,29.0,1996.0,13,10,943,10.5,1,2,3,1,0,0,3,0,2,1,11,2,1,34,8,10,0,50.0,0.5,1.0,1.31,0.48,0.8,,,,,,,,,,,,,,,DF,,False,Defender,True,True,False,0.09544008483563098,0.19088016967126195,0.2863202545068929,0.09544008483563098,0.0,0.0,0.2863202545068929,0.0,0.19088016967126195,0.09544008483563098,1.0498409331919407,0.19088016967126195,0.09544008483563098,3.244962884411453,0.7635206786850478,0.9544008483563097,0.0
Víctor García,es ESP,"MF,FW",Levante,es La Liga,27.0,1997.0,21,12,1040,11.6,2,1,3,2,0,0,1,0,19,8,13,11,3,65,7,15,0,42.1,0.11,0.25,1.1,-0.17,0.28,,,,,,,,,,,,,,,MF,FW,True,Midfielder,True,True,False,0.17307692307692307,0.08653846153846154,0.25961538461538464,0.17307692307692307,0.0,0.0,0.08653846153846154,0.0,1.6442307692307694,0.6923076923076923,1.125,0.951923076923077,0.25961538461538464,5.625,0.6057692307692308,1.2980769230769231,0.0
Alejandro Garnacho,ar ARG,MF,Chelsea,eng Premier League,21.0,2004.0,24,14,1268,14.1,1,4,5,1,0,0,2,0,33,7,9,23,2,61,4,13,0,21.2,0.03,0.14,1.46,0.0,-0.25,,,,,,,,,,,,,,,MF,,False,Midfielder,True,True,False,0.07097791798107256,0.28391167192429023,0.35488958990536273,0.07097791798107256,0.0,0.0,0.14195583596214512,0.0,2.3422712933753944,0.4968454258675079,0.638801261829653,1.6324921135646688,0.14195583596214512,4.329652996845426,0.28391167192429023,0.9227129337539433,0.0
James Garner,eng ENG,"MF,DF",Everton,eng Premier League,24.0,2001.0,38,38,3413,37.9,2,7,9,2,0,0,12,0,45,14,39,42,0,205,57,72,0,31.1,0.04,0.14,1.29,-0.08,-0.08,,,,,,,,,,,,,,,MF,DF,True,Midfielder,True,True,True,0.052739525344271905,0.18458833870495167,0.23732786404922357,0.052739525344271905,0.0,0.0,0.3164371520656314,0.0,1.1866393202461176,0.36917667740990334,1.0284207442133022,1.10753003222971,0.0,5.40580134778787,1.5030764723117491,1.8986229123937886,0.0
Federico Gatti,it ITA,DF,Juventus,it Serie A,27.0,1998.0,21,12,1093,12.1,2,0,2,2,0,0,3,0,14,6,17,6,0,2,12,10,0,42.9,0.14,0.33,2.0,-0.08,-1.17,,,,,,,,,,,,,,,DF,,False,Defender,True,True,False,0.16468435498627632,0.0,0.16468435498627632,0.16468435498627632,0.0,0.0,0.24702653247941445,0.0,1.152790484903934,0.4940530649588289,1.3998170173833486,0.4940530649588289,0.0,0.16468435498627632,0.9881061299176578,0.8234217749313816,0.0
Jean-Philippe Gbamin,ci CIV,"DF,MF",Metz,fr Ligue 1,29.0,1995.0,31,30,2485,27.6,1,1,2,1,0,0,2,1,14,7,25,8,0,5,27,27,0,50.0,0.07,0.14,0.48,-1.3,-0.05,,,,,,,,,,,,,,,DF,MF,True,Defender,True,True,True,0.03621730382293763,0.03621730382293763,0.07243460764587525,0.03621730382293763,0.0,0.0,0.07243460764587525,0.03621730382293763,0.5070422535211268,0.2535211267605634,0.9054325955734407,0.289738430583501,0.0,0.18108651911468815,0.977867203219316,0.977867203219316,0.0
Yann Gboho,fr FRA,"MF,FW",Toulouse,fr Ligue 1,24.0,2001.0,32,31,2691,29.9,8,3,11,8,0,0,1,1,58,16,16,69,5,33,13,19,0,27.6,0.14,0.5,1.31,0.13,0.87,,,,,,,,,,,,,,,MF,FW,True,Midfielder,True,True,True,0.26755852842809363,0.10033444816053512,0.3678929765886288,0.26755852842809363,0.0,0.0,0.033444816053511704,0.033444816053511704,1.939799331103679,0.5351170568561873,0.5351170568561873,2.3076923076923075,0.16722408026755853,1.1036789297658862,0.43478260869565216,0.6354515050167224,0.0
Lutsharel Geertruida,nl NED,"DF,MF",Sunderland,eng Premier League,25.0,2000.0,28,17,1693,18.8,0,0,0,0,0,0,2,0,11,3,15,7,1,9,20,22,0,27.3,0.0,0.0,1.36,-0.37,-0.42,,,,,,,,,,,,,,,DF,MF,True,Defender,True,True,True,0.0,0.0,0.0,0.0,0.0,0.0,0.10632014176018902,0.0,0.5847607796810396,0.15948021264028353,0.7974010632014177,0.37212049616066156,0.05316007088009451,0.47844063792085056,1.06320141760189,1.1695215593620791,0.0
Yannick Gerhardt,de GER,MF,Wolfsburg,de Bundesliga,31.0,1994.0,19,12,1068,11.9,1,0,1,1,0,0,1,0,11,1,20,14,0,8,10,8,0,9.1,0.09,1.0,1.16,-1.01,-0.47,,,,,,,,,,,,,,,MF,,False,Midfielder,True,True,False,0.08426966292134831,0.0,0.08426966292134831,0.08426966292134831,0.0,0.0,0.08426966292134831,0.0,0.9269662921348314,0.08426966292134831,1.6853932584269664,1.1797752808988764,0.0,0.6741573033707865,0.8426966292134832,0.6741573033707865,0.0
Willem Geubbels,fr FRA,FW,Paris FC,fr Ligue 1,23.0,2001.0,24,12,1013,11.3,5,0,5,4,1,1,0,0,30,9,19,3,10,9,6,2,0,30.0,0.13,0.44,1.29,-0.27,-0.27,,,,,,,,,,,,,,,FW,,False,Forward,True,True,False,0.4442250740375123,0.0,0.4442250740375123,0.35538005923000987,0.08884501480750247,0.08884501480750247,0.0,0.0,2.665350444225074,0.7996051332675221,1.688055281342547,0.2665350444225074,0.8884501480750246,0.7996051332675221,0.5330700888450148,0.17769002961500494,0.0
Daniele Ghilardi,it ITA,DF,Roma,it Serie A,22.0,2003.0,23,9,1097,12.2,0,0,0,0,0,0,1,0,3,0,23,17,0,3,22,15,0,0.0,0.0,,2.0,0.33,-0.6,,,,,,,,,,,,,,,DF,,False,Defender,True,True,False,0.0,0.0,0.0,0.0,0.0,0.0,0.0820419325432999,0.0,0.24612579762989975,0.0,1.886964448495898,1.3947128532360984,0.0,0.24612579762989975,1.804922515952598,1.2306289881494987,0.0
Dimitris Giannoulis,gr GRE,MF,Augsburg,de Bundesliga,29.0,1995.0,27,25,1888,21.0,2,5,7,2,0,0,8,0,10,6,16,20,4,99,21,20,0,60.0,0.2,0.33,1.37,-0.33,0.36,,,,,,,,,,,,,,,MF,,False,Midfielder,True,True,True,0.09533898305084745,0.23834745762711862,0.3336864406779661,0.09533898305084745,0.0,0.0,0.3813559322033898,0.0,0.47669491525423724,0.2860169491525424,0.7627118644067796,0.9533898305084745,0.1906779661016949,4.719279661016949,1.0010593220338984,0.9533898305084745,0.0
Morgan Gibbs-White,eng ENG,MF,Nottingham Forest,eng Premier League,25.0,2000.0,37,35,3097,34.4,15,4,19,14,1,1,1,0,83,32,26,41,5,42,12,16,0,38.6,0.17,0.44,1.16,-0.09,-0.09,,,,,,,,,,,,,,,MF,,False,Midfielder,True,True,True,0.4359057152082661,0.11624152405553762,0.5521472392638037,0.4068453341943816,0.029060381013884404,0.029060381013884404,0.029060381013884404,0.0,2.4120116241524054,0.9299321924443009,0.7555699063609945,1.1914756215692606,0.145301905069422,1.220536002583145,0.34872457216661285,0.46496609622215046,0.0
Bryan Gil,es ESP,"MF,FW",Girona,es La Liga,24.0,2001.0,29,20,1578,17.5,0,3,3,0,0,0,6,0,27,7,20,37,6,52,9,18,0,25.9,0.0,0.0,1.14,-0.11,0.57,,,,,,,,,,,,,,,MF,FW,True,Midfielder,True,True,True,0.0,0.17110266159695817,0.17110266159695817,0.0,0.0,0.0,0.34220532319391633,0.0,1.5399239543726235,0.39923954372623577,1.1406844106463878,2.1102661596958177,0.34220532319391633,2.9657794676806084,0.5133079847908746,1.0266159695817492,0.0
Mario Gila,es ESP,DF,Lazio,it Serie A,24.0,2000.0,31,31,2472,27.5,0,0,0,0,0,0,4,1,12,3,19,25,0,1,26,34,0,25.0,0.0,0.0,1.45,0.11,0.3,,,,,,,,,,,,,,,DF,,False,Defender,True,True,True,0.0,0.0,0.0,0.0,0.0,0.0,0.14563106796116507,0.03640776699029127,0.4368932038834951,0.10922330097087378,0.691747572815534,0.9101941747572815,0.0,0.03640776699029127,0.9466019417475728,1.2378640776699028,0.0
Benedikt Gimber,de GER,DF,Heidenheim,de Bundesliga,28.0,1997.0,21,18,1436,16.0,0,0,0,0,0,0,6,0,4,1,27,31,0,5,15,21,0,25.0,0.0,0.0,0.62,-2.01,-2.06,,,,,,,,,,,,,,,DF,,False,Defender,True,True,True,0.0,0.0,0.0,0.0,0.0,0.0,0.3760445682451254,0.0,0.25069637883008355,0.06267409470752089,1.692200557103064,1.9428969359331476,0.0,0.31337047353760444,0.9401114206128134,1.3161559888579386,0.0
Gvidas Gineitis,lt LTU,MF,Torino,it Serie A,21.0,2004.0,29,23,1756,19.5,0,1,1,0,0,0,5,0,27,5,43,32,1,64,23,28,0,18.5,0.0,0.0,1.31,-0.67,-0.34,,,,,,,,,,,,,,,MF,,False,Midfielder,True,True,True,0.0,0.05125284738041002,0.05125284738041002,0.0,0.0,0.0,0.25626423690205014,0.0,1.3838268792710706,0.25626423690205014,2.203872437357631,1.6400911161731206,0.05125284738041002,3.2801822323462413,1.1788154897494305,1.4350797266514808,0.0
Matthias Ginter,de GER,DF,Freiburg,de Bundesliga,31.0,1994.0,32,32,2833,31.5,3,3,6,3,0,0,3,0,19,7,16,19,2,15,22,14,0,36.8,0.16,0.43,1.47,-0.06,1.52,,,,,,,,,,,,,,,DF,,False,Defender,True,True,True,0.0953053300388281,0.0953053300388281,0.1906106600776562,0.0953053300388281,0.0,0.0,0.0953053300388281,0.0,0.6036004235792446,0.22237910342393222,0.5082950935404165,0.6036004235792446,0.06353688669255206,0.4765266501941405,0.6989057536180727,0.44475820684786443,0.0
Giovane,br BRA,"FW,MF",Hellas Verona,it Serie A,21.0,2003.0,21,19,1533,17.0,3,4,7,3,0,0,2,0,47,25,21,15,8,56,5,9,0,53.2,0.06,0.12,0.67,-0.65,0.55,,,,,,,,,,,,,,,FW,MF,True,Forward,True,True,True,0.1761252446183953,0.23483365949119372,0.410958904109589,0.1761252446183953,0.0,0.0,0.11741682974559686,0.0,2.759295499021526,1.467710371819961,1.2328767123287672,0.8806262230919765,0.46966731898238745,3.287671232876712,0.29354207436399216,0.5283757338551859,0.0
Olivier Giroud,fr FRA,FW,Lille,fr Ligue 1,38.0,1986.0,30,17,1609,17.9,7,1,8,4,3,4,2,0,41,16,27,31,8,2,4,8,0,39.0,0.1,0.25,1.7,-0.5,-1.99,,,,,,,,,,,,,,,FW,,False,Forward,True,True,True,0.3915475450590429,0.05593536357986326,0.4474829086389061,0.22374145431945305,0.1678060907395898,0.22374145431945305,0.11187072715972653,0.0,2.293349906774394,0.8949658172778122,1.5102548166563081,1.7339962709757613,0.4474829086389061,0.11187072715972653,0.22374145431945305,0.4474829086389061,0.0
Serge Gnabry,de GER,MF,Bayern Munich,de Bundesliga,30.0,1995.0,21,16,1219,13.5,8,6,14,8,0,0,1,0,50,17,9,6,6,21,4,10,0,34.0,0.16,0.47,2.71,2.51,-0.03,,,,,,,,,,,,,,,MF,,False,Midfielder,True,True,False,0.59064807219032,0.44298605414273995,1.03363412633306,0.59064807219032,0.0,0.0,0.07383100902379,0.0,3.6915504511895,1.25512715340443,0.6644790812141099,0.44298605414273995,0.44298605414273995,1.5504511894995898,0.29532403609516,0.7383100902379,0.0
Giorgi Gocholeishvili,ge GEO,MF,Hamburger SV,de Bundesliga,24.0,2001.0,24,9,940,10.4,0,2,2,0,0,0,3,1,14,2,13,19,3,20,7,14,0,14.3,0.0,0.0,1.33,-0.29,0.18,,,,,,,,,,,,,,,MF,,False,Midfielder,True,True,False,0.0,0.19148936170212766,0.19148936170212766,0.0,0.0,0.0,0.28723404255319146,0.09574468085106383,1.3404255319148937,0.19148936170212766,1.2446808510638296,1.819148936170213,0.28723404255319146,1.9148936170212765,0.6702127659574468,1.3404255319148937,0.0
Martial Godo,ci CIV,MF,Strasbourg,fr Ligue 1,22.0,2003.0,28,18,1584,17.6,10,1,11,10,0,0,2,0,41,17,15,32,11,31,15,13,0,41.5,0.24,0.59,1.68,1.02,1.45,,,,,,,,,,,,,,,MF,,False,Midfielder,True,True,True,0.5681818181818181,0.05681818181818182,0.625,0.5681818181818181,0.0,0.0,0.11363636363636365,0.0,2.3295454545454546,0.9659090909090908,0.8522727272727273,1.8181818181818183,0.625,1.7613636363636365,0.8522727272727273,0.7386363636363638,0.0
Aleksandr Golovin,ru RUS,MF,Monaco,fr Ligue 1,29.0,1996.0,25,21,1649,18.3,5,5,10,5,0,0,4,1,34,18,29,18,2,37,21,18,0,52.9,0.15,0.28,1.72,0.49,0.68,,,,,,,,,,,,,,,MF,,False,Midfielder,True,True,True,0.272892662219527,0.272892662219527,0.545785324439054,0.272892662219527,0.0,0.0,0.2183141297756216,0.0545785324439054,1.8556701030927836,0.9824135839902971,1.5827774408732564,0.9824135839902971,0.1091570648878108,2.0194057004244996,1.1461491813220133,0.9824135839902971,0.0
João Gomes,br BRA,MF,Wolves,eng Premier League,24.0,2001.0,35,32,2829,31.4,1,1,2,1,0,0,10,0,19,7,69,49,1,31,36,68,0,36.8,0.05,0.14,0.51,-1.11,-0.2,,,,,,,,,,,,,,,MF,,False,Midfielder,True,True,True,0.03181336161187699,0.03181336161187699,0.06362672322375398,0.03181336161187699,0.0,0.0,0.3181336161187699,0.0,0.6044538706256628,0.22269353128313893,2.1951219512195124,1.5588547189819726,0.03181336161187699,0.9862142099681867,1.1452810180275717,2.1633085896076354,0.0
Rodrigo Gomes,pt POR,"MF,FW",Wolves,eng Premier League,22.0,2003.0,22,9,960,10.7,3,0,3,3,0,0,0,0,20,6,6,8,3,24,11,18,0,30.0,0.15,0.5,0.59,-0.56,0.72,,,,,,,,,,,,,,,MF,FW,True,Midfielder,True,True,False,0.28125,0.0,0.28125,0.28125,0.0,0.0,0.0,0.0,1.875,0.5625,0.5625,0.75,0.28125,2.25,1.03125,1.6875,0.0
Toti Gomes,pt POR,DF,Wolves,eng Premier League,26.0,1999.0,19,17,1424,15.8,0,0,0,0,0,0,2,1,5,2,11,11,0,11,13,11,0,40.0,0.0,0.0,0.32,-1.64,-0.97,,,,,,,,,,,,,,,DF,,False,Defender,True,True,True,0.0,0.0,0.0,0.0,0.0,0.0,0.12640449438202248,0.06320224719101124,0.31601123595505615,0.12640449438202248,0.6952247191011236,0.6952247191011236,0.0,0.6952247191011236,0.821629213483146,0.6952247191011236,0.0
Diego Gómez,py PAR,"MF,FW",Brighton,eng Premier League,22.0,2003.0,32,26,2120,23.6,5,1,6,5,0,0,9,0,42,14,49,11,1,23,19,49,0,33.3,0.12,0.36,1.41,-0.13,-0.75,,,,,,,,,,,,,,,MF,FW,True,Midfielder,True,True,True,0.2122641509433962,0.04245283018867924,0.25471698113207547,0.2122641509433962,0.0,0.0,0.3820754716981132,0.0,1.7830188679245282,0.5943396226415094,2.080188679245283,0.46698113207547165,0.04245283018867924,0.9764150943396226,0.8066037735849056,2.080188679245283,0.0
Moi Gómez,es ESP,MF,Osasuna,es La Liga,31.0,1994.0,26,12,1201,13.3,0,2,2,0,0,0,3,0,11,2,20,22,0,36,11,9,0,18.2,0.0,0.0,0.88,0.0,0.24,,,,,,,,,,,,,,,MF,,False,Midfielder,True,True,False,0.0,0.1498751040799334,0.1498751040799334,0.0,0.0,0.0,0.2248126561199001,0.0,0.8243130724396337,0.1498751040799334,1.4987510407993339,1.6486261448792674,0.0,2.697751873438801,0.8243130724396337,0.6744379683597003,0.0
Sergio Gómez,es ESP,DF,Real Sociedad,es La Liga,24.0,2000.0,35,30,2701,30.0,0,6,6,0,0,0,5,1,12,0,45,15,4,153,32,53,0,0.0,0.0,,1.23,0.07,0.57,,,,,,,,,,,,,,,DF,,False,Defender,True,True,True,0.0,0.1999259533506109,0.1999259533506109,0.0,0.0,0.0,0.16660496112550907,0.03332099222510181,0.3998519067012218,0.0,1.4994446501295815,0.4998148833765272,0.13328396890040725,5.098111810440578,1.066271751203258,1.766012587930396,0.0
Unai Gómez,es ESP,MF,Athletic Club,es La Liga,22.0,2003.0,26,12,936,10.4,1,1,2,1,0,0,1,0,23,7,12,6,4,23,3,8,0,30.4,0.04,0.14,1.31,-1.44,-1.44,,,,,,,,,,,,,,,MF,,False,Midfielder,True,True,False,0.09615384615384616,0.09615384615384616,0.19230769230769232,0.09615384615384616,0.0,0.0,0.09615384615384616,0.0,2.2115384615384617,0.6730769230769231,1.1538461538461537,0.5769230769230769,0.38461538461538464,2.2115384615384617,0.28846153846153844,0.7692307692307693,0.0
Valentín Gómez,ar ARG,DF,Real Betis,es La Liga,22.0,2003.0,28,19,1882,20.9,1,0,1,1,0,0,5,0,11,5,26,11,1,12,23,25,0,45.5,0.09,0.2,1.68,0.05,-0.54,,,,,,,,,,,,,,,DF,,False,Defender,True,True,True,0.04782146652497343,0.0,0.04782146652497343,0.04782146652497343,0.0,0.0,0.23910733262486716,0.0,0.5260361317747078,0.23910733262486716,1.2433581296493093,0.5260361317747078,0.04782146652497343,0.5738575982996812,1.099893730074389,1.1955366631243358,0.0
Nicolás González,es ESP,MF,Manchester City,eng Premier League,23.0,2002.0,25,17,1569,17.4,1,0,1,1,0,0,6,0,14,2,30,18,0,3,24,30,0,14.3,0.07,0.5,2.12,1.26,0.29,,,,,,,,,,,,,,,MF,,False,Midfielder,True,True,True,0.05736137667304015,0.0,0.05736137667304015,0.05736137667304015,0.0,0.0,0.3441682600382409,0.0,0.8030592734225622,0.1147227533460803,1.7208413001912046,1.0325047801147227,0.0,0.17208413001912046,1.3766730401529637,1.7208413001912046,0.0
Nicolás González,ar ARG,"MF,DF",Atlético Madrid,es La Liga,27.0,1998.0,24,18,1448,16.1,5,0,5,5,0,0,4,1,43,21,28,25,2,27,11,16,0,48.8,0.12,0.24,2.0,0.81,0.58,,,,,,,,,,,,,,,MF,DF,True,Midfielder,True,True,True,0.31077348066298344,0.0,0.31077348066298344,0.31077348066298344,0.0,0.0,0.24861878453038672,0.06215469613259668,2.6726519337016574,1.3052486187845302,1.740331491712707,1.5538674033149171,0.12430939226519336,1.6781767955801106,0.6837016574585635,0.9944751381215469,0.0
Urko González,es ESP,MF,Espanyol,es La Liga,24.0,2001.0,35,28,2623,29.1,0,1,1,0,0,0,7,0,18,1,42,42,1,12,29,33,0,5.6,0.0,0.0,1.2,-0.45,-0.56,,,,,,,,,,,,,,,MF,,False,Midfielder,True,True,True,0.0,0.03431185665268776,0.03431185665268776,0.0,0.0,0.0,0.24018299656881434,0.0,0.6176134197483797,0.03431185665268776,1.441097979412886,1.441097979412886,0.03431185665268776,0.41174227983225314,0.9950438429279451,1.1322912695386962,0.0
Anthony Gordon,eng ENG,FW,Newcastle United,eng Premier League,24.0,2001.0,26,24,1795,19.9,6,2,8,3,3,3,3,1,48,20,13,40,5,69,3,13,0,41.7,0.06,0.15,1.31,-0.2,-0.31,,,,,,,,,,,,,,,FW,,False,Forward,True,True,True,0.3008356545961003,0.10027855153203342,0.4011142061281337,0.15041782729805014,0.15041782729805014,0.15041782729805014,0.15041782729805014,0.05013927576601671,2.4066852367688023,1.0027855153203342,0.6518105849582172,2.0055710306406684,0.25069637883008355,3.4596100278551534,0.15041782729805014,0.6518105849582172,0.0
Leon Goretzka,de GER,MF,Bayern Munich,de Bundesliga,30.0,1995.0,31,25,1947,21.6,5,3,8,5,0,0,4,0,35,11,15,16,2,7,26,19,0,31.4,0.14,0.45,2.65,2.4,-0.35,,,,,,,,,,,,,,,MF,,False,Midfielder,True,True,True,0.23112480739599384,0.13867488443759632,0.3697996918335901,0.23112480739599384,0.0,0.0,0.18489984591679506,0.0,1.6178736517719567,0.5084745762711864,0.6933744221879815,0.7395993836671803,0.09244992295839753,0.3235747303543914,1.2018489984591678,0.8782742681047766,0.0
Andoni Gorosabel,es ESP,DF,Athletic Club,es La Liga,28.0,1996.0,24,15,1360,15.1,0,1,1,0,0,0,3,0,5,1,13,12,0,55,18,24,0,20.0,0.0,0.0,1.21,-0.46,-0.11,,,,,,,,,,,,,,,DF,,False,Defender,True,True,True,0.0,0.0661764705882353,0.0661764705882353,0.0,0.0,0.0,0.19852941176470587,0.0,0.33088235294117646,0.0661764705882353,0.8602941176470589,0.7941176470588235,0.0,3.6397058823529416,1.1911764705882353,1.588235294117647,0.0
Jon Gorrotxategi,es ESP,MF,Real Sociedad,es La Liga,23.0,2002.0,30,26,2210,24.6,1,3,4,1,0,0,7,0,13,1,33,27,0,5,31,29,1,7.7,0.08,1.0,1.2,-0.12,-0.2,,,,,,,,,,,,,,,MF,,False,Midfielder,True,True,True,0.04072398190045249,0.12217194570135746,0.16289592760180996,0.04072398190045249,0.0,0.0,0.2850678733031674,0.0,0.5294117647058824,0.04072398190045249,1.3438914027149322,1.0995475113122173,0.0,0.20361990950226247,1.262443438914027,1.1809954751131222,0.04072398190045249
Alimami Gory,ml MLI,"MF,DF",Paris FC,fr Ligue 1,28.0,1996.0,24,9,982,10.9,5,1,6,5,0,0,3,0,19,6,12,15,8,10,8,11,0,31.6,0.26,0.83,1.21,-0.64,-0.81,,,,,,,,,,,,,,,MF,DF,True,Midfielder,True,True,False,0.45824847250509165,0.09164969450101833,0.5498981670061099,0.45824847250509165,0.0,0.0,0.27494908350305497,0.0,1.741344195519348,0.5498981670061099,1.0997963340122199,1.374745417515275,0.7331975560081466,0.9164969450101833,0.7331975560081466,1.0081466395112015,0.0
Robin Gosens,de GER,"DF,MF",Fiorentina,it Serie A,31.0,1994.0,26,24,1881,20.9,3,1,4,3,0,0,2,0,18,7,24,25,3,41,23,18,0,38.9,0.17,0.43,1.12,-0.24,-0.01,,,,,,,,,,,,,,,DF,MF,True,Defender,True,True,True,0.14354066985645933,0.04784688995215312,0.19138755980861247,0.14354066985645933,0.0,0.0,0.09569377990430623,0.0,0.8612440191387559,0.33492822966507174,1.1483253588516746,1.1961722488038278,0.14354066985645933,1.9617224880382773,1.1004784688995215,0.8612440191387559,0.0
Amine Gouiri,dz ALG,"FW,MF",Marseille,fr Ligue 1,25.0,2000.0,22,15,1326,14.7,8,3,11,8,0,0,1,0,38,17,17,16,4,37,3,9,0,44.7,0.21,0.47,1.73,0.41,-0.22,,,,,,,,,,,,,,,FW,MF,True,Forward,True,True,False,0.5429864253393666,0.20361990950226247,0.746606334841629,0.5429864253393666,0.0,0.0,0.06787330316742082,0.0,2.5791855203619907,1.1538461538461537,1.1538461538461537,1.0859728506787332,0.2714932126696833,2.51131221719457,0.20361990950226247,0.6108597285067874,0.0
Lucas Gourna-Douath,fr FRA,MF,Le Havre,fr Ligue 1,21.0,2003.0,15,14,1272,14.1,0,0,0,0,0,0,5,0,9,2,24,35,2,5,15,12,0,22.2,0.0,0.0,0.87,-0.5,-0.24,,,,,,,,,,,,,,,MF,,False,Midfielder,True,True,False,0.0,0.0,0.0,0.0,0.0,0.0,0.35377358490566035,0.0,0.6367924528301887,0.14150943396226415,1.6981132075471697,2.4764150943396226,0.14150943396226415,0.35377358490566035,1.0613207547169812,0.8490566037735848,0.0
Alberto Grassi,it ITA,MF,Cremonese,it Serie A,30.0,1995.0,30,18,1753,19.5,0,0,0,0,0,0,4,1,13,4,17,30,0,3,35,11,0,30.8,0.0,0.0,0.97,-0.82,-0.34,,,,,,,,,,,,,,,MF,,False,Midfielder,True,True,True,0.0,0.0,0.0,0.0,0.0,0.0,0.20536223616657157,0.05134055904164289,0.6674272675413576,0.20536223616657157,0.8727895037079293,1.540216771249287,0.0,0.1540216771249287,1.7969195664575015,0.5647461494580719,0.0
Ryan Gravenberch,nl NED,MF,Liverpool,eng Premier League,23.0,2002.0,36,34,2992,33.2,5,3,8,5,0,0,5,0,38,13,38,42,0,8,44,35,0,34.2,0.13,0.38,1.58,0.24,-0.18,,,,,,,,,,,,,,,MF,,False,Midfielder,True,True,True,0.15040106951871657,0.09024064171122996,0.24064171122994651,0.15040106951871657,0.0,0.0,0.15040106951871657,0.0,1.143048128342246,0.3910427807486631,1.143048128342246,1.2633689839572193,0.0,0.24064171122994651,1.3235294117647058,1.052807486631016,0.0
Archie Gray,eng ENG,"MF,DF",Tottenham Hotspur,eng Premier League,19.0,2006.0,24,18,1478,16.4,2,2,4,2,0,0,5,0,11,5,12,2,0,12,17,8,0,45.5,0.18,0.4,0.83,-0.61,-0.66,,,,,,,,,,,,,,,MF,DF,True,Midfielder,True,True,True,0.12178619756427606,0.12178619756427606,0.2435723951285521,0.12178619756427606,0.0,0.0,0.3044654939106901,0.0,0.6698240866035183,0.3044654939106901,0.7307171853856562,0.12178619756427606,0.0,0.7307171853856562,1.0351826792963463,0.4871447902571042,0.0
Jack Grealish,eng ENG,MF,Everton,eng Premier League,29.0,1995.0,20,18,1627,18.1,2,6,8,2,0,0,5,1,26,8,13,58,0,39,11,15,0,30.8,0.08,0.25,1.55,0.0,0.15,,,,,,,,,,,,,,,MF,,False,Midfielder,True,True,True,0.11063306699446834,0.33189920098340503,0.4425322679778734,0.11063306699446834,0.0,0.0,0.27658266748617083,0.05531653349723417,1.4382298709280887,0.4425322679778734,0.7191149354640444,3.2083589428395825,0.0,2.1573448063921328,0.6084818684695759,0.8297480024585127,0.0
Mason Greenwood,eng ENG,MF,Marseille,fr Ligue 1,23.0,2001.0,32,29,2462,27.4,16,7,23,10,6,8,4,0,116,48,22,34,1,112,4,13,0,41.4,0.09,0.21,1.75,0.58,0.28,,,,,,,,,,,,,,,MF,,False,Midfielder,True,True,True,0.5848903330625508,0.255889520714866,0.8407798537774167,0.3655564581640942,0.21933387489845654,0.2924451665312754,0.1462225832656377,0.0,4.240454914703493,1.7546709991876523,0.8042242079610074,1.2428919577579203,0.036555645816409424,4.094232331437856,0.1462225832656377,0.4752233956133225,0.0
Michael Gregoritsch,at AUT,FW,Augsburg,de Bundesliga,31.0,1994.0,17,11,913,10.1,6,2,8,5,1,1,2,0,29,10,5,18,4,6,5,4,0,34.5,0.17,0.5,1.35,0.49,1.37,,,,,,,,,,,,,,,FW,,False,Forward,True,True,False,0.5914567360350492,0.19715224534501644,0.7886089813800657,0.4928806133625411,0.09857612267250822,0.09857612267250822,0.19715224534501644,0.0,2.8587075575027385,0.9857612267250822,0.4928806133625411,1.774370208105148,0.39430449069003287,0.5914567360350492,0.4928806133625411,0.39430449069003287,0.0
Antoine Griezmann,fr FRA,FW,Atlético Madrid,es La Liga,34.0,1991.0,34,13,1481,16.5,7,4,11,7,0,0,1,0,47,25,4,10,15,80,8,9,0,53.2,0.15,0.28,1.86,0.55,0.13,,,,,,,,,,,,,,,FW,,False,Forward,True,True,True,0.42538825118163404,0.24307900067521945,0.6684672518568535,0.42538825118163404,0.0,0.0,0.06076975016880486,0.0,2.8561782579338284,1.5192437542201216,0.24307900067521945,0.6076975016880486,0.9115462525320729,4.861580013504389,0.4861580013504389,0.5469277515192438,0.0
Vincenzo Grifo,it ITA,MF,Freiburg,de Bundesliga,32.0,1993.0,33,21,1710,19.0,7,4,11,3,4,4,0,0,30,12,10,12,2,111,16,5,0,40.0,0.1,0.25,1.42,-0.32,-0.32,,,,,,,,,,,,,,,MF,,False,Midfielder,True,True,True,0.368421052631579,0.2105263157894737,0.5789473684210527,0.15789473684210525,0.2105263157894737,0.2105263157894737,0.0,0.0,1.5789473684210527,0.631578947368421,0.5263157894736842,0.631578947368421,0.10526315789473685,5.842105263157894,0.8421052631578948,0.2631578947368421,0.0
Álex Grimaldo,es ESP,MF,Leverkusen,de Bundesliga,29.0,1995.0,29,29,2521,28.0,8,7,15,5,3,3,5,0,61,21,11,29,8,174,18,25,0,34.4,0.08,0.24,1.79,0.71,0.55,,,,,,,,,,,,,,,MF,,False,Midfielder,True,True,True,0.28560095200317337,0.24990083300277666,0.53550178500595,0.17850059500198331,0.10710035700119,0.10710035700119,0.17850059500198331,0.0,2.177707259024197,0.74970249900833,0.3927013090043634,1.0353034510115033,0.28560095200317337,6.2118207060690205,0.6426021420071399,0.8925029750099167,0.0
Pascal Groß,de GER,MF,Brighton,eng Premier League,34.0,1991.0,19,18,1636,18.2,1,3,4,1,0,0,2,0,18,9,17,12,4,119,11,17,0,50.0,0.06,0.11,1.47,0.28,0.22,,,,,,,,,,,,,,,MF,,False,Midfielder,True,True,True,0.0550122249388753,0.16503667481662593,0.2200488997555012,0.0550122249388753,0.0,0.0,0.1100244498777506,0.0,0.9902200488997556,0.4951100244498778,0.9352078239608801,0.6601466992665037,0.2200488997555012,6.5464547677261615,0.6051344743276283,0.9352078239608801,0.0
Ilia Gruev,bg BUL,MF,Leeds United,eng Premier League,25.0,2000.0,23,15,1323,14.7,0,3,3,0,0,0,3,0,7,1,16,9,0,16,14,13,0,14.3,0.0,0.0,1.52,-0.34,-0.25,,,,,,,,,,,,,,,MF,,False,Midfielder,True,True,False,0.0,0.20408163265306123,0.20408163265306123,0.0,0.0,0.0,0.20408163265306123,0.0,0.47619047619047616,0.06802721088435375,1.08843537414966,0.6122448979591837,0.0,1.08843537414966,0.9523809523809523,0.8843537414965987,0.0
Marco Grüll,at AUT,"MF,FW",Werder Bremen,de Bundesliga,27.0,1998.0,33,23,2006,22.3,3,1,4,3,0,0,5,0,43,13,33,28,2,69,14,20,0,30.2,0.07,0.23,0.94,-0.76,-0.25,,,,,,,,,,,,,,,MF,FW,True,Midfielder,True,True,True,0.1345962113659023,0.044865403788634094,0.17946161515453637,0.1345962113659023,0.0,0.0,0.2243270189431705,0.0,1.9292123629112663,0.5832502492522433,1.4805583250249252,1.2562313060817547,0.08973080757726819,3.0957128614157527,0.6281156530408774,0.897308075772682,0.0
Nemanja Gudelj,rs SRB,"DF,MF",Sevilla,es La Liga,33.0,1991.0,34,26,2348,26.1,2,0,2,2,0,0,9,0,31,9,40,11,0,7,23,23,0,29.0,0.06,0.22,1.18,-0.31,0.2,,,,,,,,,,,,,,,DF,MF,True,Defender,True,True,True,0.07666098807495741,0.0,0.07666098807495741,0.07666098807495741,0.0,0.0,0.34497444633730834,0.0,1.18824531516184,0.34497444633730834,1.533219761499148,0.42163543441226575,0.0,0.2683134582623509,0.8816013628620103,0.8816013628620103,0.0
Gabriel Gudmundsson,se SWE,"DF,MF",Leeds United,eng Premier League,26.0,1999.0,32,31,2631,29.2,0,0,0,0,0,0,6,1,18,3,31,56,3,88,28,47,1,16.7,0.0,0.0,1.19,-0.17,0.06,,,,,,,,,,,,,,,DF,MF,True,Defender,True,True,True,0.0,0.0,0.0,0.0,0.0,0.0,0.20524515393386544,0.03420752565564424,0.6157354618015963,0.10262257696693272,1.0604332953249713,1.9156214367160773,0.10262257696693272,3.0102622576966938,0.9578107183580387,1.6077537058152795,0.03420752565564424
Gonçalo Guedes,pt POR,MF,Real Sociedad,es La Liga,28.0,1996.0,32,22,1823,20.3,8,4,12,8,0,0,3,0,46,18,18,33,13,70,4,16,0,39.1,0.17,0.44,1.31,0.3,0.75,,,,,,,,,,,,,,,MF,,False,Midfielder,True,True,True,0.3949533735600658,0.1974766867800329,0.5924300603400987,0.3949533735600658,0.0,0.0,0.14810751508502468,0.0,2.2709818979703784,0.8886450905101482,0.8886450905101482,1.6291826659352715,0.6417992320351069,3.4558420186505763,0.1974766867800329,0.7899067471201316,0.0
Marc Guéhi,eng ENG,DF,Crystal Palace,eng Premier League,25.0,2000.0,20,20,1800,20.0,2,2,4,2,0,0,4,0,15,4,14,18,0,10,24,19,0,26.7,0.13,0.5,1.35,-0.05,0.45,,,,,,,,,,,,,,,DF,,False,Defender,True,True,True,0.1,0.1,0.2,0.1,0.0,0.0,0.2,0.0,0.75,0.2,0.7,0.9,0.0,0.5,1.2000000000000002,0.9500000000000001,0.0
Marc Guéhi,eng ENG,DF,Manchester City,eng Premier League,25.0,2000.0,15,15,1350,15.0,1,1,2,1,0,0,2,0,17,5,11,20,0,7,25,12,0,29.4,0.06,0.2,2.33,1.27,0.27,,,,,,,,,,,,,,,DF,,False,Defender,True,True,True,0.06666666666666667,0.06666666666666667,0.13333333333333333,0.06666666666666667,0.0,0.0,0.13333333333333333,0.0,1.1333333333333333,0.33333333333333337,0.7333333333333333,1.3333333333333335,0.0,0.4666666666666667,1.6666666666666665,0.8,0.0
Mattéo Guendouzi,fr FRA,MF,Lazio,it Serie A,26.0,1999.0,16,16,1428,15.9,2,1,3,2,0,0,5,1,16,8,17,21,0,20,11,8,0,50.0,0.13,0.25,1.25,0.06,0.06,,,,,,,,,,,,,,,MF,,False,Midfielder,True,True,True,0.12605042016806722,0.06302521008403361,0.18907563025210083,0.12605042016806722,0.0,0.0,0.31512605042016806,0.06302521008403361,1.0084033613445378,0.5042016806722689,1.0714285714285714,1.3235294117647058,0.0,1.2605042016806722,0.6932773109243697,0.5042016806722689,0.0
Javier Guerra,es ESP,"MF,FW",Valencia,es La Liga,22.0,2003.0,36,25,2061,22.9,4,6,10,4,0,0,3,0,31,12,27,20,2,46,23,15,0,38.7,0.13,0.33,1.36,-0.04,0.49,,,,,,,,,,,,,,,MF,FW,True,Midfielder,True,True,True,0.17467248908296942,0.26200873362445415,0.43668122270742354,0.17467248908296942,0.0,0.0,0.13100436681222707,0.0,1.3537117903930131,0.5240174672489083,1.1790393013100435,0.8733624454148471,0.08733624454148471,2.0087336244541483,1.0043668122270741,0.6550218340611353,0.0
Pape Gueye,sn SEN,MF,Villarreal,es La Liga,26.0,1999.0,30,26,2131,23.7,5,2,7,4,1,1,8,0,47,13,35,54,2,14,35,22,0,27.7,0.09,0.31,1.87,0.8,0.31,,,,,,,,,,,,,,,MF,,False,Midfielder,True,True,True,0.21116846550915064,0.08446738620366025,0.29563585171281087,0.1689347724073205,0.04223369310183012,0.04223369310183012,0.337869544814641,0.0,1.984983575786016,0.5490380103237916,1.4781792585640545,2.280619427498827,0.08446738620366025,0.5912717034256217,1.4781792585640545,0.9291412482402628,0.0
Bruno Guimarães,br BRA,MF,Newcastle United,eng Premier League,27.0,1997.0,29,27,2453,27.3,9,5,14,7,2,2,6,0,42,23,45,75,2,82,16,41,0,54.8,0.17,0.3,1.45,0.26,1.09,,,,,,,,,,,,,,,MF,,False,Midfielder,True,True,True,0.330207908683245,0.18344883815735835,0.5136567468406034,0.2568283734203017,0.07337953526294333,0.07337953526294333,0.22013860578883,0.0,1.54097024052181,0.8438646555238484,1.6510395434162248,2.751732572360375,0.07337953526294333,3.0085609457806766,0.5870362821035466,1.5042804728903383,0.0
Daouda Guindo,ml MLI,DF,Brest,fr Ligue 1,22.0,2002.0,25,19,1686,18.7,1,1,2,1,0,0,4,1,21,5,26,15,4,38,30,30,0,23.8,0.05,0.2,1.2,-0.21,0.31,,,,,,,,,,,,,,,DF,,False,Defender,True,True,True,0.05338078291814947,0.05338078291814947,0.10676156583629894,0.05338078291814947,0.0,0.0,0.21352313167259787,0.05338078291814947,1.1209964412811388,0.2669039145907473,1.387900355871886,0.8007117437722421,0.21352313167259787,2.0284697508896796,1.6014234875444842,1.6014234875444842,0.0
Serhou Guirassy,gn GUI,FW,Dortmund,de Bundesliga,29.0,1996.0,33,27,2337,26.0,17,1,18,16,1,3,3,0,84,40,37,36,7,4,0,1,0,47.6,0.19,0.4,2.12,1.16,0.41,,,,,,,,,,,,,,,FW,,False,Forward,True,True,True,0.6546854942233633,0.038510911424903725,0.693196405648267,0.6161745827984596,0.038510911424903725,0.11553273427471115,0.11553273427471115,0.0,3.234916559691913,1.540436456996149,1.4249037227214378,1.386392811296534,0.26957637997432604,0.1540436456996149,0.0,0.038510911424903725,0.0
Arda Güler,tr TUR,MF,Real Madrid,es La Liga,20.0,2005.0,33,25,2014,22.4,4,9,13,4,0,0,1,0,49,19,21,32,3,129,8,28,0,38.8,0.08,0.21,2.3,0.98,-0.3,,,,,,,,,,,,,,,MF,,False,Midfielder,True,True,True,0.17874875868917575,0.4021847070506455,0.5809334657398213,0.17874875868917575,0.0,0.0,0.04468718967229394,0.0,2.189672293942403,0.8490566037735848,0.9384309831181729,1.429990069513406,0.13406156901688182,5.7646474677259185,0.3574975173783515,1.2512413108242304,0.0
Gerard Gumbau,es ESP,MF,Rayo Vallecano,es La Liga,30.0,1994.0,28,14,1175,13.1,0,3,3,0,0,0,4,0,20,5,38,5,0,52,11,16,0,25.0,0.0,0.0,1.21,-0.31,-0.35,,,,,,,,,,,,,,,MF,,False,Midfielder,True,True,False,0.0,0.2297872340425532,0.2297872340425532,0.0,0.0,0.0,0.30638297872340425,0.0,1.5319148936170213,0.3829787234042553,2.91063829787234,0.3829787234042553,0.0,3.9829787234042553,0.8425531914893618,1.225531914893617,0.0
Christian Günter,de GER,DF,Freiburg,de Bundesliga,32.0,1993.0,24,18,1547,17.2,0,3,3,0,0,0,3,0,9,0,10,6,5,73,10,12,0,0.0,0.0,,1.33,-0.58,-0.82,,,,,,,,,,,,,,,DF,,False,Defender,True,True,True,0.0,0.17453135100193923,0.17453135100193923,0.0,0.0,0.0,0.17453135100193923,0.0,0.5235940530058177,0.0,0.5817711700064641,0.34906270200387846,0.29088558500323203,4.246929541047188,0.5817711700064641,0.6981254040077569,0.0
Jon Guridi,es ESP,"MF,FW",Alavés,es La Liga,30.0,1995.0,28,15,1238,13.8,0,0,0,0,0,0,1,0,15,4,15,8,2,12,10,19,0,26.7,0.0,0.0,1.11,-0.73,-0.64,,,,,,,,,,,,,,,MF,FW,True,Midfielder,True,True,False,0.0,0.0,0.0,0.0,0.0,0.0,0.07269789983844911,0.0,1.0904684975767367,0.29079159935379645,1.0904684975767367,0.5815831987075929,0.14539579967689822,0.8723747980613893,0.7269789983844911,1.381260096930533,0.0
Gorka Guruzeta,es ESP,FW,Athletic Club,es La Liga,28.0,1996.0,35,28,2363,26.3,10,3,13,9,1,1,6,1,84,32,49,30,11,7,11,6,0,38.1,0.11,0.28,1.2,-0.23,0.54,,,,,,,,,,,,,,,FW,,False,Forward,True,True,True,0.38087177316969956,0.11426153195090986,0.4951333051206094,0.3427845958527296,0.03808717731696996,0.03808717731696996,0.22852306390181973,0.03808717731696996,3.199322894625476,1.2187896741430386,1.8662716885315276,1.1426153195090987,0.4189589504866695,0.2666102412187897,0.4189589504866695,0.22852306390181973,0.0
Malo Gusto,fr FRA,"DF,MF",Chelsea,eng Premier League,22.0,2003.0,34,26,2261,25.1,2,3,5,2,0,0,5,1,12,6,20,20,1,58,30,23,1,50.0,0.17,0.33,1.32,0.28,0.36,,,,,,,,,,,,,,,DF,MF,True,Defender,True,True,True,0.07961079168509509,0.11941618752764264,0.19902697921273774,0.07961079168509509,0.0,0.0,0.19902697921273774,0.039805395842547546,0.4776647501105706,0.2388323750552853,0.796107916850951,0.796107916850951,0.039805395842547546,2.3087129588677575,1.1941618752764265,0.9155241043785936,0.039805395842547546
Miguel Gutiérrez,es ESP,"MF,DF",Napoli,it Serie A,24.0,2001.0,28,15,1488,16.5,1,1,2,1,0,0,0,0,15,5,19,28,1,48,7,22,0,33.3,0.07,0.2,1.89,0.36,-0.38,,,,,,,,,,,,,,,MF,DF,True,Midfielder,True,True,True,0.06048387096774194,0.06048387096774194,0.12096774193548387,0.06048387096774194,0.0,0.0,0.0,0.0,0.907258064516129,0.3024193548387097,1.1491935483870968,1.6935483870967742,0.06048387096774194,2.903225806451613,0.42338709677419356,1.3306451612903227,0.0
Albert Guðmundsson,is ISL,"FW,MF",Fiorentina,it Serie A,28.0,1997.0,33,27,2250,25.0,5,4,9,2,3,3,4,1,41,15,34,30,6,54,3,4,0,36.6,0.05,0.13,1.0,0.04,0.81,,,,,,,,,,,,,,,FW,MF,True,Forward,True,True,True,0.2,0.16,0.36,0.08,0.12,0.12,0.16,0.04,1.6400000000000001,0.6000000000000001,1.36,1.2000000000000002,0.24,2.16,0.12,0.16,0.0
Joško Gvardiol,hr CRO,DF,Manchester City,eng Premier League,23.0,2002.0,18,16,1372,15.2,2,2,4,2,0,0,2,0,17,6,16,7,0,2,16,13,0,35.3,0.12,0.33,2.17,1.57,0.78,,,,,,,,,,,,,,,DF,,False,Defender,True,True,True,0.13119533527696792,0.13119533527696792,0.26239067055393583,0.13119533527696792,0.0,0.0,0.13119533527696792,0.0,1.1151603498542275,0.3935860058309038,1.0495626822157433,0.4591836734693877,0.0,0.13119533527696792,1.0495626822157433,0.8527696793002916,0.0
Viktor Gyökeres,se SWE,FW,Arsenal,eng Premier League,27.0,1998.0,36,26,2224,24.7,14,1,15,11,3,3,5,0,55,22,35,31,4,8,1,5,0,40.0,0.2,0.5,2.25,1.5,0.97,,,,,,,,,,,,,,,FW,,False,Forward,True,True,True,0.5665467625899281,0.04046762589928058,0.6070143884892086,0.4451438848920863,0.12140287769784174,0.12140287769784174,0.20233812949640287,0.0,2.2257194244604315,0.8902877697841726,1.41636690647482,1.254496402877698,0.16187050359712232,0.32374100719424465,0.04046762589928058,0.20233812949640287,0.0
Erling Haaland,no NOR,FW,Manchester City,eng Premier League,25.0,2000.0,35,34,2953,32.8,27,8,35,24,3,4,2,0,126,59,24,25,5,3,4,7,0,46.8,0.19,0.41,2.06,1.13,0.16,,,,,,,,,,,,,,,FW,,False,Forward,True,True,True,0.8228919742634608,0.24381984422621064,1.0667118184896716,0.7314595326786318,0.09143244158482898,0.12190992211310532,0.06095496105655266,0.0,3.8401625465628175,1.7981713511683035,0.7314595326786318,0.7619370132069082,0.15238740264138165,0.09143244158482898,0.12190992211310532,0.2133423636979343,0.0
Janik Haberer,de GER,MF,Union Berlin,de Bundesliga,31.0,1994.0,28,20,1646,18.3,0,1,1,0,0,0,8,0,11,1,24,21,1,67,10,19,0,9.1,0.0,0.0,1.0,-1.2,-1.71,,,,,,,,,,,,,,,MF,,False,Midfielder,True,True,True,0.0,0.05467800729040097,0.05467800729040097,0.0,0.0,0.0,0.43742405832320774,0.0,0.6014580801944107,0.05467800729040097,1.3122721749696233,1.1482381530984205,0.05467800729040097,3.663426488456865,0.5467800729040098,1.0388821385176186,0.0
Albian Hajdari,xk KVX,DF,Hoffenheim,de Bundesliga,22.0,2003.0,30,28,2434,27.0,1,2,3,1,0,0,10,0,19,4,43,23,0,19,42,38,0,21.1,0.05,0.25,1.77,0.55,0.84,,,,,,,,,,,,,,,DF,,False,Defender,True,True,True,0.03697617091207888,0.07395234182415776,0.11092851273623665,0.03697617091207888,0.0,0.0,0.3697617091207889,0.0,0.7025472473294988,0.14790468364831552,1.589975349219392,0.8504519309778144,0.0,0.7025472473294988,1.552999178307313,1.4050944946589976,0.0
Achraf Hakimi,ma MAR,DF,Paris Saint-Germain,fr Ligue 1,26.0,1998.0,18,15,1375,15.3,2,2,4,2,0,0,3,1,27,9,9,17,4,43,11,13,0,33.3,0.07,0.22,2.22,1.11,-0.38,,,,,,,,,,,,,,,DF,,False,Defender,True,True,True,0.1309090909090909,0.1309090909090909,0.2618181818181818,0.1309090909090909,0.0,0.0,0.19636363636363638,0.06545454545454545,1.7672727272727273,0.5890909090909091,0.5890909090909091,1.1127272727272728,0.2618181818181818,2.8145454545454545,0.72,0.850909090909091,0.0
Lewis Hall,eng ENG,DF,Newcastle United,eng Premier League,20.0,2004.0,30,24,2181,24.2,1,1,2,1,0,0,4,0,25,6,17,40,0,102,29,31,0,24.0,0.04,0.17,1.3,-0.21,-0.42,,,,,,,,,,,,,,,DF,,False,Defender,True,True,True,0.04126547455295736,0.04126547455295736,0.08253094910591471,0.04126547455295736,0.0,0.0,0.16506189821182943,0.0,1.031636863823934,0.24759284731774417,0.7015130674002751,1.6506189821182944,0.0,4.209078404401651,1.1966987620357634,1.2792297111416782,0.0
Dávid Hancko,sk SVK,DF,Atlético Madrid,es La Liga,27.0,1997.0,30,27,2432,27.0,0,2,2,0,0,0,2,0,21,5,15,4,2,29,19,27,0,23.8,0.0,0.0,1.9,0.63,0.54,,,,,,,,,,,,,,,DF,,False,Defender,True,True,True,0.0,0.07401315789473684,0.07401315789473684,0.0,0.0,0.0,0.07401315789473684,0.0,0.777138157894737,0.1850328947368421,0.5550986842105263,0.14802631578947367,0.07401315789473684,1.0731907894736843,0.703125,0.9991776315789473,0.0
Hákon Haraldsson,is ISL,MF,Lille,fr Ligue 1,22.0,2003.0,32,29,2460,27.3,8,2,10,8,0,0,6,0,50,17,28,43,0,75,12,15,0,34.0,0.16,0.47,1.81,0.59,0.74,,,,,,,,,,,,,,,MF,,False,Midfielder,True,True,True,0.2926829268292683,0.07317073170731707,0.3658536585365854,0.2926829268292683,0.0,0.0,0.21951219512195122,0.0,1.8292682926829267,0.6219512195121951,1.024390243902439,1.573170731707317,0.0,2.74390243902439,0.43902439024390244,0.5487804878048781,0.0
Conrad Harder,dk DEN,FW,RB Leipzig,de Bundesliga,20.0,2005.0,29,8,932,10.4,3,3,6,3,0,0,3,0,42,13,21,18,4,13,7,6,0,31.0,0.07,0.23,1.83,-0.39,-1.36,,,,,,,,,,,,,,,FW,,False,Forward,True,True,False,0.28969957081545067,0.28969957081545067,0.5793991416309013,0.28969957081545067,0.0,0.0,0.28969957081545067,0.0,4.0557939914163095,1.255364806866953,2.0278969957081547,1.7381974248927041,0.38626609442060084,1.255364806866953,0.6759656652360515,0.5793991416309013,0.0
Jack Harrison,eng ENG,"FW,MF",Fiorentina,it Serie A,28.0,1996.0,15,10,981,10.9,1,3,4,1,0,0,1,0,13,4,9,7,0,56,2,6,0,30.8,0.08,0.25,1.6,0.28,0.72,,,,,,,,,,,,,,,FW,MF,True,Forward,True,True,False,0.09174311926605505,0.27522935779816515,0.3669724770642202,0.09174311926605505,0.0,0.0,0.09174311926605505,0.0,1.1926605504587156,0.3669724770642202,0.8256880733944955,0.6422018348623854,0.0,5.137614678899083,0.1834862385321101,0.5504587155963303,0.0
Abdou Harroui,nl NED,MF,Hellas Verona,it Serie A,27.0,1998.0,23,11,907,10.1,1,0,1,0,1,1,3,0,12,2,22,1,2,28,1,17,0,16.7,0.0,0.0,0.57,-1.39,-0.6,,,,,,,,,,,,,,,MF,,False,Midfielder,True,True,False,0.09922822491730982,0.0,0.09922822491730982,0.0,0.09922822491730982,0.09922822491730982,0.29768467475192945,0.0,1.1907386990077178,0.19845644983461963,2.183020948180816,0.09922822491730982,0.19845644983461963,2.7783902976846746,0.09922822491730982,1.6868798235942668,0.0
Quilindschy Hartman,nl NED,DF,Burnley,eng Premier League,23.0,2001.0,21,21,1825,20.3,0,5,5,0,0,0,1,0,9,3,13,3,1,74,32,31,0,33.3,0.0,0.0,0.52,-1.08,-0.24,,,,,,,,,,,,,,,DF,,False,Defender,True,True,True,0.0,0.24657534246575344,0.24657534246575344,0.0,0.0,0.0,0.049315068493150684,0.0,0.4438356164383562,0.14794520547945206,0.6410958904109588,0.14794520547945206,0.049315068493150684,3.649315068493151,1.5780821917808219,1.5287671232876712,0.0
Haissem Hassan,eg EGY,"MF,FW",Oviedo,es La Liga,23.0,2002.0,37,20,1942,21.6,0,3,3,0,0,0,1,0,34,8,12,25,3,113,6,26,0,23.5,0.0,0.0,0.76,-1.02,-0.29,,,,,,,,,,,,,,,MF,FW,True,Midfielder,True,True,True,0.0,0.13903192584963955,0.13903192584963955,0.0,0.0,0.0,0.04634397528321318,0.0,1.5756951596292483,0.3707518022657054,0.5561277033985582,1.1585993820803295,0.13903192584963955,5.23686920700309,0.2780638516992791,1.2049433573635426,0.0
Jorrel Hato,nl NED,DF,Chelsea,eng Premier League,19.0,2006.0,22,12,1148,12.8,0,0,0,0,0,0,7,0,4,0,15,2,0,7,17,19,0,0.0,0.0,,1.32,-1.1,-1.89,,,,,,,,,,,,,,,DF,,False,Defender,True,True,False,0.0,0.0,0.0,0.0,0.0,0.0,0.5487804878048781,0.0,0.313588850174216,0.0,1.17595818815331,0.156794425087108,0.0,0.5487804878048781,1.3327526132404182,1.489547038327526,0.0
Ayden Heaven,eng ENG,DF,Manchester Utd,eng Premier League,18.0,2006.0,17,11,924,10.3,0,1,1,0,0,0,2,0,3,0,7,9,0,1,1,13,1,0.0,0.0,,2.0,0.49,-0.02,,,,,,,,,,,,,,,DF,,False,Defender,True,True,False,0.0,0.09740259740259741,0.09740259740259741,0.0,0.0,0.0,0.19480519480519481,0.0,0.29220779220779225,0.0,0.6818181818181819,0.8766233766233766,0.0,0.09740259740259741,0.09740259740259741,1.2662337662337664,0.09740259740259741
Jan Paul van Hecke,nl NED,DF,Brighton,eng Premier League,25.0,2000.0,36,36,3210,35.7,3,3,6,3,0,0,9,0,23,10,27,43,4,23,45,31,1,43.5,0.13,0.3,1.44,0.22,1.08,,,,,,,,,,,,,,,DF,,False,Defender,True,True,True,0.08411214953271029,0.08411214953271029,0.16822429906542058,0.08411214953271029,0.0,0.0,0.2523364485981308,0.0,0.6448598130841121,0.2803738317757009,0.7570093457943925,1.205607476635514,0.11214953271028037,0.6448598130841121,1.2616822429906542,0.869158878504673,0.028037383177570093
Hwang Hee-chan,kr KOR,"FW,MF",Wolves,eng Premier League,29.0,1996.0,26,18,1446,16.1,2,2,4,1,1,1,5,0,19,6,28,18,9,19,12,4,0,31.6,0.05,0.17,0.38,-1.18,-0.18,,,,,,,,,,,,,,,FW,MF,True,Forward,True,True,True,0.12448132780082988,0.12448132780082988,0.24896265560165975,0.06224066390041494,0.06224066390041494,0.06224066390041494,0.3112033195020747,0.0,1.1825726141078838,0.37344398340248963,1.7427385892116183,1.120331950207469,0.5601659751037344,1.1825726141078838,0.7468879668049793,0.24896265560165975,0.0
Torbjørn Heggem,no NOR,DF,Bologna,it Serie A,26.0,1999.0,27,23,2113,23.5,0,0,0,0,0,0,0,1,11,2,31,12,0,1,25,19,0,18.2,0.0,0.0,1.3,0.0,-0.21,,,,,,,,,,,,,,,DF,,False,Defender,True,True,True,0.0,0.0,0.0,0.0,0.0,0.0,0.0,0.04259346900141978,0.4685281590156176,0.08518693800283957,1.3203975390440132,0.5111216280170374,0.0,0.04259346900141978,1.0648367250354946,0.8092759110269759,0.0
Gauthier Hein,fr FRA,"MF,FW",Metz,fr Ligue 1,28.0,1996.0,29,26,2351,26.1,8,7,15,3,5,5,3,1,44,13,15,17,4,147,9,10,0,29.5,0.07,0.23,0.45,-1.3,-0.03,,,,,,,,,,,,,,,MF,FW,True,Midfielder,True,True,True,0.30625265844321564,0.2679710761378137,0.5742237345810294,0.11484474691620587,0.19140791152700978,0.19140791152700978,0.11484474691620587,0.038281582305401955,1.684389621437686,0.4976605699702254,0.5742237345810294,0.6507868991918332,0.15312632922160782,5.627392598894088,0.3445342407486176,0.38281582305401957,0.0
Jordan Henderson,eng ENG,MF,Brentford,eng Premier League,35.0,1990.0,32,22,1919,21.3,1,3,4,1,0,0,6,0,6,1,13,7,1,48,16,14,0,16.7,0.17,1.0,1.41,0.0,-0.18,,,,,,,,,,,,,,,MF,,False,Midfielder,True,True,True,0.04689942678478374,0.14069828035435122,0.18759770713913496,0.04689942678478374,0.0,0.0,0.28139656070870245,0.0,0.28139656070870245,0.04689942678478374,0.6096925482021887,0.32829598749348615,0.04689942678478374,2.2511724856696196,0.7503908285565398,0.6565919749869723,0.0
Ramon Hendriks,nl NED,DF,Stuttgart,de Bundesliga,24.0,2001.0,31,22,2025,22.5,0,3,3,0,0,0,3,0,5,0,17,25,0,20,22,15,0,0.0,0.0,,1.77,0.53,-0.34,,,,,,,,,,,,,,,DF,,False,Defender,True,True,True,0.0,0.13333333333333333,0.13333333333333333,0.0,0.0,0.0,0.13333333333333333,0.0,0.2222222222222222,0.0,0.7555555555555555,1.1111111111111112,0.0,0.8888888888888888,0.9777777777777777,0.6666666666666667,0.0
Luis Henrique,br BRA,MF,Inter,it Serie A,23.0,2001.0,30,18,1624,18.0,1,2,3,1,0,0,1,0,15,7,5,0,1,39,7,16,0,46.7,0.07,0.14,2.47,1.16,-0.49,,,,,,,,,,,,,,,MF,,False,Midfielder,True,True,True,0.05541871921182266,0.11083743842364532,0.16625615763546797,0.05541871921182266,0.0,0.0,0.05541871921182266,0.0,0.83128078817734,0.3879310344827586,0.2770935960591133,0.0,0.05541871921182266,2.1613300492610836,0.3879310344827586,0.8866995073891626,0.0
Rico Henry,jm JAM,DF,Brentford,eng Premier League,28.0,1997.0,25,14,1328,14.8,0,1,1,0,0,0,2,0,5,0,15,17,2,26,7,11,0,0.0,0.0,,1.64,0.41,0.54,,,,,,,,,,,,,,,DF,,False,Defender,True,True,False,0.0,0.06777108433734941,0.06777108433734941,0.0,0.0,0.0,0.13554216867469882,0.0,0.338855421686747,0.0,1.016566265060241,1.1521084337349397,0.13554216867469882,1.7620481927710845,0.47439759036144574,0.7454819277108434,0.0
Mario Hermoso,es ESP,DF,Roma,it Serie A,30.0,1995.0,27,25,2085,23.2,3,2,5,3,0,0,9,0,20,6,40,19,0,10,30,20,0,30.0,0.15,0.5,1.93,0.65,-0.23,,,,,,,,,,,,,,,DF,,False,Defender,True,True,True,0.12949640287769784,0.08633093525179857,0.2158273381294964,0.12949640287769784,0.0,0.0,0.3884892086330935,0.0,0.8633093525179856,0.2589928057553957,1.7266187050359711,0.8201438848920863,0.0,0.4316546762589928,1.2949640287769786,0.8633093525179856,0.0
Lucas Hernández,fr FRA,DF,Paris Saint-Germain,fr Ligue 1,29.0,1996.0,25,20,1747,19.4,0,3,3,0,0,0,4,0,11,3,22,19,0,16,21,14,0,27.3,0.0,0.0,2.52,1.55,0.52,,,,,,,,,,,,,,,DF,,False,Defender,True,True,True,0.0,0.15455065827132228,0.15455065827132228,0.0,0.0,0.0,0.206067544361763,0.0,0.5666857469948483,0.15455065827132228,1.1333714939896966,0.9788208357183743,0.0,0.824270177447052,1.081854607899256,0.7212364052661706,0.0
Jorge Herrando,es ESP,DF,Osasuna,es La Liga,24.0,2001.0,28,17,1600,17.8,0,1,1,0,0,0,3,0,3,0,24,9,0,2,22,15,0,0.0,0.0,,1.18,-0.51,-0.65,,,,,,,,,,,,,,,DF,,False,Defender,True,True,True,0.0,0.05625,0.05625,0.0,0.0,0.0,0.16874999999999998,0.0,0.16874999999999998,0.0,1.3499999999999999,0.50625,0.0,0.1125,1.2375,0.84375,0.0
Santiago Hidalgo,ar ARG,"MF,FW",Toulouse,fr Ligue 1,20.0,2005.0,29,15,1396,15.5,4,6,10,4,0,0,4,0,34,14,41,30,8,12,8,20,0,41.2,0.12,0.29,1.41,0.84,1.49,,,,,,,,,,,,,,,MF,FW,True,Midfielder,True,True,True,0.25787965616045844,0.3868194842406877,0.6446991404011462,0.25787965616045844,0.0,0.0,0.25787965616045844,0.0,2.1919770773638967,0.9025787965616047,2.6432664756446993,1.9340974212034383,0.5157593123209169,0.7736389684813754,0.5157593123209169,1.2893982808022924,0.0
Isak Hien,se SWE,DF,Atalanta,it Serie A,26.0,1999.0,28,20,1970,21.9,1,0,1,1,0,0,5,0,9,3,36,21,0,0,29,34,1,33.3,0.11,0.33,1.57,0.18,-0.5,,,,,,,,,,,,,,,DF,,False,Defender,True,True,True,0.045685279187817264,0.0,0.045685279187817264,0.045685279187817264,0.0,0.0,0.22842639593908629,0.0,0.41116751269035534,0.13705583756345177,1.6446700507614214,0.9593908629441624,0.0,0.0,1.3248730964467006,1.5532994923857868,0.045685279187817264
Omar El Hilali,ma MAR,DF,Espanyol,es La Liga,21.0,2003.0,36,32,2826,31.4,0,2,2,0,0,0,9,0,1,0,44,24,3,57,39,55,0,0.0,0.0,,1.28,-0.38,-0.38,,,,,,,,,,,,,,,DF,,False,Defender,True,True,True,0.0,0.06369426751592357,0.06369426751592357,0.0,0.0,0.0,0.28662420382165604,0.0,0.03184713375796178,0.0,1.4012738853503184,0.7643312101910827,0.09554140127388534,1.8152866242038215,1.2420382165605095,1.7515923566878981,0.0
James Hill,eng ENG,DF,Bournemouth,eng Premier League,23.0,2002.0,29,22,2106,23.4,0,3,3,0,0,0,5,0,12,2,17,13,2,11,37,20,2,16.7,0.0,0.0,1.76,0.43,0.84,,,,,,,,,,,,,,,DF,,False,Defender,True,True,True,0.0,0.12820512820512822,0.12820512820512822,0.0,0.0,0.0,0.21367521367521367,0.0,0.5128205128205129,0.08547008547008547,0.7264957264957266,0.5555555555555556,0.08547008547008547,0.4700854700854701,1.5811965811965811,0.8547008547008547,0.08547008547008547
Piero Hincapié,ec ECU,DF,Arsenal,eng Premier League,23.0,2002.0,25,20,1792,19.9,1,2,3,1,0,0,2,0,3,2,18,14,1,33,26,26,1,66.7,0.33,0.5,2.32,1.1,-0.11,,,,,,,,,,,,,,,DF,,False,Defender,True,True,True,0.05022321428571428,0.10044642857142856,0.15066964285714285,0.05022321428571428,0.0,0.0,0.10044642857142856,0.0,0.15066964285714285,0.10044642857142856,0.9040178571428572,0.703125,0.05022321428571428,1.6573660714285714,1.3058035714285714,1.3058035714285714,0.05022321428571428
Jack Hinshelwood,eng ENG,MF,Brighton,eng Premier League,20.0,2005.0,27,20,1741,19.3,4,3,7,4,0,0,0,0,37,15,32,12,2,7,6,13,1,40.5,0.11,0.27,1.33,0.0,-0.32,,,,,,,,,,,,,,,MF,,False,Midfielder,True,True,True,0.2067777139574957,0.15508328546812178,0.36186099942561745,0.2067777139574957,0.0,0.0,0.0,0.0,1.9126938541068352,0.7754164273406089,1.6542217116599656,0.6203331418724871,0.10338885697874785,0.36186099942561745,0.31016657093624356,0.672027570361861,0.051694428489373924
Jonas Hofmann,de GER,MF,Leverkusen,de Bundesliga,33.0,1992.0,23,11,1013,11.3,2,2,4,2,0,0,3,0,23,7,4,9,2,37,2,10,0,30.4,0.09,0.29,1.65,0.98,0.54,,,,,,,,,,,,,,,MF,,False,Midfielder,True,True,False,0.17769002961500494,0.17769002961500494,0.35538005923000987,0.17769002961500494,0.0,0.0,0.2665350444225074,0.0,2.043435340572557,0.6219151036525173,0.35538005923000987,0.7996051332675221,0.17769002961500494,3.2872655478775914,0.17769002961500494,0.8884501480750246,0.0
Lucas Höler,de GER,"FW,MF",Freiburg,de Bundesliga,31.0,1994.0,33,25,2037,22.6,3,1,4,3,0,0,4,0,33,15,30,30,12,8,11,12,0,45.5,0.09,0.2,1.33,-0.66,-1.45,,,,,,,,,,,,,,,FW,MF,True,Forward,True,True,True,0.1325478645066274,0.04418262150220913,0.1767304860088365,0.1325478645066274,0.0,0.0,0.1767304860088365,0.0,1.4580265095729015,0.6627393225331369,1.3254786450662739,1.3254786450662739,0.5301914580265096,0.353460972017673,0.48600883652430044,0.5301914580265096,0.0
Franck Honorat,fr FRA,"MF,FW",Gladbach,de Bundesliga,28.0,1996.0,28,24,1977,22.0,2,6,8,2,0,0,0,0,17,5,12,6,10,134,5,13,0,29.4,0.12,0.4,1.18,-0.36,-0.11,,,,,,,,,,,,,,,MF,FW,True,Midfielder,True,True,True,0.09104704097116845,0.27314112291350534,0.3641881638846738,0.09104704097116845,0.0,0.0,0.0,0.0,0.7738998482549317,0.2276176024279211,0.5462822458270107,0.27314112291350534,0.4552352048558422,6.100151745068285,0.2276176024279211,0.5918057663125948,0.0
Mathias Honsak,at AUT,"MF,FW",Heidenheim,de Bundesliga,28.0,1996.0,27,15,1249,13.9,2,1,3,2,0,0,1,0,31,8,11,15,9,25,17,12,0,25.8,0.06,0.25,0.63,-1.37,-0.77,,,,,,,,,,,,,,,MF,FW,True,Midfielder,True,True,False,0.14411529223378702,0.07205764611689351,0.21617293835068052,0.14411529223378702,0.0,0.0,0.07205764611689351,0.0,2.233787029623699,0.5764611689351481,0.7926341072858287,1.0808646917534028,0.6485188150520417,1.8014411529223378,1.2249799839871898,0.8646917534027221,0.0
Andreas Hountondji,bj BEN,FW,St Pauli,de Bundesliga,23.0,2002.0,21,15,1067,11.9,4,0,4,4,0,1,2,0,21,13,9,6,7,20,0,0,0,61.9,0.19,0.31,0.48,-1.27,-0.54,,,,,,,,,,,,,,,FW,,False,Forward,True,True,False,0.3373945641986879,0.0,0.3373945641986879,0.3373945641986879,0.0,0.08434864104967198,0.16869728209934395,0.0,1.7713214620431115,1.0965323336457358,0.7591377694470478,0.5060918462980318,0.5904404873477038,1.6869728209934394,0.0,0.0,0.0
Robin Hranáč,cz CZE,DF,Hoffenheim,de Bundesliga,25.0,2000.0,29,26,2251,25.0,1,0,1,1,0,0,5,0,8,3,26,10,0,6,20,15,0,37.5,0.13,0.33,1.97,0.64,0.97,,,,,,,,,,,,,,,DF,,False,Defender,True,True,True,0.039982230119946685,0.0,0.039982230119946685,0.039982230119946685,0.0,0.0,0.19991115059973344,0.0,0.3198578409595735,0.11994669035984008,1.039537983118614,0.3998223011994669,0.0,0.23989338071968017,0.7996446023989338,0.5997334517992003,0.0
Callum Hudson-Odoi,eng ENG,MF,Nottingham Forest,eng Premier League,24.0,2000.0,30,21,1841,20.5,3,4,7,3,0,0,0,0,30,10,12,12,2,91,8,7,0,33.3,0.1,0.3,1.0,-0.24,-0.36,,,,,,,,,,,,,,,MF,,False,Midfielder,True,True,True,0.14665942422596415,0.1955458989679522,0.34220532319391633,0.14665942422596415,0.0,0.0,0.0,0.0,1.4665942422596414,0.48886474741988045,0.5866376969038566,0.5866376969038566,0.0977729494839761,4.448669201520913,0.3910917979359044,0.34220532319391633,0.0
Will Hughes,eng ENG,MF,Crystal Palace,eng Premier League,30.0,1995.0,31,19,1571,17.5,0,0,0,0,0,0,7,0,17,0,24,25,0,45,15,16,0,0.0,0.0,,1.26,-0.4,-0.25,,,,,,,,,,,,,,,MF,,False,Midfielder,True,True,True,0.0,0.0,0.0,0.0,0.0,0.0,0.40101845957988547,0.0,0.973901973265436,0.0,1.3749204328453215,1.4322087842138764,0.0,2.577975811584978,0.8593252705283259,0.9166136218968809,0.0
Dean Huijsen,es ESP,DF,Real Madrid,es La Liga,20.0,2005.0,28,24,2034,22.6,2,2,4,2,0,0,7,1,20,5,21,13,1,1,18,18,0,25.0,0.1,0.4,2.39,1.37,0.66,,,,,,,,,,,,,,,DF,,False,Defender,True,True,True,0.08849557522123894,0.08849557522123894,0.17699115044247787,0.08849557522123894,0.0,0.0,0.30973451327433627,0.04424778761061947,0.8849557522123893,0.22123893805309733,0.9292035398230089,0.5752212389380531,0.04424778761061947,0.04424778761061947,0.7964601769911505,0.7964601769911505,0.0
Trai Hume,nir NIR,"DF,MF",Sunderland,eng Premier League,23.0,2002.0,38,34,3036,33.7,2,1,3,2,0,0,9,0,34,7,30,38,3,88,25,46,1,20.6,0.06,0.29,1.42,-0.24,-0.71,,,,,,,,,,,,,,,DF,MF,True,Defender,True,True,True,0.05928853754940712,0.02964426877470356,0.08893280632411067,0.05928853754940712,0.0,0.0,0.266798418972332,0.0,1.007905138339921,0.2075098814229249,0.8893280632411067,1.1264822134387351,0.08893280632411067,2.608695652173913,0.741106719367589,1.3636363636363638,0.02964426877470356
Bashir Humphreys,eng ENG,"DF,MF",Burnley,eng Premier League,22.0,2003.0,20,17,1578,17.5,0,0,0,0,0,0,6,0,9,3,14,10,2,17,11,17,0,33.3,0.0,0.0,0.5,-1.03,-0.1,,,,,,,,,,,,,,,DF,MF,True,Defender,True,True,True,0.0,0.0,0.0,0.0,0.0,0.0,0.34220532319391633,0.0,0.5133079847908746,0.17110266159695817,0.7984790874524715,0.5703422053231939,0.11406844106463877,0.9695817490494297,0.6273764258555133,0.9695817490494297,0.0
Omari Hutchinson,eng ENG,MF,Nottingham Forest,eng Premier League,21.0,2003.0,31,17,1688,18.8,1,5,6,1,0,0,1,0,25,11,23,24,8,133,11,11,0,44.0,0.04,0.09,1.19,0.05,0.26,,,,,,,,,,,,,,,MF,,False,Midfielder,True,True,True,0.0533175355450237,0.2665876777251185,0.31990521327014215,0.0533175355450237,0.0,0.0,0.0533175355450237,0.0,1.3329383886255926,0.5864928909952606,1.2263033175355451,1.2796208530805686,0.4265402843601896,7.091232227488151,0.5864928909952606,0.5864928909952606,0.0
Lucas Høgsberg,dk DEN,DF,Strasbourg,fr Ligue 1,19.0,2006.0,24,21,1792,19.9,0,0,0,0,0,0,4,1,4,1,16,13,1,0,13,9,0,25.0,0.0,0.0,1.5,-0.15,-1.14,,,,,,,,,,,,,,,DF,,False,Defender,True,True,True,0.0,0.0,0.0,0.0,0.0,0.0,0.20089285714285712,0.05022321428571428,0.20089285714285712,0.05022321428571428,0.8035714285714285,0.6529017857142857,0.05022321428571428,0.0,0.6529017857142857,0.4520089285714286,0.0
Pierre Højbjerg,dk DEN,MF,Marseille,fr Ligue 1,29.0,1995.0,32,30,2712,30.1,4,5,9,4,0,0,4,0,46,14,38,46,0,10,26,24,0,30.4,0.09,0.29,1.75,0.46,-0.57,,,,,,,,,,,,,,,MF,,False,Midfielder,True,True,True,0.1327433628318584,0.16592920353982302,0.29867256637168144,0.1327433628318584,0.0,0.0,0.1327433628318584,0.0,1.5265486725663717,0.4646017699115044,1.261061946902655,1.5265486725663717,0.0,0.33185840707964603,0.8628318584070797,0.7964601769911505,0.0
Oscar Højlund,dk DEN,MF,Eintracht Frankfurt,de Bundesliga,20.0,2005.0,24,12,1089,12.1,1,1,2,1,0,0,4,1,7,3,27,5,1,2,7,17,0,42.9,0.14,0.33,1.21,-0.66,-0.84,,,,,,,,,,,,,,,MF,,False,Midfielder,True,True,False,0.08264462809917356,0.08264462809917356,0.1652892561983471,0.08264462809917356,0.0,0.0,0.3305785123966942,0.08264462809917356,0.5785123966942148,0.24793388429752067,2.231404958677686,0.4132231404958678,0.08264462809917356,0.1652892561983471,0.5785123966942148,1.4049586776859504,0.0
Rasmus Højlund,dk DEN,FW,Napoli,it Serie A,22.0,2003.0,33,32,2750,30.6,12,5,17,11,1,1,1,0,60,25,37,53,20,3,0,1,0,41.7,0.18,0.44,1.94,0.62,0.22,,,,,,,,,,,,,,,FW,,False,Forward,True,True,True,0.39272727272727276,0.16363636363636364,0.5563636363636364,0.36,0.03272727272727272,0.03272727272727272,0.03272727272727272,0.0,1.9636363636363638,0.8181818181818181,1.210909090909091,1.7345454545454544,0.6545454545454545,0.09818181818181819,0.0,0.03272727272727272,0.0
Pablo Ibáñez,es ESP,MF,Alavés,es La Liga,26.0,1998.0,37,28,2236,24.8,1,1,2,1,0,0,7,0,47,13,38,66,3,38,21,37,0,27.7,0.02,0.08,1.16,-0.44,-0.37,,,,,,,,,,,,,,,MF,,False,Midfielder,True,True,True,0.04025044722719141,0.04025044722719141,0.08050089445438283,0.04025044722719141,0.0,0.0,0.2817531305903399,0.0,1.8917710196779964,0.5232558139534884,1.5295169946332736,2.6565295169946332,0.12075134168157423,1.5295169946332736,0.8452593917710197,1.4892665474060824,0.0
Arijon Ibrahimović,de GER,"MF,FW",Heidenheim,de Bundesliga,19.0,2005.0,32,25,2169,24.1,2,4,6,1,1,1,2,0,47,19,13,27,5,127,23,18,0,40.4,0.02,0.05,0.78,-0.83,0.28,,,,,,,,,,,,,,,MF,FW,True,Midfielder,True,True,True,0.08298755186721991,0.16597510373443983,0.24896265560165975,0.04149377593360996,0.04149377593360996,0.04149377593360996,0.08298755186721991,0.0,1.950207468879668,0.7883817427385892,0.5394190871369295,1.120331950207469,0.2074688796680498,5.269709543568465,0.9543568464730291,0.7468879668049793,0.0
Jay Idzes,id IDN,DF,Sassuolo,it Serie A,25.0,2000.0,35,35,3061,34.0,0,0,0,0,0,0,2,0,5,0,33,14,1,1,38,15,0,0.0,0.0,,1.4,0.0,1.0,,,,,,,,,,,,,,,DF,,False,Defender,True,True,True,0.0,0.0,0.0,0.0,0.0,0.0,0.05880431231623652,0.0,0.14701078079059132,0.0,0.9702711532179026,0.41163018621365566,0.02940215615811826,0.02940215615811826,1.117281934008494,0.4410323423717739,0.0
Iglesias,es ESP,DF,Getafe,es La Liga,27.0,1998.0,37,36,3185,35.4,1,2,3,1,0,0,4,0,26,5,63,70,1,108,28,72,1,19.2,0.04,0.2,1.38,-0.17,-0.17,,,,,,,,,,,,,,,DF,,False,Defender,True,True,True,0.0282574568288854,0.0565149136577708,0.0847723704866562,0.0282574568288854,0.0,0.0,0.1130298273155416,0.0,0.7346938775510204,0.141287284144427,1.7802197802197801,1.978021978021978,0.0282574568288854,3.0518053375196232,0.7912087912087912,2.034536891679749,0.0282574568288854
Borja Iglesias,es ESP,FW,Celta Vigo,es La Liga,32.0,1993.0,35,21,1900,21.1,14,2,16,10,4,4,7,0,46,26,38,30,22,3,0,5,0,56.5,0.22,0.38,1.34,0.28,0.34,,,,,,,,,,,,,,,FW,,False,Forward,True,True,True,0.6631578947368421,0.09473684210526316,0.7578947368421053,0.47368421052631576,0.18947368421052632,0.18947368421052632,0.33157894736842103,0.0,2.1789473684210527,1.231578947368421,1.8,1.4210526315789473,1.0421052631578949,0.14210526315789473,0.0,0.23684210526315788,0.0
Jonathan Ikone,fr FRA,"MF,FW",Paris FC,fr Ligue 1,27.0,1998.0,23,13,1100,12.2,3,1,4,3,0,0,2,0,25,6,13,18,3,7,5,15,0,24.0,0.12,0.5,1.26,0.33,0.65,,,,,,,,,,,,,,,MF,FW,True,Midfielder,True,True,False,0.24545454545454548,0.08181818181818182,0.32727272727272727,0.24545454545454548,0.0,0.0,0.16363636363636364,0.0,2.0454545454545454,0.49090909090909096,1.0636363636363637,1.4727272727272729,0.24545454545454548,0.5727272727272728,0.40909090909090906,1.2272727272727273,0.0
Andrej Ilic,rs SRB,FW,Union Berlin,de Bundesliga,25.0,2000.0,32,24,2257,25.1,5,10,15,5,0,1,5,0,71,26,38,32,16,18,2,3,0,36.6,0.07,0.19,1.19,-0.36,0.2,,,,,,,,,,,,,,,FW,,False,Forward,True,True,True,0.19937970757642887,0.39875941515285773,0.5981391227292867,0.19937970757642887,0.0,0.03987594151528578,0.19937970757642887,0.0,2.83119184758529,1.0367744793974303,1.5152857775808595,1.2760301284891449,0.6380150642445724,0.717766947275144,0.07975188303057155,0.11962782454585734,0.0
Emirhan İlkhan,tr TUR,MF,Torino,it Serie A,21.0,2004.0,19,13,1001,11.1,1,2,3,1,0,0,2,1,13,3,11,18,0,7,13,19,0,23.1,0.08,0.33,0.95,-1.08,-0.82,,,,,,,,,,,,,,,MF,,False,Midfielder,True,True,False,0.0899100899100899,0.1798201798201798,0.26973026973026976,0.0899100899100899,0.0,0.0,0.1798201798201798,0.0899100899100899,1.168831168831169,0.26973026973026976,0.989010989010989,1.6183816183816186,0.0,0.6293706293706294,1.168831168831169,1.7082917082917082,0.0
Tim Iroegbunam,eng ENG,MF,Everton,eng Premier League,22.0,2003.0,29,17,1487,16.5,0,2,2,0,0,0,9,0,12,1,29,20,0,3,22,44,0,8.3,0.0,0.0,1.31,0.06,0.25,,,,,,,,,,,,,,,MF,,False,Midfielder,True,True,True,0.0,0.121049092131809,0.121049092131809,0.0,0.0,0.0,0.5447209145931405,0.0,0.7262945527908541,0.0605245460659045,1.7552118359112305,1.21049092131809,0.0,0.18157363819771352,1.3315400134498991,2.6630800268997983,0.0
Jackson Irvine,au AUS,MF,St Pauli,de Bundesliga,32.0,1993.0,24,18,1624,18.0,0,1,1,0,0,0,2,1,19,4,20,12,2,13,28,17,0,21.1,0.0,0.0,0.79,-0.44,1.0,,,,,,,,,,,,,,,MF,,False,Midfielder,True,True,True,0.0,0.05541871921182266,0.05541871921182266,0.0,0.0,0.0,0.11083743842364532,0.05541871921182266,1.0529556650246306,0.22167487684729065,1.1083743842364533,0.6650246305418719,0.11083743842364532,0.7204433497536946,1.5517241379310345,0.9421182266009852,0.0
Gustav Isaksen,dk DEN,FW,Lazio,it Serie A,24.0,2001.0,30,18,1593,17.7,5,1,6,5,0,0,0,0,48,19,18,57,1,32,7,8,0,39.6,0.1,0.26,1.27,-0.23,-0.47,,,,,,,,,,,,,,,FW,,False,Forward,True,True,True,0.2824858757062147,0.056497175141242945,0.3389830508474576,0.2824858757062147,0.0,0.0,0.0,0.0,2.711864406779661,1.0734463276836157,1.0169491525423728,3.2203389830508473,0.056497175141242945,1.8079096045197742,0.39548022598870053,0.45197740112994356,0.0
Wilson Isidor,ht HAI,FW,Sunderland,eng Premier League,24.0,2000.0,32,11,1165,12.9,6,0,6,6,0,0,1,0,43,17,14,7,10,0,2,8,0,39.5,0.14,0.35,1.44,0.08,0.36,,,,,,,,,,,,,,,FW,,False,Forward,True,True,False,0.46351931330472107,0.0,0.46351931330472107,0.46351931330472107,0.0,0.0,0.07725321888412016,0.0,3.321888412017167,1.313304721030043,1.0815450643776825,0.5407725321888412,0.7725321888412017,0.0,0.15450643776824033,0.6180257510729613,0.0
Ardian Ismajli,al ALB,DF,Torino,it Serie A,28.0,1996.0,25,21,1906,21.2,0,1,1,0,0,0,5,0,6,4,21,18,1,8,36,14,0,66.7,0.0,0.0,1.4,0.0,1.13,,,,,,,,,,,,,,,DF,,False,Defender,True,True,True,0.0,0.0472193074501574,0.0472193074501574,0.0,0.0,0.0,0.23609653725078697,0.0,0.2833158447009444,0.1888772298006296,0.9916054564533054,0.8499475341028332,0.0472193074501574,0.3777544596012592,1.6998950682056664,0.6610703043022036,0.0
Hiroki Ito,jp JPN,DF,Bayern Munich,de Bundesliga,26.0,1999.0,16,10,920,10.2,1,2,3,1,0,0,0,0,10,3,10,3,0,7,13,3,0,30.0,0.1,0.33,2.56,1.76,-1.1,,,,,,,,,,,,,,,DF,,False,Defender,True,True,False,0.09782608695652174,0.1956521739130435,0.2934782608695652,0.09782608695652174,0.0,0.0,0.0,0.0,0.9782608695652174,0.2934782608695652,0.9782608695652174,0.2934782608695652,0.0,0.6847826086956522,1.2717391304347827,0.2934782608695652,0.0
Alex Iwobi,ng NGA,MF,Fulham,eng Premier League,29.0,1996.0,29,29,2419,26.9,4,3,7,4,0,0,3,0,39,15,8,10,1,88,15,18,0,38.5,0.1,0.27,1.31,-0.15,-0.15,,,,,,,,,,,,,,,MF,,False,Midfielder,True,True,True,0.14882182720132286,0.11161637040099215,0.260438197602315,0.14882182720132286,0.0,0.0,0.11161637040099215,0.0,1.451012815212898,0.5580818520049607,0.29764365440264573,0.3720545680033071,0.037205456800330716,3.274080198429103,0.5580818520049607,0.6696982224059529,0.0
Nicolas Jackson,sn SEN,FW,Bayern Munich,de Bundesliga,24.0,2001.0,23,12,1007,11.2,8,1,9,8,0,0,2,1,38,21,15,10,8,7,4,4,0,55.3,0.21,0.38,2.52,2.32,-0.31,,,,,,,,,,,,,,,FW,,False,Forward,True,True,False,0.714995034756703,0.08937437934458788,0.804369414101291,0.714995034756703,0.0,0.0,0.17874875868917575,0.08937437934458788,3.3962264150943393,1.8768619662363457,1.3406156901688182,0.8937437934458788,0.714995034756703,0.6256206554121152,0.3574975173783515,0.3574975173783515,0.0
Jérémy Jacquet,fr FRA,DF,Rennes,fr Ligue 1,20.0,2005.0,19,19,1671,18.6,0,0,0,0,0,0,6,1,11,3,20,17,1,0,22,17,0,27.3,0.0,0.0,1.42,-0.11,-0.82,,,,,,,,,,,,,,,DF,,False,Defender,True,True,True,0.0,0.0,0.0,0.0,0.0,0.0,0.32315978456014366,0.05385996409335727,0.59245960502693,0.16157989228007183,1.0771992818671454,0.9156193895870736,0.05385996409335727,0.0,1.18491921005386,0.9156193895870736,0.0
Lee Jae-sung,kr KOR,"MF,FW",Mainz 05,de Bundesliga,32.0,1992.0,28,26,2185,24.3,4,2,6,4,0,0,4,0,30,9,19,22,9,31,25,21,0,30.0,0.13,0.44,1.18,-0.54,-0.95,,,,,,,,,,,,,,,MF,FW,True,Midfielder,True,True,True,0.16475972540045766,0.08237986270022883,0.24713958810068648,0.16475972540045766,0.0,0.0,0.16475972540045766,0.0,1.2356979405034325,0.3707093821510298,0.782608695652174,0.9061784897025171,0.3707093821510298,1.276887871853547,1.0297482837528604,0.8649885583524027,0.0
Kristijan Jakić,hr CRO,"MF,DF",Augsburg,de Bundesliga,28.0,1997.0,26,18,1653,18.4,2,1,3,2,0,0,5,0,18,6,17,17,2,4,17,25,0,33.3,0.11,0.33,1.15,-0.16,0.67,,,,,,,,,,,,,,,MF,DF,True,Midfielder,True,True,True,0.10889292196007261,0.054446460980036304,0.16333938294010888,0.10889292196007261,0.0,0.0,0.27223230490018147,0.0,0.9800362976406534,0.32667876588021777,0.925589836660617,0.925589836660617,0.10889292196007261,0.21778584392014522,0.925589836660617,1.3611615245009074,0.0
Reece James,eng ENG,"DF,MF",Chelsea,eng Premier League,25.0,1999.0,29,20,1963,21.8,2,4,6,2,0,0,4,0,22,7,26,22,1,126,32,33,0,31.8,0.09,0.29,1.55,0.6,1.03,,,,,,,,,,,,,,,DF,MF,True,Defender,True,True,True,0.09169638308711156,0.18339276617422312,0.2750891492613347,0.09169638308711156,0.0,0.0,0.18339276617422312,0.0,1.0086602139582272,0.32093734080489045,1.1920529801324504,1.0086602139582272,0.04584819154355578,5.776872134488028,1.467142129393785,1.5129903209373408,0.0
Vitaly Janelt,de GER,MF,Brentford,eng Premier League,27.0,1998.0,25,15,1444,16.0,1,4,5,1,0,0,8,0,12,3,20,13,0,61,27,17,0,25.0,0.08,0.33,1.4,0.31,0.4,,,,,,,,,,,,,,,MF,,False,Midfielder,True,True,True,0.062326869806094184,0.24930747922437674,0.3116343490304709,0.062326869806094184,0.0,0.0,0.4986149584487535,0.0,0.7479224376731303,0.18698060941828257,1.2465373961218835,0.8102493074792244,0.0,3.801939058171745,1.6828254847645427,1.059556786703601,0.0
Bakery Jatta,gm GAM,MF,Hamburger SV,de Bundesliga,27.0,1998.0,15,12,911,10.1,1,1,2,1,0,0,1,0,11,4,13,5,2,19,8,11,0,36.4,0.09,0.25,1.33,0.4,1.15,,,,,,,,,,,,,,,MF,,False,Midfielder,True,True,False,0.09879253567508232,0.09879253567508232,0.19758507135016465,0.09879253567508232,0.0,0.0,0.09879253567508232,0.0,1.0867178924259056,0.3951701427003293,1.2843029637760703,0.4939626783754117,0.19758507135016465,1.8770581778265643,0.7903402854006586,1.0867178924259056,0.0
Mikel Jauregizar,es ESP,MF,Athletic Club,es La Liga,21.0,2003.0,36,34,2831,31.5,2,0,2,2,0,0,6,1,39,11,49,34,0,72,48,45,0,28.2,0.05,0.18,1.17,-0.48,-0.48,,,,,,,,,,,,,,,MF,,False,Midfielder,True,True,True,0.06358177322500883,0.0,0.06358177322500883,0.06358177322500883,0.0,0.0,0.1907453196750265,0.03179088661250441,1.2398445778876723,0.34969975273754855,1.5577534440127165,1.0808901448251502,0.0,2.288943836100318,1.525962557400212,1.4305898975626985,0.0
Finn Jeltsch,de GER,DF,Stuttgart,de Bundesliga,19.0,2006.0,23,17,1511,16.8,0,1,1,0,0,0,3,0,3,0,13,16,3,3,19,14,0,0.0,0.0,,1.91,0.83,0.37,,,,,,,,,,,,,,,DF,,False,Defender,True,True,True,0.0,0.05956320317670417,0.05956320317670417,0.0,0.0,0.0,0.1786896095301125,0.0,0.1786896095301125,0.0,0.7743216412971543,0.9530112508272667,0.1786896095301125,0.1786896095301125,1.1317008603573793,0.8338848444738584,0.0
Castrop Jens,kr KOR,MF,Gladbach,de Bundesliga,22.0,2003.0,26,20,1584,17.6,3,1,4,3,0,0,2,2,30,12,31,26,3,21,17,27,0,40.0,0.1,0.25,1.0,-0.57,-0.51,,,,,,,,,,,,,,,MF,,False,Midfielder,True,True,True,0.17045454545454547,0.05681818181818182,0.2272727272727273,0.17045454545454547,0.0,0.0,0.11363636363636365,0.11363636363636365,1.7045454545454546,0.6818181818181819,1.7613636363636365,1.4772727272727275,0.17045454545454547,1.1931818181818181,0.9659090909090908,1.534090909090909,0.0
Mathias Jensen,dk DEN,MF,Brentford,eng Premier League,29.0,1996.0,36,26,2247,25.0,3,1,4,3,0,0,3,0,29,8,20,15,2,124,21,23,0,27.6,0.1,0.38,1.47,0.08,0.0,,,,,,,,,,,,,,,MF,,False,Midfielder,True,True,True,0.12016021361815754,0.04005340453938585,0.1602136181575434,0.12016021361815754,0.0,0.0,0.12016021361815754,0.0,1.1615487316421895,0.3204272363150868,0.8010680907877169,0.6008010680907877,0.0801068090787717,4.966622162883845,0.8411214953271028,0.9212283044058746,0.0
Oliver Jensen,dk DEN,MF,Parma,it Serie A,23.0,2002.0,34,19,1840,20.4,1,1,2,1,0,0,2,0,15,3,13,20,2,14,17,8,0,20.0,0.07,0.33,1.21,-0.68,-0.46,,,,,,,,,,,,,,,MF,,False,Midfielder,True,True,True,0.04891304347826087,0.04891304347826087,0.09782608695652174,0.04891304347826087,0.0,0.0,0.09782608695652174,0.0,0.733695652173913,0.1467391304347826,0.6358695652173914,0.9782608695652174,0.09782608695652174,0.6847826086956522,0.8315217391304348,0.391304347826087,0.0
Moritz Jenz,de GER,DF,Wolfsburg,de Bundesliga,26.0,1999.0,22,20,1787,19.9,1,0,1,1,0,0,8,1,5,1,31,7,0,1,12,22,1,20.0,0.2,1.0,0.68,-1.16,-1.09,,,,,,,,,,,,,,,DF,,False,Defender,True,True,True,0.05036373810856184,0.0,0.05036373810856184,0.05036373810856184,0.0,0.0,0.4029099048684947,0.05036373810856184,0.25181869054280914,0.05036373810856184,1.5612758813654168,0.35254616675993283,0.0,0.05036373810856184,0.604364857302742,1.1080022383883605,0.05036373810856184
Igor Jesus,br BRA,FW,Nottingham Forest,eng Premier League,24.0,2001.0,37,28,2298,25.5,6,4,10,5,1,1,2,0,70,21,42,40,11,10,2,16,0,30.0,0.07,0.24,1.19,-0.08,0.0,,,,,,,,,,,,,,,FW,,False,Forward,True,True,True,0.2349869451697128,0.1566579634464752,0.39164490861618795,0.19582245430809397,0.0391644908616188,0.0391644908616188,0.0783289817232376,0.0,2.7415143603133156,0.8224543080939948,1.6449086161879896,1.5665796344647518,0.4308093994778068,0.39164490861618795,0.0783289817232376,0.6266318537859008,0.0
Juan Jesus,br BRA,DF,Napoli,it Serie A,34.0,1991.0,24,19,1675,18.6,0,0,0,0,0,0,10,1,3,0,39,2,0,1,26,22,0,0.0,0.0,,2.21,0.48,-0.19,,,,,,,,,,,,,,,DF,,False,Defender,True,True,True,0.0,0.0,0.0,0.0,0.0,0.0,0.5373134328358209,0.05373134328358209,0.16119402985074627,0.0,2.0955223880597016,0.10746268656716418,0.0,0.05373134328358209,1.3970149253731343,1.182089552238806,0.0
Álex Jiménez,es ESP,"DF,MF",Bournemouth,eng Premier League,20.0,2005.0,31,26,2317,25.7,1,0,1,1,0,0,10,0,21,4,35,20,0,51,27,45,0,19.0,0.05,0.25,1.48,0.12,0.03,,,,,,,,,,,,,,,DF,MF,True,Defender,True,True,True,0.03884333189469141,0.0,0.03884333189469141,0.03884333189469141,0.0,0.0,0.38843331894691413,0.0,0.8157099697885197,0.15537332757876565,1.3595166163141994,0.7768666378938283,0.0,1.981009926629262,1.048769961156668,1.7479499352611136,0.0
Raúl Jiménez,mx MEX,FW,Fulham,eng Premier League,34.0,1991.0,36,27,2189,24.3,9,3,12,5,4,4,5,0,73,18,46,34,20,7,7,20,0,24.7,0.07,0.28,1.44,0.21,0.86,,,,,,,,,,,,,,,FW,,False,Forward,True,True,True,0.3700319780721791,0.12334399269072636,0.49337597076290546,0.20557332115121058,0.16445865692096848,0.16445865692096848,0.20557332115121058,0.0,3.001370488807675,0.7400639561443582,1.8912745545911374,1.397898583828232,0.8222932846048423,0.2878026496116948,0.2878026496116948,0.8222932846048423,0.0
João Pedro,br BRA,"FW,MF",Chelsea,eng Premier League,23.0,2001.0,35,31,2661,29.6,15,5,20,15,0,0,5,0,73,28,38,55,16,18,6,17,0,38.4,0.21,0.54,1.4,0.41,1.12,,,,,,,,,,,,,,,FW,MF,True,Forward,True,True,True,0.5073280721533258,0.16910935738444194,0.6764374295377678,0.5073280721533258,0.0,0.0,0.16910935738444194,0.0,2.468996617812852,0.9470124013528748,1.2852311161217587,1.8602029312288613,0.5411499436302142,0.6087936865839909,0.2029312288613303,0.5749718151071026,0.0
Joelinton,br BRA,MF,Newcastle United,eng Premier League,28.0,1996.0,27,23,1951,21.7,2,1,3,2,0,0,10,0,32,11,46,27,1,11,28,23,0,34.4,0.06,0.18,1.48,0.32,0.87,,,,,,,,,,,,,,,MF,,False,Midfielder,True,True,True,0.09226037929267042,0.04613018964633521,0.13839056893900564,0.09226037929267042,0.0,0.0,0.46130189646335207,0.0,1.4761660686827267,0.5074320861096874,2.1219887237314197,1.2455151204510506,0.04613018964633521,0.5074320861096874,1.291645310097386,1.0609943618657098,0.0
Jofre,es ESP,MF,Espanyol,es La Liga,24.0,2001.0,26,9,930,10.3,1,0,1,1,0,0,1,0,23,7,13,27,2,35,6,6,0,30.4,0.04,0.14,1.08,-0.87,-0.76,,,,,,,,,,,,,,,MF,,False,Midfielder,True,True,False,0.0967741935483871,0.0,0.0967741935483871,0.0967741935483871,0.0,0.0,0.0967741935483871,0.0,2.225806451612903,0.6774193548387097,1.2580645161290323,2.6129032258064515,0.1935483870967742,3.3870967741935485,0.5806451612903226,0.5806451612903226,0.0
Ísak Jóhannesson,is ISL,MF,Köln,de Bundesliga,22.0,2003.0,31,21,1809,20.1,1,2,3,1,0,0,6,0,14,5,14,5,2,65,8,15,0,35.7,0.07,0.2,0.97,-0.7,-0.7,,,,,,,,,,,,,,,MF,,False,Midfielder,True,True,True,0.04975124378109452,0.09950248756218905,0.1492537313432836,0.04975124378109452,0.0,0.0,0.2985074626865672,0.0,0.6965174129353234,0.24875621890547264,0.6965174129353234,0.24875621890547264,0.09950248756218905,3.2338308457711444,0.3980099502487562,0.746268656716418,0.0
Brennan Johnson,wls WAL,"MF,FW",Crystal Palace,eng Premier League,24.0,2001.0,18,13,1112,12.4,0,1,1,0,0,0,4,0,17,3,18,11,6,45,2,7,0,17.6,0.0,0.0,1.0,-0.97,-1.05,,,,,,,,,,,,,,,MF,FW,True,Midfielder,True,True,False,0.0,0.08093525179856116,0.08093525179856116,0.0,0.0,0.0,0.32374100719424465,0.0,1.3758992805755397,0.24280575539568347,1.4568345323741008,0.8902877697841726,0.48561151079136694,3.6420863309352516,0.16187050359712232,0.5665467625899281,0.0
Curtis Jones,eng ENG,"MF,DF",Liverpool,eng Premier League,24.0,2001.0,34,18,1937,21.5,1,2,3,1,0,0,2,0,22,7,17,29,0,16,18,23,0,31.8,0.05,0.14,1.47,0.0,-0.61,,,,,,,,,,,,,,,MF,DF,True,Midfielder,True,True,True,0.04646360351058338,0.09292720702116676,0.13939081053175012,0.04646360351058338,0.0,0.0,0.09292720702116676,0.0,1.0221992772328343,0.3252452245740836,0.7898812596799174,1.3474445018069179,0.0,0.7434176561693341,0.8363448631905007,1.0686628807434175,0.0
Frenkie de Jong,nl NED,MF,Barcelona,es La Liga,28.0,1997.0,25,16,1636,18.2,1,5,6,1,0,0,4,1,7,2,10,26,2,5,17,19,0,28.6,0.14,0.5,2.32,1.21,-0.66,,,,,,,,,,,,,,,MF,,False,Midfielder,True,True,True,0.0550122249388753,0.27506112469437655,0.33007334963325186,0.0550122249388753,0.0,0.0,0.2200488997555012,0.0550122249388753,0.3850855745721271,0.1100244498777506,0.5501222493887531,1.430317848410758,0.1100244498777506,0.27506112469437655,0.9352078239608801,1.0452322738386308,0.0
Mateo Joseph,es ESP,"MF,FW",Mallorca,es La Liga,21.0,2003.0,29,19,1699,18.9,2,3,5,2,0,0,2,0,33,14,19,31,4,14,13,19,0,42.4,0.06,0.14,1.03,-0.26,0.0,,,,,,,,,,,,,,,MF,FW,True,Midfielder,True,True,True,0.10594467333725721,0.15891701000588582,0.26486168334314303,0.10594467333725721,0.0,0.0,0.10594467333725721,0.0,1.748087110064744,0.7416127133608005,1.0064743967039433,1.6421424367274868,0.21188934667451442,0.7416127133608005,0.6886403766921718,1.0064743967039433,0.0
Abdulai Juma Bah,sl SLE,DF,Nice,fr Ligue 1,19.0,2006.0,26,22,1958,21.8,0,0,0,0,0,0,7,0,7,2,27,7,3,0,30,18,0,28.6,0.0,0.0,1.0,-0.97,-0.8,,,,,,,,,,,,,,,DF,,False,Defender,True,True,True,0.0,0.0,0.0,0.0,0.0,0.0,0.32175689479060265,0.0,0.32175689479060265,0.09193054136874362,1.2410623084780388,0.32175689479060265,0.1378958120531154,0.0,1.3789581205311543,0.8273748723186926,0.0
Eli Junior Kroupi,fr FRA,"MF,FW",Bournemouth,eng Premier League,19.0,2006.0,33,21,1672,18.6,13,0,13,11,2,2,5,0,52,22,27,12,6,10,9,6,0,42.3,0.21,0.5,1.45,0.54,0.85,,,,,,,,,,,,,,,MF,FW,True,Midfielder,True,True,True,0.6997607655502392,0.0,0.6997607655502392,0.5921052631578947,0.10765550239234449,0.10765550239234449,0.26913875598086123,0.0,2.799043062200957,1.1842105263157894,1.4533492822966507,0.645933014354067,0.3229665071770335,0.5382775119617225,0.48444976076555024,0.3229665071770335,0.0
Vinicius Júnior,br BRA,"FW,MF",Real Madrid,es La Liga,25.0,2000.0,36,32,2815,31.3,16,5,21,12,4,5,8,0,100,46,38,81,13,63,2,15,0,46.0,0.12,0.26,2.22,1.09,-0.1,,,,,,,,,,,,,,,FW,MF,True,Forward,True,True,True,0.5115452930728241,0.15985790408525755,0.6714031971580817,0.3836589698046181,0.12788632326820604,0.15985790408525755,0.2557726465364121,0.0,3.1971580817051506,1.4706927175843696,1.2149200710479573,2.589698046181172,0.41563055062166965,2.0142095914742453,0.06394316163410302,0.47957371225577267,0.0
James Justin,eng ENG,"DF,MF",Leeds United,eng Premier League,27.0,1998.0,29,21,1901,21.1,2,1,3,2,0,0,4,0,24,6,13,31,2,38,26,38,0,25.0,0.08,0.33,1.41,0.05,0.52,,,,,,,,,,,,,,,DF,MF,True,Defender,True,True,True,0.09468700683850605,0.04734350341925302,0.14203051025775906,0.09468700683850605,0.0,0.0,0.1893740136770121,0.0,1.1362440820620725,0.2840610205155181,0.6154655444502893,1.4676486059968437,0.09468700683850605,1.7990531299316148,1.2309310889005787,1.7990531299316148,0.0
Ferran Jutglà,es ESP,FW,Celta Vigo,es La Liga,26.0,1999.0,30,21,1652,18.4,9,3,12,9,0,0,4,0,45,26,24,30,10,19,8,3,0,57.8,0.2,0.35,1.33,0.05,-0.15,,,,,,,,,,,,,,,FW,,False,Forward,True,True,True,0.4903147699757869,0.16343825665859565,0.6537530266343826,0.4903147699757869,0.0,0.0,0.2179176755447942,0.0,2.4515738498789346,1.4164648910411624,1.3075060532687652,1.6343825665859564,0.5447941888619855,1.0351089588377724,0.4358353510895884,0.16343825665859565,0.0
Martijn Kaars,nl NED,FW,St Pauli,de Bundesliga,26.0,1999.0,29,14,1348,15.0,3,1,4,2,1,1,2,0,23,10,8,6,4,15,0,5,0,43.5,0.09,0.2,0.69,-1.07,-0.28,,,,,,,,,,,,,,,FW,,False,Forward,True,True,False,0.20029673590504452,0.06676557863501484,0.26706231454005935,0.13353115727002968,0.06676557863501484,0.06676557863501484,0.13353115727002968,0.0,1.5356083086053411,0.6676557863501484,0.5341246290801187,0.40059347181008903,0.26706231454005935,1.0014836795252227,0.0,0.3338278931750742,0.0
Mohamed Kaba,gn GUI,MF,Nantes,fr Ligue 1,23.0,2001.0,13,12,1008,11.2,0,2,2,0,0,0,2,0,11,6,15,29,0,2,15,15,0,54.5,0.0,0.0,0.62,0.0,1.01,,,,,,,,,,,,,,,MF,,False,Midfielder,True,True,False,0.0,0.17857142857142855,0.17857142857142855,0.0,0.0,0.0,0.17857142857142855,0.0,0.9821428571428571,0.5357142857142857,1.3392857142857142,2.589285714285714,0.0,0.17857142857142855,1.3392857142857142,1.3392857142857142,0.0
Ozan Kabak,tr TUR,DF,Hoffenheim,de Bundesliga,25.0,2000.0,25,18,1751,19.5,4,0,4,4,0,0,5,0,35,12,26,8,0,2,26,17,0,34.3,0.11,0.33,2.0,0.26,-0.29,,,,,,,,,,,,,,,DF,,False,Defender,True,True,True,0.20559680182752713,0.0,0.20559680182752713,0.20559680182752713,0.0,0.0,0.2569960022844089,0.0,1.7989720159908622,0.6167904054825813,1.3363792118789264,0.41119360365505425,0.0,0.10279840091376356,1.3363792118789264,0.8737864077669902,0.0
Christian Kabasele,be BEL,DF,Udinese,it Serie A,34.0,1991.0,30,28,2247,25.0,3,0,3,3,0,0,5,1,9,6,33,25,1,0,33,13,0,66.7,0.33,0.5,1.23,-0.04,0.11,,,,,,,,,,,,,,,DF,,False,Defender,True,True,True,0.12016021361815754,0.0,0.12016021361815754,0.12016021361815754,0.0,0.0,0.20026702269692923,0.04005340453938585,0.3604806408544727,0.24032042723631508,1.3217623497997328,1.0013351134846462,0.04005340453938585,0.0,1.3217623497997328,0.520694259012016,0.0
Anton Kade,de GER,"MF,FW",Augsburg,de Bundesliga,21.0,2004.0,28,18,1743,19.4,6,0,6,6,0,0,3,0,48,21,20,18,10,22,13,14,0,43.8,0.13,0.29,1.29,-0.67,-0.47,,,,,,,,,,,,,,,MF,FW,True,Midfielder,True,True,True,0.3098106712564544,0.0,0.3098106712564544,0.3098106712564544,0.0,0.0,0.1549053356282272,0.0,2.478485370051635,1.0843373493975905,1.0327022375215147,0.9294320137693632,0.5163511187607573,1.1359724612736661,0.6712564543889845,0.7228915662650601,0.0
Ferdi Kadioglu,tr TUR,"DF,MF",Brighton,eng Premier League,25.0,1999.0,37,34,3133,34.8,1,0,1,1,0,0,6,0,28,13,22,36,7,109,25,39,0,46.4,0.04,0.08,1.35,0.14,-0.17,,,,,,,,,,,,,,,DF,MF,True,Defender,True,True,True,0.028726460261729973,0.0,0.028726460261729973,0.028726460261729973,0.0,0.0,0.17235876157037983,0.0,0.8043408873284391,0.37344398340248963,0.6319821257580593,1.034152569422279,0.20108522183210978,3.131184168528567,0.7181615065432492,1.120331950207469,0.0
Arnaud Kalimuendo,fr FRA,"FW,MF",Eintracht Frankfurt,de Bundesliga,23.0,2002.0,19,17,1417,15.7,6,1,7,6,0,0,4,0,30,16,9,18,6,15,3,4,0,53.3,0.2,0.38,1.0,-0.44,-0.61,,,,,,,,,,,,,,,FW,MF,True,Forward,True,True,True,0.38108680310515175,0.06351446718419196,0.4446012702893437,0.38108680310515175,0.0,0.0,0.25405786873676783,0.0,1.9054340155257588,1.0162314749470713,0.5716302046577276,1.1432604093154553,0.38108680310515175,0.9527170077628794,0.19054340155257588,0.25405786873676783,0.0
Pierre Kalulu,fr FRA,"DF,MF",Juventus,it Serie A,25.0,2000.0,37,37,3281,36.5,2,4,6,2,0,0,4,1,13,4,34,16,0,94,24,35,0,30.8,0.15,0.5,1.86,0.82,2.77,,,,,,,,,,,,,,,DF,MF,True,Defender,True,True,True,0.05486132276744894,0.10972264553489788,0.16458396830234687,0.05486132276744894,0.0,0.0,0.10972264553489788,0.02743066138372447,0.35659859798841814,0.10972264553489788,0.9326424870466321,0.43889058213959153,0.0,2.5784821700701004,0.6583358732093875,0.9600731484303566,0.0
Daichi Kamada,jp JPN,MF,Crystal Palace,eng Premier League,28.0,1996.0,28,22,1902,21.1,0,0,0,0,0,0,3,0,19,4,30,28,1,42,14,35,0,21.1,0.0,0.0,1.43,0.19,1.02,,,,,,,,,,,,,,,MF,,False,Midfielder,True,True,True,0.0,0.0,0.0,0.0,0.0,0.0,0.14195583596214512,0.0,0.8990536277602524,0.1892744479495268,1.419558359621451,1.3249211356466877,0.0473186119873817,1.9873817034700316,0.6624605678233438,1.6561514195583595,0.0
Boubacar Kamara,fr FRA,MF,Aston Villa,eng Premier League,25.0,1999.0,18,17,1411,15.7,1,3,4,1,0,0,5,0,7,4,16,30,0,2,15,16,0,57.1,0.14,0.25,2.33,0.7,0.88,,,,,,,,,,,,,,,MF,,False,Midfielder,True,True,True,0.06378454996456415,0.1913536498936924,0.2551381998582566,0.06378454996456415,0.0,0.0,0.3189227498228207,0.0,0.44649184975194894,0.2551381998582566,1.0205527994330263,1.9135364989369241,0.0,0.1275690999291283,0.9567682494684621,1.0205527994330263,0.0
Hassane Kamara,ci CIV,"MF,DF",Udinese,it Serie A,31.0,1994.0,26,22,1861,20.7,0,2,2,0,0,0,5,0,16,5,16,11,0,81,25,20,0,31.3,0.0,0.0,1.35,0.0,0.17,,,,,,,,,,,,,,,MF,DF,True,Midfielder,True,True,True,0.0,0.09672219236969372,0.09672219236969372,0.0,0.0,0.0,0.24180548092423426,0.0,0.7737775389575497,0.24180548092423426,0.7737775389575497,0.5319720580333154,0.0,3.9172487909725957,1.2090274046211715,0.967221923696937,0.0
Jakub Kamiński,pl POL,"MF,FW",Köln,de Bundesliga,23.0,2002.0,34,34,3016,33.5,7,3,10,7,0,0,4,0,62,25,14,28,7,115,25,27,0,40.3,0.11,0.28,0.94,-0.33,5.81,,,,,,,,,,,,,,,MF,FW,True,Midfielder,True,True,True,0.20888594164456234,0.08952254641909814,0.2984084880636605,0.20888594164456234,0.0,0.0,0.11936339522546419,0.0,1.850132625994695,0.7460212201591513,0.4177718832891247,0.8355437665782494,0.20888594164456234,3.431697612732096,0.7460212201591513,0.8057029177718833,0.0
Harry Kane,eng ENG,"FW,MF",Bayern Munich,de Bundesliga,32.0,1993.0,31,25,2377,26.4,36,5,41,26,10,11,1,0,119,67,25,32,20,12,8,13,0,56.3,0.22,0.39,2.58,2.73,0.88,,,,,,,,,,,,,,,FW,MF,True,Forward,True,True,True,1.3630626840555322,0.18931426167437948,1.5523769457299115,0.9844341607067733,0.37862852334875896,0.41649137568363487,0.03786285233487589,0.0,4.5056794278502315,2.536811106436685,0.9465713083718973,1.2116112747160286,0.7572570466975179,0.4543542280185107,0.30290281867900715,0.4922170803533866,0.0
Lee Kang-in,kr KOR,"MF,FW",Paris Saint-Germain,fr Ligue 1,24.0,2001.0,27,18,1519,16.9,3,4,7,3,0,0,3,0,37,15,18,19,3,113,1,9,0,40.5,0.08,0.2,2.11,1.24,-0.16,,,,,,,,,,,,,,,MF,FW,True,Midfielder,True,True,True,0.17774851876234365,0.2369980250164582,0.4147465437788018,0.17774851876234365,0.0,0.0,0.17774851876234365,0.0,2.1922317314022384,0.8887425938117183,1.066491112574062,1.1257406188281764,0.17774851876234365,6.695194206714944,0.05924950625411455,0.533245556287031,0.0
Adam Karabec,cz CZE,"MF,FW",Lyon,fr Ligue 1,22.0,2003.0,21,11,922,10.2,1,0,1,1,0,0,3,0,9,5,14,20,3,80,1,3,0,55.6,0.11,0.2,1.95,0.29,-0.13,,,,,,,,,,,,,,,MF,FW,True,Midfielder,True,True,False,0.09761388286334056,0.0,0.09761388286334056,0.09761388286334056,0.0,0.0,0.2928416485900217,0.0,0.8785249457700651,0.4880694143167028,1.3665943600867678,1.9522776572668112,0.2928416485900217,7.809110629067245,0.09761388286334056,0.2928416485900217,0.0
Atakan Karazor,tr TUR,MF,Stuttgart,de Bundesliga,28.0,1996.0,28,22,1884,20.9,0,1,1,0,0,0,5,1,7,2,20,34,1,7,15,27,0,28.6,0.0,0.0,1.82,0.38,-0.69,,,,,,,,,,,,,,,MF,,False,Midfielder,True,True,True,0.0,0.04777070063694267,0.04777070063694267,0.0,0.0,0.0,0.23885350318471335,0.04777070063694267,0.3343949044585987,0.09554140127388534,0.9554140127388534,1.6242038216560508,0.04777070063694267,0.3343949044585987,0.7165605095541401,1.2898089171974523,0.0
Dermane Karim,tg TOG,MF,Lorient,fr Ligue 1,21.0,2003.0,30,15,1365,15.2,1,2,3,1,0,0,3,0,16,2,21,39,0,17,10,17,0,12.5,0.06,0.5,1.37,-0.46,-0.67,,,,,,,,,,,,,,,MF,,False,Midfielder,True,True,True,0.06593406593406594,0.13186813186813187,0.1978021978021978,0.06593406593406594,0.0,0.0,0.1978021978021978,0.0,1.054945054945055,0.13186813186813187,1.3846153846153846,2.571428571428571,0.0,1.120879120879121,0.6593406593406593,1.120879120879121,0.0
Lennart Karl,de GER,MF,Bayern Munich,de Bundesliga,17.0,2008.0,26,16,1281,14.2,5,5,10,5,0,0,1,0,42,21,5,11,4,29,11,15,0,50.0,0.12,0.24,2.58,2.53,0.0,,,,,,,,,,,,,,,MF,,False,Midfielder,True,True,False,0.351288056206089,0.351288056206089,0.702576112412178,0.351288056206089,0.0,0.0,0.0702576112412178,0.0,2.9508196721311477,1.4754098360655739,0.351288056206089,0.7728337236533959,0.2810304449648712,2.037470725995316,0.7728337236533959,1.053864168618267,0.0
Jesper Karlström,se SWE,MF,Udinese,it Serie A,30.0,1995.0,36,36,3146,35.0,1,0,1,1,0,0,6,0,20,3,42,30,1,15,37,34,0,15.0,0.05,0.33,1.28,-0.17,-1.16,,,,,,,,,,,,,,,MF,,False,Midfielder,True,True,True,0.028607755880483154,0.0,0.028607755880483154,0.028607755880483154,0.0,0.0,0.17164653528289892,0.0,0.5721551176096631,0.08582326764144946,1.2015257469802925,0.8582326764144945,0.028607755880483154,0.42911633820724726,1.0584869675778767,0.9726636999364273,0.0
Michael Kayode,it ITA,DF,Brentford,eng Premier League,21.0,2004.0,37,37,3258,36.2,1,1,2,1,0,0,8,0,9,3,26,50,1,56,39,47,1,33.3,0.11,0.33,1.43,0.14,1.25,,,,,,,,,,,,,,,DF,,False,Defender,True,True,True,0.027624309392265192,0.027624309392265192,0.055248618784530384,0.027624309392265192,0.0,0.0,0.22099447513812154,0.0,0.24861878453038672,0.08287292817679558,0.7182320441988951,1.3812154696132597,0.027624309392265192,1.5469613259668509,1.0773480662983426,1.298342541436464,0.027624309392265192
Moise Kean,it ITA,FW,Fiorentina,it Serie A,25.0,2000.0,26,23,2036,22.6,8,1,9,6,2,2,4,0,98,27,29,44,30,7,7,4,0,27.6,0.06,0.22,0.92,-0.35,-0.29,,,,,,,,,,,,,,,FW,,False,Forward,True,True,True,0.3536345776031434,0.04420432220039292,0.3978388998035363,0.26522593320235754,0.08840864440078584,0.08840864440078584,0.1768172888015717,0.0,4.332023575638507,1.193516699410609,1.281925343811395,1.9449901768172888,1.3261296660117878,0.3094302554027505,0.3094302554027505,0.1768172888015717,0.0
Michael Keane,eng ENG,DF,Everton,eng Premier League,32.0,1993.0,33,29,2591,28.8,3,1,4,3,0,0,1,1,27,7,16,6,0,1,37,24,0,25.9,0.11,0.43,1.15,-0.38,-1.25,,,,,,,,,,,,,,,DF,,False,Defender,True,True,True,0.10420686993438825,0.03473562331146276,0.13894249324585103,0.10420686993438825,0.0,0.0,0.03473562331146276,0.03473562331146276,0.9378618294094944,0.2431493631802393,0.5557699729834041,0.2084137398687765,0.0,0.03473562331146276,1.2852180625241219,0.833654959475106,0.0
Ilan Kebbal,dz ALG,"MF,FW",Paris FC,fr Ligue 1,27.0,1998.0,29,26,2222,24.7,9,4,13,6,3,4,7,0,49,20,15,61,3,110,7,15,0,40.8,0.12,0.3,1.24,-0.16,-0.27,,,,,,,,,,,,,,,MF,FW,True,Midfielder,True,True,True,0.3645364536453646,0.162016201620162,0.5265526552655265,0.24302430243024303,0.12151215121512152,0.162016201620162,0.28352835283528355,0.0,1.984698469846985,0.8100810081008101,0.6075607560756076,2.4707470747074707,0.12151215121512152,4.455445544554456,0.28352835283528355,0.6075607560756076,0.0
Yassine Kechta,ma MAR,MF,Le Havre,fr Ligue 1,23.0,2002.0,30,14,1332,14.8,2,1,3,2,0,0,3,0,21,9,35,16,3,26,18,18,0,42.9,0.1,0.22,1.07,-0.27,0.15,,,,,,,,,,,,,,,MF,,False,Midfielder,True,True,False,0.13513513513513514,0.06756756756756757,0.20270270270270271,0.13513513513513514,0.0,0.0,0.20270270270270271,0.0,1.4189189189189189,0.6081081081081081,2.364864864864865,1.0810810810810811,0.20270270270270271,1.7567567567567568,1.2162162162162162,1.2162162162162162,0.0
Thilo Kehrer,de GER,DF,Monaco,fr Ligue 1,28.0,1996.0,28,28,2353,26.1,0,0,0,0,0,0,8,2,16,1,27,29,2,5,31,39,0,6.3,0.0,0.0,1.68,0.46,1.22,,,,,,,,,,,,,,,DF,,False,Defender,True,True,True,0.0,0.0,0.0,0.0,0.0,0.0,0.3059923501912452,0.0764980875478113,0.6119847003824904,0.03824904377390565,1.0327241818954527,1.1092222694432639,0.0764980875478113,0.19124521886952825,1.1857203569910753,1.4917127071823204,0.0
Mandela Keita,be BEL,MF,Parma,it Serie A,23.0,2002.0,37,36,2979,33.1,1,1,2,1,0,0,1,0,16,5,30,57,0,2,43,48,1,31.3,0.06,0.2,1.22,-0.54,-0.54,,,,,,,,,,,,,,,MF,,False,Midfielder,True,True,True,0.030211480362537763,0.030211480362537763,0.060422960725075525,0.030211480362537763,0.0,0.0,0.030211480362537763,0.0,0.4833836858006042,0.1510574018126888,0.9063444108761329,1.7220543806646524,0.0,0.060422960725075525,1.299093655589124,1.4501510574018126,0.030211480362537763
Lloyd Kelly,eng ENG,DF,Juventus,it Serie A,26.0,1998.0,35,33,2996,33.3,1,1,2,1,0,0,4,0,17,3,43,20,4,12,14,33,0,17.6,0.06,0.33,1.77,0.75,0.33,,,,,,,,,,,,,,,DF,,False,Defender,True,True,True,0.030040053404539385,0.030040053404539385,0.06008010680907877,0.030040053404539385,0.0,0.0,0.12016021361815754,0.0,0.5106809078771696,0.09012016021361817,1.2917222963951935,0.6008010680907877,0.12016021361815754,0.3604806408544727,0.4205607476635514,0.9913217623497997,0.0
Aljoscha Kemlein,de GER,MF,Union Berlin,de Bundesliga,20.0,2004.0,30,23,1959,21.8,0,2,2,0,0,0,4,0,17,2,22,11,0,9,18,25,0,11.8,0.0,0.0,1.13,-0.14,0.76,,,,,,,,,,,,,,,MF,,False,Midfielder,True,True,True,0.0,0.09188361408882083,0.09188361408882083,0.0,0.0,0.0,0.18376722817764166,0.0,0.781010719754977,0.09188361408882083,1.010719754977029,0.5053598774885145,0.0,0.41347626339969373,0.8269525267993875,1.1485451761102603,0.0
Marc-Oliver Kempf,de GER,DF,Como,it Serie A,30.0,1995.0,34,27,2326,25.8,4,1,5,4,0,0,3,0,21,6,26,19,0,0,13,12,0,28.6,0.19,0.67,1.94,1.04,0.3,,,,,,,,,,,,,,,DF,,False,Defender,True,True,True,0.15477214101461736,0.03869303525365434,0.1934651762682717,0.15477214101461736,0.0,0.0,0.11607910576096303,0.0,0.8125537403267412,0.23215821152192606,1.0060189165950129,0.7351676698194325,0.0,0.0,0.5030094582975064,0.4643164230438521,0.0
Milos Kerkez,hu HUN,DF,Liverpool,eng Premier League,21.0,2003.0,34,27,2257,25.1,2,1,3,2,0,0,4,0,9,2,22,30,4,79,15,26,0,22.2,0.22,1.0,1.47,0.2,-0.19,,,,,,,,,,,,,,,DF,,False,Defender,True,True,True,0.07975188303057155,0.03987594151528578,0.11962782454585734,0.07975188303057155,0.0,0.0,0.1595037660611431,0.0,0.358883473637572,0.07975188303057155,0.877270713336287,1.1962782454585734,0.1595037660611431,3.1501993797075767,0.5981391227292867,1.0367744793974303,0.0
Kevin,br BRA,MF,Fulham,eng Premier League,22.0,2003.0,26,9,1041,11.6,1,1,2,1,0,0,1,0,25,10,14,17,3,43,9,10,0,40.0,0.04,0.1,1.38,-0.09,0.03,,,,,,,,,,,,,,,MF,,False,Midfielder,True,True,False,0.08645533141210375,0.08645533141210375,0.1729106628242075,0.08645533141210375,0.0,0.0,0.08645533141210375,0.0,2.161383285302594,0.8645533141210375,1.2103746397694524,1.4697406340057637,0.25936599423631124,3.717579250720461,0.7780979827089338,0.8645533141210375,0.0
Bilal El Khannouss,ma MAR,"MF,FW",Stuttgart,de Bundesliga,21.0,2004.0,25,19,1630,18.1,4,5,9,4,0,0,6,0,42,15,19,9,1,65,10,21,0,35.7,0.1,0.27,1.84,0.17,-1.03,,,,,,,,,,,,,,,MF,FW,True,Midfielder,True,True,True,0.22085889570552147,0.27607361963190186,0.49693251533742333,0.22085889570552147,0.0,0.0,0.3312883435582822,0.0,2.3190184049079754,0.8282208588957056,1.049079754601227,0.49693251533742333,0.05521472392638037,3.5889570552147236,0.5521472392638037,1.1595092024539877,0.0
Rani Khedira,tn TUN,MF,Union Berlin,de Bundesliga,31.0,1994.0,32,32,2830,31.4,5,1,6,5,0,0,7,0,23,10,52,18,2,26,37,35,0,43.5,0.22,0.5,1.13,-0.54,-1.71,,,,,,,,,,,,,,,MF,,False,Midfielder,True,True,True,0.15901060070671377,0.03180212014134275,0.1908127208480565,0.15901060070671377,0.0,0.0,0.2226148409893993,0.0,0.7314487632508834,0.31802120141342755,1.6537102473498233,0.5724381625441697,0.0636042402826855,0.8268551236749117,1.176678445229682,1.1130742049469964,0.0
Abdukodir Khusanov,uz UZB,DF,Manchester City,eng Premier League,21.0,2004.0,21,15,1432,15.9,0,0,0,0,0,0,2,0,7,1,14,6,0,3,29,20,0,14.3,0.0,0.0,1.95,0.75,-0.6,,,,,,,,,,,,,,,DF,,False,Defender,True,True,True,0.0,0.0,0.0,0.0,0.0,0.0,0.12569832402234637,0.0,0.4399441340782123,0.06284916201117319,0.8798882681564246,0.3770949720670391,0.0,0.18854748603351956,1.8226256983240223,1.2569832402234635,0.0
Kialonda,ao ANG,DF,Lecce,it Serie A,27.0,1997.0,23,21,1830,20.3,0,0,0,0,0,0,6,1,9,1,13,22,2,1,19,9,0,11.1,0.0,0.0,1.13,-0.39,0.4,,,,,,,,,,,,,,,DF,,False,Defender,True,True,True,0.0,0.0,0.0,0.0,0.0,0.0,0.29508196721311475,0.04918032786885246,0.4426229508196722,0.04918032786885246,0.639344262295082,1.0819672131147542,0.09836065573770492,0.04918032786885246,0.9344262295081968,0.4426229508196722,0.0
Kiké,es ESP,FW,Espanyol,es La Liga,35.0,1989.0,37,17,1734,19.3,8,1,9,7,1,2,3,0,60,27,33,44,26,17,4,8,0,45.0,0.12,0.26,1.16,0.1,0.85,,,,,,,,,,,,,,,FW,,False,Forward,True,True,True,0.4152249134948097,0.051903114186851215,0.4671280276816609,0.36332179930795844,0.051903114186851215,0.10380622837370243,0.15570934256055363,0.0,3.114186851211073,1.4013840830449826,1.71280276816609,2.283737024221453,1.3494809688581315,0.8823529411764706,0.20761245674740486,0.4152249134948097,0.0
Semih Kılıçsoy,tr TUR,FW,Cagliari,it Serie A,19.0,2005.0,22,11,975,10.8,4,0,4,4,0,0,1,0,17,8,14,15,2,1,1,4,0,47.1,0.24,0.5,1.05,-0.46,-0.17,,,,,,,,,,,,,,,FW,,False,Forward,True,True,False,0.36923076923076925,0.0,0.36923076923076925,0.36923076923076925,0.0,0.0,0.09230769230769231,0.0,1.5692307692307692,0.7384615384615385,1.2923076923076924,1.3846153846153846,0.18461538461538463,0.09230769230769231,0.09230769230769231,0.36923076923076925,0.0
Max Kilman,eng ENG,DF,West Ham United,eng Premier League,28.0,1997.0,21,17,1561,17.3,0,0,0,0,0,0,4,0,7,1,16,2,0,2,6,8,0,14.3,0.0,0.0,0.95,-1.1,-1.1,,,,,,,,,,,,,,,DF,,False,Defender,True,True,True,0.0,0.0,0.0,0.0,0.0,0.0,0.23062139654067904,0.0,0.40358744394618834,0.05765534913516976,0.9224855861627161,0.11531069827033952,0.0,0.11531069827033952,0.3459320948110186,0.46124279308135807,0.0
Joshua Kimmich,de GER,MF,Bayern Munich,de Bundesliga,30.0,1995.0,29,24,2280,25.3,2,8,10,2,0,0,4,0,28,10,8,21,0,126,24,26,0,35.7,0.07,0.2,2.55,2.53,-0.01,,,,,,,,,,,,,,,MF,,False,Midfielder,True,True,True,0.07894736842105263,0.3157894736842105,0.39473684210526316,0.07894736842105263,0.0,0.0,0.15789473684210525,0.0,1.105263157894737,0.39473684210526316,0.3157894736842105,0.8289473684210525,0.0,4.973684210526316,0.9473684210526315,1.0263157894736843,0.0
Joshua King,eng ENG,MF,Fulham,eng Premier League,18.0,2007.0,32,15,1308,14.5,1,2,3,1,0,0,4,0,26,11,13,30,3,12,3,12,0,42.3,0.04,0.09,1.38,-0.28,-0.28,,,,,,,,,,,,,,,MF,,False,Midfielder,True,True,False,0.06880733944954129,0.13761467889908258,0.20642201834862386,0.06880733944954129,0.0,0.0,0.27522935779816515,0.0,1.7889908256880733,0.756880733944954,0.8944954128440367,2.064220183486239,0.20642201834862386,0.8256880733944955,0.20642201834862386,0.8256880733944955,0.0
Justin Kluivert,nl NED,MF,Bournemouth,eng Premier League,26.0,1999.0,20,10,952,10.6,2,0,2,2,0,0,5,0,17,4,18,10,1,40,4,7,0,23.5,0.12,0.5,1.2,-0.28,-0.54,,,,,,,,,,,,,,,MF,,False,Midfielder,True,True,False,0.18907563025210083,0.0,0.18907563025210083,0.18907563025210083,0.0,0.0,0.47268907563025214,0.0,1.607142857142857,0.37815126050420167,1.7016806722689075,0.9453781512605043,0.09453781512605042,3.781512605042017,0.37815126050420167,0.6617647058823529,0.0
Ansgar Knauff,de GER,"MF,FW",Eintracht Frankfurt,de Bundesliga,23.0,2002.0,28,12,1326,14.7,4,1,5,4,0,0,3,0,34,14,26,12,7,39,9,10,0,41.2,0.12,0.29,1.29,0.2,0.57,,,,,,,,,,,,,,,MF,FW,True,Midfielder,True,True,False,0.2714932126696833,0.06787330316742082,0.3393665158371041,0.2714932126696833,0.0,0.0,0.20361990950226247,0.0,2.3076923076923075,0.9502262443438915,1.7647058823529411,0.8144796380090499,0.47511312217194573,2.6470588235294117,0.6108597285067874,0.6787330316742082,0.0
Robin Koch,de GER,DF,Eintracht Frankfurt,de Bundesliga,29.0,1996.0,32,32,2833,31.5,3,1,4,3,0,0,3,1,15,5,31,13,0,2,47,27,0,33.3,0.2,0.6,1.38,-0.1,0.3,,,,,,,,,,,,,,,DF,,False,Defender,True,True,True,0.0953053300388281,0.03176844334627603,0.12707377338510412,0.0953053300388281,0.0,0.0,0.0953053300388281,0.03176844334627603,0.4765266501941405,0.15884221673138016,0.984821743734557,0.41298976350158845,0.0,0.06353688669255206,1.4931168372749735,0.8577479703494528,0.0
Christian Kofane,cm CMR,FW,Leverkusen,de Bundesliga,19.0,2006.0,29,12,1239,13.8,5,4,9,5,0,0,3,0,46,19,30,17,3,0,2,7,0,41.3,0.11,0.26,1.69,0.87,0.43,,,,,,,,,,,,,,,FW,,False,Forward,True,True,False,0.3631961259079903,0.29055690072639223,0.6537530266343826,0.3631961259079903,0.0,0.0,0.2179176755447942,0.0,3.3414043583535107,1.3801452784503632,2.179176755447942,1.234866828087167,0.2179176755447942,0.0,0.14527845036319612,0.5084745762711864,0.0
Derrick Köhn,gh GHA,"MF,DF",Union Berlin,de Bundesliga,26.0,1999.0,29,21,1899,21.1,1,2,3,0,1,1,5,1,28,5,33,16,6,114,8,22,0,17.9,0.0,0.0,1.17,-0.33,0.21,,,,,,,,,,,,,,,MF,DF,True,Midfielder,True,True,True,0.04739336492890995,0.0947867298578199,0.14218009478672985,0.0,0.04739336492890995,0.04739336492890995,0.23696682464454977,0.04739336492890995,1.3270142180094786,0.23696682464454977,1.5639810426540284,0.7582938388625592,0.2843601895734597,5.402843601895735,0.3791469194312796,1.042654028436019,0.0
Dominik Kohr,de GER,DF,Mainz 05,de Bundesliga,31.0,1994.0,29,28,2338,26.0,2,0,2,2,0,0,11,2,15,4,40,43,1,17,44,35,0,26.7,0.13,0.5,1.24,-0.19,0.31,,,,,,,,,,,,,,,DF,,False,Defender,True,True,True,0.07698887938408897,0.0,0.07698887938408897,0.07698887938408897,0.0,0.0,0.42343883661248927,0.07698887938408897,0.5774165953806673,0.15397775876817793,1.5397775876817792,1.6552609067579127,0.03849443969204448,0.6544054747647562,1.693755346449957,1.347305389221557,0.0
Koke,es ESP,MF,Atlético Madrid,es La Liga,33.0,1992.0,34,24,2219,24.7,2,2,4,2,0,0,6,0,14,4,21,22,0,44,19,30,0,28.6,0.14,0.5,2.0,0.61,0.38,,,,,,,,,,,,,,,MF,,False,Midfielder,True,True,True,0.08111762054979721,0.08111762054979721,0.16223524109959442,0.08111762054979721,0.0,0.0,0.24335286164939163,0.0,0.5678233438485805,0.16223524109959442,0.8517350157728707,0.8922938260477693,0.0,1.7845876520955386,0.7706173952230735,1.2167643082469581,0.0
Sead Kolašinac,ba BIH,DF,Atalanta,it Serie A,32.0,1993.0,19,15,1212,13.5,0,0,0,0,0,0,3,0,3,0,22,10,1,3,11,18,0,0.0,0.0,,1.74,0.52,0.19,,,,,,,,,,,,,,,DF,,False,Defender,True,True,False,0.0,0.0,0.0,0.0,0.0,0.0,0.22277227722772278,0.0,0.22277227722772278,0.0,1.6336633663366338,0.7425742574257425,0.07425742574257425,0.22277227722772278,0.8168316831683169,1.3366336633663365,0.0
Randal Kolo Muani,fr FRA,"FW,MF",Tottenham Hotspur,eng Premier League,26.0,1998.0,30,21,1664,18.5,1,1,2,1,0,0,3,0,20,4,41,17,3,18,2,16,0,20.0,0.05,0.25,0.87,-0.76,-1.01,,,,,,,,,,,,,,,FW,MF,True,Forward,True,True,True,0.054086538461538464,0.054086538461538464,0.10817307692307693,0.054086538461538464,0.0,0.0,0.1622596153846154,0.0,1.0817307692307694,0.21634615384615385,2.2175480769230766,0.9194711538461539,0.1622596153846154,0.9735576923076923,0.10817307692307693,0.8653846153846154,0.0
Mert Kömür,de GER,"MF,FW",Augsburg,de Bundesliga,20.0,2005.0,28,17,1464,16.3,2,4,6,2,0,0,1,0,41,16,26,18,2,60,8,13,0,39.0,0.05,0.13,1.25,-0.43,0.08,,,,,,,,,,,,,,,MF,FW,True,Midfielder,True,True,True,0.12295081967213115,0.2459016393442623,0.36885245901639346,0.12295081967213115,0.0,0.0,0.06147540983606557,0.0,2.5204918032786887,0.9836065573770492,1.5983606557377048,1.1065573770491803,0.12295081967213115,3.6885245901639343,0.4918032786885246,0.7991803278688524,0.0
Ibrahima Konaté,fr FRA,DF,Liverpool,eng Premier League,26.0,1999.0,36,36,3090,34.3,1,0,1,1,0,0,7,0,12,4,33,41,0,3,28,31,0,33.3,0.08,0.25,1.64,0.29,0.29,,,,,,,,,,,,,,,DF,,False,Defender,True,True,True,0.02912621359223301,0.0,0.02912621359223301,0.02912621359223301,0.0,0.0,0.20388349514563106,0.0,0.34951456310679613,0.11650485436893204,0.9611650485436893,1.1941747572815533,0.0,0.08737864077669903,0.8155339805825242,0.9029126213592233,0.0
Ismaël Koné,ca CAN,MF,Sassuolo,it Serie A,23.0,2002.0,35,33,2737,30.4,6,0,6,6,0,0,5,1,23,10,25,54,0,5,12,18,0,43.5,0.26,0.6,1.37,-0.07,0.2,,,,,,,,,,,,,,,MF,,False,Midfielder,True,True,True,0.19729630982827914,0.0,0.19729630982827914,0.19729630982827914,0.0,0.0,0.16441359152356594,0.03288271830471319,0.7563025210084033,0.3288271830471319,0.8220679576178298,1.7756667884545123,0.0,0.16441359152356594,0.3945926196565583,0.5918889294848374,0.0
Manu Koné,fr FRA,MF,Roma,it Serie A,24.0,2001.0,29,28,2456,27.3,2,3,5,2,0,0,2,0,21,5,47,53,2,1,20,27,0,23.8,0.1,0.4,1.93,0.73,-0.01,,,,,,,,,,,,,,,MF,,False,Midfielder,True,True,True,0.0732899022801303,0.10993485342019543,0.18322475570032573,0.0732899022801303,0.0,0.0,0.0732899022801303,0.0,0.7695439739413681,0.18322475570032573,1.722312703583062,1.9421824104234526,0.0732899022801303,0.03664495114006515,0.7328990228013029,0.989413680781759,0.0
Ransford Königsdörffer,gh GHA,"FW,MF",Hamburger SV,de Bundesliga,23.0,2001.0,33,29,2329,25.9,5,1,6,5,0,1,2,0,65,22,25,32,28,21,6,4,0,33.8,0.08,0.23,1.12,-0.43,-0.06,,,,,,,,,,,,,,,FW,MF,True,Forward,True,True,True,0.19321597252039502,0.038643194504079006,0.23185916702447404,0.19321597252039502,0.0,0.038643194504079006,0.07728638900815801,0.0,2.511807642765135,0.8501502790897381,0.9660798626019751,1.2365822241305282,1.082009446114212,0.8115070845856591,0.23185916702447404,0.15457277801631603,0.0
Ezri Konsa,eng ENG,DF,Aston Villa,eng Premier League,27.0,1997.0,34,34,3035,33.7,0,0,0,0,0,0,0,1,11,2,11,42,0,5,22,8,0,18.2,0.0,0.0,1.79,0.24,0.47,,,,,,,,,,,,,,,DF,,False,Defender,True,True,True,0.0,0.0,0.0,0.0,0.0,0.0,0.0,0.029654036243822075,0.32619439868204286,0.05930807248764415,0.32619439868204286,1.2454695222405272,0.0,0.14827018121911037,0.6523887973640857,0.2372322899505766,0.0
Teun Koopmeiners,nl NED,"MF,DF",Juventus,it Serie A,27.0,1998.0,33,18,1827,20.3,0,0,0,0,0,0,5,0,28,7,33,11,3,47,18,13,0,25.0,0.0,0.0,1.7,0.15,-1.21,,,,,,,,,,,,,,,MF,DF,True,Midfielder,True,True,True,0.0,0.0,0.0,0.0,0.0,0.0,0.24630541871921183,0.0,1.379310344827586,0.3448275862068965,1.6256157635467978,0.541871921182266,0.14778325123152708,2.315270935960591,0.8866995073891626,0.6403940886699507,0.0
Odilon Kossounou,ci CIV,DF,Atalanta,it Serie A,24.0,2001.0,19,10,988,11.0,1,0,1,1,0,0,1,0,5,1,16,3,1,2,10,14,0,20.0,0.2,1.0,1.58,0.46,0.09,,,,,,,,,,,,,,,DF,,False,Defender,True,True,False,0.09109311740890688,0.0,0.09109311740890688,0.09109311740890688,0.0,0.0,0.09109311740890688,0.0,0.45546558704453444,0.09109311740890688,1.45748987854251,0.2732793522267207,0.09109311740890688,0.18218623481781376,0.9109311740890689,1.2753036437246963,0.0
Koffi Kouao,ci CIV,"DF,MF",Metz,fr Ligue 1,27.0,1998.0,27,27,2265,25.2,2,1,3,2,0,0,10,0,23,10,32,33,3,59,28,46,1,43.5,0.09,0.2,0.56,-1.07,0.85,,,,,,,,,,,,,,,DF,MF,True,Defender,True,True,True,0.07947019867549669,0.039735099337748346,0.11920529801324503,0.07947019867549669,0.0,0.0,0.3973509933774834,0.0,0.913907284768212,0.3973509933774834,1.271523178807947,1.3112582781456954,0.11920529801324503,2.3443708609271523,1.1125827814569536,1.827814569536424,0.039735099337748346
Arsène Kouassi,bf BFA,MF,Lorient,fr Ligue 1,20.0,2004.0,31,30,2605,28.9,2,6,8,2,0,0,4,0,9,5,15,53,10,119,24,18,0,55.6,0.22,0.4,1.29,-0.07,0.13,,,,,,,,,,,,,,,MF,,False,Midfielder,True,True,True,0.0690978886756238,0.2072936660268714,0.2763915547024952,0.0690978886756238,0.0,0.0,0.1381957773512476,0.0,0.3109404990403071,0.1727447216890595,0.5182341650671786,1.831094049904031,0.345489443378119,4.111324376199616,0.8291746641074856,0.6218809980806141,0.0
Konstantinos Koulierakis,gr GRE,DF,Wolfsburg,de Bundesliga,21.0,2003.0,29,27,2482,27.6,4,1,5,4,0,0,5,0,26,12,29,13,0,20,35,25,1,46.2,0.15,0.33,1.0,-0.58,0.67,,,,,,,,,,,,,,,DF,,False,Defender,True,True,True,0.145044319097502,0.0362610797743755,0.1813053988718775,0.145044319097502,0.0,0.0,0.1813053988718775,0.0,0.9427880741337631,0.43513295729250606,1.0515713134568896,0.47139403706688154,0.0,0.72522159548751,1.2691377921031428,0.9065269943593877,0.0362610797743755
Jules Koundé,fr FRA,DF,Barcelona,es La Liga,26.0,1998.0,30,24,2261,25.1,1,3,4,1,0,0,6,0,14,4,24,24,2,40,31,24,0,28.6,0.07,0.25,2.43,1.71,0.47,,,,,,,,,,,,,,,DF,,False,Defender,True,True,True,0.039805395842547546,0.11941618752764264,0.15922158337019018,0.039805395842547546,0.0,0.0,0.2388323750552853,0.0,0.5572755417956656,0.15922158337019018,0.9553295002211412,0.9553295002211412,0.07961079168509509,1.592215833701902,1.233967271118974,0.9553295002211412,0.0
Andrej Kramarić,hr CRO,"MF,FW",Hoffenheim,de Bundesliga,34.0,1991.0,34,26,2207,24.5,14,6,20,9,5,5,2,0,64,33,5,14,5,82,7,5,0,51.6,0.14,0.27,1.79,0.82,1.55,,,,,,,,,,,,,,,MF,FW,True,Midfielder,True,True,True,0.5709107385591301,0.24467603081105574,0.8155867693701857,0.36701404621658357,0.20389669234254643,0.20389669234254643,0.08155867693701858,0.0,2.6098776619845947,1.3457181694608065,0.20389669234254643,0.5709107385591301,0.20389669234254643,3.3439057544177615,0.28545536927956505,0.20389669234254643,0.0
Jean-Philippe Krasso,ci CIV,FW,Paris FC,fr Ligue 1,28.0,1997.0,25,12,1092,12.1,2,2,4,1,1,1,0,0,27,10,20,19,10,4,1,8,0,37.0,0.04,0.1,1.12,-0.16,-0.12,,,,,,,,,,,,,,,FW,,False,Forward,True,True,False,0.16483516483516483,0.16483516483516483,0.32967032967032966,0.08241758241758242,0.08241758241758242,0.08241758241758242,0.0,0.0,2.2252747252747254,0.8241758241758242,1.6483516483516485,1.565934065934066,0.8241758241758242,0.32967032967032966,0.08241758241758242,0.6593406593406593,0.0
Tom Krauß,de GER,"MF,DF",Köln,de Bundesliga,24.0,2001.0,26,19,1780,19.8,0,2,2,0,0,0,4,0,9,2,23,22,0,14,26,43,0,22.2,0.0,0.0,1.08,-0.4,0.02,,,,,,,,,,,,,,,MF,DF,True,Midfielder,True,True,True,0.0,0.10112359550561799,0.10112359550561799,0.0,0.0,0.0,0.20224719101123598,0.0,0.45505617977528084,0.10112359550561799,1.1629213483146066,1.1123595505617978,0.0,0.7078651685393259,1.3146067415730338,2.1741573033707864,0.0
Ladislav Krejčí,cz CZE,"DF,MF",Wolves,eng Premier League,26.0,1999.0,28,27,2356,26.2,2,1,3,2,0,0,5,1,21,10,33,7,0,17,32,21,1,47.6,0.1,0.2,0.57,-0.96,0.4,,,,,,,,,,,,,,,DF,MF,True,Defender,True,True,True,0.07640067911714771,0.038200339558573854,0.11460101867572157,0.07640067911714771,0.0,0.0,0.19100169779286927,0.038200339558573854,0.802207130730051,0.38200339558573854,1.2606112054329373,0.26740237691001695,0.0,0.6494057724957555,1.2224108658743633,0.802207130730051,0.038200339558573854
Rasmus Kristensen,dk DEN,"DF,MF",Eintracht Frankfurt,de Bundesliga,28.0,1997.0,22,19,1538,17.1,2,0,2,2,0,0,6,1,15,6,24,10,3,33,19,33,0,40.0,0.13,0.33,1.36,-0.18,-0.12,,,,,,,,,,,,,,,DF,MF,True,Defender,True,True,True,0.11703511053315994,0.0,0.11703511053315994,0.11703511053315994,0.0,0.0,0.3511053315994799,0.05851755526657997,0.8777633289986997,0.3511053315994799,1.4044213263979195,0.5851755526657997,0.17555266579973994,1.931079323797139,1.1118335500650196,1.931079323797139,0.0
Thomas Kristensen,dk DEN,DF,Udinese,it Serie A,23.0,2002.0,28,28,2472,27.5,3,0,3,3,0,0,4,0,11,6,24,9,3,4,27,15,0,54.5,0.27,0.5,1.36,0.07,0.55,,,,,,,,,,,,,,,DF,,False,Defender,True,True,True,0.10922330097087378,0.0,0.10922330097087378,0.10922330097087378,0.0,0.0,0.14563106796116507,0.0,0.40048543689320387,0.21844660194174756,0.8737864077669902,0.3276699029126214,0.10922330097087378,0.14563106796116507,0.9830097087378641,0.5461165048543689,0.0
Nikola Krstović,me MNE,FW,Atalanta,it Serie A,25.0,2000.0,33,18,1791,19.9,10,5,15,10,0,0,4,0,99,34,45,27,27,5,3,12,0,34.3,0.1,0.29,1.64,0.8,0.86,,,,,,,,,,,,,,,FW,,False,Forward,True,True,True,0.5025125628140703,0.25125628140703515,0.7537688442211055,0.5025125628140703,0.0,0.0,0.20100502512562815,0.0,4.974874371859297,1.708542713567839,2.261306532663317,1.3567839195979898,1.3567839195979898,0.25125628140703515,0.15075376884422112,0.6030150753768845,0.0
Lukas Kübler,de GER,DF,Freiburg,de Bundesliga,32.0,1992.0,23,19,1587,17.6,2,2,4,2,0,0,3,0,19,5,20,11,6,30,31,25,0,26.3,0.11,0.4,1.43,-0.11,0.13,,,,,,,,,,,,,,,DF,,False,Defender,True,True,True,0.11342155009451796,0.11342155009451796,0.22684310018903592,0.11342155009451796,0.0,0.0,0.17013232514177695,0.0,1.0775047258979205,0.2835538752362949,1.1342155009451795,0.6238185255198487,0.3402646502835539,1.7013232514177694,1.7580340264650285,1.4177693761814745,0.0
Takefusa Kubo,jp JPN,MF,Real Sociedad,es La Liga,24.0,2001.0,24,17,1503,16.7,2,4,6,2,0,0,2,0,28,12,9,51,11,39,10,18,0,42.9,0.07,0.17,1.0,-0.3,-0.44,,,,,,,,,,,,,,,MF,,False,Midfielder,True,True,True,0.11976047904191617,0.23952095808383234,0.35928143712574845,0.11976047904191617,0.0,0.0,0.11976047904191617,0.0,1.6766467065868262,0.7185628742514969,0.5389221556886228,3.0538922155688626,0.6586826347305389,2.3353293413173652,0.5988023952095808,1.0778443113772456,0.0
Mohammed Kudus,gh GHA,"MF,FW",Tottenham Hotspur,eng Premier League,24.0,2000.0,19,19,1535,17.1,2,5,7,2,0,0,3,0,26,9,23,15,10,122,3,17,0,34.6,0.08,0.22,1.37,0.12,0.64,,,,,,,,,,,,,,,MF,FW,True,Midfielder,True,True,True,0.11726384364820848,0.2931596091205212,0.4104234527687296,0.11726384364820848,0.0,0.0,0.1758957654723127,0.0,1.52442996742671,0.5276872964169381,1.3485342019543973,0.8794788273615635,0.5863192182410424,7.153094462540716,0.1758957654723127,0.996742671009772,0.0
Sael Kumbedi,fr FRA,"DF,MF",Wolfsburg,de Bundesliga,20.0,2005.0,24,20,1804,20.0,0,5,5,0,0,0,2,0,5,0,21,18,4,41,14,33,0,0.0,0.0,,0.88,-0.75,-0.1,,,,,,,,,,,,,,,DF,MF,True,Defender,True,True,True,0.0,0.2494456762749446,0.2494456762749446,0.0,0.0,0.0,0.09977827050997783,0.0,0.2494456762749446,0.0,1.0476718403547671,0.8980044345898004,0.19955654101995565,2.0454545454545454,0.6984478935698448,1.646341463414634,0.0
Khvicha Kvaratskhelia,ge GEO,FW,Paris Saint-Germain,fr Ligue 1,24.0,2001.0,28,18,1479,16.4,8,4,12,7,1,1,1,0,65,29,18,26,5,43,10,13,0,44.6,0.11,0.24,2.21,1.22,-0.21,,,,,,,,,,,,,,,FW,,False,Forward,True,True,True,0.486815415821501,0.2434077079107505,0.7302231237322515,0.4259634888438134,0.060851926977687626,0.060851926977687626,0.060851926977687626,0.0,3.9553752535496955,1.7647058823529411,1.0953346855983772,1.5821501014198782,0.3042596348884381,2.6166328600405677,0.6085192697768762,0.7910750507099391,0.0
Adrián de la Fuente,es ESP,DF,Levante,es La Liga,26.0,1999.0,33,30,2711,30.1,3,1,4,2,1,3,5,0,39,9,34,27,1,40,48,18,1,23.1,0.05,0.22,1.15,-0.43,-0.3,,,,,,,,,,,,,,,DF,,False,Defender,True,True,True,0.09959424566580596,0.033198081888601995,0.13279232755440798,0.06639616377720399,0.033198081888601995,0.09959424566580596,0.16599040944300997,0.0,1.2947251936554776,0.2987827369974179,1.1287347842124678,0.8963482109922538,0.033198081888601995,1.3279232755440797,1.5935079306528954,0.5975654739948358,0.033198081888601995
Rémy Labeau Lascary,gp GLP,"MF,FW",Brest,fr Ligue 1,22.0,2003.0,27,12,1200,13.3,5,1,6,5,0,0,2,0,34,16,29,18,9,12,4,11,0,47.1,0.15,0.31,1.33,-0.23,0.21,,,,,,,,,,,,,,,MF,FW,True,Midfielder,True,True,False,0.375,0.07500000000000001,0.45,0.375,0.0,0.0,0.15000000000000002,0.0,2.55,1.2000000000000002,2.175,1.3499999999999999,0.6749999999999999,0.9,0.30000000000000004,0.825,0.0
Maxence Lacroix,fr FRA,DF,Crystal Palace,eng Premier League,25.0,2000.0,35,35,3085,34.3,1,2,3,1,0,0,4,1,25,7,34,19,0,5,45,38,0,28.0,0.04,0.14,1.11,-0.26,0.01,,,,,,,,,,,,,,,DF,,False,Defender,True,True,True,0.02917341977309562,0.05834683954619124,0.08752025931928686,0.02917341977309562,0.0,0.0,0.11669367909238249,0.02917341977309562,0.7293354943273905,0.20421393841166938,0.9918962722852511,0.5542949756888168,0.0,0.1458670988654781,1.312803889789303,1.1085899513776336,0.0
Yoel Lago,es ESP,DF,Celta Vigo,es La Liga,21.0,2004.0,12,11,938,10.4,0,0,0,0,0,0,4,0,1,0,17,14,1,0,7,10,0,0.0,0.0,,1.25,-0.29,-0.58,,,,,,,,,,,,,,,DF,,False,Defender,True,True,False,0.0,0.0,0.0,0.0,0.0,0.0,0.3837953091684435,0.0,0.09594882729211088,0.0,1.6311300639658848,1.3432835820895521,0.09594882729211088,0.0,0.6716417910447761,0.9594882729211087,0.0
Konrad Laimer,at AUT,DF,Bayern Munich,de Bundesliga,28.0,1997.0,29,22,1994,22.2,3,9,12,3,0,0,9,0,17,8,29,9,4,38,17,25,0,47.1,0.18,0.38,2.72,2.98,1.29,,,,,,,,,,,,,,,DF,,False,Defender,True,True,True,0.13540621865596789,0.40621865596790374,0.5416248746238715,0.13540621865596789,0.0,0.0,0.40621865596790374,0.0,0.7673019057171514,0.36108324974924777,1.3089267803410232,0.40621865596790374,0.18054162487462388,1.715145436308927,0.7673019057171514,1.1283851554663993,0.0
Kenny Lala,mg MAD,DF,Brest,fr Ligue 1,33.0,1991.0,32,31,2791,31.0,0,3,3,0,0,0,4,0,8,1,17,23,0,106,26,26,0,12.5,0.0,0.0,1.13,-0.42,-0.75,,,,,,,,,,,,,,,DF,,False,Defender,True,True,True,0.0,0.09673951988534575,0.09673951988534575,0.0,0.0,0.0,0.12898602651379432,0.0,0.25797205302758863,0.03224650662844858,0.5481906126836259,0.7416696524543174,0.0,3.41812970261555,0.8384091723396632,0.8384091723396632,0.0
Aymeric Laporte,es ESP,DF,Athletic Club,es La Liga,31.0,1994.0,25,24,2058,22.9,0,1,1,0,0,0,4,0,15,5,9,13,1,2,27,17,0,33.3,0.0,0.0,1.24,-0.48,-0.22,,,,,,,,,,,,,,,DF,,False,Defender,True,True,True,0.0,0.043731778425655975,0.043731778425655975,0.0,0.0,0.0,0.1749271137026239,0.0,0.6559766763848396,0.21865889212827988,0.3935860058309038,0.5685131195335277,0.043731778425655975,0.08746355685131195,1.1807580174927115,0.7434402332361516,0.0
Hugo Larsson,se SWE,MF,Eintracht Frankfurt,de Bundesliga,21.0,2004.0,25,21,1812,20.1,2,2,4,2,0,0,0,0,13,6,7,2,0,9,27,9,0,46.2,0.15,0.33,1.28,0.05,0.41,,,,,,,,,,,,,,,MF,,False,Midfielder,True,True,True,0.09933774834437085,0.09933774834437085,0.1986754966887417,0.09933774834437085,0.0,0.0,0.0,0.0,0.6456953642384106,0.2980132450331126,0.347682119205298,0.09933774834437085,0.0,0.4470198675496689,1.3410596026490067,0.4470198675496689,0.0
Josh Laurent,eng ENG,"DF,MF",Burnley,eng Premier League,30.0,1995.0,33,18,1764,19.6,1,0,1,1,0,0,7,1,15,4,31,11,2,14,28,25,0,26.7,0.07,0.25,0.64,-1.17,-0.41,,,,,,,,,,,,,,,DF,MF,True,Defender,True,True,True,0.05102040816326531,0.0,0.05102040816326531,0.05102040816326531,0.0,0.0,0.3571428571428571,0.05102040816326531,0.7653061224489797,0.20408163265306123,1.5816326530612246,0.5612244897959184,0.10204081632653061,0.7142857142857142,1.4285714285714284,1.2755102040816326,0.0
Armand Lauriente,fr FRA,FW,Sassuolo,it Serie A,26.0,1998.0,38,33,2592,28.8,7,9,16,7,0,0,4,0,71,26,42,47,18,109,7,15,0,36.6,0.1,0.27,1.29,-0.14,-0.14,,,,,,,,,,,,,,,FW,,False,Forward,True,True,True,0.24305555555555555,0.3125,0.5555555555555556,0.24305555555555555,0.0,0.0,0.1388888888888889,0.0,2.4652777777777777,0.9027777777777777,1.4583333333333333,1.6319444444444444,0.625,3.7847222222222223,0.24305555555555555,0.5208333333333333,0.0
Valentino Lazaro,at AUT,MF,Torino,it Serie A,29.0,1996.0,31,26,2252,25.0,0,2,2,0,0,0,4,0,8,2,37,9,1,135,22,25,0,25.0,0.0,0.0,1.1,-1.0,-1.46,,,,,,,,,,,,,,,MF,,False,Midfielder,True,True,True,0.0,0.07992895204262877,0.07992895204262877,0.0,0.0,0.0,0.15985790408525755,0.0,0.3197158081705151,0.07992895204262877,1.4786856127886325,0.35968028419182946,0.03996447602131439,5.395204262877442,0.8792184724689166,0.9991119005328597,0.0
Manuel Lazzari,it ITA,DF,Lazio,it Serie A,31.0,1993.0,23,9,938,10.4,0,0,0,0,0,0,2,0,4,2,10,19,0,16,6,9,0,50.0,0.0,0.0,1.22,0.19,0.23,,,,,,,,,,,,,,,DF,,False,Defender,True,True,False,0.0,0.0,0.0,0.0,0.0,0.0,0.19189765458422176,0.0,0.3837953091684435,0.19189765458422176,0.9594882729211087,1.8230277185501067,0.0,1.535181236673774,0.5756929637526652,0.863539445628998,0.0
Théo Le Bris,fr FRA,MF,Lorient,fr Ligue 1,22.0,2002.0,28,22,1893,21.0,2,2,4,2,0,0,0,0,17,7,8,7,0,81,17,28,0,41.2,0.12,0.29,1.36,0.19,0.73,,,,,,,,,,,,,,,MF,,False,Midfielder,True,True,True,0.09508716323296355,0.09508716323296355,0.1901743264659271,0.09508716323296355,0.0,0.0,0.0,0.0,0.8082408874801902,0.33280507131537246,0.3803486529318542,0.33280507131537246,0.0,3.8510301109350236,0.8082408874801902,1.3312202852614898,0.0
Enzo Le Fée,fr FRA,"MF,FW",Sunderland,eng Premier League,25.0,2000.0,36,33,2930,32.6,5,6,11,2,3,4,5,0,36,12,31,37,4,98,28,56,0,33.3,0.06,0.17,1.47,-0.18,-0.18,,,,,,,,,,,,,,,MF,FW,True,Midfielder,True,True,True,0.15358361774744028,0.18430034129692832,0.3378839590443686,0.06143344709897611,0.09215017064846416,0.12286689419795221,0.15358361774744028,0.0,1.10580204778157,0.36860068259385664,0.9522184300341296,1.136518771331058,0.12286689419795221,3.0102389078498293,0.8600682593856654,1.720136518771331,0.0
Robin Le Normand,es ESP,DF,Atlético Madrid,es La Liga,28.0,1996.0,28,17,1789,19.9,1,1,2,1,0,0,5,0,6,1,22,14,1,3,20,20,0,16.7,0.17,1.0,1.82,0.65,0.38,,,,,,,,,,,,,,,DF,,False,Defender,True,True,True,0.05030743432084964,0.05030743432084964,0.10061486864169927,0.05030743432084964,0.0,0.0,0.25153717160424816,0.0,0.3018446059250978,0.05030743432084964,1.106763555058692,0.7043040804918949,0.05030743432084964,0.1509223029625489,1.0061486864169926,1.0061486864169926,0.0
Rafael Leão,pt POR,FW,Milan,it Serie A,26.0,1999.0,29,23,1851,20.6,9,3,12,7,2,2,5,0,63,24,19,34,9,25,5,3,0,38.1,0.11,0.29,1.66,0.1,-0.82,,,,,,,,,,,,,,,FW,,False,Forward,True,True,True,0.4376012965964344,0.1458670988654781,0.5834683954619124,0.34035656401944897,0.09724473257698542,0.09724473257698542,0.24311183144246354,0.0,3.06320907617504,1.1669367909238249,0.9238249594813613,1.653160453808752,0.4376012965964344,1.2155591572123177,0.24311183144246354,0.1458670988654781,0.0
Pierre Lees-Melou,fr FRA,MF,Paris FC,fr Ligue 1,32.0,1993.0,22,20,1782,19.8,1,3,4,1,0,0,7,1,27,6,28,24,0,13,20,35,0,22.2,0.04,0.17,1.36,0.1,0.45,,,,,,,,,,,,,,,MF,,False,Midfielder,True,True,True,0.05050505050505051,0.15151515151515152,0.20202020202020204,0.05050505050505051,0.0,0.0,0.3535353535353536,0.05050505050505051,1.3636363636363638,0.30303030303030304,1.4141414141414144,1.2121212121212122,0.0,0.6565656565656566,1.01010101010101,1.7676767676767677,0.0
Jordan Lefort,mr MTN,DF,Angers,fr Ligue 1,31.0,1993.0,34,34,3060,34.0,0,2,2,0,0,0,2,0,11,2,22,19,2,23,47,33,0,18.2,0.0,0.0,1.06,-0.56,,,,,,,,,,,,,,,,DF,,False,Defender,True,True,True,0.0,0.058823529411764705,0.058823529411764705,0.0,0.0,0.0,0.058823529411764705,0.0,0.32352941176470584,0.058823529411764705,0.6470588235294117,0.5588235294117647,0.058823529411764705,0.6764705882352942,1.3823529411764706,0.9705882352941176,0.0
Diogo Leite,pt POR,DF,Union Berlin,de Bundesliga,26.0,1999.0,23,23,1963,21.8,0,0,0,0,0,0,4,0,10,1,26,26,1,7,44,15,1,10.0,0.0,0.0,1.26,-0.09,0.89,,,,,,,,,,,,,,,DF,,False,Defender,True,True,True,0.0,0.0,0.0,0.0,0.0,0.0,0.18339276617422312,0.0,0.45848191543555783,0.04584819154355578,1.1920529801324504,1.1920529801324504,0.04584819154355578,0.32093734080489045,2.0173204279164545,0.6877228731533367,0.04584819154355578
Florian Lejeune,fr FRA,DF,Rayo Vallecano,es La Liga,34.0,1991.0,36,36,3230,35.9,2,1,3,2,0,0,7,0,50,18,47,14,1,8,47,47,0,36.0,0.04,0.11,1.22,-0.14,-1.09,,,,,,,,,,,,,,,DF,,False,Defender,True,True,True,0.05572755417956657,0.027863777089783284,0.08359133126934984,0.05572755417956657,0.0,0.0,0.19504643962848298,0.0,1.3931888544891642,0.5015479876160991,1.3095975232198143,0.39009287925696595,0.027863777089783284,0.22291021671826627,1.3095975232198143,1.3095975232198143,0.0
Youssef Lekhedim,es ESP,"DF,MF",Alavés,es La Liga,19.0,2005.0,25,13,1335,14.8,0,1,1,0,0,0,7,0,11,3,24,13,0,61,12,10,0,27.3,0.0,0.0,1.15,-0.2,0.19,,,,,,,,,,,,,,,DF,MF,True,Defender,True,True,False,0.0,0.06741573033707865,0.06741573033707865,0.0,0.0,0.0,0.4719101123595506,0.0,0.7415730337078652,0.20224719101123598,1.6179775280898878,0.8764044943820225,0.0,4.112359550561798,0.8089887640449439,0.6741573033707865,0.0
Thomas Lemar,fr FRA,MF,Girona,es La Liga,29.0,1995.0,27,14,1258,14.0,3,1,4,3,0,0,4,0,17,8,19,20,0,56,5,15,0,47.1,0.18,0.38,1.0,-0.07,0.55,,,,,,,,,,,,,,,MF,,False,Midfielder,True,True,False,0.2146263910969793,0.07154213036565978,0.2861685214626391,0.2146263910969793,0.0,0.0,0.2861685214626391,0.0,1.2162162162162162,0.5723370429252782,1.3593004769475359,1.4308426073131955,0.0,4.006359300476947,0.35771065182829886,1.0731319554848968,0.0
Tim Lemperle,de GER,FW,Hoffenheim,de Bundesliga,23.0,2002.0,29,24,1944,21.6,8,2,10,7,1,1,3,1,53,21,60,16,18,27,6,16,0,39.6,0.13,0.33,1.86,0.79,1.11,,,,,,,,,,,,,,,FW,,False,Forward,True,True,True,0.3703703703703704,0.0925925925925926,0.46296296296296297,0.32407407407407407,0.0462962962962963,0.0462962962962963,0.1388888888888889,0.0462962962962963,2.4537037037037037,0.9722222222222222,2.7777777777777777,0.7407407407407408,0.8333333333333333,1.25,0.2777777777777778,0.7407407407407408,0.0
Clément Lenglet,fr FRA,DF,Atlético Madrid,es La Liga,30.0,1995.0,19,17,1391,15.5,0,1,1,0,0,0,6,1,5,0,22,7,0,2,20,10,0,0.0,0.0,,1.63,0.19,-0.47,,,,,,,,,,,,,,,DF,,False,Defender,True,True,True,0.0,0.06470165348670022,0.06470165348670022,0.0,0.0,0.0,0.3882099209202013,0.06470165348670022,0.3235082674335011,0.0,1.4234363767074047,0.45291157440690155,0.0,0.12940330697340044,1.2940330697340043,0.6470165348670022,0.0
Esteban Lepaul,fr FRA,FW,Rennes,fr Ligue 1,25.0,2000.0,32,31,2511,27.9,20,5,25,17,3,4,3,0,84,37,23,15,8,17,3,5,0,44.0,0.2,0.46,1.75,0.39,0.72,,,,,,,,,,,,,,,FW,,False,Forward,True,True,True,0.7168458781362006,0.17921146953405015,0.8960573476702509,0.6093189964157707,0.1075268817204301,0.14336917562724014,0.1075268817204301,0.0,3.010752688172043,1.3261648745519714,0.8243727598566308,0.5376344086021506,0.2867383512544803,0.6093189964157707,0.1075268817204301,0.17921146953405015,0.0
Johann Lepenant,fr FRA,MF,Nantes,fr Ligue 1,22.0,2002.0,28,24,2263,25.1,0,1,1,0,0,0,4,0,22,7,29,48,0,74,28,47,0,31.8,0.0,0.0,0.64,-0.48,0.76,,,,,,,,,,,,,,,MF,,False,Midfielder,True,True,True,0.0,0.039770216526734424,0.039770216526734424,0.0,0.0,0.0,0.1590808661069377,0.0,0.8749447635881573,0.278391515687141,1.1533362792752984,1.9089703932832525,0.0,2.942996022978347,1.113566062748564,1.8692001767565178,0.0
Mehdi Léris,dz ALG,MF,Pisa,it Serie A,27.0,1998.0,34,21,1900,21.1,2,3,5,2,0,0,2,0,25,7,27,22,8,99,23,37,0,28.0,0.08,0.29,0.47,-1.23,-0.11,,,,,,,,,,,,,,,MF,,False,Midfielder,True,True,True,0.09473684210526316,0.14210526315789473,0.23684210526315788,0.09473684210526316,0.0,0.0,0.09473684210526316,0.0,1.1842105263157894,0.33157894736842103,1.2789473684210526,1.0421052631578949,0.37894736842105264,4.689473684210526,1.0894736842105264,1.7526315789473685,0.0
Jefferson Lerma,co COL,"MF,DF",Crystal Palace,eng Premier League,30.0,1994.0,31,18,1733,19.3,0,2,2,0,0,0,7,0,19,7,25,24,0,12,25,18,2,36.8,0.0,0.0,1.19,-0.31,-0.1,,,,,,,,,,,,,,,MF,DF,True,Midfielder,True,True,True,0.0,0.10386612810155799,0.10386612810155799,0.0,0.0,0.0,0.363531448355453,0.0,0.986728216964801,0.363531448355453,1.298326601269475,1.2463935372186958,0.0,0.6231967686093479,1.298326601269475,0.934795152914022,0.10386612810155799
Louis Leroux,fr FRA,"MF,DF",Nantes,fr Ligue 1,19.0,2006.0,23,16,1441,16.0,1,1,2,1,0,0,2,0,15,3,12,14,1,30,5,23,0,20.0,0.07,0.33,0.87,-0.69,-0.02,,,,,,,,,,,,,,,MF,DF,True,Midfielder,True,True,True,0.062456627342123525,0.062456627342123525,0.12491325468424705,0.062456627342123525,0.0,0.0,0.12491325468424705,0.0,0.936849410131853,0.18736988202637056,0.7494795281054822,0.8743927827897293,0.062456627342123525,1.873698820263706,0.31228313671061764,1.436502428868841,0.0
Robert Lewandowski,pl POL,FW,Barcelona,es La Liga,36.0,1988.0,31,17,1664,18.5,14,2,16,13,1,3,2,0,63,29,13,21,17,0,3,3,0,46.0,0.21,0.45,2.45,1.78,0.45,,,,,,,,,,,,,,,FW,,False,Forward,True,True,True,0.7572115384615384,0.10817307692307693,0.8653846153846154,0.703125,0.054086538461538464,0.1622596153846154,0.10817307692307693,0.0,3.407451923076923,1.5685096153846154,0.703125,1.1358173076923077,0.9194711538461539,0.0,0.1622596153846154,0.1622596153846154,0.0
Jamie Leweling,de GER,MF,Stuttgart,de Bundesliga,24.0,2001.0,32,26,2367,26.3,7,9,16,7,0,0,4,0,49,18,17,43,15,123,13,12,0,36.7,0.14,0.39,1.75,0.38,-1.18,,,,,,,,,,,,,,,MF,,False,Midfielder,True,True,True,0.2661596958174905,0.34220532319391633,0.6083650190114068,0.2661596958174905,0.0,0.0,0.1520912547528517,0.0,1.8631178707224334,0.6844106463878327,0.6463878326996197,1.6349809885931559,0.5703422053231939,4.67680608365019,0.494296577946768,0.4562737642585551,0.0
Keane Lewis-Potter,eng ENG,"DF,MF",Brentford,eng Premier League,24.0,2001.0,36,22,1972,21.9,3,3,6,3,0,0,1,0,31,9,15,36,3,69,10,14,0,29.0,0.1,0.33,1.39,-0.18,-0.62,,,,,,,,,,,,,,,DF,MF,True,Defender,True,True,True,0.13691683569979715,0.13691683569979715,0.2738336713995943,0.13691683569979715,0.0,0.0,0.04563894523326572,0.0,1.4148073022312373,0.4107505070993915,0.6845841784989858,1.643002028397566,0.13691683569979715,3.149087221095335,0.4563894523326572,0.6389452332657201,0.0
Philipp Lienhart,at AUT,DF,Freiburg,de Bundesliga,29.0,1996.0,20,14,1302,14.5,1,0,1,1,0,0,4,1,8,2,7,8,2,13,13,13,0,25.0,0.13,0.5,1.5,0.41,1.03,,,,,,,,,,,,,,,DF,,False,Defender,True,True,False,0.06912442396313365,0.0,0.06912442396313365,0.06912442396313365,0.0,0.0,0.2764976958525346,0.06912442396313365,0.5529953917050692,0.1382488479262673,0.4838709677419355,0.5529953917050692,0.1382488479262673,0.8986175115207373,0.8986175115207373,0.8986175115207373,0.0
Matthijs de Ligt,nl NED,DF,Manchester Utd,eng Premier League,25.0,1999.0,13,13,1170,13.0,1,0,1,1,0,0,0,0,11,3,6,5,0,4,11,13,0,27.3,0.09,0.33,1.62,0.08,-0.64,,,,,,,,,,,,,,,DF,,False,Defender,True,True,False,0.07692307692307693,0.0,0.07692307692307693,0.07692307692307693,0.0,0.0,0.0,0.0,0.8461538461538461,0.23076923076923078,0.46153846153846156,0.38461538461538464,0.0,0.3076923076923077,0.8461538461538461,1.0,0.0
Victor Lindelöf,se SWE,"DF,MF",Aston Villa,eng Premier League,31.0,1994.0,17,11,948,10.5,0,1,1,0,0,0,0,0,3,0,2,0,0,0,8,3,0,0.0,0.0,,2.18,0.47,0.4,,,,,,,,,,,,,,,DF,MF,True,Defender,True,True,False,0.0,0.09493670886075949,0.09493670886075949,0.0,0.0,0.0,0.0,0.0,0.2848101265822785,0.0,0.18987341772151897,0.0,0.0,0.0,0.7594936708860759,0.2848101265822785,0.0
Luca Lipani,it ITA,MF,Sassuolo,it Serie A,20.0,2005.0,24,10,1034,11.5,0,1,1,0,0,0,3,0,12,3,28,8,1,5,15,17,0,25.0,0.0,0.0,1.17,0.0,0.15,,,,,,,,,,,,,,,MF,,False,Midfielder,True,True,False,0.0,0.08704061895551257,0.08704061895551257,0.0,0.0,0.0,0.2611218568665377,0.0,1.0444874274661509,0.2611218568665377,2.4371373307543522,0.6963249516441006,0.08704061895551257,0.4352030947775629,1.3056092843326885,1.4796905222437136,0.0
Adrián Liso,es ESP,"FW,MF",Getafe,es La Liga,20.0,2005.0,28,21,1702,18.9,3,0,3,3,0,0,5,1,26,10,39,43,16,42,4,22,0,38.5,0.12,0.3,1.36,-0.26,-0.21,,,,,,,,,,,,,,,FW,MF,True,Forward,True,True,True,0.15863689776733256,0.0,0.15863689776733256,0.15863689776733256,0.0,0.0,0.26439482961222094,0.052878965922444184,1.3748531139835487,0.5287896592244419,2.062279670975323,2.2737955346651,0.8460634547591069,2.2209165687426555,0.21151586368977673,1.163337250293772,0.0
Valentino Livramento,eng ENG,DF,Newcastle United,eng Premier League,22.0,2002.0,17,14,1328,14.8,0,1,1,0,0,0,1,0,3,0,7,16,2,36,2,14,0,0.0,0.0,,1.47,0.54,0.97,,,,,,,,,,,,,,,DF,,False,Defender,True,True,False,0.0,0.06777108433734941,0.06777108433734941,0.0,0.0,0.0,0.06777108433734941,0.0,0.2033132530120482,0.0,0.47439759036144574,1.0843373493975905,0.13554216867469882,2.4397590361445785,0.13554216867469882,0.9487951807228915,0.0
Diego Llorente,es ESP,DF,Real Betis,es La Liga,31.0,1993.0,18,14,1229,13.7,1,0,1,1,0,0,5,0,4,3,13,13,0,1,27,15,0,75.0,0.25,0.33,1.56,0.88,0.92,,,,,,,,,,,,,,,DF,,False,Defender,True,True,False,0.07323026851098453,0.0,0.07323026851098453,0.07323026851098453,0.0,0.0,0.3661513425549227,0.0,0.29292107404393813,0.21969080553295361,0.9519934906427989,0.9519934906427989,0.0,0.07323026851098453,1.9772172497965828,1.098454027664768,0.0
Marcos Llorente,es ESP,"DF,MF",Atlético Madrid,es La Liga,30.0,1995.0,29,25,2181,24.2,0,4,4,0,0,0,7,1,18,6,28,11,4,49,13,41,0,33.3,0.0,0.0,1.97,0.78,0.86,,,,,,,,,,,,,,,DF,MF,True,Defender,True,True,True,0.0,0.16506189821182943,0.16506189821182943,0.0,0.0,0.0,0.28885832187070154,0.04126547455295736,0.7427785419532323,0.24759284731774417,1.1554332874828062,0.45392022008253097,0.16506189821182943,2.0220082530949104,0.5364511691884457,1.6918844566712516,0.0
Gautier Lloris,fr FRA,DF,Le Havre,fr Ligue 1,30.0,1995.0,29,28,2398,26.6,1,1,2,1,0,0,2,1,12,4,27,17,2,2,43,24,1,33.3,0.08,0.25,1.03,-0.23,0.59,,,,,,,,,,,,,,,DF,,False,Defender,True,True,True,0.03753127606338615,0.03753127606338615,0.0750625521267723,0.03753127606338615,0.0,0.0,0.0750625521267723,0.03753127606338615,0.45037531276063386,0.1501251042535446,1.0133444537114262,0.6380316930775647,0.0750625521267723,0.0750625521267723,1.6138448707256046,0.9007506255212677,0.03753127606338615
Giovani Lo Celso,ar ARG,MF,Real Betis,es La Liga,29.0,1996.0,24,15,1393,15.5,2,3,5,2,0,0,4,0,30,11,9,42,4,61,6,13,0,36.7,0.07,0.18,1.67,0.58,0.49,,,,,,,,,,,,,,,MF,,False,Midfielder,True,True,True,0.12921751615218952,0.19382627422828427,0.32304379038047376,0.12921751615218952,0.0,0.0,0.25843503230437903,0.0,1.938262742282843,0.7106963388370423,0.5814788226848528,2.7135678391959797,0.25843503230437903,3.9411342426417804,0.38765254845656855,0.8399138549892319,0.0
Danny Loader,cm CMR,"MF,FW",Auxerre,fr Ligue 1,24.0,2000.0,30,29,2517,28.0,3,3,6,3,0,0,9,0,62,17,64,47,4,32,9,25,0,27.4,0.05,0.18,0.93,-0.32,-0.16,,,,,,,,,,,,,,,MF,FW,True,Midfielder,True,True,True,0.10727056019070322,0.10727056019070322,0.21454112038140644,0.10727056019070322,0.0,0.0,0.3218116805721096,0.0,2.2169249106078666,0.6078665077473182,2.2884386174016687,1.6805721096543504,0.1430274135876043,1.1442193087008343,0.3218116805721096,0.8939213349225268,0.0
Stanislav Lobotka,sk SVK,MF,Napoli,it Serie A,30.0,1994.0,32,29,2431,27.0,1,1,2,1,0,0,3,0,8,4,13,45,0,5,16,16,0,50.0,0.13,0.25,1.91,0.52,-0.21,,,,,,,,,,,,,,,MF,,False,Midfielder,True,True,True,0.03702180172768408,0.03702180172768408,0.07404360345536816,0.03702180172768408,0.0,0.0,0.11106540518305225,0.0,0.29617441382147264,0.14808720691073632,0.48128342245989303,1.6659810777457835,0.0,0.1851090086384204,0.5923488276429453,0.5923488276429453,0.0
Manuel Locatelli,it ITA,MF,Juventus,it Serie A,27.0,1998.0,36,36,2994,33.3,1,2,3,1,0,1,9,0,46,12,55,44,0,19,38,66,0,26.1,0.02,0.08,1.86,0.63,-0.64,,,,,,,,,,,,,,,MF,,False,Midfielder,True,True,True,0.030060120240480964,0.06012024048096193,0.09018036072144288,0.030060120240480964,0.0,0.030060120240480964,0.27054108216432865,0.0,1.382765531062124,0.3607214428857715,1.653306613226453,1.3226452905811623,0.0,0.5711422845691383,1.1422845691382766,1.9839679358717437,0.0
Bradley Locko,fr FRA,DF,Brest,fr Ligue 1,23.0,2002.0,21,14,1286,14.3,0,2,2,0,0,0,0,0,2,1,12,18,2,34,10,28,0,50.0,0.0,0.0,1.1,-0.21,0.25,,,,,,,,,,,,,,,DF,,False,Defender,True,True,False,0.0,0.13996889580093314,0.13996889580093314,0.0,0.0,0.0,0.0,0.0,0.13996889580093314,0.06998444790046657,0.8398133748055988,1.2597200622083982,0.13996889580093314,2.3794712286158632,0.6998444790046656,1.9595645412130638,0.0
Ruben Loftus-Cheek,eng ENG,"MF,FW",Milan,it Serie A,29.0,1996.0,28,12,1133,12.6,3,1,4,3,0,0,2,0,29,6,23,19,1,10,5,8,0,20.7,0.1,0.5,1.86,0.64,0.24,,,,,,,,,,,,,,,MF,FW,True,Midfielder,True,True,False,0.23830538393645193,0.0794351279788173,0.3177405119152692,0.23830538393645193,0.0,0.0,0.1588702559576346,0.0,2.3036187113857016,0.47661076787290385,1.827007943512798,1.5092674315975285,0.0794351279788173,0.7943512797881729,0.39717563989408644,0.6354810238305384,0.0
Sean Longstaff,eng ENG,MF,Leeds United,eng Premier League,27.0,1997.0,23,10,1011,11.2,2,2,4,2,0,0,2,0,16,4,13,17,1,54,12,24,0,25.0,0.13,0.5,1.35,-0.71,-0.75,,,,,,,,,,,,,,,MF,,False,Midfielder,True,True,False,0.17804154302670622,0.17804154302670622,0.35608308605341243,0.17804154302670622,0.0,0.0,0.17804154302670622,0.0,1.4243323442136497,0.35608308605341243,1.1572700296735905,1.513353115727003,0.08902077151335311,4.807121661721068,1.0682492581602374,2.136498516320475,0.0
Diego López,es ESP,"MF,FW",Valencia,es La Liga,23.0,2002.0,34,20,1762,19.6,4,1,5,4,0,0,2,0,28,8,20,33,3,41,14,16,0,28.6,0.14,0.5,1.35,-0.77,-1.09,,,,,,,,,,,,,,,MF,FW,True,Midfielder,True,True,True,0.2043132803632236,0.0510783200908059,0.25539160045402953,0.2043132803632236,0.0,0.0,0.1021566401816118,0.0,1.4301929625425651,0.4086265607264472,1.0215664018161181,1.6855845629965946,0.1532349602724177,2.094211123723042,0.7150964812712826,0.8172531214528944,0.0
Fer López,es ESP,"MF,FW",Celta Vigo,es La Liga,21.0,2004.0,17,13,1170,13.0,1,1,2,1,0,0,3,0,13,5,24,18,1,18,6,11,0,38.5,0.08,0.2,1.29,-0.15,-0.43,,,,,,,,,,,,,,,MF,FW,True,Midfielder,True,True,False,0.07692307692307693,0.07692307692307693,0.15384615384615385,0.07692307692307693,0.0,0.0,0.23076923076923078,0.0,1.0,0.38461538461538464,1.8461538461538463,1.3846153846153846,0.07692307692307693,1.3846153846153846,0.46153846153846156,0.8461538461538461,0.0
Fermin López,es ESP,MF,Barcelona,es La Liga,22.0,2003.0,30,19,1797,20.0,6,9,15,6,0,0,3,0,68,25,34,20,5,36,7,22,0,36.8,0.09,0.24,2.63,1.8,0.53,,,,,,,,,,,,,,,MF,,False,Midfielder,True,True,True,0.3005008347245409,0.4507512520868113,0.7512520868113522,0.3005008347245409,0.0,0.0,0.15025041736227046,0.0,3.40567612687813,1.2520868113522536,1.702838063439065,1.001669449081803,0.25041736227045075,1.8030050083472453,0.35058430717863104,1.1018363939899833,0.0
Javi López,es ESP,DF,Oviedo,es La Liga,23.0,2002.0,25,20,1711,19.0,0,1,1,0,0,0,3,1,7,1,38,26,2,60,20,23,0,14.3,0.0,0.0,0.84,-0.58,0.63,,,,,,,,,,,,,,,DF,,False,Defender,True,True,True,0.0,0.05260081823495032,0.05260081823495032,0.0,0.0,0.0,0.15780245470485096,0.05260081823495032,0.36820572764465226,0.05260081823495032,1.9988310929281123,1.3676212741087084,0.10520163646990063,3.1560490940970194,1.0520163646990064,1.2098188194038575,0.0
Maxime Lopez,fr FRA,MF,Paris FC,fr Ligue 1,27.0,1997.0,26,22,1960,21.8,0,3,3,0,0,0,11,0,13,6,27,8,5,83,11,17,0,46.2,0.0,0.0,1.19,-0.32,-0.65,,,,,,,,,,,,,,,MF,,False,Midfielder,True,True,True,0.0,0.1377551020408163,0.1377551020408163,0.0,0.0,0.0,0.5051020408163265,0.0,0.596938775510204,0.2755102040816326,1.239795918367347,0.3673469387755102,0.22959183673469385,3.8112244897959187,0.5051020408163265,0.7806122448979592,0.0
Unai López,es ESP,MF,Rayo Vallecano,es La Liga,29.0,1995.0,28,19,1612,17.9,0,4,4,0,0,0,8,1,22,4,37,14,1,62,21,16,0,18.2,0.0,0.0,1.46,0.39,0.89,,,,,,,,,,,,,,,MF,,False,Midfielder,True,True,True,0.0,0.22332506203473945,0.22332506203473945,0.0,0.0,0.0,0.4466501240694789,0.05583126550868486,1.228287841191067,0.22332506203473945,2.06575682382134,0.7816377171215881,0.05583126550868486,3.4615384615384617,1.1724565756823822,0.8933002481389578,0.0
Iker Losada,es ESP,MF,Levante,es La Liga,23.0,2001.0,23,10,902,10.0,3,1,4,3,0,0,1,0,14,4,6,7,3,22,10,12,0,28.6,0.21,0.75,1.0,-0.2,0.23,,,,,,,,,,,,,,,MF,,False,Midfielder,True,True,False,0.29933481152993346,0.09977827050997783,0.3991130820399113,0.29933481152993346,0.0,0.0,0.09977827050997783,0.0,1.3968957871396896,0.3991130820399113,0.5986696230598669,0.6984478935698448,0.29933481152993346,2.1951219512195124,0.9977827050997784,1.1973392461197339,0.0
Tom Louchet,fr FRA,MF,Nice,fr Ligue 1,22.0,2003.0,27,14,1367,15.2,3,2,5,3,0,0,1,1,21,6,16,13,0,51,9,17,0,28.6,0.14,0.5,1.07,-0.86,-0.32,,,,,,,,,,,,,,,MF,,False,Midfielder,True,True,True,0.19751280175566935,0.13167520117044623,0.32918800292611555,0.19751280175566935,0.0,0.0,0.06583760058522312,0.06583760058522312,1.3825896122896855,0.3950256035113387,1.0534016093635699,0.8558888076079005,0.0,3.357717629846379,0.592538405267008,1.119239209948793,0.0
Pol Lozano,es ESP,MF,Espanyol,es La Liga,25.0,1999.0,33,28,2157,24.0,2,1,3,2,0,0,12,1,17,5,64,29,0,29,23,19,0,29.4,0.12,0.4,1.33,-0.25,0.18,,,,,,,,,,,,,,,MF,,False,Midfielder,True,True,True,0.08344923504867871,0.041724617524339355,0.12517385257301808,0.08344923504867871,0.0,0.0,0.5006954102920723,0.041724617524339355,0.7093184979137692,0.20862308762169682,2.6703755215577187,1.2100139082058414,0.0,1.2100139082058414,0.9596662030598053,0.7927677329624477,0.0
Lucas,br BRA,"MF,DF",Burnley,eng Premier League,24.0,2001.0,20,15,1409,15.7,0,0,0,0,0,0,1,1,16,4,15,4,5,56,19,22,0,25.0,0.0,0.0,0.45,-0.83,0.24,,,,,,,,,,,,,,,MF,DF,True,Midfielder,True,True,True,0.0,0.0,0.0,0.0,0.0,0.0,0.063875088715401,0.063875088715401,1.022001419446416,0.255500354861604,0.9581263307310149,0.255500354861604,0.3193754435770049,3.5770049680624556,1.213626685592619,1.4052519517388218,0.0
Jhon Lucumí,co COL,DF,Bologna,it Serie A,27.0,1998.0,29,26,2287,25.4,1,0,1,1,0,0,5,0,8,2,23,19,1,1,30,22,0,25.0,0.13,0.5,1.48,0.2,0.36,,,,,,,,,,,,,,,DF,,False,Defender,True,True,True,0.03935286401399213,0.0,0.03935286401399213,0.03935286401399213,0.0,0.0,0.19676432006996064,0.0,0.314822912111937,0.07870572802798426,0.9051158723218189,0.7477044162658504,0.03935286401399213,0.03935286401399213,1.1805859204197637,0.8657630083078268,0.0
Florentino Luís,pt POR,MF,Burnley,eng Premier League,25.0,1999.0,31,25,2105,23.4,0,2,2,0,0,0,6,0,13,2,40,8,1,11,40,49,0,15.4,0.0,0.0,0.52,-1.07,-0.25,,,,,,,,,,,,,,,MF,,False,Midfielder,True,True,True,0.0,0.0855106888361045,0.0855106888361045,0.0,0.0,0.0,0.25653206650831356,0.0,0.5558194774346793,0.0855106888361045,1.7102137767220904,0.342042755344418,0.04275534441805225,0.47030878859857483,1.7102137767220904,2.0950118764845604,0.0
José Luis Gayà,es ESP,DF,Valencia,es La Liga,30.0,1995.0,32,31,2448,27.2,1,2,3,1,0,0,6,1,13,3,31,20,3,88,23,44,0,23.1,0.08,0.33,1.16,-0.51,-0.98,,,,,,,,,,,,,,,DF,,False,Defender,True,True,True,0.03676470588235294,0.07352941176470588,0.11029411764705882,0.03676470588235294,0.0,0.0,0.22058823529411764,0.03676470588235294,0.47794117647058826,0.11029411764705882,1.1397058823529411,0.7352941176470589,0.11029411764705882,3.2352941176470584,0.8455882352941176,1.6176470588235292,0.0
Castello Lukeba,fr FRA,DF,RB Leipzig,de Bundesliga,22.0,2002.0,26,24,2176,24.2,1,0,1,1,0,0,3,0,8,2,11,12,1,3,31,14,0,25.0,0.13,0.5,1.88,0.7,0.5,,,,,,,,,,,,,,,DF,,False,Defender,True,True,True,0.04136029411764706,0.0,0.04136029411764706,0.04136029411764706,0.0,0.0,0.12408088235294118,0.0,0.33088235294117646,0.08272058823529412,0.4549632352941177,0.4963235294117647,0.04136029411764706,0.12408088235294118,1.2821691176470589,0.5790441176470588,0.0
Saša Lukić,rs SRB,MF,Fulham,eng Premier League,28.0,1996.0,26,20,1734,19.3,1,2,3,1,0,0,9,0,18,6,53,25,2,68,16,28,0,33.3,0.06,0.17,1.19,-0.31,-0.42,,,,,,,,,,,,,,,MF,,False,Midfielder,True,True,True,0.051903114186851215,0.10380622837370243,0.15570934256055363,0.051903114186851215,0.0,0.0,0.4671280276816609,0.0,0.9342560553633218,0.31141868512110726,2.750865051903114,1.2975778546712802,0.10380622837370243,3.5294117647058822,0.8304498269896194,1.4532871972318337,0.0
Kristoffer Lund,us USA,"DF,MF",Köln,de Bundesliga,23.0,2002.0,33,26,2276,25.3,0,2,2,0,0,0,2,0,20,3,13,40,3,83,28,26,0,15.0,0.0,0.0,0.97,-0.47,-0.24,,,,,,,,,,,,,,,DF,MF,True,Defender,True,True,True,0.0,0.07908611599297012,0.07908611599297012,0.0,0.0,0.0,0.07908611599297012,0.0,0.7908611599297013,0.11862917398945519,0.5140597539543058,1.5817223198594026,0.11862917398945519,3.2820738137082603,1.1072056239015817,1.0281195079086116,0.0
Sebastiano Luperto,it ITA,DF,Cremonese,it Serie A,28.0,1996.0,15,15,1307,14.5,0,1,1,0,0,0,1,0,5,2,9,12,1,10,12,9,0,40.0,0.0,0.0,0.73,-1.03,-0.61,,,,,,,,,,,,,,,DF,,False,Defender,True,True,False,0.0,0.06885998469778118,0.06885998469778118,0.0,0.0,0.0,0.06885998469778118,0.0,0.3442999234889059,0.13771996939556236,0.6197398622800305,0.8263198163733741,0.06885998469778118,0.6885998469778118,0.8263198163733741,0.6197398622800305,0.0
Sebastiano Luperto,it ITA,DF,Cagliari,it Serie A,28.0,1996.0,19,19,1706,19.0,1,0,1,1,0,0,3,0,7,3,23,17,0,1,19,12,0,42.9,0.14,0.33,1.32,-0.11,0.47,,,,,,,,,,,,,,,DF,,False,Defender,True,True,True,0.052754982415005855,0.0,0.052754982415005855,0.052754982415005855,0.0,0.0,0.1582649472450176,0.0,0.3692848769050411,0.1582649472450176,1.2133645955451349,0.8968347010550997,0.0,0.052754982415005855,1.0023446658851114,0.6330597889800704,0.0
Senne Lynen,be BEL,MF,Werder Bremen,de Bundesliga,26.0,1999.0,31,31,2752,30.6,0,0,0,0,0,0,4,0,25,4,38,12,0,14,77,33,0,16.0,0.0,0.0,0.9,-0.69,-0.1,,,,,,,,,,,,,,,MF,,False,Midfielder,True,True,True,0.0,0.0,0.0,0.0,0.0,0.0,0.1308139534883721,0.0,0.8175872093023256,0.1308139534883721,1.242732558139535,0.39244186046511625,0.0,0.45784883720930236,2.518168604651163,1.0792151162790697,0.0
Ian Maatsen,nl NED,DF,Aston Villa,eng Premier League,23.0,2002.0,30,17,1605,17.8,0,1,1,0,0,0,2,0,20,5,17,19,1,54,18,31,0,25.0,0.0,0.0,1.7,0.11,-0.14,,,,,,,,,,,,,,,DF,,False,Defender,True,True,True,0.0,0.056074766355140186,0.056074766355140186,0.0,0.0,0.0,0.11214953271028037,0.0,1.1214953271028036,0.2803738317757009,0.9532710280373832,1.0654205607476637,0.056074766355140186,3.02803738317757,1.0093457943925233,1.738317757009346,0.0
Alexis Mac Allister,ar ARG,MF,Liverpool,eng Premier League,26.0,1998.0,37,31,2658,29.5,2,4,6,2,0,0,7,0,52,12,35,32,0,20,18,27,0,23.1,0.04,0.17,1.54,0.14,-0.57,,,,,,,,,,,,,,,MF,,False,Midfielder,True,True,True,0.06772009029345372,0.13544018058690743,0.20316027088036115,0.06772009029345372,0.0,0.0,0.23702031602708803,0.0,1.7607223476297968,0.4063205417607223,1.18510158013544,1.0835214446952595,0.0,0.6772009029345373,0.6094808126410836,0.9142212189616252,0.0
Deiver Machado,co COL,"DF,MF",Nantes,fr Ligue 1,31.0,1993.0,14,12,907,10.1,0,1,1,0,0,0,2,0,7,1,21,20,4,22,8,16,0,14.3,0.0,0.0,0.86,-0.5,0.26,,,,,,,,,,,,,,,DF,MF,True,Defender,True,True,False,0.0,0.09922822491730982,0.09922822491730982,0.0,0.0,0.0,0.19845644983461963,0.0,0.6945975744211687,0.09922822491730982,2.0837927232635063,1.984564498346196,0.39691289966923926,2.183020948180816,0.7938257993384785,1.587651598676957,0.0
Shuto Machino,jp JPN,"FW,MF",Gladbach,de Bundesliga,25.0,1999.0,32,9,1076,12.0,3,1,4,3,0,0,2,0,25,11,14,11,9,10,3,5,0,44.0,0.12,0.27,1.16,-1.59,-1.95,,,,,,,,,,,,,,,FW,MF,True,Forward,True,True,False,0.25092936802973975,0.08364312267657992,0.33457249070631967,0.25092936802973975,0.0,0.0,0.16728624535315983,0.0,2.091078066914498,0.9200743494423792,1.171003717472119,0.9200743494423792,0.7527881040892193,0.8364312267657993,0.25092936802973975,0.41821561338289964,0.0
Noni Madueke,eng ENG,"FW,MF",Arsenal,eng Premier League,23.0,2002.0,26,16,1211,13.5,3,1,4,3,0,0,0,0,25,9,15,15,4,80,5,10,0,36.0,0.12,0.33,1.96,1.11,-0.07,,,,,,,,,,,,,,,FW,MF,True,Forward,True,True,False,0.22295623451692814,0.07431874483897605,0.2972749793559042,0.22295623451692814,0.0,0.0,0.0,0.0,1.8579686209744015,0.6688687035507844,1.1147811725846408,1.1147811725846408,0.2972749793559042,5.945499587118084,0.37159372419488024,0.7431874483897605,0.0
Pablo Maffeo,es ESP,DF,Mallorca,es La Liga,28.0,1997.0,31,30,2662,29.6,1,2,3,1,0,0,11,0,7,1,26,23,0,85,33,34,1,14.3,0.14,1.0,1.13,-0.14,0.58,,,,,,,,,,,,,,,DF,,False,Defender,True,True,True,0.033809166040571,0.067618332081142,0.10142749812171299,0.033809166040571,0.0,0.0,0.371900826446281,0.0,0.236664162283997,0.033809166040571,0.879038317054846,0.777610818933133,0.0,2.873779113448535,1.115702479338843,1.149511645379414,0.033809166040571
Gabriel Magalhães,br BRA,DF,Arsenal,eng Premier League,27.0,1997.0,32,30,2751,30.6,3,4,7,3,0,0,4,0,27,7,21,34,0,6,22,20,0,25.9,0.11,0.43,2.25,1.18,0.1,,,,,,,,,,,,,,,DF,,False,Defender,True,True,True,0.09814612868047982,0.13086150490730641,0.22900763358778628,0.09814612868047982,0.0,0.0,0.13086150490730641,0.0,0.8833151581243185,0.22900763358778628,0.6870229007633587,1.1123227917121048,0.0,0.19629225736095965,0.7197382769901853,0.6543075245365322,0.0
Soungoutou Magassa,fr FRA,MF,West Ham United,eng Premier League,21.0,2003.0,22,11,981,10.9,1,0,1,1,0,0,4,0,7,2,17,17,0,9,17,23,0,28.6,0.14,0.5,0.73,-1.1,-0.84,,,,,,,,,,,,,,,MF,,False,Midfielder,True,True,False,0.09174311926605505,0.0,0.09174311926605505,0.09174311926605505,0.0,0.0,0.3669724770642202,0.0,0.6422018348623854,0.1834862385321101,1.5596330275229358,1.5596330275229358,0.0,0.8256880733944955,1.5596330275229358,2.110091743119266,0.0
Hugo Magnetti,fr FRA,MF,Brest,fr Ligue 1,27.0,1998.0,33,31,2688,29.9,1,1,2,1,0,0,4,1,22,5,31,33,0,26,44,45,0,22.7,0.05,0.2,1.18,-0.23,0.98,,,,,,,,,,,,,,,MF,,False,Midfielder,True,True,True,0.033482142857142856,0.033482142857142856,0.06696428571428571,0.033482142857142856,0.0,0.0,0.13392857142857142,0.033482142857142856,0.7366071428571429,0.16741071428571427,1.0379464285714286,1.1049107142857142,0.0,0.8705357142857143,1.4732142857142858,1.5066964285714286,0.0
Frank Magri,cm CMR,"FW,MF",Toulouse,fr Ligue 1,25.0,1999.0,17,16,1253,13.9,5,1,6,5,0,1,3,0,33,12,28,22,3,15,3,3,0,36.4,0.15,0.42,1.53,0.07,0.07,,,,,,,,,,,,,,,FW,MF,True,Forward,True,True,False,0.3591380686352753,0.07182761372705507,0.4309656823623304,0.3591380686352753,0.0,0.07182761372705507,0.2154828411811652,0.0,2.3703112529928174,0.8619313647246608,2.011173184357542,1.5802075019952115,0.2154828411811652,1.077414205905826,0.2154828411811652,0.2154828411811652,0.0
Harry Maguire,eng ENG,DF,Manchester Utd,eng Premier League,32.0,1993.0,23,19,1653,18.4,1,2,3,1,0,0,3,1,14,4,16,16,0,4,12,17,0,28.6,0.07,0.25,2.04,0.93,0.82,,,,,,,,,,,,,,,DF,,False,Defender,True,True,True,0.054446460980036304,0.10889292196007261,0.16333938294010888,0.054446460980036304,0.0,0.0,0.16333938294010888,0.054446460980036304,0.7622504537205081,0.21778584392014522,0.8711433756805809,0.8711433756805809,0.0,0.21778584392014522,0.6533575317604355,0.925589836660617,0.0
Linton Maina,de GER,"MF,FW",Köln,de Bundesliga,26.0,1999.0,24,9,1023,11.4,2,0,2,2,0,0,0,0,20,8,8,6,1,25,4,6,0,40.0,0.1,0.25,0.92,-0.79,-0.57,,,,,,,,,,,,,,,MF,FW,True,Midfielder,True,True,False,0.17595307917888564,0.0,0.17595307917888564,0.17595307917888564,0.0,0.0,0.0,0.0,1.7595307917888563,0.7038123167155426,0.7038123167155426,0.5278592375366569,0.08797653958944282,2.19941348973607,0.3519061583577713,0.5278592375366569,0.0
Patrick Mainka,de GER,DF,Heidenheim,de Bundesliga,30.0,1994.0,34,34,3060,34.0,2,2,4,2,0,0,1,0,37,9,10,20,3,0,36,30,0,24.3,0.05,0.22,0.76,-0.91,,,,,,,,,,,,,,,,DF,,False,Defender,True,True,True,0.058823529411764705,0.058823529411764705,0.11764705882352941,0.058823529411764705,0.0,0.0,0.029411764705882353,0.0,1.0882352941176472,0.2647058823529412,0.29411764705882354,0.5882352941176471,0.08823529411764705,0.0,1.0588235294117647,0.8823529411764706,0.0
Kobbie Mainoo,eng ENG,MF,Manchester Utd,eng Premier League,20.0,2005.0,28,16,1662,18.5,1,2,3,1,0,0,2,0,13,3,12,22,1,13,19,20,0,23.1,0.08,0.33,2.21,0.87,0.71,,,,,,,,,,,,,,,MF,,False,Midfielder,True,True,True,0.05415162454873646,0.10830324909747292,0.1624548736462094,0.05415162454873646,0.0,0.0,0.10830324909747292,0.0,0.703971119133574,0.1624548736462094,0.6498194945848376,1.1913357400722022,0.05415162454873646,0.703971119133574,1.0288808664259927,1.0830324909747293,0.0
Ainsley Maitland-Niles,eng ENG,"DF,MF",Lyon,fr Ligue 1,27.0,1997.0,30,28,2483,27.6,1,4,5,1,0,1,7,1,14,7,37,12,1,44,33,36,0,50.0,0.07,0.14,1.83,0.47,0.47,,,,,,,,,,,,,,,DF,MF,True,Defender,True,True,True,0.03624647603705195,0.1449859041482078,0.18123238018525978,0.03624647603705195,0.0,0.03624647603705195,0.25372533225936367,0.03624647603705195,0.5074506645187273,0.25372533225936367,1.3411196133709222,0.43495771244462345,0.03624647603705195,1.594844945630286,1.1961337092227144,1.3048731373338702,0.0
Lovro Majer,hr CRO,MF,Wolfsburg,de Bundesliga,27.0,1998.0,28,16,1371,15.2,2,3,5,2,0,0,5,0,27,6,30,22,4,28,8,18,0,22.2,0.07,0.33,0.75,-0.66,0.09,,,,,,,,,,,,,,,MF,,False,Midfielder,True,True,True,0.13129102844638948,0.19693654266958424,0.3282275711159738,0.13129102844638948,0.0,0.0,0.3282275711159738,0.0,1.7724288840262583,0.3938730853391685,1.9693654266958425,1.4442013129102846,0.26258205689277897,1.8380743982494532,0.5251641137855579,1.1816192560175054,0.0
Jean-Victor Makengo,fr FRA,MF,Lorient,fr Ligue 1,27.0,1998.0,31,23,1800,20.0,4,2,6,4,0,0,2,0,39,14,12,35,0,18,14,16,1,35.9,0.1,0.29,1.35,0.05,0.34,,,,,,,,,,,,,,,MF,,False,Midfielder,True,True,True,0.2,0.1,0.30000000000000004,0.2,0.0,0.0,0.1,0.0,1.9500000000000002,0.7,0.6000000000000001,1.75,0.0,0.9,0.7,0.8,0.05
Jordy Makengo,fr FRA,DF,Freiburg,de Bundesliga,23.0,2001.0,20,12,1178,13.1,0,1,1,0,0,0,1,0,0,0,10,9,2,32,14,10,0,,,,1.45,-0.08,0.16,,,,,,,,,,,,,,,DF,,False,Defender,True,True,False,0.0,0.07640067911714771,0.07640067911714771,0.0,0.0,0.0,0.07640067911714771,0.0,0.0,0.0,0.7640067911714771,0.6876061120543294,0.15280135823429541,2.4448217317487266,1.0696095076400678,0.7640067911714771,0.0
Said El Mala,de GER,"FW,MF",Köln,de Bundesliga,18.0,2006.0,34,20,1956,21.7,13,4,17,12,1,1,4,0,74,30,15,23,18,39,8,14,0,40.5,0.16,0.4,0.94,-0.23,0.5,,,,,,,,,,,,,,,FW,MF,True,Forward,True,True,True,0.598159509202454,0.18404907975460125,0.7822085889570553,0.5521472392638037,0.04601226993865031,0.04601226993865031,0.18404907975460125,0.0,3.4049079754601226,1.3803680981595092,0.6901840490797546,1.0582822085889572,0.8282208588957056,1.7944785276073618,0.3680981595092025,0.6441717791411044,0.0
Youssef Maleh,ma MAR,MF,Cremonese,it Serie A,26.0,1998.0,14,14,1100,12.2,1,0,1,1,0,0,2,1,15,3,27,10,0,41,9,11,0,20.0,0.07,0.33,0.71,-1.06,-0.6,,,,,,,,,,,,,,,MF,,False,Midfielder,True,True,False,0.08181818181818182,0.0,0.08181818181818182,0.08181818181818182,0.0,0.0,0.16363636363636364,0.08181818181818182,1.2272727272727273,0.24545454545454548,2.209090909090909,0.8181818181818181,0.0,3.3545454545454545,0.7363636363636364,0.9,0.0
Donyell Malen,nl NED,FW,Roma,it Serie A,26.0,1999.0,18,18,1467,16.3,14,2,16,11,3,4,1,0,70,31,12,17,14,6,3,3,0,44.3,0.16,0.35,1.89,0.98,0.43,,,,,,,,,,,,,,,FW,,False,Forward,True,True,True,0.8588957055214724,0.12269938650306748,0.9815950920245399,0.6748466257668712,0.18404907975460125,0.24539877300613497,0.06134969325153374,0.0,4.294478527607362,1.9018404907975461,0.736196319018405,1.0429447852760736,0.8588957055214724,0.3680981595092025,0.18404907975460125,0.18404907975460125,0.0
Ruslan Malinovskyi,ua UKR,MF,Genoa,it Serie A,32.0,1993.0,34,28,2235,24.8,6,3,9,3,3,3,10,0,55,15,36,26,1,68,16,19,0,27.3,0.05,0.2,1.06,-0.16,0.29,,,,,,,,,,,,,,,MF,,False,Midfielder,True,True,True,0.24161073825503354,0.12080536912751677,0.36241610738255037,0.12080536912751677,0.12080536912751677,0.12080536912751677,0.40268456375838924,0.0,2.214765100671141,0.6040268456375839,1.4496644295302015,1.0469798657718121,0.04026845637583893,2.738255033557047,0.6442953020134229,0.7651006711409396,0.0
Gianluca Mancini,it ITA,DF,Roma,it Serie A,29.0,1996.0,36,36,3059,34.0,4,2,6,4,0,0,9,0,20,8,71,42,5,29,47,28,0,40.0,0.2,0.5,1.86,0.76,0.27,,,,,,,,,,,,,,,DF,,False,Defender,True,True,True,0.11768551814318405,0.058842759071592025,0.17652827721477607,0.11768551814318405,0.0,0.0,0.2647924158221641,0.0,0.5884275907159202,0.2353710362863681,2.0889179470415167,1.2356979405034325,0.14710689767898005,0.8532200065380844,1.3828048381824125,0.8237986270022883,0.0
Reinildo Mandava,mz MOZ,DF,Sunderland,eng Premier League,31.0,1994.0,25,23,1966,21.8,0,1,1,0,0,0,7,1,4,0,32,35,1,23,29,23,0,0.0,0.0,,1.6,0.09,0.59,,,,,,,,,,,,,,,DF,,False,Defender,True,True,True,0.0,0.04577822990844354,0.04577822990844354,0.0,0.0,0.0,0.32044760935910477,0.04577822990844354,0.18311291963377416,0.0,1.4649033570701933,1.6022380467955237,0.04577822990844354,1.0528992878942014,1.3275686673448626,1.0528992878942014,0.0
Aïssa Mandi,dz ALG,DF,Lille,fr Ligue 1,33.0,1991.0,29,28,2424,26.9,1,0,1,1,0,0,8,0,14,4,17,17,1,10,44,21,0,28.6,0.07,0.25,1.83,0.33,-0.51,,,,,,,,,,,,,,,DF,,False,Defender,True,True,True,0.03712871287128713,0.0,0.03712871287128713,0.03712871287128713,0.0,0.0,0.297029702970297,0.0,0.5198019801980198,0.1485148514851485,0.6311881188118812,0.6311881188118812,0.03712871287128713,0.37128712871287123,1.6336633663366338,0.7797029702970297,0.0
Rolando Mandragora,it ITA,MF,Fiorentina,it Serie A,28.0,1997.0,34,30,2421,26.9,7,3,10,6,1,1,7,0,64,18,37,56,0,69,15,24,0,28.1,0.09,0.33,1.03,-0.15,0.3,,,,,,,,,,,,,,,MF,,False,Midfielder,True,True,True,0.26022304832713755,0.11152416356877323,0.37174721189591076,0.22304832713754646,0.03717472118959108,0.03717472118959108,0.26022304832713755,0.0,2.379182156133829,0.6691449814126393,1.3754646840148699,2.0817843866171004,0.0,2.5650557620817844,0.5576208178438662,0.8921933085501859,0.0
Mateus Mane,pt POR,MF,Wolves,eng Premier League,17.0,2007.0,27,19,1795,19.9,3,1,4,3,0,0,0,0,41,17,26,47,2,94,5,13,0,41.5,0.07,0.18,0.67,-0.7,0.79,,,,,,,,,,,,,,,MF,,False,Midfielder,True,True,True,0.15041782729805014,0.05013927576601671,0.20055710306406685,0.15041782729805014,0.0,0.0,0.0,0.0,2.0557103064066853,0.8523676880222841,1.3036211699164344,2.3565459610027855,0.10027855153203342,4.713091922005571,0.25069637883008355,0.6518105849582172,0.0
Johan Manzambi,ch SUI,MF,Freiburg,de Bundesliga,19.0,2005.0,27,26,2077,23.1,5,4,9,5,0,0,4,2,51,13,22,78,2,35,27,14,0,25.5,0.1,0.38,1.37,0.0,0.55,,,,,,,,,,,,,,,MF,,False,Midfielder,True,True,True,0.21665864227250844,0.17332691381800674,0.3899855560905152,0.21665864227250844,0.0,0.0,0.17332691381800674,0.08666345690900337,2.209918151179586,0.5633124699085219,0.9532980259990371,3.3798748194511314,0.08666345690900337,1.516610495907559,1.1699566682715454,0.6066441983630236,0.0
Sekou Mara,fr FRA,FW,Auxerre,fr Ligue 1,23.0,2002.0,27,14,1226,13.6,3,2,5,3,0,0,0,0,33,12,27,27,2,0,3,7,0,36.4,0.09,0.25,0.96,0.0,0.49,,,,,,,,,,,,,,,FW,,False,Forward,True,True,False,0.22022838499184338,0.1468189233278956,0.367047308319739,0.22022838499184338,0.0,0.0,0.0,0.0,2.4225122349102772,0.8809135399673735,1.9820554649265905,1.9820554649265905,0.1468189233278956,0.0,0.22022838499184338,0.5138662316476346,0.0
Alessandro Marcandalli,it ITA,DF,Genoa,it Serie A,22.0,2002.0,32,29,2597,28.9,0,2,2,0,0,0,4,0,5,2,23,11,0,10,18,24,0,40.0,0.0,0.0,1.22,0.0,1.09,,,,,,,,,,,,,,,DF,,False,Defender,True,True,True,0.0,0.0693107431651906,0.0693107431651906,0.0,0.0,0.0,0.1386214863303812,0.0,0.1732768579129765,0.0693107431651906,0.797073546399692,0.3812090874085483,0.0,0.346553715825953,0.6237966884867154,0.8317289179822872,0.0
Marcão,br BRA,DF,Sevilla,es La Liga,29.0,1996.0,13,11,938,10.4,1,0,1,1,0,0,5,1,10,2,22,21,1,1,4,4,0,20.0,0.1,0.5,1.23,-0.19,0.24,,,,,,,,,,,,,,,DF,,False,Defender,True,True,False,0.09594882729211088,0.0,0.09594882729211088,0.09594882729211088,0.0,0.0,0.47974413646055436,0.09594882729211088,0.9594882729211087,0.19189765458422176,2.1108742004264394,2.014925373134328,0.09594882729211088,0.09594882729211088,0.3837953091684435,0.3837953091684435,0.0
José María Giménez,uy URU,DF,Atlético Madrid,es La Liga,30.0,1995.0,16,13,1178,13.1,0,1,1,0,0,0,3,0,13,3,20,10,1,0,15,12,0,23.1,0.0,0.0,1.88,0.46,-0.02,,,,,,,,,,,,,,,DF,,False,Defender,True,True,False,0.0,0.07640067911714771,0.07640067911714771,0.0,0.0,0.0,0.22920203735144315,0.0,0.9932088285229203,0.22920203735144315,1.5280135823429541,0.7640067911714771,0.07640067911714771,0.0,1.1460101867572157,0.9168081494057726,0.0
Marius Marin,ro ROU,MF,Pisa,it Serie A,26.0,1998.0,23,18,1281,14.2,0,0,0,0,0,0,7,0,3,0,36,20,0,18,14,26,0,0.0,0.0,,0.65,-1.05,0.21,,,,,,,,,,,,,,,MF,,False,Midfielder,True,True,False,0.0,0.0,0.0,0.0,0.0,0.0,0.4918032786885246,0.0,0.2107728337236534,0.0,2.529274004683841,1.405152224824356,0.0,1.2646370023419204,0.9836065573770492,1.826697892271663,0.0
Pablo Marín,es ESP,MF,Real Sociedad,es La Liga,22.0,2003.0,34,15,1502,16.7,0,1,1,0,0,0,2,0,13,4,22,23,5,17,9,18,0,30.8,0.0,0.0,1.26,-0.42,-0.65,,,,,,,,,,,,,,,MF,,False,Midfielder,True,True,True,0.0,0.05992010652463382,0.05992010652463382,0.0,0.0,0.0,0.11984021304926765,0.0,0.7789613848202396,0.2396804260985353,1.3182423435419441,1.378162450066578,0.2996005326231691,1.018641810918775,0.5392809587217043,1.0785619174434087,0.0
Rafa Marín,es ESP,DF,Villarreal,es La Liga,23.0,2002.0,23,21,1979,22.0,1,0,1,1,0,0,1,0,5,1,16,8,3,0,20,22,1,20.0,0.2,1.0,2.04,0.59,-0.22,,,,,,,,,,,,,,,DF,,False,Defender,True,True,True,0.045477513895907026,0.0,0.045477513895907026,0.045477513895907026,0.0,0.0,0.045477513895907026,0.0,0.22738756947953512,0.045477513895907026,0.7276402223345124,0.3638201111672562,0.13643254168772107,0.0,0.9095502779181405,1.0005053057099544,0.045477513895907026
Guillermo Maripán,cl CHI,DF,Torino,it Serie A,31.0,1994.0,27,24,2145,23.8,2,0,2,2,0,0,4,0,18,8,27,7,2,3,27,28,0,44.4,0.11,0.25,1.15,-0.5,-0.01,,,,,,,,,,,,,,,DF,,False,Defender,True,True,True,0.08391608391608392,0.0,0.08391608391608392,0.08391608391608392,0.0,0.0,0.16783216783216784,0.0,0.7552447552447552,0.3356643356643357,1.132867132867133,0.2937062937062937,0.08391608391608392,0.1258741258741259,1.132867132867133,1.1748251748251748,0.0
Marquinhos,br BRA,DF,Paris Saint-Germain,fr Ligue 1,31.0,1994.0,14,11,1052,11.7,0,0,0,0,0,0,0,0,3,0,8,2,0,3,7,9,1,0.0,0.0,,2.21,1.54,0.33,,,,,,,,,,,,,,,DF,,False,Defender,True,True,False,0.0,0.0,0.0,0.0,0.0,0.0,0.0,0.0,0.2566539923954373,0.0,0.6844106463878327,0.17110266159695817,0.0,0.2566539923954373,0.5988593155893536,0.7699619771863118,0.08555133079847908
Eric Martel,de GER,"MF,DF",Köln,de Bundesliga,23.0,2002.0,31,30,2559,28.4,2,2,4,2,0,0,12,1,23,4,42,51,0,11,35,32,0,17.4,0.09,0.5,1.0,-0.32,0.58,,,,,,,,,,,,,,,MF,DF,True,Midfielder,True,True,True,0.07033997655334115,0.07033997655334115,0.1406799531066823,0.07033997655334115,0.0,0.0,0.42203985932004684,0.035169988276670575,0.8089097303634232,0.1406799531066823,1.4771395076201643,1.7936694021101993,0.0,0.38686987104337633,1.2309495896834701,1.1254396248534584,0.0
Aarón Martín,es ESP,"MF,DF",Genoa,it Serie A,28.0,1997.0,33,26,2156,24.0,1,5,6,1,0,1,2,0,11,4,31,27,0,194,10,28,0,36.4,0.09,0.25,1.12,-0.38,-0.3,,,,,,,,,,,,,,,MF,DF,True,Midfielder,True,True,True,0.041743970315398886,0.20871985157699444,0.2504638218923933,0.041743970315398886,0.0,0.041743970315398886,0.08348794063079777,0.0,0.4591836734693877,0.16697588126159554,1.2940630797773656,1.12708719851577,0.0,8.098330241187384,0.4174397031539889,1.168831168831169,0.0
Gerard Martín,es ESP,DF,Barcelona,es La Liga,23.0,2002.0,32,26,2119,23.5,0,0,0,0,0,0,6,0,7,4,16,7,0,14,31,29,0,57.1,0.0,0.0,2.47,1.78,0.61,,,,,,,,,,,,,,,DF,,False,Defender,True,True,True,0.0,0.0,0.0,0.0,0.0,0.0,0.2548371873525248,0.0,0.2973100519112789,0.16989145823501653,0.6795658329400661,0.2973100519112789,0.0,0.5946201038225578,1.316658801321378,1.2317130722038698,0.0
Iván Martín,es ESP,MF,Girona,es La Liga,26.0,1999.0,35,29,2532,28.1,0,1,1,0,0,0,5,1,13,5,30,31,3,15,17,39,0,38.5,0.0,0.0,1.17,-0.25,0.66,,,,,,,,,,,,,,,MF,,False,Midfielder,True,True,True,0.0,0.035545023696682464,0.035545023696682464,0.0,0.0,0.0,0.1777251184834123,0.035545023696682464,0.46208530805687204,0.1777251184834123,1.066350710900474,1.1018957345971565,0.1066350710900474,0.533175355450237,0.6042654028436019,1.386255924170616,0.0
Jon Martin,es ESP,DF,Real Sociedad,es La Liga,19.0,2006.0,25,25,2250,25.0,2,0,2,2,0,0,6,0,15,5,18,12,1,0,35,16,0,33.3,0.13,0.4,1.2,-0.08,-0.08,,,,,,,,,,,,,,,DF,,False,Defender,True,True,True,0.08,0.0,0.08,0.08,0.0,0.0,0.24,0.0,0.6000000000000001,0.2,0.72,0.48,0.04,0.0,1.4,0.64,0.0
Mario Martín,es ESP,"MF,FW",Getafe,es La Liga,21.0,2004.0,35,26,2125,23.6,2,1,3,2,0,0,11,0,26,6,71,34,4,13,16,32,0,23.1,0.08,0.33,1.29,-0.34,-0.48,,,,,,,,,,,,,,,MF,FW,True,Midfielder,True,True,True,0.08470588235294117,0.042352941176470586,0.12705882352941178,0.08470588235294117,0.0,0.0,0.4658823529411765,0.0,1.1011764705882354,0.25411764705882356,3.007058823529412,1.44,0.16941176470588235,0.5505882352941177,0.6776470588235294,1.3552941176470588,0.0
Gabriel Martinelli,br BRA,"FW,MF",Arsenal,eng Premier League,24.0,2001.0,30,11,1081,12.0,1,4,5,1,0,0,3,0,29,13,10,14,5,37,1,8,0,44.8,0.03,0.08,2.2,1.17,0.01,,,,,,,,,,,,,,,FW,MF,True,Forward,True,True,False,0.08325624421831637,0.3330249768732655,0.4162812210915819,0.08325624421831637,0.0,0.0,0.24976873265494912,0.0,2.4144310823311748,1.0823311748381128,0.8325624421831638,1.1655874190564293,0.4162812210915819,3.080481036077706,0.08325624421831637,0.666049953746531,0.0
Arnau Martinez,es ESP,"DF,MF",Girona,es La Liga,22.0,2003.0,35,33,2666,29.6,2,3,5,2,0,0,6,0,19,4,24,30,3,50,37,39,0,21.1,0.11,0.5,1.14,-0.03,1.76,,,,,,,,,,,,,,,DF,MF,True,Defender,True,True,True,0.06751687921980495,0.10127531882970742,0.16879219804951237,0.06751687921980495,0.0,0.0,0.20255063765941483,0.0,0.641410352588147,0.1350337584396099,0.8102025506376593,1.0127531882970742,0.10127531882970742,1.6879219804951238,1.2490622655663917,1.3165791447861965,0.0
Joaquín Martínez Gauna,es ESP,"MF,DF",Sevilla,es La Liga,22.0,2003.0,21,14,1408,15.6,2,3,5,2,0,0,1,0,17,8,12,16,4,88,8,20,0,47.1,0.12,0.25,1.05,-0.13,0.41,,,,,,,,,,,,,,,MF,DF,True,Midfielder,True,True,True,0.1278409090909091,0.19176136363636362,0.3196022727272727,0.1278409090909091,0.0,0.0,0.06392045454545454,0.0,1.0866477272727273,0.5113636363636364,0.7670454545454545,1.0227272727272727,0.2556818181818182,5.625,0.5113636363636364,1.2784090909090908,0.0
Lautaro Martínez,ar ARG,FW,Inter,it Serie A,27.0,1997.0,30,27,2159,24.0,17,6,23,17,0,0,4,0,92,39,47,47,8,17,6,13,0,42.4,0.18,0.44,2.4,1.63,0.56,,,,,,,,,,,,,,,FW,,False,Forward,True,True,True,0.7086614173228346,0.25011579434923575,0.9587772116720704,0.7086614173228346,0.0,0.0,0.1667438628994905,0.0,3.8351088466882817,1.6257526632700323,1.9592403890690133,1.9592403890690133,0.333487725798981,0.7086614173228346,0.25011579434923575,0.5419175544233441,0.0
Lisandro Martínez,ar ARG,DF,Manchester Utd,eng Premier League,27.0,1998.0,18,13,1233,13.7,0,0,0,0,0,0,0,1,5,0,9,2,0,2,12,11,1,0.0,0.0,,1.89,0.73,0.36,,,,,,,,,,,,,,,DF,,False,Defender,True,True,False,0.0,0.0,0.0,0.0,0.0,0.0,0.0,0.07299270072992702,0.36496350364963503,0.0,0.656934306569343,0.14598540145985403,0.0,0.14598540145985403,0.8759124087591241,0.8029197080291971,0.07299270072992702
Pablo Martínez,es ESP,MF,Levante,es La Liga,27.0,1998.0,27,21,1857,20.6,1,5,6,1,0,0,3,0,28,4,30,12,3,87,19,10,0,14.3,0.04,0.25,1.37,-0.15,0.49,,,,,,,,,,,,,,,MF,,False,Midfielder,True,True,True,0.048465266558966075,0.24232633279483037,0.29079159935379645,0.048465266558966075,0.0,0.0,0.14539579967689822,0.0,1.3570274636510502,0.1938610662358643,1.4539579967689822,0.5815831987075929,0.14539579967689822,4.216478190630048,0.9208400646203554,0.48465266558966075,0.0
Toni Martínez,es ESP,FW,Alavés,es La Liga,28.0,1997.0,37,32,2714,30.2,14,3,17,13,1,1,2,0,93,36,46,37,13,14,4,15,0,38.7,0.14,0.36,1.08,-0.03,1.37,,,,,,,,,,,,,,,FW,,False,Forward,True,True,True,0.46425939572586583,0.09948415622697127,0.5637435519528372,0.4310980103168755,0.03316138540899042,0.03316138540899042,0.06632277081798084,0.0,3.0840088430361092,1.193809874723655,1.5254237288135593,1.2269712601326455,0.4310980103168755,0.46425939572586583,0.13264554163596168,0.49742078113485627,0.0
Adam Marušić,me MNE,DF,Lazio,it Serie A,32.0,1992.0,33,32,2778,30.9,1,2,3,1,0,0,1,1,16,7,22,18,1,35,33,16,0,43.8,0.06,0.14,1.45,-0.03,-0.31,,,,,,,,,,,,,,,DF,,False,Defender,True,True,True,0.03239740820734341,0.06479481641468682,0.09719222462203024,0.03239740820734341,0.0,0.0,0.03239740820734341,0.03239740820734341,0.5183585313174945,0.22678185745140386,0.712742980561555,0.5831533477321814,0.03239740820734341,1.1339092872570196,1.0691144708423326,0.5183585313174945,0.0
Omar Mascarell,gq EQG,"MF,DF",Mallorca,es La Liga,32.0,1993.0,30,26,2239,24.9,2,2,4,2,0,0,5,0,7,3,38,14,0,6,35,28,0,42.9,0.29,0.67,1.2,-0.12,0.41,,,,,,,,,,,,,,,MF,DF,True,Midfielder,True,True,True,0.080393032603841,0.080393032603841,0.160786065207682,0.080393032603841,0.0,0.0,0.2009825815096025,0.0,0.28137561411344353,0.1205895489057615,1.527467619472979,0.5627512282268871,0.0,0.241179097811523,1.4068780705672175,1.1255024564537741,0.0
Patrizio Masini,it ITA,MF,Genoa,it Serie A,24.0,2001.0,28,13,1413,15.7,0,1,1,0,0,0,5,0,18,5,39,45,0,14,26,39,0,27.8,0.0,0.0,1.07,-0.45,-0.31,,,,,,,,,,,,,,,MF,,False,Midfielder,True,True,True,0.0,0.06369426751592357,0.06369426751592357,0.0,0.0,0.0,0.3184713375796178,0.0,1.1464968152866242,0.3184713375796178,2.484076433121019,2.8662420382165603,0.0,0.89171974522293,1.6560509554140128,2.484076433121019,0.0
Han-Noah Massengo,fr FRA,MF,Augsburg,de Bundesliga,24.0,2001.0,33,29,2427,27.0,2,1,3,2,0,0,5,0,20,6,25,23,0,17,36,18,0,30.0,0.1,0.33,1.27,-0.78,-1.49,,,,,,,,,,,,,,,MF,,False,Midfielder,True,True,True,0.07416563658838071,0.037082818294190356,0.11124845488257107,0.07416563658838071,0.0,0.0,0.1854140914709518,0.0,0.7416563658838072,0.22249690976514214,0.927070457354759,0.8529048207663782,0.0,0.630407911001236,1.334981458590853,0.6674907292954265,0.0
Franco Mastantuono,ar ARG,"MF,FW",Real Madrid,es La Liga,17.0,2007.0,23,11,1037,11.5,1,0,1,1,0,0,5,1,30,7,18,30,1,31,3,12,0,23.3,0.03,0.14,2.48,1.74,0.9,,,,,,,,,,,,,,,MF,FW,True,Midfielder,True,True,False,0.08678881388621022,0.0,0.08678881388621022,0.08678881388621022,0.0,0.0,0.4339440694310511,0.08678881388621022,2.6036644165863065,0.6075216972034715,1.562198649951784,2.6036644165863065,0.08678881388621022,2.690453230472517,0.2603664416586307,1.0414657666345228,0.0
Clinton Mata,ao ANG,DF,Lyon,fr Ligue 1,32.0,1992.0,32,32,2833,31.5,0,0,0,0,0,0,5,0,5,0,35,35,0,20,26,21,1,0.0,0.0,,1.75,0.29,-1.3,,,,,,,,,,,,,,,DF,,False,Defender,True,True,True,0.0,0.0,0.0,0.0,0.0,0.0,0.15884221673138016,0.0,0.15884221673138016,0.0,1.1118955171196612,1.1118955171196612,0.0,0.6353688669255206,0.8259795270031769,0.6671373102717967,0.03176844334627603
Igor Matanovic,hr CRO,FW,Freiburg,de Bundesliga,22.0,2003.0,31,14,1571,17.5,11,2,13,10,1,2,0,0,51,19,42,22,6,0,9,11,0,37.3,0.2,0.53,1.52,0.0,0.36,,,,,,,,,,,,,,,FW,,False,Forward,True,True,True,0.6301718650541057,0.11457670273711011,0.7447485677912157,0.5728835136855506,0.057288351368555056,0.11457670273711011,0.0,0.0,2.921705919796308,1.088478676002546,2.4061107574793126,1.2603437301082114,0.3437301082113304,0.0,0.5155951623169955,0.6301718650541057,0.0
Pape Matar Sarr,sn SEN,MF,Tottenham Hotspur,eng Premier League,22.0,2002.0,26,13,1397,15.5,2,4,6,2,0,0,3,0,17,6,29,13,3,8,14,21,0,35.3,0.12,0.33,1.12,-0.13,0.18,,,,,,,,,,,,,,,MF,,False,Midfielder,True,True,True,0.12884753042233357,0.25769506084466715,0.38654259126700075,0.12884753042233357,0.0,0.0,0.19327129563350037,0.0,1.0952040085898354,0.38654259126700075,1.8682891911238368,0.8375089477451682,0.19327129563350037,0.5153901216893343,0.901932712956335,1.3528990694345024,0.0
Jean-Philippe Mateta,fr FRA,FW,Crystal Palace,eng Premier League,28.0,1997.0,32,25,2218,24.6,12,0,12,8,4,4,2,0,63,32,21,19,18,11,6,4,0,50.8,0.13,0.25,1.09,-0.24,0.06,,,,,,,,,,,,,,,FW,,False,Forward,True,True,True,0.4869251577998197,0.0,0.4869251577998197,0.3246167718665464,0.1623083859332732,0.1623083859332732,0.0811541929666366,0.0,2.5563570784490532,1.2984670874661857,0.8521190261496844,0.7709648331830478,0.7303877366997295,0.44634806131650134,0.24346257889990985,0.1623083859332732,0.0
Nemanja Matić,rs SRB,MF,Sassuolo,it Serie A,36.0,1988.0,34,31,2660,29.6,1,1,2,1,0,0,7,1,11,4,24,39,0,11,27,28,0,36.4,0.09,0.25,1.24,-0.14,-0.14,,,,,,,,,,,,,,,MF,,False,Midfielder,True,True,True,0.03383458646616542,0.03383458646616542,0.06766917293233084,0.03383458646616542,0.0,0.0,0.23684210526315788,0.03383458646616542,0.3721804511278195,0.13533834586466167,0.81203007518797,1.3195488721804511,0.0,0.3721804511278195,0.9135338345864662,0.9473684210526315,0.0
Chrislain Matsima,fr FRA,DF,Augsburg,de Bundesliga,23.0,2002.0,18,17,1489,16.5,1,1,2,1,0,0,5,0,7,1,10,4,0,4,30,11,0,14.3,0.14,1.0,1.11,-0.6,-0.26,,,,,,,,,,,,,,,DF,,False,Defender,True,True,True,0.06044325050369376,0.06044325050369376,0.12088650100738751,0.06044325050369376,0.0,0.0,0.3022162525184688,0.0,0.4231027535258563,0.06044325050369376,0.6044325050369376,0.24177300201477503,0.0,0.24177300201477503,1.8132975151108126,0.6648757555406313,0.0
Jean Mattéo Bahoya,fr FRA,"MF,FW",Eintracht Frankfurt,de Bundesliga,20.0,2005.0,27,15,1331,14.8,3,4,7,3,0,0,2,0,29,9,13,22,3,33,12,14,0,31.0,0.1,0.33,1.26,-0.41,-0.51,,,,,,,,,,,,,,,MF,FW,True,Midfielder,True,True,False,0.20285499624342598,0.270473328324568,0.473328324567994,0.20285499624342598,0.0,0.0,0.135236664162284,0.0,1.960931630353118,0.608564988730278,0.879038317054846,1.487603305785124,0.20285499624342598,2.231404958677686,0.8114199849737039,0.946656649135988,0.0
Alan Matturro,uy URU,DF,Levante,es La Liga,20.0,2004.0,19,10,947,10.5,1,1,2,1,0,0,0,1,8,1,7,10,0,0,6,13,0,12.5,0.13,1.0,1.0,-0.86,-0.67,,,,,,,,,,,,,,,DF,,False,Defender,True,True,False,0.09503695881731784,0.09503695881731784,0.1900739176346357,0.09503695881731784,0.0,0.0,0.0,0.09503695881731784,0.7602956705385427,0.09503695881731784,0.6652587117212249,0.9503695881731785,0.0,0.0,0.5702217529039071,1.2354804646251318,0.0
Konstantinos Mavropanos,gr GRE,DF,West Ham United,eng Premier League,27.0,1997.0,31,27,2534,28.2,3,0,3,3,0,0,2,0,23,8,16,9,2,4,47,24,2,34.8,0.13,0.38,1.03,-0.36,0.56,,,,,,,,,,,,,,,DF,,False,Defender,True,True,True,0.10655090765588004,0.0,0.10655090765588004,0.10655090765588004,0.0,0.0,0.07103393843725335,0.0,0.8168902920284136,0.2841357537490134,0.5682715074980268,0.3196527229676401,0.07103393843725335,0.1420678768745067,1.669297553275454,0.8524072612470404,0.07103393843725335
Christian Mawissa,fr FRA,"DF,MF",Monaco,fr Ligue 1,20.0,2005.0,18,13,1191,13.2,0,0,0,0,0,0,4,0,2,1,12,12,0,5,15,25,0,50.0,0.0,0.0,1.78,0.08,-0.17,,,,,,,,,,,,,,,DF,MF,True,Defender,True,True,False,0.0,0.0,0.0,0.0,0.0,0.0,0.30226700251889166,0.0,0.15113350125944583,0.07556675062972291,0.906801007556675,0.906801007556675,0.0,0.3778337531486146,1.1335012594458438,1.8891687657430731,0.0
Borja Mayoral,es ESP,FW,Getafe,es La Liga,28.0,1997.0,16,12,1058,11.8,4,1,5,4,0,1,0,0,15,7,6,7,11,6,4,5,0,46.7,0.27,0.57,0.94,-0.51,-0.51,,,,,,,,,,,,,,,FW,,False,Forward,True,True,False,0.3402646502835539,0.08506616257088848,0.42533081285444235,0.3402646502835539,0.0,0.08506616257088848,0.0,0.0,1.275992438563327,0.5954631379962193,0.5103969754253308,0.5954631379962193,0.9357277882797732,0.5103969754253308,0.3402646502835539,0.42533081285444235,0.0
Senny Mayulu,fr FRA,"MF,FW",Paris Saint-Germain,fr Ligue 1,19.0,2006.0,26,21,1672,18.6,4,4,8,4,0,0,2,0,35,11,24,20,1,27,12,31,0,31.4,0.11,0.36,2.12,1.18,-0.31,,,,,,,,,,,,,,,MF,FW,True,Midfielder,True,True,True,0.21531100478468898,0.21531100478468898,0.43062200956937796,0.21531100478468898,0.0,0.0,0.10765550239234449,0.0,1.883971291866029,0.5921052631578947,1.291866028708134,1.076555023923445,0.053827751196172245,1.4533492822966507,0.645933014354067,1.6686602870813396,0.0
Ibrahim Maza,dz ALG,MF,Leverkusen,de Bundesliga,19.0,2005.0,28,20,1849,20.5,3,4,7,3,0,0,2,0,54,17,19,36,3,64,16,24,0,31.5,0.06,0.18,1.64,0.73,0.28,,,,,,,,,,,,,,,MF,,False,Midfielder,True,True,True,0.1460248783126014,0.19469983775013522,0.34072471606273663,0.1460248783126014,0.0,0.0,0.09734991887506761,0.0,2.6284478096268256,0.8274743104380746,0.9248242293131422,1.752298539751217,0.1460248783126014,3.1151974040021635,0.7787993510005409,1.1681990265008113,0.0
Noussair Mazraoui,ma MAR,"DF,MF",Manchester Utd,eng Premier League,27.0,1997.0,20,11,985,10.9,0,0,0,0,0,0,3,0,5,0,12,14,0,13,11,15,0,0.0,0.0,,2.0,0.82,0.45,,,,,,,,,,,,,,,DF,MF,True,Defender,True,True,False,0.0,0.0,0.0,0.0,0.0,0.0,0.27411167512690354,0.0,0.45685279187817257,0.0,1.0964467005076142,1.2791878172588833,0.0,1.1878172588832487,1.0050761421319796,1.3705583756345179,0.0
Samuel Mbangula,be BEL,"MF,FW",Werder Bremen,de Bundesliga,21.0,2004.0,26,12,1171,13.0,3,2,5,3,0,0,0,0,17,8,4,23,4,23,3,10,0,47.1,0.18,0.38,0.85,-0.54,0.22,,,,,,,,,,,,,,,MF,FW,True,Midfielder,True,True,False,0.23057216054654142,0.1537147736976943,0.38428693424423566,0.23057216054654142,0.0,0.0,0.0,0.0,1.3065755764304012,0.6148590947907772,0.3074295473953886,1.7677198975234842,0.3074295473953886,1.7677198975234842,0.23057216054654142,0.7685738684884713,0.0
Kylian Mbappé,fr FRA,FW,Real Madrid,es La Liga,26.0,1998.0,31,29,2599,28.9,25,5,30,17,8,9,4,0,146,63,13,36,39,26,3,1,0,43.2,0.12,0.27,2.29,1.0,-0.42,,,,,,,,,,,,,,,FW,,False,Forward,True,True,True,0.8657175836860331,0.17314351673720663,1.0388611004232398,0.5886879569065024,0.2770296267795306,0.3116583301269719,0.1385148133897653,0.0,5.055790688726433,2.1816083108888034,0.45017314351673726,1.2466333205078877,1.3505194305502115,0.9003462870334745,0.10388611004232397,0.03462870334744132,0.0
Ibrahim Mbaye,sn SEN,"FW,MF",Paris Saint-Germain,fr Ligue 1,17.0,2008.0,24,10,1006,11.2,3,2,5,3,0,0,0,0,24,10,10,13,2,16,4,7,0,41.7,0.13,0.3,2.29,1.07,-0.37,,,,,,,,,,,,,,,FW,MF,True,Forward,True,True,False,0.268389662027833,0.17892644135188865,0.44731610337972166,0.268389662027833,0.0,0.0,0.0,0.0,2.147117296222664,0.8946322067594433,0.8946322067594433,1.1630218687872764,0.17892644135188865,1.4314115308151092,0.3578528827037773,0.6262425447316103,0.0
Chancel Mbemba,cd COD,DF,Lille,fr Ligue 1,30.0,1994.0,13,9,954,10.6,0,0,0,0,0,0,3,0,7,3,10,6,0,0,13,8,1,42.9,0.0,0.0,2.23,0.66,0.32,,,,,,,,,,,,,,,DF,,False,Defender,True,True,False,0.0,0.0,0.0,0.0,0.0,0.0,0.2830188679245283,0.0,0.6603773584905661,0.2830188679245283,0.9433962264150944,0.5660377358490566,0.0,0.0,1.2264150943396226,0.7547169811320755,0.09433962264150944
Bryan Mbeumo,cm CMR,"MF,FW",Manchester Utd,eng Premier League,25.0,1999.0,33,31,2609,29.0,11,3,14,11,0,0,4,0,73,32,23,28,7,105,7,11,0,43.8,0.15,0.34,1.97,0.72,0.95,,,,,,,,,,,,,,,MF,FW,True,Midfielder,True,True,True,0.3794557301648141,0.10348792640858566,0.48294365657339977,0.3794557301648141,0.0,0.0,0.13798390187811424,0.0,2.5182062092755846,1.103871215024914,0.7934074357991567,0.9658873131467995,0.24147182828669989,3.6220774243004983,0.24147182828669989,0.3794557301648141,0.0
Pathé Mboup,sn SEN,MF,Brest,fr Ligue 1,21.0,2003.0,28,9,1054,11.7,1,0,1,1,0,0,6,0,23,10,34,19,5,11,12,18,0,43.5,0.04,0.1,1.14,-0.51,-0.24,,,,,,,,,,,,,,,MF,,False,Midfielder,True,True,False,0.08538899430740038,0.0,0.08538899430740038,0.08538899430740038,0.0,0.0,0.5123339658444023,0.0,1.9639468690702087,0.8538899430740038,2.903225806451613,1.6223908918406074,0.4269449715370019,0.9392789373814042,1.0246679316888045,1.537001897533207,0.0
Moustapha Mbow,sn SEN,DF,Paris FC,fr Ligue 1,25.0,2000.0,31,30,2717,30.2,0,1,1,0,0,0,5,0,10,3,27,16,1,2,38,33,0,30.0,0.0,0.0,1.23,-0.07,0.2,,,,,,,,,,,,,,,DF,,False,Defender,True,True,True,0.0,0.03312476996687523,0.03312476996687523,0.0,0.0,0.0,0.16562384983437617,0.0,0.33124769966875234,0.09937430990062569,0.8943687891056312,0.5299963194700037,0.03312476996687523,0.06624953993375046,1.2587412587412588,1.0931174089068827,0.0
John McGinn,sct SCO,MF,Aston Villa,eng Premier League,30.0,1994.0,30,28,2137,23.7,5,4,9,5,0,0,5,0,28,12,31,48,0,82,12,17,0,42.9,0.18,0.42,1.9,0.38,0.52,,,,,,,,,,,,,,,MF,,False,Midfielder,True,True,True,0.21057557323350493,0.16846045858680395,0.37903603182030887,0.21057557323350493,0.0,0.0,0.21057557323350493,0.0,1.1792232101076274,0.5053813757604118,1.3055685540477304,2.021525503041647,0.0,3.4534394010294807,0.5053813757604118,0.7159569489939167,0.0
Weston McKennie,us USA,MF,Juventus,it Serie A,26.0,1998.0,36,32,2835,31.5,5,5,10,5,0,0,5,0,43,16,44,11,7,36,26,24,0,37.2,0.12,0.31,1.81,0.7,-0.07,,,,,,,,,,,,,,,MF,,False,Midfielder,True,True,True,0.15873015873015872,0.15873015873015872,0.31746031746031744,0.15873015873015872,0.0,0.0,0.15873015873015872,0.0,1.3650793650793651,0.507936507936508,1.3968253968253967,0.3492063492063492,0.2222222222222222,1.1428571428571428,0.8253968253968255,0.761904761904762,0.0
Mark McKenzie,us USA,DF,Toulouse,fr Ligue 1,26.0,1999.0,30,28,2494,27.7,0,2,2,0,0,0,7,1,6,1,35,12,1,4,25,31,0,16.7,0.0,0.0,1.3,-0.04,-0.35,,,,,,,,,,,,,,,DF,,False,Defender,True,True,True,0.0,0.07217321571772253,0.07217321571772253,0.0,0.0,0.0,0.2526062550120289,0.03608660785886127,0.2165196471531676,0.03608660785886127,1.2630312750601442,0.4330392943063352,0.03608660785886127,0.14434643143544507,0.9021651964715317,1.1186848436246992,0.0
Dwight McNeil,eng ENG,MF,Everton,eng Premier League,25.0,1999.0,22,14,1168,13.0,0,1,1,0,0,0,1,0,24,5,11,7,2,40,10,16,0,20.8,0.0,0.0,1.45,0.39,0.7,,,,,,,,,,,,,,,MF,,False,Midfielder,True,True,False,0.0,0.07705479452054795,0.07705479452054795,0.0,0.0,0.0,0.07705479452054795,0.0,1.8493150684931505,0.3852739726027397,0.8476027397260274,0.5393835616438356,0.1541095890410959,3.0821917808219177,0.7705479452054794,1.2328767123287672,0.0
Scott McTominay,sct SCO,MF,Napoli,it Serie A,28.0,1996.0,33,31,2791,31.0,10,3,13,10,0,1,1,0,101,34,24,73,5,10,23,13,0,33.7,0.1,0.29,2.09,0.71,0.71,,,,,,,,,,,,,,,MF,,False,Midfielder,True,True,True,0.32246506628448585,0.09673951988534575,0.4192045861698316,0.32246506628448585,0.0,0.03224650662844858,0.03224650662844858,0.0,3.256897169473307,1.0963812253672518,0.773916159082766,2.353994983876747,0.16123253314224292,0.32246506628448585,0.7416696524543174,0.4192045861698316,0.0
Facundo Medina,ar ARG,DF,Marseille,fr Ligue 1,26.0,1999.0,17,16,1365,15.2,0,1,1,0,0,0,7,0,4,1,24,9,0,13,24,16,1,25.0,0.0,0.0,1.76,0.2,-0.6,,,,,,,,,,,,,,,DF,,False,Defender,True,True,True,0.0,0.06593406593406594,0.06593406593406594,0.0,0.0,0.0,0.46153846153846156,0.0,0.26373626373626374,0.06593406593406594,1.5824175824175823,0.5934065934065934,0.0,0.8571428571428572,1.5824175824175823,1.054945054945055,0.06593406593406594
Henrik Meister,dk DEN,FW,Pisa,it Serie A,21.0,2003.0,28,15,1515,16.8,2,0,2,2,0,0,2,0,20,8,26,17,5,1,1,3,0,40.0,0.1,0.25,0.46,-0.89,0.53,,,,,,,,,,,,,,,FW,,False,Forward,True,True,True,0.1188118811881188,0.0,0.1188118811881188,0.1188118811881188,0.0,0.0,0.1188118811881188,0.0,1.188118811881188,0.4752475247524752,1.5445544554455446,1.00990099009901,0.297029702970297,0.0594059405940594,0.0594059405940594,0.1782178217821782,0.0
Bamo Meïté,ci CIV,DF,Lorient,fr Ligue 1,23.0,2001.0,25,22,1979,22.0,0,3,3,0,0,0,5,0,8,1,30,25,2,12,13,15,0,12.5,0.0,0.0,1.44,0.09,0.51,,,,,,,,,,,,,,,DF,,False,Defender,True,True,True,0.0,0.13643254168772107,0.13643254168772107,0.0,0.0,0.0,0.22738756947953512,0.0,0.3638201111672562,0.045477513895907026,1.3643254168772108,1.1369378473976754,0.09095502779181405,0.5457301667508843,0.5912076806467913,0.6821627084386054,0.0
Hannibal Mejbri,tn TUN,MF,Burnley,eng Premier League,22.0,2003.0,27,15,1229,13.7,1,4,5,1,0,0,10,0,19,5,23,46,3,30,7,17,0,26.3,0.05,0.2,0.74,-0.81,0.26,,,,,,,,,,,,,,,MF,,False,Midfielder,True,True,False,0.07323026851098453,0.29292107404393813,0.3661513425549227,0.07323026851098453,0.0,0.0,0.7323026851098454,0.0,1.3913751017087064,0.3661513425549227,1.6842961757526445,3.368592351505289,0.21969080553295361,2.196908055329536,0.5126118795768918,1.2449145646867372,0.0
Nuno Mendes,pt POR,DF,Paris Saint-Germain,fr Ligue 1,23.0,2002.0,20,13,1256,14.0,4,5,9,3,1,1,1,0,30,15,12,25,3,44,14,20,0,50.0,0.1,0.2,2.25,1.22,-0.18,,,,,,,,,,,,,,,DF,,False,Defender,True,True,False,0.28662420382165604,0.35828025477707004,0.6449044585987261,0.21496815286624202,0.07165605095541401,0.07165605095541401,0.07165605095541401,0.0,2.1496815286624207,1.0748407643312103,0.8598726114649681,1.7914012738853502,0.21496815286624202,3.1528662420382165,1.003184713375796,1.4331210191082802,0.0
Brais Méndez,es ESP,"MF,FW",Real Sociedad,es La Liga,28.0,1997.0,29,21,1660,18.4,6,2,8,5,1,2,4,1,36,16,42,35,7,62,8,18,0,44.4,0.14,0.31,1.24,-0.05,0.0,,,,,,,,,,,,,,,MF,FW,True,Midfielder,True,True,True,0.3253012048192771,0.10843373493975905,0.4337349397590362,0.27108433734939763,0.054216867469879526,0.10843373493975905,0.2168674698795181,0.054216867469879526,1.9518072289156627,0.8674698795180724,2.2771084337349397,1.897590361445783,0.3795180722891566,3.36144578313253,0.4337349397590362,0.9759036144578314,0.0
Antoine Mendy,sn SEN,DF,Nice,fr Ligue 1,21.0,2004.0,25,24,2097,23.3,1,0,1,1,0,0,5,0,17,7,30,22,1,21,19,35,0,41.2,0.06,0.14,0.92,-0.52,0.51,,,,,,,,,,,,,,,DF,,False,Defender,True,True,True,0.04291845493562232,0.0,0.04291845493562232,0.04291845493562232,0.0,0.0,0.21459227467811157,0.0,0.7296137339055794,0.30042918454935624,1.2875536480686696,0.9442060085836911,0.04291845493562232,0.9012875536480687,0.8154506437768241,1.5021459227467813,0.0
Batista Mendy,fr FRA,MF,Sevilla,es La Liga,25.0,2000.0,27,19,1617,18.0,1,0,1,1,0,0,6,0,17,5,37,27,0,5,18,23,0,29.4,0.06,0.2,1.15,-0.56,-0.36,,,,,,,,,,,,,,,MF,,False,Midfielder,True,True,True,0.05565862708719852,0.0,0.05565862708719852,0.05565862708719852,0.0,0.0,0.3339517625231911,0.0,0.9461966604823747,0.2782931354359926,2.0593692022263452,1.50278293135436,0.0,0.2782931354359926,1.0018552875695732,1.2801484230055657,0.0
Nobel Mendy,sn SEN,DF,Rayo Vallecano,es La Liga,20.0,2004.0,24,22,1797,20.0,2,0,2,2,0,0,9,2,11,3,32,12,1,6,23,15,0,27.3,0.18,0.67,1.25,-0.25,-0.36,,,,,,,,,,,,,,,DF,,False,Defender,True,True,True,0.1001669449081803,0.0,0.1001669449081803,0.1001669449081803,0.0,0.0,0.4507512520868113,0.1001669449081803,0.5509181969949917,0.15025041736227046,1.6026711185308848,0.6010016694490818,0.05008347245409015,0.3005008347245409,1.1519198664440735,0.7512520868113522,0.0
Gideon Mensah,gh GHA,DF,Auxerre,fr Ligue 1,27.0,1998.0,30,26,2327,25.9,0,2,2,0,0,0,8,0,1,0,37,34,1,64,23,37,0,0.0,0.0,,1.03,-0.04,1.07,,,,,,,,,,,,,,,DF,,False,Defender,True,True,True,0.0,0.07735281478298238,0.07735281478298238,0.0,0.0,0.0,0.3094112591319295,0.0,0.03867640739149119,0.0,1.4310270734851742,1.3149978513107003,0.03867640739149119,2.475290073055436,0.8895573700042975,1.4310270734851742,0.0
Khalis Merah,fr FRA,"MF,FW",Lyon,fr Ligue 1,18.0,2007.0,22,15,1130,12.6,0,1,1,0,0,0,2,0,6,3,11,20,0,13,6,19,0,50.0,0.0,0.0,2.18,0.72,0.53,,,,,,,,,,,,,,,MF,FW,True,Midfielder,True,True,False,0.0,0.07964601769911504,0.07964601769911504,0.0,0.0,0.0,0.1592920353982301,0.0,0.47787610619469023,0.23893805309734512,0.8761061946902655,1.592920353982301,0.0,1.0353982300884956,0.47787610619469023,1.5132743362831858,0.0
Mikel Merino,es ESP,"MF,FW",Arsenal,eng Premier League,29.0,1996.0,22,10,1036,11.5,4,3,7,4,0,0,1,0,22,8,22,20,3,4,9,13,0,36.4,0.18,0.5,2.23,1.04,-0.17,,,,,,,,,,,,,,,MF,FW,True,Midfielder,True,True,False,0.3474903474903475,0.2606177606177606,0.6081081081081081,0.3474903474903475,0.0,0.0,0.08687258687258688,0.0,1.9111969111969112,0.694980694980695,1.9111969111969112,1.7374517374517373,0.2606177606177606,0.3474903474903475,0.7818532818532818,1.1293436293436292,0.0
Quentin Merlin,fr FRA,"DF,MF",Rennes,fr Ligue 1,23.0,2002.0,33,27,2533,28.1,1,5,6,1,0,0,2,0,26,7,22,30,5,156,29,38,0,26.9,0.04,0.14,1.76,0.07,-1.12,,,,,,,,,,,,,,,DF,MF,True,Defender,True,True,True,0.035530990919857876,0.17765495459928937,0.21318594551914727,0.035530990919857876,0.0,0.0,0.07106198183971575,0.0,0.9238057639163049,0.2487169364390051,0.7816818002368733,1.0659297275957362,0.17765495459928937,5.542834583497829,1.0303987366758784,1.3501776549545994,0.0
Dayann Methalie,fr FRA,MF,Toulouse,fr Ligue 1,19.0,2006.0,28,23,1961,21.8,2,1,3,2,0,0,9,0,15,7,57,12,1,43,23,31,0,46.7,0.13,0.29,1.11,-0.37,-1.1,,,,,,,,,,,,,,,MF,,False,Midfielder,True,True,True,0.09178990311065784,0.04589495155532892,0.13768485466598673,0.09178990311065784,0.0,0.0,0.4130545639979602,0.0,0.6884242733299337,0.3212646608873024,2.616012238653748,0.5507394186639469,0.04589495155532892,1.9734829168791435,1.055583885772565,1.4227434982151963,0.0
Karol Mets,ee EST,DF,St Pauli,de Bundesliga,32.0,1993.0,23,22,1932,21.5,1,0,1,1,0,0,3,0,7,1,13,11,1,6,22,22,0,14.3,0.14,1.0,0.78,-1.07,-0.43,,,,,,,,,,,,,,,DF,,False,Defender,True,True,True,0.04658385093167702,0.0,0.04658385093167702,0.04658385093167702,0.0,0.0,0.13975155279503104,0.0,0.32608695652173914,0.04658385093167702,0.6055900621118012,0.5124223602484472,0.04658385093167702,0.2795031055900621,1.0248447204968945,1.0248447204968945,0.0
Thomas Meunier,be BEL,DF,Lille,fr Ligue 1,33.0,1991.0,25,21,1909,21.2,2,2,4,2,0,0,3,0,19,5,29,3,2,51,17,18,0,26.3,0.11,0.4,2.08,0.8,0.96,,,,,,,,,,,,,,,DF,,False,Defender,True,True,True,0.09429020429544265,0.09429020429544265,0.1885804085908853,0.09429020429544265,0.0,0.0,0.14143530644316396,0.0,0.8957569408067051,0.23572551073860662,1.3672079622839184,0.14143530644316396,0.09429020429544265,2.4044002095337875,0.8014667365112624,0.8486118386589838,0.0
Georges Mikautadze,ge GEO,FW,Villarreal,es La Liga,24.0,2000.0,32,23,2109,23.4,13,6,19,13,0,0,1,0,65,32,13,45,3,21,5,4,0,49.2,0.2,0.41,1.91,0.6,-0.23,,,,,,,,,,,,,,,FW,,False,Forward,True,True,True,0.5547652916073968,0.25604551920341395,0.8108108108108109,0.5547652916073968,0.0,0.0,0.04267425320056899,0.0,2.7738264580369845,1.3655761024182076,0.5547652916073968,1.9203413940256044,0.12802275960170698,0.8961593172119487,0.21337126600284498,0.17069701280227595,0.0
William Mikelbrencis,fr FRA,"MF,DF",Hamburger SV,de Bundesliga,21.0,2004.0,26,15,1372,15.2,0,4,4,0,0,0,3,0,12,6,18,5,5,54,6,22,0,50.0,0.0,0.0,1.04,-1.12,-1.28,,,,,,,,,,,,,,,MF,DF,True,Midfielder,True,True,True,0.0,0.26239067055393583,0.26239067055393583,0.0,0.0,0.0,0.1967930029154519,0.0,0.7871720116618076,0.3935860058309038,1.1807580174927115,0.3279883381924198,0.3279883381924198,3.542274052478134,0.3935860058309038,1.4431486880466473,0.0
Nikola Milenković,rs SRB,DF,Nottingham Forest,eng Premier League,27.0,1997.0,38,37,3375,37.5,0,0,0,0,0,0,6,0,16,1,21,20,1,2,29,19,1,6.3,0.0,0.0,1.16,-0.13,-4.13,,,,,,,,,,,,,,,DF,,False,Defender,True,True,True,0.0,0.0,0.0,0.0,0.0,0.0,0.16,0.0,0.42666666666666664,0.026666666666666665,0.5599999999999999,0.5333333333333333,0.026666666666666665,0.05333333333333333,0.7733333333333333,0.5066666666666666,0.026666666666666665
Lewis Miley,eng ENG,"MF,DF",Newcastle United,eng Premier League,19.0,2006.0,23,15,1496,16.6,1,4,5,1,0,0,0,0,12,4,5,4,2,42,20,18,0,33.3,0.08,0.25,1.3,0.18,0.41,,,,,,,,,,,,,,,MF,DF,True,Midfielder,True,True,True,0.06016042780748663,0.24064171122994651,0.30080213903743314,0.06016042780748663,0.0,0.0,0.0,0.0,0.7219251336898397,0.24064171122994651,0.30080213903743314,0.24064171122994651,0.12032085561497326,2.5267379679144386,1.2032085561497325,1.0828877005347592,0.0
Éder Militão,br BRA,DF,Real Madrid,es La Liga,27.0,1998.0,16,14,1139,12.7,2,1,3,2,0,0,2,0,21,9,15,13,0,1,10,16,0,42.9,0.1,0.22,2.06,1.34,0.36,,,,,,,,,,,,,,,DF,,False,Defender,True,True,False,0.15803336259877085,0.07901668129938542,0.23705004389815626,0.15803336259877085,0.0,0.0,0.15803336259877085,0.0,1.6593503072870939,0.7111501316944688,1.1852502194907815,1.0272168568920104,0.0,0.07901668129938542,0.7901668129938543,1.2642669007901668,0.0
Luis Milla,es ESP,MF,Getafe,es La Liga,30.0,1994.0,37,37,3271,36.3,1,10,11,1,0,0,5,1,27,4,32,43,3,225,42,33,0,14.8,0.04,0.25,1.38,-0.08,1.73,,,,,,,,,,,,,,,MF,,False,Midfielder,True,True,True,0.027514521553041883,0.2751452155304188,0.3026597370834607,0.027514521553041883,0.0,0.0,0.1375726077652094,0.027514521553041883,0.7428920819321309,0.11005808621216753,0.8804646896973403,1.183124426780801,0.08254356465912564,6.190767349434424,1.155609905227759,0.9079792112503822,0.0
Pere Milla,es ESP,"MF,FW",Espanyol,es La Liga,32.0,1992.0,33,24,1973,21.9,7,1,8,7,0,0,6,1,59,21,24,38,10,36,18,24,0,35.6,0.12,0.33,1.33,0.18,1.18,,,,,,,,,,,,,,,MF,FW,True,Midfielder,True,True,True,0.3193106943740497,0.0456158134820071,0.3649265078560568,0.3193106943740497,0.0,0.0,0.2736948808920426,0.0456158134820071,2.691332995438419,0.9579320831221491,1.0947795235681703,1.7334009123162697,0.45615813482007095,1.6421692853522556,0.8210846426761278,1.0947795235681703,0.0
Lennon Miller,sct SCO,MF,Udinese,it Serie A,18.0,2006.0,24,9,996,11.1,0,2,2,0,0,0,4,0,9,1,14,17,1,32,9,12,0,11.1,0.0,0.0,1.25,0.45,0.75,,,,,,,,,,,,,,,MF,,False,Midfielder,True,True,False,0.0,0.18072289156626503,0.18072289156626503,0.0,0.0,0.0,0.36144578313253006,0.0,0.8132530120481928,0.09036144578313252,1.2650602409638554,1.536144578313253,0.09036144578313252,2.8915662650602405,0.8132530120481928,1.0843373493975905,0.0
Kim Min-jae,kr KOR,DF,Bayern Munich,de Bundesliga,28.0,1996.0,25,19,1602,17.8,1,1,2,1,0,0,1,0,5,3,9,3,0,1,38,19,0,60.0,0.2,0.33,2.56,2.02,-1.06,,,,,,,,,,,,,,,DF,,False,Defender,True,True,True,0.056179775280898875,0.056179775280898875,0.11235955056179775,0.056179775280898875,0.0,0.0,0.056179775280898875,0.0,0.28089887640449435,0.16853932584269662,0.5056179775280899,0.16853932584269662,0.0,0.056179775280898875,2.134831460674157,1.0674157303370786,0.0
Yerry Mina,co COL,DF,Cagliari,it Serie A,30.0,1994.0,26,26,2150,23.9,2,0,2,2,0,0,5,1,10,3,26,37,3,1,26,18,0,30.0,0.2,0.67,1.35,-0.13,0.58,,,,,,,,,,,,,,,DF,,False,Defender,True,True,True,0.08372093023255814,0.0,0.08372093023255814,0.08372093023255814,0.0,0.0,0.20930232558139533,0.04186046511627907,0.41860465116279066,0.12558139534883722,1.0883720930232557,1.5488372093023255,0.12558139534883722,0.04186046511627907,1.0883720930232557,0.7534883720930233,0.0
Takumi Minamino,jp JPN,MF,Monaco,fr Ligue 1,30.0,1995.0,15,11,944,10.5,3,2,5,3,0,0,4,0,21,7,10,8,3,8,3,3,0,33.3,0.14,0.43,1.53,0.29,0.16,,,,,,,,,,,,,,,MF,,False,Midfielder,True,True,False,0.2860169491525424,0.1906779661016949,0.47669491525423724,0.2860169491525424,0.0,0.0,0.3813559322033898,0.0,2.0021186440677967,0.6673728813559322,0.9533898305084745,0.7627118644067796,0.2860169491525424,0.7627118644067796,0.2860169491525424,0.2860169491525424,0.0
Tyrone Mings,eng ENG,DF,Aston Villa,eng Premier League,32.0,1993.0,17,15,1324,14.7,0,0,0,0,0,0,1,0,9,1,10,8,0,4,11,2,0,11.1,0.0,0.0,1.24,-0.48,-1.08,,,,,,,,,,,,,,,DF,,False,Defender,True,True,False,0.0,0.0,0.0,0.0,0.0,0.0,0.06797583081570997,0.0,0.6117824773413897,0.06797583081570997,0.6797583081570997,0.5438066465256798,0.0,0.2719033232628399,0.7477341389728097,0.13595166163141995,0.0
Óscar Mingueza,es ESP,MF,Celta Vigo,es La Liga,26.0,1999.0,34,21,1968,21.9,1,4,5,1,0,0,4,0,14,5,15,28,1,68,9,20,0,35.7,0.07,0.2,1.44,0.5,0.87,,,,,,,,,,,,,,,MF,,False,Midfielder,True,True,True,0.04573170731707318,0.1829268292682927,0.22865853658536583,0.04573170731707318,0.0,0.0,0.1829268292682927,0.0,0.6402439024390244,0.22865853658536583,0.6859756097560975,1.2804878048780488,0.04573170731707318,3.1097560975609757,0.4115853658536585,0.9146341463414633,0.0
Yankuba Minteh,gm GAM,MF,Brighton,eng Premier League,21.0,2004.0,34,26,2391,26.6,3,4,7,3,0,0,3,0,41,11,32,22,10,159,15,37,0,26.8,0.07,0.27,1.26,0.23,0.23,,,,,,,,,,,,,,,MF,,False,Midfielder,True,True,True,0.11292346298619824,0.15056461731493098,0.26348808030112925,0.11292346298619824,0.0,0.0,0.11292346298619824,0.0,1.5432873274780428,0.41405269761606023,1.2045169385194479,0.8281053952321205,0.3764115432873275,5.984943538268507,0.5646173149309912,1.3927227101631117,0.0
Rafa Mir,es ESP,"FW,MF",Elche,es La Liga,28.0,1997.0,27,21,1803,20.0,8,0,8,7,1,2,4,0,69,36,39,16,7,19,4,7,0,52.2,0.1,0.19,1.22,0.3,1.08,,,,,,,,,,,,,,,FW,MF,True,Forward,True,True,True,0.3993344425956739,0.0,0.3993344425956739,0.34941763727121466,0.04991680532445924,0.09983361064891848,0.19966722129783696,0.0,3.4442595673876872,1.7970049916805324,1.9467554076539102,0.7986688851913478,0.34941763727121466,0.9484193011647254,0.19966722129783696,0.34941763727121466,0.0
Juan Miranda,es ESP,DF,Bologna,it Serie A,25.0,2000.0,32,29,2573,28.6,1,3,4,1,0,0,6,0,13,5,25,35,3,171,33,31,0,38.5,0.08,0.2,1.63,0.21,0.53,,,,,,,,,,,,,,,DF,,False,Defender,True,True,True,0.03497862417411582,0.10493587252234746,0.13991449669646328,0.03497862417411582,0.0,0.0,0.2098717450446949,0.0,0.4547221142635056,0.1748931208705791,0.8744656043528954,1.2242518460940535,0.10493587252234746,5.981344733773805,1.154294597745822,1.0843373493975905,0.0
Tyrick Mitchell,eng ENG,MF,Crystal Palace,eng Premier League,25.0,1999.0,38,36,3251,36.1,1,2,3,1,0,0,6,0,19,7,24,28,5,104,33,65,0,36.8,0.05,0.14,1.18,-0.25,0.28,,,,,,,,,,,,,,,MF,,False,Midfielder,True,True,True,0.02768378960319902,0.05536757920639804,0.08305136880959704,0.02768378960319902,0.0,0.0,0.16610273761919409,0.0,0.5259920024607814,0.19378652722239312,0.6644109504767763,0.7751461088895725,0.13841894801599508,2.879114118732698,0.9135650569055674,1.799446324207936,0.0
Kaoru Mitoma,jp JPN,"MF,FW",Brighton,eng Premier League,28.0,1997.0,25,19,1721,19.1,3,1,4,3,0,0,5,0,32,13,31,21,4,46,8,12,0,40.6,0.09,0.23,1.4,0.21,0.1,,,,,,,,,,,,,,,MF,FW,True,Midfielder,True,True,True,0.1568855316676351,0.05229517722254503,0.20918070889018012,0.1568855316676351,0.0,0.0,0.26147588611272515,0.0,1.673445671121441,0.6798373038930854,1.621150493898896,1.0981987216734457,0.20918070889018012,2.4055781522370716,0.41836141778036023,0.6275421266705404,0.0
Maximilian Mittelstädt,de GER,"DF,MF",Stuttgart,de Bundesliga,28.0,1997.0,32,24,2186,24.3,6,4,10,2,4,4,4,0,31,16,11,26,2,122,35,42,0,51.6,0.06,0.13,1.75,0.82,0.62,,,,,,,,,,,,,,,DF,MF,True,Defender,True,True,True,0.24702653247941445,0.16468435498627632,0.4117108874656908,0.08234217749313816,0.16468435498627632,0.16468435498627632,0.16468435498627632,0.0,1.2763037511436413,0.6587374199451053,0.45288197621225984,1.070448307410796,0.08234217749313816,5.022872827081427,1.4409881061299177,1.729185727355901,0.0
Henrikh Mkhitaryan,am ARM,MF,Inter,it Serie A,36.0,1989.0,30,16,1560,17.3,4,1,5,4,0,0,5,0,43,14,28,17,3,42,15,27,0,32.6,0.09,0.29,2.27,1.85,0.78,,,,,,,,,,,,,,,MF,,False,Midfielder,True,True,True,0.23076923076923078,0.057692307692307696,0.28846153846153844,0.23076923076923078,0.0,0.0,0.28846153846153844,0.0,2.480769230769231,0.8076923076923076,1.6153846153846152,0.9807692307692307,0.17307692307692307,2.4230769230769234,0.8653846153846154,1.5576923076923077,0.0
Luka Modrić,hr CRO,MF,Milan,it Serie A,39.0,1985.0,34,32,2811,31.2,2,3,5,2,0,0,4,0,20,8,23,33,0,111,35,27,0,40.0,0.1,0.25,1.94,0.61,0.76,,,,,,,,,,,,,,,MF,,False,Midfielder,True,True,True,0.064034151547492,0.096051227321238,0.16008537886873,0.064034151547492,0.0,0.0,0.128068303094984,0.0,0.64034151547492,0.256136606189968,0.736392742796158,1.056563500533618,0.0,3.553895410885806,1.1205976520811098,0.8644610458911419,0.0
Mostafa Mohamed,eg EGY,FW,Nantes,fr Ligue 1,27.0,1997.0,24,13,1152,12.8,4,0,4,4,0,0,1,0,35,8,18,27,4,9,7,7,0,22.9,0.11,0.5,0.5,-1.33,-1.05,,,,,,,,,,,,,,,FW,,False,Forward,True,True,False,0.3125,0.0,0.3125,0.3125,0.0,0.0,0.078125,0.0,2.734375,0.625,1.40625,2.109375,0.3125,0.703125,0.546875,0.546875,0.0
Johan Mojica,co COL,DF,Mallorca,es La Liga,32.0,1992.0,35,30,2724,30.3,0,4,4,0,0,0,6,1,17,2,29,30,2,133,24,30,0,11.8,0.0,0.0,1.11,-0.23,0.16,,,,,,,,,,,,,,,DF,,False,Defender,True,True,True,0.0,0.13215859030837004,0.13215859030837004,0.0,0.0,0.0,0.19823788546255508,0.03303964757709251,0.5616740088105727,0.06607929515418502,0.9581497797356828,0.9911894273127754,0.06607929515418502,4.394273127753304,0.7929515418502203,0.9911894273127754,0.0
Alberto Moleiro,es ESP,MF,Villarreal,es La Liga,21.0,2003.0,37,30,2478,27.5,10,5,15,10,0,0,4,0,46,20,33,27,3,31,14,21,0,43.5,0.22,0.5,1.95,0.84,0.55,,,,,,,,,,,,,,,MF,,False,Midfielder,True,True,True,0.3631961259079903,0.18159806295399514,0.5447941888619855,0.3631961259079903,0.0,0.0,0.14527845036319612,0.0,1.6707021791767553,0.7263922518159805,1.1985472154963681,0.9806295399515738,0.1089588377723971,1.12590799031477,0.5084745762711864,0.7627118644067796,0.0
Nahuel Molina,ar ARG,"DF,MF",Atlético Madrid,es La Liga,27.0,1998.0,26,13,1331,14.8,2,2,4,2,0,0,4,0,14,4,14,5,5,49,14,24,0,28.6,0.14,0.5,1.88,0.14,-0.55,,,,,,,,,,,,,,,DF,MF,True,Defender,True,True,False,0.135236664162284,0.135236664162284,0.270473328324568,0.135236664162284,0.0,0.0,0.270473328324568,0.0,0.946656649135988,0.270473328324568,0.946656649135988,0.33809166040571,0.33809166040571,3.313298271975958,0.946656649135988,1.6228399699474079,0.0
Jon Moncayola,es ESP,MF,Osasuna,es La Liga,27.0,1998.0,36,35,3016,33.5,0,4,4,0,0,0,9,0,23,5,41,13,0,142,27,26,0,21.7,0.0,0.0,1.0,-0.33,-1.44,,,,,,,,,,,,,,,MF,,False,Midfielder,True,True,True,0.0,0.11936339522546419,0.11936339522546419,0.0,0.0,0.0,0.26856763925729443,0.0,0.6863395225464191,0.14920424403183025,1.223474801061008,0.3879310344827586,0.0,4.237400530503979,0.8057029177718833,0.7758620689655172,0.0
Álvaro Morata,es ESP,FW,Como,it Serie A,32.0,1992.0,26,9,930,10.3,0,1,1,0,0,1,4,1,23,8,16,33,9,9,1,11,0,34.8,0.0,0.0,1.73,0.77,-0.24,,,,,,,,,,,,,,,FW,,False,Forward,True,True,False,0.0,0.0967741935483871,0.0967741935483871,0.0,0.0,0.0967741935483871,0.3870967741935484,0.0967741935483871,2.225806451612903,0.7741935483870968,1.5483870967741935,3.193548387096774,0.8709677419354839,0.8709677419354839,0.0967741935483871,1.064516129032258,0.0
Morato,br BRA,DF,Nottingham Forest,eng Premier League,24.0,2001.0,21,14,1345,14.9,1,0,1,1,0,0,5,0,5,2,16,7,1,2,11,18,0,40.0,0.2,0.5,1.29,-0.67,-0.97,,,,,,,,,,,,,,,DF,,False,Defender,True,True,False,0.06691449814126393,0.0,0.06691449814126393,0.06691449814126393,0.0,0.0,0.33457249070631967,0.0,0.33457249070631967,0.13382899628252787,1.070631970260223,0.46840148698884754,0.06691449814126393,0.13382899628252787,0.7360594795539034,1.204460966542751,0.0
Afonso Moreira,pt POR,"MF,FW",Lyon,fr Ligue 1,20.0,2005.0,27,18,1722,19.1,4,7,11,4,0,0,3,0,40,14,27,57,4,119,12,22,0,35.0,0.1,0.29,1.93,0.63,0.56,,,,,,,,,,,,,,,MF,FW,True,Midfielder,True,True,True,0.20905923344947736,0.3658536585365854,0.5749128919860628,0.20905923344947736,0.0,0.0,0.156794425087108,0.0,2.0905923344947737,0.7317073170731708,1.411149825783972,2.979094076655052,0.20905923344947736,6.219512195121951,0.627177700348432,1.1498257839721255,0.0
Diego Moreira,be BEL,MF,Strasbourg,fr Ligue 1,20.0,2004.0,27,23,2034,22.6,4,6,10,4,0,0,4,0,29,11,17,27,8,89,20,25,0,37.9,0.14,0.36,1.52,0.53,0.62,,,,,,,,,,,,,,,MF,,False,Midfielder,True,True,True,0.17699115044247787,0.2654867256637168,0.44247787610619466,0.17699115044247787,0.0,0.0,0.17699115044247787,0.0,1.2831858407079646,0.4867256637168142,0.7522123893805309,1.1946902654867257,0.35398230088495575,3.9380530973451324,0.8849557522123893,1.1061946902654867,0.0
Alberto Moreno,es ESP,DF,Como,it Serie A,33.0,1992.0,19,13,1233,13.7,2,1,3,2,0,0,4,0,11,4,17,12,3,34,7,12,0,36.4,0.18,0.5,2.05,1.31,0.57,,,,,,,,,,,,,,,DF,,False,Defender,True,True,False,0.14598540145985403,0.07299270072992702,0.21897810218978103,0.14598540145985403,0.0,0.0,0.29197080291970806,0.0,0.8029197080291971,0.29197080291970806,1.2408759124087592,0.8759124087591241,0.21897810218978103,2.4817518248175183,0.510948905109489,0.8759124087591241,0.0
Álex Moreno,es ESP,DF,Girona,es La Liga,32.0,1993.0,31,28,2559,28.4,0,3,3,0,0,0,5,0,17,5,32,20,9,66,29,28,0,29.4,0.0,0.0,1.13,-0.42,0.0,,,,,,,,,,,,,,,DF,,False,Defender,True,True,True,0.0,0.10550996483001171,0.10550996483001171,0.0,0.0,0.0,0.17584994138335286,0.0,0.5978898007033998,0.17584994138335286,1.1254396248534584,0.7033997655334114,0.3165298944900352,2.321219226260258,1.0199296600234466,0.984759671746776,0.0
Gerard Moreno,es ESP,FW,Villarreal,es La Liga,33.0,1992.0,22,16,1343,14.9,10,0,10,7,3,3,0,0,39,16,14,16,6,11,3,8,0,41.0,0.18,0.44,1.95,1.07,0.64,,,,,,,,,,,,,,,FW,,False,Forward,True,True,False,0.6701414743112435,0.0,0.6701414743112435,0.46909903201787045,0.20104244229337304,0.20104244229337304,0.0,0.0,2.61355174981385,1.0722263588979897,0.9381980640357409,1.0722263588979897,0.40208488458674607,0.7371556217423678,0.20104244229337304,0.5361131794489948,0.0
Matias Moreno,ar ARG,DF,Levante,es La Liga,21.0,2003.0,28,27,2252,25.0,0,0,0,0,0,0,8,0,10,0,23,23,2,3,38,25,0,0.0,0.0,,1.29,0.04,1.2,,,,,,,,,,,,,,,DF,,False,Defender,True,True,True,0.0,0.0,0.0,0.0,0.0,0.0,0.3197158081705151,0.0,0.3996447602131438,0.0,0.919182948490231,0.919182948490231,0.07992895204262877,0.11989342806394317,1.5186500888099466,0.9991119005328597,0.0
Tete Morente,es ESP,MF,Elche,es La Liga,28.0,1996.0,13,11,929,10.3,1,1,2,1,0,0,1,0,8,1,20,10,2,46,11,11,0,12.5,0.13,1.0,1.46,-0.39,-0.24,,,,,,,,,,,,,,,MF,,False,Midfielder,True,True,False,0.0968783638320775,0.0968783638320775,0.193756727664155,0.0968783638320775,0.0,0.0,0.0968783638320775,0.0,0.77502691065662,0.0968783638320775,1.9375672766415502,0.9687836383207751,0.193756727664155,4.456404736275565,1.0656620021528525,1.0656620021528525,0.0
Stefano Moreo,it ITA,"FW,MF",Pisa,it Serie A,32.0,1993.0,37,29,2307,25.6,7,1,8,5,2,2,2,0,52,20,22,20,5,28,21,11,0,38.5,0.1,0.25,0.49,-1.17,0.04,,,,,,,,,,,,,,,FW,MF,True,Forward,True,True,True,0.27308192457737324,0.03901170351105331,0.3120936280884265,0.19505851755526657,0.07802340702210663,0.07802340702210663,0.07802340702210663,0.0,2.0286085825747726,0.7802340702210663,0.8582574772431729,0.7802340702210663,0.19505851755526657,1.092327698309493,0.8192457737321196,0.42912873862158646,0.0
Ilaix Moriba,gn GUI,MF,Celta Vigo,es La Liga,22.0,2003.0,36,26,2495,27.7,2,3,5,2,0,0,8,0,18,5,40,58,0,2,24,42,0,27.8,0.11,0.4,1.5,0.36,0.85,,,,,,,,,,,,,,,MF,,False,Midfielder,True,True,True,0.07214428857715431,0.10821643286573146,0.18036072144288576,0.07214428857715431,0.0,0.0,0.28857715430861725,0.0,0.6492985971943888,0.18036072144288576,1.442885771543086,2.092184368737475,0.0,0.07214428857715431,0.8657314629258517,1.5150300601202404,0.0
Manu Morlanes,es ESP,MF,Mallorca,es La Liga,26.0,1999.0,32,22,1765,19.6,3,0,3,3,0,0,5,1,13,4,28,12,0,11,19,30,0,30.8,0.23,0.75,1.16,-0.15,0.23,,,,,,,,,,,,,,,MF,,False,Midfielder,True,True,True,0.1529745042492918,0.0,0.1529745042492918,0.1529745042492918,0.0,0.0,0.254957507082153,0.05099150141643059,0.6628895184135978,0.20396600566572237,1.4277620396600568,0.6118980169971672,0.0,0.5609065155807366,0.9688385269121813,1.529745042492918,0.0
Nikola Moro,hr CRO,MF,Bologna,it Serie A,27.0,1998.0,30,19,1799,20.0,2,0,2,2,0,0,1,0,21,2,18,17,1,49,19,8,0,9.5,0.1,1.0,1.7,0.5,0.89,,,,,,,,,,,,,,,MF,,False,Midfielder,True,True,True,0.10005558643690939,0.0,0.10005558643690939,0.10005558643690939,0.0,0.0,0.05002779321845469,0.0,1.0505836575875487,0.10005558643690939,0.9005002779321845,0.8504724847137298,0.05002779321845469,2.4513618677042803,0.9505280711506393,0.40022234574763754,0.0
Tyler Morton,eng ENG,MF,Lyon,fr Ligue 1,22.0,2002.0,29,29,2517,28.0,2,2,4,2,0,0,6,1,28,8,29,19,0,83,24,29,0,28.6,0.07,0.25,1.83,0.61,1.27,,,,,,,,,,,,,,,MF,,False,Midfielder,True,True,True,0.07151370679380215,0.07151370679380215,0.1430274135876043,0.07151370679380215,0.0,0.0,0.21454112038140644,0.03575685339690107,1.0011918951132301,0.2860548271752086,1.036948748510131,0.6793802145411204,0.0,2.967818831942789,0.8581644815256257,1.036948748510131,0.0
Cristhian Mosquera,es ESP,DF,Arsenal,eng Premier League,21.0,2004.0,20,9,994,11.0,0,0,0,0,0,0,4,0,1,0,17,7,1,3,8,21,0,0.0,0.0,,2.15,0.81,-0.48,,,,,,,,,,,,,,,DF,,False,Defender,True,True,False,0.0,0.0,0.0,0.0,0.0,0.0,0.3621730382293763,0.0,0.09054325955734407,0.0,1.539235412474849,0.6338028169014085,0.09054325955734407,0.2716297786720322,0.7243460764587526,1.9014084507042253,0.0
Yerson Mosquera,co COL,DF,Wolves,eng Premier League,24.0,2001.0,27,24,2136,23.7,0,0,0,0,0,0,12,0,30,6,34,44,1,18,25,36,2,20.0,0.0,0.0,0.7,-0.8,0.74,,,,,,,,,,,,,,,DF,,False,Defender,True,True,True,0.0,0.0,0.0,0.0,0.0,0.0,0.5056179775280899,0.0,1.2640449438202246,0.25280898876404495,1.4325842696629214,1.8539325842696628,0.042134831460674156,0.7584269662921348,1.053370786516854,1.5168539325842696,0.08426966292134831
Mason Mount,eng ENG,MF,Manchester Utd,eng Premier League,26.0,1999.0,23,12,1017,11.3,3,0,3,3,0,0,2,0,19,5,17,12,0,22,9,13,0,26.3,0.16,0.6,1.87,0.35,-0.21,,,,,,,,,,,,,,,MF,,False,Midfielder,True,True,False,0.2654867256637168,0.0,0.2654867256637168,0.2654867256637168,0.0,0.0,0.17699115044247787,0.0,1.68141592920354,0.44247787610619466,1.5044247787610618,1.0619469026548671,0.0,1.9469026548672568,0.7964601769911505,1.1504424778761062,0.0
Samir El Mourabet,ma MAR,MF,Strasbourg,fr Ligue 1,19.0,2005.0,33,25,2128,23.6,1,2,3,1,0,0,4,0,12,1,23,26,3,18,27,37,0,8.3,0.08,1.0,1.58,0.55,0.74,,,,,,,,,,,,,,,MF,,False,Midfielder,True,True,True,0.042293233082706765,0.08458646616541353,0.1268796992481203,0.042293233082706765,0.0,0.0,0.16917293233082706,0.0,0.5075187969924811,0.042293233082706765,0.9727443609022556,1.099624060150376,0.1268796992481203,0.7612781954887218,1.1419172932330826,1.5648496240601504,0.0
Santiago Mouriño,uy URU,DF,Villarreal,es La Liga,23.0,2002.0,28,27,2377,26.4,1,2,3,1,0,0,11,1,15,3,54,36,1,6,29,64,0,20.0,0.07,0.33,1.89,0.76,0.24,,,,,,,,,,,,,,,DF,,False,Defender,True,True,True,0.03786285233487589,0.07572570466975179,0.11358855700462768,0.03786285233487589,0.0,0.0,0.41649137568363487,0.03786285233487589,0.5679427850231384,0.11358855700462768,2.044594026083298,1.3630626840555322,0.03786285233487589,0.22717711400925536,1.0980227177114008,2.423222549432057,0.0
Louis Mouton,fr FRA,MF,Angers,fr Ligue 1,23.0,2002.0,32,24,1891,21.0,2,1,3,2,0,0,2,1,36,8,20,16,4,31,12,26,0,22.2,0.06,0.25,1.09,-0.62,-0.16,,,,,,,,,,,,,,,MF,,False,Midfielder,True,True,True,0.09518773135906927,0.047593865679534636,0.1427815970386039,0.09518773135906927,0.0,0.0,0.09518773135906927,0.047593865679534636,1.713379164463247,0.3807509254362771,0.9518773135906927,0.7615018508725542,0.19037546271813854,1.4754098360655739,0.5711263881544156,1.2374405076679005,0.0
Tarik Muharemovic,ba BIH,DF,Sassuolo,it Serie A,22.0,2003.0,32,32,2835,31.5,2,2,4,2,0,0,7,0,20,7,24,20,0,2,45,24,2,35.0,0.1,0.29,1.22,-0.29,-1.05,,,,,,,,,,,,,,,DF,,False,Defender,True,True,True,0.0634920634920635,0.0634920634920635,0.126984126984127,0.0634920634920635,0.0,0.0,0.2222222222222222,0.0,0.6349206349206349,0.2222222222222222,0.761904761904762,0.6349206349206349,0.0,0.0634920634920635,1.4285714285714284,0.761904761904762,0.0634920634920635
Miro Muheim,ch SUI,"MF,DF",Hamburger SV,de Bundesliga,27.0,1998.0,29,27,2435,27.1,0,4,4,0,0,0,7,1,24,7,39,50,1,148,27,35,0,29.2,0.0,0.0,1.1,-0.33,0.39,,,,,,,,,,,,,,,MF,DF,True,Midfielder,True,True,True,0.0,0.14784394250513347,0.14784394250513347,0.0,0.0,0.0,0.2587268993839836,0.03696098562628337,0.8870636550308009,0.2587268993839836,1.4414784394250513,1.8480492813141682,0.03696098562628337,5.470225872689939,0.997946611909651,1.2936344969199178,0.0
Ngal'Ayel Mukau,cd COD,MF,Lille,fr Ligue 1,20.0,2004.0,30,19,1534,17.0,1,0,1,1,0,0,3,0,20,5,27,23,4,5,14,18,0,25.0,0.05,0.2,1.8,0.18,-0.53,,,,,,,,,,,,,,,MF,,False,Midfielder,True,True,True,0.05867014341590612,0.0,0.05867014341590612,0.05867014341590612,0.0,0.0,0.1760104302477184,0.0,1.1734028683181226,0.29335071707953064,1.5840938722294653,1.349413298565841,0.2346805736636245,0.29335071707953064,0.8213820078226858,1.0560625814863103,0.0
Nordi Mukiele,fr FRA,DF,Sunderland,eng Premier League,27.0,1997.0,32,32,2784,30.9,3,3,6,3,0,0,5,0,26,4,35,26,3,85,37,45,1,15.4,0.12,0.75,1.38,-0.19,-0.19,,,,,,,,,,,,,,,DF,,False,Defender,True,True,True,0.09698275862068965,0.09698275862068965,0.1939655172413793,0.09698275862068965,0.0,0.0,0.16163793103448276,0.0,0.8405172413793104,0.12931034482758622,1.1314655172413792,0.8405172413793104,0.09698275862068965,2.747844827586207,1.1961206896551724,1.454741379310345,0.032327586206896554
Marshall Munetsi,zw ZIM,MF,Paris FC,fr Ligue 1,29.0,1996.0,15,11,975,10.8,4,1,5,4,0,0,0,0,19,9,12,9,1,0,3,8,0,47.4,0.21,0.44,1.67,0.65,1.08,,,,,,,,,,,,,,,MF,,False,Midfielder,True,True,False,0.36923076923076925,0.09230769230769231,0.46153846153846156,0.36923076923076925,0.0,0.0,0.0,0.0,1.7538461538461538,0.8307692307692308,1.1076923076923078,0.8307692307692308,0.09230769230769231,0.0,0.27692307692307694,0.7384615384615385,0.0
Rodrigo Muniz,br BRA,FW,Fulham,eng Premier League,24.0,2001.0,21,10,1000,11.1,1,1,2,1,0,0,2,0,32,5,21,18,5,2,2,3,1,15.6,0.03,0.2,1.38,-0.18,-0.11,,,,,,,,,,,,,,,FW,,False,Forward,True,True,False,0.09,0.09,0.18,0.09,0.0,0.0,0.18,0.0,2.88,0.45,1.8900000000000001,1.6199999999999999,0.45,0.18,0.18,0.27,0.09
Daniel Muñoz,co COL,MF,Crystal Palace,eng Premier League,29.0,1996.0,29,29,2399,26.7,4,3,7,4,0,0,7,0,26,12,34,18,8,62,24,48,0,46.2,0.15,0.33,1.34,-0.08,0.63,,,,,,,,,,,,,,,MF,,False,Midfielder,True,True,True,0.15006252605252188,0.11254689453939141,0.2626094205919133,0.15006252605252188,0.0,0.0,0.2626094205919133,0.0,0.9754064193413922,0.45018757815756566,1.275531471446436,0.6752813672363485,0.30012505210504375,2.325969153814089,0.9003751563151313,1.8007503126302626,0.0
Iker Muñoz,es ESP,MF,Osasuna,es La Liga,22.0,2002.0,19,8,952,10.6,0,0,0,0,0,0,5,0,9,4,18,21,1,6,12,7,0,44.4,0.0,0.0,1.32,0.0,0.22,,,,,,,,,,,,,,,MF,,False,Midfielder,True,True,False,0.0,0.0,0.0,0.0,0.0,0.0,0.47268907563025214,0.0,0.8508403361344538,0.37815126050420167,1.7016806722689075,1.9852941176470589,0.09453781512605042,0.5672268907563025,1.134453781512605,0.6617647058823529,0.0
Víctor Muñoz,es ESP,"MF,FW",Osasuna,es La Liga,22.0,2003.0,34,31,2656,29.5,6,2,8,6,0,0,3,0,81,31,32,54,5,99,10,13,0,38.3,0.07,0.19,1.24,0.0,0.71,,,,,,,,,,,,,,,MF,FW,True,Midfielder,True,True,True,0.2033132530120482,0.06777108433734941,0.27108433734939763,0.2033132530120482,0.0,0.0,0.1016566265060241,0.0,2.744728915662651,1.0504518072289155,1.0843373493975905,1.8298192771084336,0.1694277108433735,3.3546686746987953,0.338855421686747,0.4405120481927711,0.0
Murillo,br BRA,DF,Nottingham Forest,eng Premier League,23.0,2002.0,25,25,2130,23.7,1,0,1,1,0,0,5,0,11,4,23,7,0,2,29,23,2,36.4,0.09,0.25,1.24,0.0,0.21,,,,,,,,,,,,,,,DF,,False,Defender,True,True,True,0.04225352112676056,0.0,0.04225352112676056,0.04225352112676056,0.0,0.0,0.2112676056338028,0.0,0.4647887323943662,0.16901408450704225,0.971830985915493,0.29577464788732394,0.0,0.08450704225352113,1.2253521126760563,0.971830985915493,0.08450704225352113
Vedat Muriqi,xk KVX,FW,Mallorca,es La Liga,31.0,1994.0,37,36,3128,34.8,23,1,24,18,5,7,4,1,114,50,42,64,15,6,3,3,0,43.9,0.16,0.36,1.11,-0.2,0.72,,,,,,,,,,,,,,,FW,,False,Forward,True,True,True,0.6617647058823529,0.028772378516624043,0.690537084398977,0.5179028132992327,0.1438618925831202,0.20140664961636828,0.11508951406649617,0.028772378516624043,3.280051150895141,1.438618925831202,1.2084398976982098,1.8414322250639388,0.43158567774936063,0.17263427109974425,0.08631713554987212,0.08631713554987212,0.0
Jacob Murphy,eng ENG,"FW,MF",Newcastle United,eng Premier League,30.0,1995.0,33,19,1617,18.0,3,2,5,3,0,0,2,0,42,13,9,13,5,125,6,12,0,31.0,0.07,0.23,1.27,0.28,0.63,,,,,,,,,,,,,,,FW,MF,True,Forward,True,True,True,0.16697588126159554,0.11131725417439704,0.2782931354359926,0.16697588126159554,0.0,0.0,0.11131725417439704,0.0,2.337662337662338,0.7235621521335807,0.5009276437847866,0.7235621521335807,0.2782931354359926,6.957328385899815,0.3339517625231911,0.6679035250463822,0.0
Junior Mwanga,fr FRA,MF,Nantes,fr Ligue 1,22.0,2003.0,15,15,1260,14.0,1,1,2,1,0,0,2,1,9,3,15,14,0,5,8,14,0,33.3,0.11,0.33,0.73,-0.86,-0.31,,,,,,,,,,,,,,,MF,,False,Midfielder,True,True,False,0.07142857142857142,0.07142857142857142,0.14285714285714285,0.07142857142857142,0.0,0.0,0.14285714285714285,0.07142857142857142,0.6428571428571428,0.2142857142857143,1.0714285714285714,1.0,0.0,0.3571428571428571,0.5714285714285714,1.0,0.0
Phillipp Mwene,at AUT,MF,Mainz 05,de Bundesliga,31.0,1994.0,29,24,2069,23.0,1,2,3,1,0,0,4,0,10,2,22,32,3,75,14,20,0,20.0,0.1,0.5,1.17,-0.22,0.15,,,,,,,,,,,,,,,MF,,False,Midfielder,True,True,True,0.04349927501208313,0.08699855002416626,0.13049782503624938,0.04349927501208313,0.0,0.0,0.17399710004833252,0.0,0.4349927501208313,0.08699855002416626,0.9569840502658289,1.3919768003866602,0.13049782503624938,3.262445625906235,0.6089898501691638,0.8699855002416625,0.0
Vitaliy Mykolenko,ua UKR,DF,Everton,eng Premier League,26.0,1999.0,33,33,2958,32.9,0,1,1,0,0,0,6,0,9,2,29,28,0,93,27,25,1,22.2,0.0,0.0,1.33,-0.09,-0.09,,,,,,,,,,,,,,,DF,,False,Defender,True,True,True,0.0,0.030425963488843813,0.030425963488843813,0.0,0.0,0.0,0.18255578093306288,0.0,0.2738336713995943,0.060851926977687626,0.8823529411764706,0.8519269776876268,0.0,2.8296146044624746,0.821501014198783,0.7606490872210954,0.030425963488843813
Joakim Mæhle,dk DEN,"MF,DF",Wolfsburg,de Bundesliga,28.0,1997.0,16,14,1222,13.6,1,2,3,1,0,0,1,0,14,3,8,6,0,21,20,22,0,21.4,0.07,0.33,0.88,-0.66,0.07,,,,,,,,,,,,,,,MF,DF,True,Midfielder,True,True,False,0.07364975450081833,0.14729950900163666,0.220949263502455,0.07364975450081833,0.0,0.0,0.07364975450081833,0.0,1.0310965630114566,0.220949263502455,0.5891980360065466,0.44189852700491,0.0,1.5466448445171848,1.4729950900163666,1.6202945990180033,0.0
David Møller Wolfe,no NOR,"MF,DF",Wolves,eng Premier League,23.0,2002.0,22,11,1049,11.7,0,2,2,0,0,0,1,0,3,0,10,4,0,32,7,5,0,0.0,0.0,,0.5,-1.46,-0.55,,,,,,,,,,,,,,,MF,DF,True,Midfielder,True,True,False,0.0,0.17159199237368922,0.17159199237368922,0.0,0.0,0.0,0.08579599618684461,0.0,0.25738798856053385,0.0,0.8579599618684461,0.34318398474737843,0.0,2.7454718779790275,0.6005719733079123,0.42897998093422307,0.0
Obite N'Dicka,ci CIV,DF,Roma,it Serie A,25.0,1999.0,31,31,2680,29.8,3,0,3,3,0,0,5,0,23,6,32,35,0,2,45,16,0,26.1,0.13,0.5,1.97,0.67,-0.3,,,,,,,,,,,,,,,DF,,False,Defender,True,True,True,0.10074626865671642,0.0,0.10074626865671642,0.10074626865671642,0.0,0.0,0.16791044776119401,0.0,0.7723880597014926,0.20149253731343283,1.0746268656716418,1.1753731343283582,0.0,0.06716417910447761,1.5111940298507462,0.5373134328358209,0.0
Sebastian Nanasi,se SWE,MF,Strasbourg,fr Ligue 1,23.0,2002.0,19,11,1050,11.7,7,2,9,7,0,0,0,0,19,11,8,3,1,24,5,4,0,57.9,0.37,0.64,1.63,0.6,0.42,,,,,,,,,,,,,,,MF,,False,Midfielder,True,True,False,0.6000000000000001,0.17142857142857143,0.7714285714285715,0.6000000000000001,0.0,0.0,0.0,0.0,1.6285714285714286,0.9428571428571428,0.6857142857142857,0.2571428571428571,0.08571428571428572,2.057142857142857,0.4285714285714286,0.34285714285714286,0.0
Nikolas Nartey,dk DEN,MF,Stuttgart,de Bundesliga,25.0,2000.0,28,14,1256,14.0,4,3,7,4,0,0,2,0,22,12,18,23,1,14,10,12,0,54.5,0.18,0.33,2.07,1.5,1.45,,,,,,,,,,,,,,,MF,,False,Midfielder,True,True,False,0.28662420382165604,0.21496815286624202,0.501592356687898,0.28662420382165604,0.0,0.0,0.14331210191082802,0.0,1.5764331210191083,0.8598726114649681,1.2898089171974523,1.6480891719745223,0.07165605095541401,1.003184713375796,0.7165605095541401,0.8598726114649681,0.0
Natan,br BRA,DF,Real Betis,es La Liga,24.0,2001.0,33,32,2807,31.2,0,0,0,0,0,0,8,0,10,1,28,11,0,1,37,17,0,10.0,0.0,0.0,1.64,0.29,-0.01,,,,,,,,,,,,,,,DF,,False,Defender,True,True,True,0.0,0.0,0.0,0.0,0.0,0.0,0.2565016031350196,0.0,0.32062700391877447,0.03206270039187745,0.8977556109725685,0.35268970431065194,0.0,0.03206270039187745,1.1863199144994656,0.5450659066619167,0.0
Pau Navarro,es ESP,DF,Villarreal,es La Liga,20.0,2005.0,23,23,1921,21.3,0,0,0,0,0,0,4,0,2,2,34,11,1,2,18,35,1,100.0,0.0,0.0,1.83,0.61,-0.17,,,,,,,,,,,,,,,DF,,False,Defender,True,True,True,0.0,0.0,0.0,0.0,0.0,0.0,0.18740239458615304,0.0,0.09370119729307652,0.09370119729307652,1.592920353982301,0.5153565851119208,0.04685059864653826,0.09370119729307652,0.8433107756376887,1.639770952628839,0.04685059864653826
Roberto Navarro,es ESP,MF,Athletic Club,es La Liga,23.0,2002.0,32,10,1307,14.5,6,1,7,6,0,0,1,0,21,10,18,16,4,74,7,10,0,47.6,0.29,0.6,1.19,0.0,0.64,,,,,,,,,,,,,,,MF,,False,Midfielder,True,True,False,0.4131599081866871,0.06885998469778118,0.4820198928844682,0.4131599081866871,0.0,0.0,0.06885998469778118,0.0,1.4460596786534046,0.6885998469778118,1.239479724560061,1.1017597551644989,0.2754399387911247,5.095638867635807,0.4820198928844682,0.6885998469778118,0.0
Michel Ndary Adopo,fr FRA,MF,Cagliari,it Serie A,25.0,2000.0,38,33,3050,33.9,1,2,3,1,0,0,4,0,28,11,35,25,5,26,31,32,0,39.3,0.04,0.09,1.13,-0.32,0.16,,,,,,,,,,,,,,,MF,,False,Midfielder,True,True,True,0.029508196721311476,0.05901639344262295,0.08852459016393442,0.029508196721311476,0.0,0.0,0.1180327868852459,0.0,0.8262295081967214,0.32459016393442625,1.0327868852459017,0.7377049180327869,0.14754098360655737,0.7672131147540985,0.9147540983606557,0.9442622950819672,0.0
Iliman Ndiaye,sn SEN,MF,Everton,eng Premier League,25.0,2000.0,32,32,2778,30.9,6,3,9,4,2,2,2,0,43,22,30,37,12,55,17,40,0,51.2,0.09,0.18,1.28,-0.13,-0.27,,,,,,,,,,,,,,,MF,,False,Midfielder,True,True,True,0.19438444924406048,0.09719222462203024,0.2915766738660907,0.12958963282937364,0.06479481641468682,0.06479481641468682,0.06479481641468682,0.0,1.3930885529157666,0.712742980561555,0.9719222462203023,1.198704103671706,0.38876889848812096,1.7818574514038878,0.550755939524838,1.2958963282937366,0.0
Rassoul Ndiaye,sn SEN,MF,Le Havre,fr Ligue 1,23.0,2001.0,33,30,2566,28.5,4,4,8,4,0,0,2,0,34,9,22,37,5,92,17,32,0,26.5,0.12,0.44,1.03,-0.25,0.67,,,,,,,,,,,,,,,MF,,False,Midfielder,True,True,True,0.1402961808261886,0.1402961808261886,0.2805923616523772,0.1402961808261886,0.0,0.0,0.0701480904130943,0.0,1.1925175370226033,0.3156664068589244,0.7716289945440374,1.2977396726422448,0.17537022603273578,3.226812159002338,0.5962587685113017,1.1223694466095089,0.0
Cher Ndour,it ITA,MF,Fiorentina,it Serie A,21.0,2004.0,33,20,1876,20.8,3,0,3,3,0,0,2,0,24,8,26,23,1,20,15,17,0,33.3,0.13,0.38,1.24,-0.19,0.1,,,,,,,,,,,,,,,MF,,False,Midfielder,True,True,True,0.1439232409381663,0.0,0.1439232409381663,0.1439232409381663,0.0,0.0,0.09594882729211088,0.0,1.1513859275053304,0.3837953091684435,1.2473347547974414,1.103411513859275,0.04797441364605544,0.9594882729211087,0.7196162046908315,0.8155650319829424,0.0
Dan Ndoye,ch SUI,MF,Nottingham Forest,eng Premier League,24.0,2000.0,24,14,1173,13.0,1,1,2,1,0,0,1,0,15,4,16,22,9,41,10,11,0,26.7,0.07,0.25,1.08,-0.15,-0.11,,,,,,,,,,,,,,,MF,,False,Midfielder,True,True,False,0.07672634271099744,0.07672634271099744,0.1534526854219949,0.07672634271099744,0.0,0.0,0.07672634271099744,0.0,1.1508951406649617,0.3069053708439898,1.227621483375959,1.687979539641944,0.690537084398977,3.1457800511508953,0.7672634271099744,0.843989769820972,0.0
Paul Nebel,de GER,MF,Mainz 05,de Bundesliga,22.0,2002.0,30,24,2073,23.0,5,2,7,5,0,0,2,2,32,8,29,20,3,129,12,30,0,25.0,0.16,0.63,1.27,-0.43,-0.53,,,,,,,,,,,,,,,MF,,False,Midfielder,True,True,True,0.2170767004341534,0.08683068017366137,0.30390738060781475,0.2170767004341534,0.0,0.0,0.08683068017366137,0.08683068017366137,1.389290882778582,0.3473227206946455,1.2590448625180897,0.8683068017366136,0.13024602026049203,5.600578871201158,0.5209840810419681,1.3024602026049203,0.0
Loïc Nego,hu HUN,"DF,MF",Le Havre,fr Ligue 1,34.0,1991.0,30,26,2339,26.0,0,0,0,0,0,0,3,0,16,3,18,18,4,78,32,36,0,18.8,0.0,0.0,1.17,-0.35,0.03,,,,,,,,,,,,,,,DF,MF,True,Defender,True,True,True,0.0,0.0,0.0,0.0,0.0,0.0,0.11543394613082514,0.0,0.615647712697734,0.11543394613082514,0.6926036767849508,0.6926036767849508,0.1539119281744335,3.001282599401453,1.231295425395468,1.3852073535699017,0.0
Victor Nelsson,dk DEN,DF,Hellas Verona,it Serie A,26.0,1998.0,38,37,3315,36.8,0,0,0,0,0,0,4,0,8,1,44,20,0,5,75,45,1,12.5,0.0,0.0,0.55,-1.0,-1.86,,,,,,,,,,,,,,,DF,,False,Defender,True,True,True,0.0,0.0,0.0,0.0,0.0,0.0,0.1085972850678733,0.0,0.2171945701357466,0.027149321266968326,1.1945701357466063,0.5429864253393666,0.0,0.13574660633484165,2.0361990950226243,1.2217194570135748,0.027149321266968326
David Neres,br BRA,"FW,MF",Napoli,it Serie A,28.0,1997.0,16,10,922,10.2,3,3,6,3,0,0,3,0,17,4,19,7,0,53,1,5,0,23.5,0.18,0.75,2.0,0.88,0.41,,,,,,,,,,,,,,,FW,MF,True,Forward,True,True,False,0.2928416485900217,0.2928416485900217,0.5856832971800434,0.2928416485900217,0.0,0.0,0.2928416485900217,0.0,1.6594360086767894,0.39045553145336226,1.8546637744034709,0.6832971800433839,0.0,5.1735357917570495,0.09761388286334056,0.4880694143167028,0.0
Martim Neto,pt POR,MF,Elche,es La Liga,22.0,2003.0,25,15,1347,15.0,2,5,7,2,0,0,3,0,12,4,19,11,0,33,2,12,0,33.3,0.17,0.5,1.0,-0.2,0.02,,,,,,,,,,,,,,,MF,,False,Midfielder,True,True,False,0.13363028953229397,0.33407572383073497,0.46770601336302897,0.13363028953229397,0.0,0.0,0.20044543429844097,0.0,0.8017817371937639,0.26726057906458794,1.2694877505567927,0.734966592427617,0.0,2.2048997772828507,0.13363028953229397,0.8017817371937639,0.0
Pedro Neto,pt POR,"MF,FW",Chelsea,eng Premier League,25.0,2000.0,34,30,2631,29.2,5,6,11,5,0,0,4,1,46,13,17,25,6,184,6,11,0,28.3,0.11,0.38,1.41,0.41,1.09,,,,,,,,,,,,,,,MF,FW,True,Midfielder,True,True,True,0.1710376282782212,0.20524515393386544,0.3762827822120867,0.1710376282782212,0.0,0.0,0.13683010262257697,0.03420752565564424,1.573546180159635,0.4446978335233751,0.5815279361459521,0.855188141391106,0.20524515393386544,6.29418472063854,0.20524515393386544,0.3762827822120867,0.0
Luca Netz,de GER,"MF,DF",Gladbach,de Bundesliga,22.0,2003.0,15,10,940,10.4,0,2,2,0,0,0,1,0,2,0,8,2,0,26,7,10,0,0.0,0.0,,0.93,0.38,1.02,,,,,,,,,,,,,,,MF,DF,True,Midfielder,True,True,False,0.0,0.19148936170212766,0.19148936170212766,0.0,0.0,0.0,0.09574468085106383,0.0,0.19148936170212766,0.0,0.7659574468085106,0.19148936170212766,0.0,2.4893617021276593,0.6702127659574468,0.9574468085106382,0.0
Florian Neuhaus,de GER,"MF,FW",Gladbach,de Bundesliga,28.0,1997.0,17,11,930,10.3,0,1,1,0,0,0,0,0,22,6,9,9,0,9,9,7,0,27.3,0.0,0.0,1.29,0.97,1.86,,,,,,,,,,,,,,,MF,FW,True,Midfielder,True,True,False,0.0,0.0967741935483871,0.0967741935483871,0.0,0.0,0.0,0.0,0.0,2.129032258064516,0.5806451612903226,0.8709677419354839,0.8709677419354839,0.0,0.8709677419354839,0.8709677419354839,0.6774193548387097,0.0
João Neves,pt POR,MF,Paris Saint-Germain,fr Ligue 1,20.0,2004.0,21,13,1287,14.3,5,1,6,5,0,0,0,0,27,6,13,13,0,4,6,14,0,22.2,0.19,0.83,2.38,1.47,0.25,,,,,,,,,,,,,,,MF,,False,Midfielder,True,True,False,0.34965034965034963,0.06993006993006994,0.4195804195804196,0.34965034965034963,0.0,0.0,0.0,0.0,1.8881118881118881,0.4195804195804196,0.9090909090909092,0.9090909090909092,0.0,0.27972027972027974,0.4195804195804196,0.9790209790209791,0.0
Cyril Ngonge,be BEL,FW,Torino,it Serie A,25.0,2000.0,20,11,994,11.0,1,1,2,1,0,0,2,0,24,12,20,18,6,19,2,4,0,50.0,0.04,0.08,1.0,-1.0,-0.7,,,,,,,,,,,,,,,FW,,False,Forward,True,True,False,0.09054325955734407,0.09054325955734407,0.18108651911468815,0.09054325955734407,0.0,0.0,0.18108651911468815,0.0,2.1730382293762576,1.0865191146881288,1.8108651911468814,1.6297786720321932,0.5432595573440644,1.7203219315895373,0.18108651911468815,0.3621730382293763,0.0
Nathan Ngoy,be BEL,DF,Lille,fr Ligue 1,22.0,2003.0,29,27,2405,26.7,1,2,3,1,0,0,10,1,22,6,20,11,0,6,38,21,0,27.3,0.05,0.17,1.79,0.26,-0.84,,,,,,,,,,,,,,,DF,,False,Defender,True,True,True,0.037422037422037424,0.07484407484407485,0.11226611226611227,0.037422037422037424,0.0,0.0,0.37422037422037424,0.037422037422037424,0.8232848232848233,0.22453222453222454,0.7484407484407485,0.41164241164241167,0.0,0.22453222453222454,1.4220374220374221,0.7858627858627859,0.0
Moussa Niakhate,sn SEN,DF,Lyon,fr Ligue 1,29.0,1996.0,32,30,2759,30.7,0,2,2,0,0,0,3,0,4,0,38,32,0,6,32,22,0,0.0,0.0,,1.69,0.29,-0.9,,,,,,,,,,,,,,,DF,,False,Defender,True,True,True,0.0,0.06524102935846321,0.06524102935846321,0.0,0.0,0.0,0.09786154403769481,0.0,0.13048205871692642,0.0,1.239579557810801,1.0438564697354114,0.0,0.19572308807538963,1.0438564697354114,0.7176513229430953,0.0
Cheikh Niasse,sn SEN,MF,Hellas Verona,it Serie A,25.0,2000.0,19,11,970,10.8,0,1,1,0,0,0,1,0,6,1,20,15,2,14,15,14,0,16.7,0.0,0.0,0.63,-0.93,0.03,,,,,,,,,,,,,,,MF,,False,Midfielder,True,True,False,0.0,0.09278350515463918,0.09278350515463918,0.0,0.0,0.0,0.09278350515463918,0.0,0.5567010309278351,0.09278350515463918,1.8556701030927836,1.3917525773195876,0.18556701030927836,1.2989690721649485,1.3917525773195876,1.2989690721649485,0.0
Rasmus Nicolaisen,dk DEN,DF,Toulouse,fr Ligue 1,28.0,1997.0,33,31,2654,29.5,1,0,1,1,0,0,4,0,15,5,29,21,1,2,40,16,0,33.3,0.07,0.2,1.33,0.07,0.29,,,,,,,,,,,,,,,DF,,False,Defender,True,True,True,0.03391107761868877,0.0,0.03391107761868877,0.03391107761868877,0.0,0.0,0.1356443104747551,0.0,0.5086661642803316,0.16955538809344387,0.9834212509419744,0.7121326299924642,0.03391107761868877,0.06782215523737754,1.356443104747551,0.5425772418990203,0.0
Julian Niehues,de GER,MF,Heidenheim,de Bundesliga,24.0,2001.0,24,17,1383,15.4,3,0,3,3,0,0,1,0,18,5,10,9,2,3,23,10,0,27.8,0.17,0.6,0.88,-0.39,0.95,,,,,,,,,,,,,,,MF,,False,Midfielder,True,True,True,0.19522776572668113,0.0,0.19522776572668113,0.19522776572668113,0.0,0.0,0.0650759219088937,0.0,1.1713665943600868,0.32537960954446854,0.6507592190889371,0.5856832971800434,0.1301518438177874,0.19522776572668113,1.4967462039045554,0.6507592190889371,0.0
Oliver Nielsen,dk DEN,DF,Lazio,it Serie A,22.0,2003.0,26,13,1536,17.1,0,0,0,0,0,0,3,0,6,2,14,9,0,2,16,6,0,33.3,0.0,0.0,1.58,0.18,0.27,,,,,,,,,,,,,,,DF,,False,Defender,True,True,True,0.0,0.0,0.0,0.0,0.0,0.0,0.17578125,0.0,0.3515625,0.1171875,0.8203125,0.52734375,0.0,0.1171875,0.9375,0.3515625,0.0
Justin Njinmah,de GER,"FW,MF",Werder Bremen,de Bundesliga,24.0,2000.0,33,22,1947,21.6,5,0,5,5,0,0,2,0,62,23,8,25,20,34,6,14,0,37.1,0.08,0.22,0.94,-1.25,-1.57,,,,,,,,,,,,,,,FW,MF,True,Forward,True,True,True,0.23112480739599384,0.0,0.23112480739599384,0.23112480739599384,0.0,0.0,0.09244992295839753,0.0,2.865947611710324,1.0631741140215716,0.3697996918335901,1.155624036979969,0.9244992295839753,1.571648690292758,0.27734976887519264,0.6471494607087828,0.0
Christopher Nkunku,fr FRA,FW,Milan,it Serie A,27.0,1997.0,32,15,1356,15.1,7,3,10,2,5,5,0,0,29,16,9,22,8,17,2,2,0,55.2,0.07,0.13,1.78,0.93,0.75,,,,,,,,,,,,,,,FW,,False,Forward,True,True,True,0.4646017699115044,0.19911504424778761,0.6637168141592921,0.1327433628318584,0.33185840707964603,0.33185840707964603,0.0,0.0,1.924778761061947,1.0619469026548671,0.5973451327433629,1.4601769911504425,0.5309734513274336,1.1283185840707965,0.1327433628318584,0.1327433628318584,0.0
Felix Nmecha,de GER,MF,Dortmund,de Bundesliga,24.0,2000.0,29,25,2176,24.2,2,3,5,2,0,1,0,0,33,7,28,22,2,7,25,23,0,21.2,0.06,0.29,2.31,0.95,-0.37,,,,,,,,,,,,,,,MF,,False,Midfielder,True,True,True,0.08272058823529412,0.12408088235294118,0.2068014705882353,0.08272058823529412,0.0,0.04136029411764706,0.0,0.0,1.364889705882353,0.2895220588235294,1.1580882352941175,0.9099264705882354,0.08272058823529412,0.2895220588235294,1.0340073529411766,0.9512867647058824,0.0
Lukas Nmecha,de GER,FW,Leeds United,eng Premier League,26.0,1998.0,31,10,1083,12.0,6,1,7,4,2,3,0,0,30,16,18,18,3,10,3,7,0,53.3,0.13,0.25,1.13,-0.75,-0.82,,,,,,,,,,,,,,,FW,,False,Forward,True,True,False,0.4986149584487535,0.08310249307479224,0.5817174515235457,0.33240997229916897,0.16620498614958448,0.24930747922437674,0.0,0.0,2.493074792243767,1.3296398891966759,1.4958448753462605,1.4958448753462605,0.24930747922437674,0.8310249307479225,0.24930747922437674,0.5817174515235457,0.0
Brooke Norton-Cuffy,eng ENG,"MF,DF",Genoa,it Serie A,21.0,2004.0,27,25,2212,24.6,2,1,3,2,0,0,5,1,15,6,23,16,0,80,11,31,0,40.0,0.13,0.33,0.96,-0.41,-0.41,,,,,,,,,,,,,,,MF,DF,True,Midfielder,True,True,True,0.081374321880651,0.0406871609403255,0.1220614828209765,0.081374321880651,0.0,0.0,0.2034358047016275,0.0406871609403255,0.6103074141048824,0.244122965641953,0.9358047016274864,0.650994575045208,0.0,3.25497287522604,0.4475587703435805,1.2613019891500903,0.0
Tijjani Noslin,nl NED,FW,Lazio,it Serie A,26.0,1999.0,29,9,1148,12.8,4,2,6,4,0,0,6,1,35,13,19,23,5,10,3,6,0,37.1,0.11,0.31,1.34,0.08,0.08,,,,,,,,,,,,,,,FW,,False,Forward,True,True,False,0.313588850174216,0.156794425087108,0.47038327526132406,0.313588850174216,0.0,0.0,0.47038327526132406,0.078397212543554,2.74390243902439,1.019163763066202,1.489547038327526,1.8031358885017421,0.39198606271777003,0.7839721254355401,0.23519163763066203,0.47038327526132406,0.0
Matheus Nunes,pt POR,DF,Manchester City,eng Premier League,26.0,1998.0,34,32,2862,31.8,1,5,6,1,0,0,5,0,7,2,17,30,4,67,29,41,0,28.6,0.14,0.5,2.21,1.26,0.94,,,,,,,,,,,,,,,DF,,False,Defender,True,True,True,0.031446540880503145,0.15723270440251572,0.18867924528301888,0.031446540880503145,0.0,0.0,0.15723270440251572,0.0,0.22012578616352202,0.06289308176100629,0.5345911949685535,0.9433962264150944,0.12578616352201258,2.106918238993711,0.9119496855345912,1.2893081761006289,0.0
Álvaro Núñez,es ESP,"DF,MF",Elche,es La Liga,25.0,2000.0,19,19,1647,18.3,0,2,2,0,0,0,2,0,4,0,12,17,2,60,15,15,0,0.0,0.0,,1.21,0.16,0.72,,,,,,,,,,,,,,,DF,MF,True,Defender,True,True,True,0.0,0.10928961748633881,0.10928961748633881,0.0,0.0,0.0,0.10928961748633881,0.0,0.21857923497267762,0.0,0.6557377049180327,0.9289617486338798,0.10928961748633881,3.278688524590164,0.819672131147541,0.819672131147541,0.0
Unai Núñez,es ESP,DF,Hellas Verona,it Serie A,28.0,1997.0,17,15,1265,14.1,0,0,0,0,0,0,6,0,7,1,27,10,0,11,23,18,1,14.3,0.0,0.0,0.71,-1.0,-0.08,,,,,,,,,,,,,,,DF,,False,Defender,True,True,False,0.0,0.0,0.0,0.0,0.0,0.0,0.42687747035573126,0.0,0.4980237154150198,0.07114624505928854,1.9209486166007907,0.7114624505928854,0.0,0.782608695652174,1.6363636363636362,1.2806324110671936,0.07114624505928854
Unai Núñez,es ESP,DF,Valencia,es La Liga,28.0,1997.0,13,10,911,10.1,0,0,0,0,0,0,3,0,9,1,12,7,0,4,11,11,0,11.1,0.0,0.0,1.92,0.4,0.86,,,,,,,,,,,,,,,DF,,False,Defender,True,True,False,0.0,0.0,0.0,0.0,0.0,0.0,0.29637760702524696,0.0,0.8891328210757409,0.09879253567508232,1.1855104281009878,0.6915477497255763,0.0,0.3951701427003293,1.0867178924259056,1.0867178924259056,0.0
Antonio Nusa,no NOR,"FW,MF",RB Leipzig,de Bundesliga,20.0,2005.0,31,24,2027,22.5,4,3,7,4,0,0,0,0,61,20,9,64,1,68,7,14,0,32.8,0.07,0.2,2.0,0.58,0.05,,,,,,,,,,,,,,,FW,MF,True,Forward,True,True,True,0.17760236803157378,0.1332017760236803,0.3108041440552541,0.17760236803157378,0.0,0.0,0.0,0.0,2.7084361124815,0.8880118401578687,0.399605328071041,2.8416378885051805,0.044400592007893445,3.0192402565367535,0.3108041440552541,0.6216082881105082,0.0
M'Bala Nzola,ao ANG,FW,Pisa,it Serie A,28.0,1996.0,16,11,1052,11.7,3,0,3,1,2,3,1,1,28,7,18,17,11,7,1,2,0,25.0,0.04,0.14,0.69,-0.86,0.47,,,,,,,,,,,,,,,FW,,False,Forward,True,True,False,0.2566539923954373,0.0,0.2566539923954373,0.08555133079847908,0.17110266159695817,0.2566539923954373,0.08555133079847908,0.08555133079847908,2.3954372623574143,0.5988593155893536,1.5399239543726235,1.4543726235741445,0.9410646387832698,0.5988593155893536,0.08555133079847908,0.17110266159695817,0.0
Jake O'Brien,ie IRL,DF,Everton,eng Premier League,24.0,2001.0,37,35,3120,34.7,1,1,2,1,0,0,6,1,13,6,23,17,4,49,13,32,0,46.2,0.08,0.17,1.32,-0.06,0.24,,,,,,,,,,,,,,,DF,,False,Defender,True,True,True,0.028846153846153848,0.028846153846153848,0.057692307692307696,0.028846153846153848,0.0,0.0,0.17307692307692307,0.028846153846153848,0.375,0.17307692307692307,0.6634615384615384,0.49038461538461536,0.11538461538461539,1.4134615384615383,0.375,0.9230769230769231,0.0
Adam Obert,sk SVK,"DF,MF",Cagliari,it Serie A,22.0,2002.0,35,33,2771,30.8,0,3,3,0,0,0,10,1,10,3,40,13,0,69,44,32,0,30.0,0.0,0.0,1.2,-0.39,-0.25,,,,,,,,,,,,,,,DF,MF,True,Defender,True,True,True,0.0,0.09743774810537711,0.09743774810537711,0.0,0.0,0.0,0.3247924936845904,0.032479249368459036,0.3247924936845904,0.09743774810537711,1.2991699747383616,0.4222302417899675,0.0,2.241068206423674,1.429086972212198,1.0393359797906891,0.0
Rafel Obrador,es ESP,MF,Torino,it Serie A,21.0,2004.0,16,14,1116,12.4,1,3,4,1,0,0,1,0,7,2,7,5,1,58,12,8,0,28.6,0.14,0.5,1.38,-0.16,0.5,,,,,,,,,,,,,,,MF,,False,Midfielder,True,True,False,0.08064516129032258,0.24193548387096775,0.3225806451612903,0.08064516129032258,0.0,0.0,0.08064516129032258,0.0,0.5645161290322581,0.16129032258064516,0.5645161290322581,0.4032258064516129,0.08064516129032258,4.677419354838709,0.967741935483871,0.6451612903225806,0.0
Jens Odgaard,dk DEN,MF,Bologna,it Serie A,26.0,1999.0,26,16,1378,15.3,5,1,6,5,0,0,1,0,35,13,28,28,5,15,4,12,0,37.1,0.14,0.38,1.5,0.07,-0.02,,,,,,,,,,,,,,,MF,,False,Midfielder,True,True,True,0.3265602322206096,0.06531204644412192,0.39187227866473145,0.3265602322206096,0.0,0.0,0.06531204644412192,0.0,2.285921625544267,0.8490566037735848,1.8287373004354135,1.8287373004354135,0.3265602322206096,0.9796806966618288,0.2612481857764877,0.7837445573294629,0.0
Wilson Odobert,fr FRA,"MF,FW",Tottenham Hotspur,eng Premier League,20.0,2004.0,24,10,985,10.9,0,2,2,0,0,0,0,0,21,8,2,10,2,28,0,8,0,38.1,0.0,0.0,1.08,0.27,0.72,,,,,,,,,,,,,,,MF,FW,True,Midfielder,True,True,False,0.0,0.18274111675126906,0.18274111675126906,0.0,0.0,0.0,0.0,0.0,1.9187817258883249,0.7309644670050762,0.18274111675126906,0.9137055837563451,0.18274111675126906,2.5583756345177666,0.0,0.7309644670050762,0.0
Ifechukwu Ogbus,ch SUI,DF,Freiburg,de Bundesliga,19.0,2005.0,18,14,1177,13.1,0,0,0,0,0,0,1,0,5,2,5,11,0,3,13,16,0,40.0,0.0,0.0,1.33,-1.15,-1.58,,,,,,,,,,,,,,,DF,,False,Defender,True,True,False,0.0,0.0,0.0,0.0,0.0,0.0,0.07646559048428207,0.0,0.3823279524214104,0.15293118096856415,0.3823279524214104,0.8411214953271028,0.0,0.22939677145284623,0.9940526762956668,1.2234494477485132,0.0
Noah Okafor,ch SUI,"FW,MF",Leeds United,eng Premier League,25.0,2000.0,28,19,1561,17.3,8,1,9,8,0,0,3,0,35,15,18,14,0,36,12,15,0,42.9,0.23,0.53,1.32,0.17,0.66,,,,,,,,,,,,,,,FW,MF,True,Forward,True,True,True,0.46124279308135807,0.05765534913516976,0.5188981422165279,0.46124279308135807,0.0,0.0,0.1729660474055093,0.0,2.0179372197309418,0.8648302370275465,1.0377962844330557,0.8071748878923767,0.0,2.0755925688661114,0.6918641896220372,0.8648302370275465,0.0
Bryan Okoh,ch SUI,DF,Auxerre,fr Ligue 1,22.0,2003.0,13,12,1005,11.2,3,0,3,3,0,0,2,0,8,3,13,8,0,0,26,9,0,37.5,0.38,1.0,1.38,0.09,0.57,,,,,,,,,,,,,,,DF,,False,Defender,True,True,False,0.26865671641791045,0.0,0.26865671641791045,0.26865671641791045,0.0,0.0,0.1791044776119403,0.0,0.7164179104477612,0.26865671641791045,1.164179104477612,0.7164179104477612,0.0,0.0,2.328358208955224,0.8059701492537313,0.0
Olasagasti,es ESP,MF,Levante,es La Liga,24.0,2000.0,33,18,1734,19.3,1,5,6,1,0,0,2,1,28,9,20,33,0,106,14,15,0,32.1,0.04,0.11,1.12,-0.21,0.33,,,,,,,,,,,,,,,MF,,False,Midfielder,True,True,True,0.051903114186851215,0.2595155709342561,0.31141868512110726,0.051903114186851215,0.0,0.0,0.10380622837370243,0.051903114186851215,1.4532871972318337,0.4671280276816609,1.0380622837370244,1.71280276816609,0.0,5.501730103806228,0.7266435986159169,0.7785467128027682,0.0
Michael Olise,fr FRA,MF,Bayern Munich,de Bundesliga,23.0,2001.0,32,23,2316,25.7,15,19,34,15,0,0,8,0,102,50,32,58,7,146,14,11,0,49.0,0.15,0.3,2.59,2.68,0.62,,,,,,,,,,,,,,,MF,,False,Midfielder,True,True,True,0.582901554404145,0.7383419689119172,1.3212435233160622,0.582901554404145,0.0,0.0,0.31088082901554404,0.0,3.9637305699481864,1.9430051813471503,1.2435233160621761,2.2538860103626943,0.27202072538860106,5.6735751295336785,0.5440414507772021,0.4274611398963731,0.0
Mathías Olivera,uy URU,"DF,MF",Napoli,it Serie A,27.0,1997.0,25,15,1370,15.2,0,0,0,0,0,0,3,0,8,3,17,10,0,6,16,22,0,37.5,0.0,0.0,2.16,0.66,0.13,,,,,,,,,,,,,,,DF,MF,True,Defender,True,True,True,0.0,0.0,0.0,0.0,0.0,0.0,0.19708029197080293,0.0,0.5255474452554744,0.19708029197080293,1.1167883211678833,0.656934306569343,0.0,0.39416058394160586,1.0510948905109487,1.4452554744525548,0.0
Dani Olmo,es ESP,MF,Barcelona,es La Liga,27.0,1998.0,33,24,2067,23.0,7,8,15,7,0,0,1,0,70,21,27,42,6,28,14,23,0,30.0,0.1,0.33,2.48,1.7,0.37,,,,,,,,,,,,,,,MF,,False,Midfielder,True,True,True,0.3047895500725689,0.3483309143686502,0.6531204644412192,0.3047895500725689,0.0,0.0,0.04354136429608128,0.0,3.04789550072569,0.9143686502177067,1.1756168359941945,1.8287373004354135,0.2612481857764877,1.2191582002902757,0.6095791001451378,1.0014513788098693,0.0
Tani Oluwaseyi,ca CAN,FW,Villarreal,es La Liga,25.0,2000.0,27,9,901,10.0,2,2,4,2,0,0,1,0,16,7,11,8,10,3,1,5,0,43.8,0.13,0.29,1.78,0.5,-0.25,,,,,,,,,,,,,,,FW,,False,Forward,True,True,False,0.1997780244173141,0.1997780244173141,0.3995560488346282,0.1997780244173141,0.0,0.0,0.09988901220865705,0.0,1.5982241953385128,0.6992230854605994,1.0987791342952276,0.7991120976692564,0.9988901220865705,0.2996670366259711,0.09988901220865705,0.49944506104328523,0.0
Warmed Omari,km COM,DF,Hamburger SV,de Bundesliga,25.0,2000.0,20,17,1605,17.8,0,1,1,0,0,0,0,0,3,1,16,11,0,4,28,19,0,33.3,0.0,0.0,1.1,-0.5,-0.2,,,,,,,,,,,,,,,DF,,False,Defender,True,True,True,0.0,0.056074766355140186,0.056074766355140186,0.0,0.0,0.0,0.0,0.0,0.16822429906542058,0.056074766355140186,0.897196261682243,0.616822429906542,0.0,0.22429906542056074,1.5700934579439252,1.0654205607476637,0.0
Andrew Omobamidele,ie IRL,DF,Strasbourg,fr Ligue 1,23.0,2002.0,25,13,1357,15.1,1,0,1,1,0,0,4,0,4,3,13,10,0,0,16,4,0,75.0,0.25,0.33,1.56,0.27,-0.1,,,,,,,,,,,,,,,DF,,False,Defender,True,True,True,0.06632277081798084,0.0,0.06632277081798084,0.06632277081798084,0.0,0.0,0.26529108327192336,0.0,0.26529108327192336,0.19896831245394253,0.862196020633751,0.6632277081798084,0.0,0.0,1.0611643330876934,0.26529108327192336,0.0
Amadou Onana,be BEL,MF,Aston Villa,eng Premier League,23.0,2001.0,25,21,1758,19.5,2,0,2,2,0,0,3,0,19,7,20,25,0,0,19,30,0,36.8,0.11,0.29,1.96,0.1,-0.17,,,,,,,,,,,,,,,MF,,False,Midfielder,True,True,True,0.10238907849829351,0.0,0.10238907849829351,0.10238907849829351,0.0,0.0,0.15358361774744028,0.0,0.9726962457337884,0.35836177474402725,1.023890784982935,1.2798634812286689,0.0,0.0,0.9726962457337884,1.5358361774744027,0.0
Fredrik Oppegard,no NOR,"MF,DF",Auxerre,fr Ligue 1,22.0,2002.0,23,15,1246,13.8,0,0,0,0,0,0,1,1,10,2,8,8,2,48,14,20,0,20.0,0.0,0.0,0.78,-0.51,-0.36,,,,,,,,,,,,,,,MF,DF,True,Midfielder,True,True,False,0.0,0.0,0.0,0.0,0.0,0.0,0.07223113964686999,0.07223113964686999,0.7223113964686998,0.14446227929373998,0.5778491171749599,0.5778491171749599,0.14446227929373998,3.467094703049759,1.0112359550561798,1.4446227929373996,0.0
Louis Oppie,de GER,MF,St Pauli,de Bundesliga,23.0,2002.0,23,17,1620,18.0,1,0,1,1,0,0,0,0,15,4,15,15,4,58,11,19,0,26.7,0.07,0.25,0.57,-1.11,-0.42,,,,,,,,,,,,,,,MF,,False,Midfielder,True,True,True,0.05555555555555555,0.0,0.05555555555555555,0.05555555555555555,0.0,0.0,0.0,0.0,0.8333333333333333,0.2222222222222222,0.8333333333333333,0.8333333333333333,0.2222222222222222,3.2222222222222223,0.6111111111111112,1.0555555555555556,0.0
Gift Orban,ng NGA,FW,Hellas Verona,it Serie A,23.0,2002.0,28,23,2027,22.5,7,2,9,5,2,2,4,1,85,28,22,20,20,14,3,3,0,32.9,0.06,0.18,0.5,-0.84,0.25,,,,,,,,,,,,,,,FW,,False,Forward,True,True,True,0.3108041440552541,0.08880118401578689,0.399605328071041,0.22200296003946718,0.08880118401578689,0.08880118401578689,0.17760236803157378,0.044400592007893445,3.774050320670942,1.2432165762210163,0.9768130241736556,0.8880118401578687,0.8880118401578687,0.6216082881105082,0.1332017760236803,0.1332017760236803,0.0
Willi Orban,hu HUN,DF,RB Leipzig,de Bundesliga,32.0,1992.0,33,33,2949,32.8,2,0,2,2,0,0,4,0,20,9,20,23,2,8,45,33,0,45.0,0.1,0.22,1.88,0.52,-1.1,,,,,,,,,,,,,,,DF,,False,Defender,True,True,True,0.061037639877924724,0.0,0.061037639877924724,0.061037639877924724,0.0,0.0,0.12207527975584945,0.0,0.6103763987792472,0.2746693794506612,0.6103763987792472,0.7019328585961343,0.061037639877924724,0.2441505595116989,1.3733468972533063,1.007121057985758,0.0
Christian Ordoñez,ar ARG,MF,Parma,it Serie A,21.0,2004.0,28,12,1091,12.1,1,0,1,1,0,0,5,1,10,2,16,11,0,12,9,13,0,20.0,0.1,0.5,1.29,-0.41,0.09,,,,,,,,,,,,,,,MF,,False,Midfielder,True,True,False,0.08249312557286893,0.0,0.08249312557286893,0.08249312557286893,0.0,0.0,0.41246562786434465,0.08249312557286893,0.8249312557286893,0.16498625114573787,1.319890009165903,0.9074243813015582,0.0,0.989917506874427,0.7424381301558203,1.0724106324472962,0.0
Aimar Oroz,es ESP,"MF,FW",Osasuna,es La Liga,23.0,2001.0,31,26,2139,23.8,0,2,2,0,0,0,6,0,29,4,33,67,1,32,8,18,0,13.8,0.0,0.0,1.23,-0.17,-0.03,,,,,,,,,,,,,,,MF,FW,True,Midfielder,True,True,True,0.0,0.08415147265077139,0.08415147265077139,0.0,0.0,0.0,0.25245441795231416,0.0,1.2201963534361853,0.16830294530154277,1.3884992987377278,2.8190743338008417,0.04207573632538569,1.3464235624123422,0.33660589060308554,0.7573632538569425,0.0
Riccardo Orsolini,it ITA,"MF,FW",Bologna,it Serie A,28.0,1997.0,35,26,2111,23.5,10,1,11,6,4,6,2,0,82,31,21,44,18,41,7,15,0,37.8,0.07,0.19,1.54,0.04,-0.09,,,,,,,,,,,,,,,MF,FW,True,Midfielder,True,True,True,0.42633822832780677,0.04263382283278067,0.4689720511605874,0.25580293699668405,0.1705352913311227,0.25580293699668405,0.08526764566556135,0.0,3.4959734722880147,1.3216485078162008,0.895310279488394,1.8758882046423495,0.7674088109900521,1.7479867361440073,0.2984367598294647,0.63950734249171,0.0
Patrick Osterhage,de GER,MF,Freiburg,de Bundesliga,25.0,2000.0,20,13,1189,13.2,1,0,1,1,0,0,4,0,7,2,13,13,2,9,15,7,0,28.6,0.14,0.5,1.7,-0.15,0.04,,,,,,,,,,,,,,,MF,,False,Midfielder,True,True,False,0.07569386038687972,0.0,0.07569386038687972,0.07569386038687972,0.0,0.0,0.3027754415475189,0.0,0.5298570227081582,0.15138772077375945,0.9840201850294364,0.9840201850294364,0.15138772077375945,0.6812447434819175,1.135407905803196,0.5298570227081582,0.0
Abdoul Ouattara,fr FRA,"MF,DF",Strasbourg,fr Ligue 1,19.0,2005.0,28,19,1768,19.6,2,0,2,2,0,0,2,0,27,11,12,11,1,19,20,13,0,40.7,0.07,0.18,1.79,0.51,0.44,,,,,,,,,,,,,,,MF,DF,True,Midfielder,True,True,True,0.10180995475113123,0.0,0.10180995475113123,0.10180995475113123,0.0,0.0,0.10180995475113123,0.0,1.3744343891402715,0.5599547511312217,0.6108597285067874,0.5599547511312217,0.05090497737556562,0.9671945701357466,1.0180995475113122,0.6617647058823529,0.0
Dango Ouattara,bf BFA,MF,Brentford,eng Premier League,23.0,2002.0,32,25,2276,25.3,7,3,10,7,0,0,5,0,56,20,27,39,8,107,24,14,0,35.7,0.13,0.35,1.25,0.0,-0.24,,,,,,,,,,,,,,,MF,,False,Midfielder,True,True,True,0.27680140597539543,0.11862917398945519,0.39543057996485065,0.27680140597539543,0.0,0.0,0.19771528998242532,0.0,2.2144112478031635,0.7908611599297013,1.0676625659050967,1.5421792618629175,0.3163444639718805,4.231107205623902,0.9490333919156415,0.5536028119507909,0.0
Kassoum Ouattara,fr FRA,"MF,DF",Monaco,fr Ligue 1,20.0,2004.0,15,12,967,10.7,0,3,3,0,0,0,3,0,12,0,22,10,1,50,19,19,0,0.0,0.0,,1.4,-0.19,-0.53,,,,,,,,,,,,,,,MF,DF,True,Midfielder,True,True,False,0.0,0.2792140641158221,0.2792140641158221,0.0,0.0,0.0,0.2792140641158221,0.0,1.1168562564632885,0.0,2.047569803516029,0.9307135470527405,0.09307135470527406,4.653567735263702,1.7683557394002067,1.7683557394002067,0.0
Assan Ouedraogo,de GER,MF,RB Leipzig,de Bundesliga,19.0,2006.0,19,13,948,10.5,4,3,7,4,0,0,0,0,27,13,4,22,1,4,3,6,0,48.1,0.15,0.31,2.26,1.42,1.25,,,,,,,,,,,,,,,MF,,False,Midfielder,True,True,False,0.37974683544303794,0.2848101265822785,0.6645569620253164,0.37974683544303794,0.0,0.0,0.0,0.0,2.5632911392405062,1.2341772151898736,0.37974683544303794,2.088607594936709,0.09493670886075949,0.37974683544303794,0.2848101265822785,0.569620253164557,0.0
Azzedine Ounahi,ma MAR,MF,Girona,es La Liga,25.0,2000.0,24,20,1760,19.6,5,2,7,4,1,1,6,0,51,19,18,63,1,41,16,15,0,37.3,0.08,0.21,1.0,-0.05,0.76,,,,,,,,,,,,,,,MF,,False,Midfielder,True,True,True,0.2556818181818182,0.10227272727272727,0.3579545454545454,0.20454545454545453,0.05113636363636363,0.05113636363636363,0.3068181818181818,0.0,2.6079545454545454,0.9715909090909091,0.9204545454545454,3.221590909090909,0.05113636363636363,2.096590909090909,0.8181818181818181,0.7670454545454545,0.0
Elisha Owusu,gh GHA,MF,Auxerre,fr Ligue 1,27.0,1997.0,29,27,2344,26.0,0,0,0,0,0,0,7,0,7,0,48,22,0,1,21,51,0,0.0,0.0,,1.0,-0.19,0.44,,,,,,,,,,,,,,,MF,,False,Midfielder,True,True,True,0.0,0.0,0.0,0.0,0.0,0.0,0.2687713310580205,0.0,0.2687713310580205,0.0,1.8430034129692832,0.8447098976109215,0.0,0.03839590443686007,0.8063139931740614,1.9581911262798635,0.0
Mikel Oyarzabal,es ESP,FW,Real Sociedad,es La Liga,28.0,1997.0,34,30,2710,30.1,15,4,19,8,7,7,3,0,79,36,28,42,14,21,5,20,0,45.6,0.1,0.22,1.32,0.1,0.73,,,,,,,,,,,,,,,FW,,False,Forward,True,True,True,0.49815498154981547,0.13284132841328414,0.6309963099630996,0.2656826568265683,0.23247232472324725,0.23247232472324725,0.0996309963099631,0.0,2.623616236162362,1.1955719557195572,0.929889298892989,1.3948339483394834,0.4649446494464945,0.6974169741697417,0.16605166051660517,0.6642066420664207,0.0
Cenk Özkacar,tr TUR,DF,Köln,de Bundesliga,24.0,2000.0,25,20,1791,19.9,0,0,0,0,0,0,2,0,11,4,11,5,1,3,24,26,0,36.4,0.0,0.0,1.0,-0.7,-0.7,,,,,,,,,,,,,,,DF,,False,Defender,True,True,True,0.0,0.0,0.0,0.0,0.0,0.0,0.10050251256281408,0.0,0.5527638190954774,0.20100502512562815,0.5527638190954774,0.25125628140703515,0.05025125628140704,0.15075376884422112,1.206030150753769,1.306532663316583,0.0
Nico O’Reilly,eng ENG,"DF,MF",Manchester City,eng Premier League,20.0,2005.0,34,29,2646,29.4,5,3,8,5,0,0,5,0,41,15,45,18,1,38,20,36,0,36.6,0.12,0.33,2.18,1.29,0.83,,,,,,,,,,,,,,,DF,MF,True,Defender,True,True,True,0.17006802721088435,0.10204081632653061,0.272108843537415,0.17006802721088435,0.0,0.0,0.17006802721088435,0.0,1.3945578231292517,0.5102040816326531,1.5306122448979593,0.6122448979591837,0.034013605442176874,1.2925170068027212,0.6802721088435374,1.2244897959183674,0.0
Jon Pacheco,es ESP,DF,Alavés,es La Liga,24.0,2001.0,22,20,1735,19.3,0,0,0,0,0,0,5,1,4,1,14,7,1,4,11,16,0,25.0,0.0,0.0,1.14,-0.62,-0.62,,,,,,,,,,,,,,,DF,,False,Defender,True,True,True,0.0,0.0,0.0,0.0,0.0,0.0,0.25936599423631124,0.05187319884726225,0.207492795389049,0.05187319884726225,0.7262247838616714,0.3631123919308357,0.05187319884726225,0.207492795389049,0.5706051873198847,0.829971181556196,0.0
Willian Pacho,ec ECU,DF,Paris Saint-Germain,fr Ligue 1,23.0,2001.0,23,21,1914,21.3,0,0,0,0,0,0,0,0,8,1,6,7,2,0,26,26,0,12.5,0.0,0.0,2.09,1.18,-0.4,,,,,,,,,,,,,,,DF,,False,Defender,True,True,True,0.0,0.0,0.0,0.0,0.0,0.0,0.0,0.0,0.3761755485893417,0.047021943573667714,0.28213166144200624,0.329153605015674,0.09404388714733543,0.0,1.2225705329153604,1.2225705329153604,0.0
Pablo Pagis,fr FRA,"MF,FW",Lorient,fr Ligue 1,22.0,2002.0,28,22,1756,19.5,10,5,15,8,2,2,1,0,59,19,23,29,2,99,18,17,0,32.2,0.14,0.42,1.43,0.1,0.45,,,,,,,,,,,,,,,MF,FW,True,Midfielder,True,True,True,0.5125284738041003,0.25626423690205014,0.7687927107061504,0.41002277904328016,0.10250569476082004,0.10250569476082004,0.05125284738041002,0.0,3.0239179954441915,0.9738041002277904,1.1788154897494305,1.4863325740318907,0.10250569476082004,5.074031890660592,0.9225512528473804,0.8712984054669705,0.0
Igor Paixão,br BRA,MF,Marseille,fr Ligue 1,25.0,2000.0,30,22,1975,21.9,6,5,11,6,0,0,3,0,57,23,21,34,9,57,17,12,0,40.4,0.11,0.26,1.83,0.55,0.05,,,,,,,,,,,,,,,MF,,False,Midfielder,True,True,True,0.27341772151898736,0.22784810126582278,0.5012658227848101,0.27341772151898736,0.0,0.0,0.13670886075949368,0.0,2.59746835443038,1.0481012658227848,0.9569620253164557,1.549367088607595,0.41012658227848103,2.59746835443038,0.7746835443037975,0.5468354430379747,0.0
Exequiel Palacios,ar ARG,MF,Leverkusen,de Bundesliga,26.0,1998.0,18,12,1099,12.2,0,1,1,0,0,0,3,0,10,2,6,18,0,2,10,9,0,20.0,0.0,0.0,1.89,0.82,0.31,,,,,,,,,,,,,,,MF,,False,Midfielder,True,True,False,0.0,0.0818926296633303,0.0818926296633303,0.0,0.0,0.0,0.2456778889899909,0.0,0.818926296633303,0.1637852593266606,0.4913557779799818,1.4740673339399455,0.0,0.1637852593266606,0.818926296633303,0.7370336669699727,0.0
Isaac Palazón Camacho,es ESP,"MF,FW",Rayo Vallecano,es La Liga,30.0,1994.0,31,27,2248,25.0,3,3,6,1,2,3,10,1,52,15,36,51,6,105,3,12,0,28.8,0.02,0.07,1.23,-0.28,-0.59,,,,,,,,,,,,,,,MF,FW,True,Midfielder,True,True,True,0.1201067615658363,0.1201067615658363,0.2402135231316726,0.040035587188612096,0.08007117437722419,0.1201067615658363,0.40035587188612104,0.040035587188612096,2.0818505338078293,0.6005338078291815,1.4412811387900357,2.0418149466192173,0.2402135231316726,4.2037366548042705,0.1201067615658363,0.4804270462633452,0.0
Marco Palestra,it ITA,"MF,DF",Cagliari,it Serie A,20.0,2005.0,37,34,3081,34.2,1,4,5,1,0,0,3,0,29,7,41,108,8,106,19,35,0,24.1,0.03,0.14,1.14,-0.44,-0.97,,,,,,,,,,,,,,,MF,DF,True,Midfielder,True,True,True,0.029211295034079845,0.11684518013631938,0.1460564751703992,0.029211295034079845,0.0,0.0,0.08763388510223953,0.0,0.8471275559883155,0.2044790652385589,1.1976630963972736,3.1548198636806233,0.23369036027263876,3.096397273612464,0.555014605647517,1.0223953261927945,0.0
João Palhinha,pt POR,MF,Tottenham Hotspur,eng Premier League,30.0,1995.0,33,23,2199,24.4,5,2,7,5,0,0,8,0,33,9,28,36,0,4,28,61,0,27.3,0.15,0.56,1.15,-0.25,-0.02,,,,,,,,,,,,,,,MF,,False,Midfielder,True,True,True,0.20463847203274216,0.08185538881309685,0.286493860845839,0.20463847203274216,0.0,0.0,0.3274215552523874,0.0,1.3506139154160983,0.36834924965893584,1.145975443383356,1.4733969986357434,0.0,0.1637107776261937,1.145975443383356,2.4965893587994543,0.0
Cole Palmer,eng ENG,MF,Chelsea,eng Premier League,23.0,2002.0,26,24,1955,21.7,10,1,11,5,5,6,5,0,64,25,13,37,2,35,13,12,0,39.1,0.08,0.2,1.04,-0.05,-0.48,,,,,,,,,,,,,,,MF,,False,Midfielder,True,True,True,0.4603580562659847,0.04603580562659846,0.5063938618925832,0.23017902813299235,0.23017902813299235,0.2762148337595908,0.23017902813299235,0.0,2.9462915601023014,1.1508951406649617,0.59846547314578,1.7033248081841432,0.09207161125319692,1.6112531969309463,0.59846547314578,0.5524296675191817,0.0
Emerson Palmieri,it ITA,"DF,MF",Marseille,fr Ligue 1,30.0,1994.0,28,23,2114,23.5,0,3,3,0,0,0,3,0,15,2,16,17,2,122,33,32,0,13.3,0.0,0.0,1.75,0.38,-0.47,,,,,,,,,,,,,,,DF,MF,True,Defender,True,True,True,0.0,0.12771996215704826,0.12771996215704826,0.0,0.0,0.0,0.12771996215704826,0.0,0.6385998107852413,0.08514664143803216,0.6811731315042573,0.7237464522232735,0.08514664143803216,5.193945127719962,1.4049195837275308,1.3623462630085146,0.0
Joaquín Panichelli,ar ARG,FW,Strasbourg,fr Ligue 1,22.0,2002.0,27,24,2193,24.4,16,1,17,11,5,6,3,0,58,31,43,44,14,0,13,10,0,53.4,0.19,0.35,1.48,0.41,0.31,,,,,,,,,,,,,,,FW,,False,Forward,True,True,True,0.6566347469220246,0.04103967168262654,0.6976744186046512,0.4514363885088919,0.2051983584131327,0.24623803009575923,0.12311901504787962,0.0,2.3803009575923393,1.2722298221614228,1.7647058823529411,1.8057455540355676,0.5745554035567715,0.0,0.533515731874145,0.4103967168262654,0.0
Lucas Paquetá,br BRA,"MF,FW",West Ham United,eng Premier League,27.0,1997.0,18,18,1511,16.8,4,1,5,2,2,2,7,1,23,11,27,30,5,36,7,22,0,47.8,0.09,0.18,0.67,-0.83,-0.6,,,,,,,,,,,,,,,MF,FW,True,Midfielder,True,True,True,0.23825281270681667,0.05956320317670417,0.29781601588352086,0.11912640635340833,0.11912640635340833,0.11912640635340833,0.4169424222369292,0.05956320317670417,1.369953673064196,0.6551952349437459,1.6082064857710126,1.7868960953011253,0.29781601588352086,2.14427531436135,0.4169424222369292,1.3103904698874917,0.0
Victor Parada,es ESP,DF,Alavés,es La Liga,23.0,2002.0,30,25,2146,23.8,0,3,3,0,0,0,9,1,12,3,29,15,4,31,9,14,0,25.0,0.0,0.0,1.23,-0.34,-0.05,,,,,,,,,,,,,,,DF,,False,Defender,True,True,True,0.0,0.12581547064305684,0.12581547064305684,0.0,0.0,0.0,0.3774464119291705,0.04193849021435228,0.5032618825722274,0.12581547064305684,1.2162162162162162,0.6290773532152842,0.16775396085740912,1.3000931966449207,0.3774464119291705,0.587138863000932,0.0
Aitor Paredes,es ESP,DF,Athletic Club,es La Liga,25.0,2000.0,19,18,1630,18.1,2,0,2,2,0,0,4,0,13,4,19,7,0,1,26,12,0,30.8,0.15,0.5,1.32,-0.11,0.54,,,,,,,,,,,,,,,DF,,False,Defender,True,True,True,0.11042944785276074,0.0,0.11042944785276074,0.11042944785276074,0.0,0.0,0.22085889570552147,0.0,0.7177914110429449,0.22085889570552147,1.049079754601227,0.3865030674846626,0.0,0.05521472392638037,1.4355828220858897,0.6625766871165644,0.0
Daniel Parejo,es ESP,MF,Villarreal,es La Liga,36.0,1989.0,32,16,1392,15.5,1,0,1,0,1,1,3,0,3,1,16,27,0,39,14,29,0,33.3,0.0,0.0,1.84,0.19,-0.83,,,,,,,,,,,,,,,MF,,False,Midfielder,True,True,True,0.06465517241379311,0.0,0.06465517241379311,0.0,0.06465517241379311,0.06465517241379311,0.1939655172413793,0.0,0.1939655172413793,0.06465517241379311,1.0344827586206897,1.745689655172414,0.0,2.521551724137931,0.9051724137931034,1.875,0.0
Fabiano Parisi,it ITA,"MF,FW",Fiorentina,it Serie A,24.0,2000.0,23,18,1520,16.9,1,1,2,1,0,0,6,0,24,7,14,66,1,39,17,14,1,29.2,0.04,0.14,1.26,0.06,0.53,,,,,,,,,,,,,,,MF,FW,True,Midfielder,True,True,True,0.05921052631578947,0.05921052631578947,0.11842105263157894,0.05921052631578947,0.0,0.0,0.35526315789473684,0.0,1.4210526315789473,0.41447368421052627,0.8289473684210525,3.9078947368421058,0.05921052631578947,2.3092105263157894,1.006578947368421,0.8289473684210525,0.05921052631578947
Thomas Partey,gh GHA,MF,Villarreal,es La Liga,32.0,1993.0,25,8,934,10.4,0,0,0,0,0,0,1,0,11,2,11,6,0,3,13,6,0,18.2,0.0,0.0,2.08,0.19,-0.68,,,,,,,,,,,,,,,MF,,False,Midfielder,True,True,False,0.0,0.0,0.0,0.0,0.0,0.0,0.09635974304068523,0.0,1.0599571734475375,0.19271948608137046,1.0599571734475375,0.5781584582441114,0.0,0.2890792291220557,1.2526766595289078,0.5781584582441114,0.0
Mario Pašalić,hr CRO,MF,Atalanta,it Serie A,30.0,1995.0,33,21,1936,21.5,3,4,7,3,0,0,3,0,24,6,22,6,1,11,13,18,0,25.0,0.13,0.5,1.39,-0.09,-1.12,,,,,,,,,,,,,,,MF,,False,Midfielder,True,True,True,0.13946280991735538,0.1859504132231405,0.32541322314049587,0.13946280991735538,0.0,0.0,0.13946280991735538,0.0,1.115702479338843,0.27892561983471076,1.0227272727272727,0.27892561983471076,0.04648760330578512,0.5113636363636364,0.6043388429752067,0.8367768595041323,0.0
Benjamin Pavard,fr FRA,DF,Marseille,fr Ligue 1,29.0,1996.0,27,22,1928,21.4,1,2,3,1,0,0,6,0,11,3,22,15,4,17,24,12,1,27.3,0.09,0.33,1.93,0.75,0.59,,,,,,,,,,,,,,,DF,,False,Defender,True,True,True,0.046680497925311204,0.09336099585062241,0.1400414937759336,0.046680497925311204,0.0,0.0,0.2800829875518672,0.0,0.5134854771784232,0.1400414937759336,1.0269709543568464,0.700207468879668,0.18672199170124482,0.7935684647302904,1.120331950207469,0.5601659751037344,0.046680497925311204
Aleksandar Pavlovic,de GER,MF,Bayern Munich,de Bundesliga,21.0,2004.0,24,16,1462,16.2,3,1,4,3,0,0,2,0,10,5,19,10,0,15,13,15,0,50.0,0.3,0.6,2.46,1.85,-1.31,,,,,,,,,,,,,,,MF,,False,Midfielder,True,True,True,0.18467852257181944,0.06155950752393981,0.24623803009575923,0.18467852257181944,0.0,0.0,0.12311901504787962,0.0,0.615595075239398,0.307797537619699,1.1696306429548564,0.615595075239398,0.0,0.9233926128590971,0.8002735978112175,0.9233926128590971,0.0
Strahinja Pavlović,rs SRB,DF,Milan,it Serie A,24.0,2001.0,34,33,2869,31.9,5,1,6,5,0,0,4,0,26,6,30,27,4,15,20,26,0,23.1,0.19,0.83,1.76,0.35,-0.8,,,,,,,,,,,,,,,DF,,False,Defender,True,True,True,0.15684907633321715,0.03136981526664343,0.18821889159986058,0.15684907633321715,0.0,0.0,0.12547926106657373,0.0,0.8156151969327292,0.18821889159986058,0.9410944579993028,0.8469850121993726,0.12547926106657373,0.4705472289996514,0.6273963053328686,0.8156151969327292,0.0
Martín Payero,ar ARG,MF,Cremonese,it Serie A,26.0,1998.0,25,16,1457,16.2,1,0,1,1,0,0,8,0,23,8,37,34,2,34,10,9,0,34.8,0.04,0.13,0.96,0.0,1.15,,,,,,,,,,,,,,,MF,,False,Midfielder,True,True,True,0.06177076183939602,0.0,0.06177076183939602,0.06177076183939602,0.0,0.0,0.49416609471516815,0.0,1.4207275223061087,0.49416609471516815,2.2855181880576527,2.1002059025394644,0.12354152367879204,2.1002059025394644,0.6177076183939602,0.5559368565545642,0.0
Nicolás Paz,ar ARG,MF,Como,it Serie A,20.0,2004.0,35,33,2878,32.0,12,6,18,12,0,2,5,0,121,48,54,41,0,63,27,56,0,39.7,0.1,0.25,1.77,0.69,-1.64,,,,,,,,,,,,,,,MF,,False,Midfielder,True,True,True,0.37526059763724806,0.18763029881862403,0.5628908964558722,0.37526059763724806,0.0,0.06254343293954134,0.15635858234885336,0.0,3.7838776928422515,1.5010423905489922,1.6886726893676163,1.2821403752605975,0.0,1.9701181375955523,0.8443363446838081,1.7512161223071578,0.0
Marcus Pedersen,no NOR,"MF,DF",Torino,it Serie A,25.0,2000.0,29,23,2134,23.7,1,2,3,1,0,0,3,0,15,3,31,6,3,110,10,14,0,20.0,0.07,0.33,1.21,-0.17,0.88,,,,,,,,,,,,,,,MF,DF,True,Midfielder,True,True,True,0.04217432052483599,0.08434864104967198,0.12652296157450796,0.04217432052483599,0.0,0.0,0.12652296157450796,0.0,0.6326148078725399,0.12652296157450796,1.3074039362699157,0.2530459231490159,0.12652296157450796,4.639175257731958,0.42174320524835984,0.5904404873477038,0.0
Alfonso Pedraza,es ESP,DF,Villarreal,es La Liga,29.0,1996.0,27,19,1689,18.8,1,3,4,1,0,0,8,0,11,3,27,23,4,84,29,31,0,27.3,0.09,0.33,1.89,0.8,0.23,,,,,,,,,,,,,,,DF,,False,Defender,True,True,True,0.05328596802841918,0.15985790408525755,0.21314387211367672,0.05328596802841918,0.0,0.0,0.42628774422735344,0.0,0.586145648312611,0.15985790408525755,1.4387211367673178,1.2255772646536414,0.21314387211367672,4.476021314387212,1.5452930728241563,1.6518650088809945,0.0
Pedri,es ESP,MF,Barcelona,es La Liga,22.0,2002.0,29,23,2104,23.4,2,9,11,2,0,0,2,1,21,10,9,43,1,12,24,33,0,47.6,0.1,0.2,2.52,1.67,0.3,,,,,,,,,,,,,,,MF,,False,Midfielder,True,True,True,0.08555133079847908,0.3849809885931559,0.4705323193916349,0.08555133079847908,0.0,0.0,0.08555133079847908,0.04277566539923954,0.8982889733840305,0.42775665399239543,0.3849809885931559,1.8393536121673004,0.04277566539923954,0.5133079847908746,1.0266159695817492,1.4115969581749048,0.0
Pedro,es ESP,"FW,MF",Lazio,it Serie A,38.0,1987.0,29,9,982,10.9,5,2,7,3,2,2,4,0,22,11,10,26,0,31,4,6,0,50.0,0.14,0.27,1.52,0.46,0.61,,,,,,,,,,,,,,,FW,MF,True,Forward,True,True,False,0.45824847250509165,0.18329938900203666,0.6415478615071284,0.27494908350305497,0.18329938900203666,0.18329938900203666,0.3665987780040733,0.0,2.016293279022403,1.0081466395112015,0.9164969450101833,2.3828920570264764,0.0,2.841140529531568,0.3665987780040733,0.5498981670061099,0.0
Zé Pedro Figueiredo,pt POR,DF,Cagliari,it Serie A,28.0,1997.0,23,20,1699,18.9,0,1,1,0,0,0,6,0,7,0,29,15,0,5,20,18,0,0.0,0.0,,1.13,-0.26,0.15,,,,,,,,,,,,,,,DF,,False,Defender,True,True,True,0.0,0.052972336668628606,0.052972336668628606,0.0,0.0,0.0,0.31783402001177163,0.0,0.37080635668040024,0.0,1.5361977633902297,0.794585050029429,0.0,0.26486168334314303,1.0594467333725721,0.9535020600353148,0.0
Adrià Pedrosa,es ESP,"DF,MF",Elche,es La Liga,27.0,1998.0,26,8,1090,12.1,1,1,2,1,0,0,4,0,12,3,18,8,1,51,16,19,0,25.0,0.08,0.33,1.04,-0.83,-0.9,,,,,,,,,,,,,,,DF,MF,True,Defender,True,True,False,0.08256880733944955,0.08256880733944955,0.1651376146788991,0.08256880733944955,0.0,0.0,0.3302752293577982,0.0,0.9908256880733946,0.24770642201834864,1.4862385321100917,0.6605504587155964,0.08256880733944955,4.2110091743119265,1.3211009174311927,1.5688073394495414,0.0
Dženan Pejčinović,de GER,FW,Wolfsburg,de Bundesliga,20.0,2005.0,30,16,1460,16.2,8,0,8,8,0,0,1,0,51,23,22,7,5,5,5,9,0,45.1,0.16,0.35,0.83,-1.11,-0.77,,,,,,,,,,,,,,,FW,,False,Forward,True,True,True,0.4931506849315069,0.0,0.4931506849315069,0.4931506849315069,0.0,0.0,0.06164383561643836,0.0,3.1438356164383565,1.4178082191780823,1.356164383561644,0.4315068493150685,0.3082191780821918,0.3082191780821918,0.3082191780821918,0.5547945205479452,0.0
Lorenzo Pellegrini,it ITA,MF,Roma,it Serie A,29.0,1996.0,24,20,1463,16.3,4,2,6,2,2,2,2,0,32,12,20,39,5,89,15,5,0,37.5,0.06,0.17,1.63,0.49,-0.43,,,,,,,,,,,,,,,MF,,False,Midfielder,True,True,True,0.2460697197539303,0.12303485987696515,0.36910457963089544,0.12303485987696515,0.12303485987696515,0.12303485987696515,0.12303485987696515,0.0,1.9685577580314424,0.7382091592617909,1.2303485987696514,2.39917976760082,0.30758714969241285,5.475051264524948,0.9227614490772386,0.30758714969241285,0.0
Luca Pellegrini,it ITA,DF,Lazio,it Serie A,26.0,1999.0,24,17,1469,16.3,1,0,1,1,0,0,8,0,7,5,26,12,0,51,17,15,0,71.4,0.14,0.2,1.42,-0.12,-0.26,,,,,,,,,,,,,,,DF,,False,Defender,True,True,True,0.06126616746085772,0.0,0.06126616746085772,0.06126616746085772,0.0,0.0,0.4901293396868618,0.0,0.4288631722260041,0.3063308373042886,1.592920353982301,0.7351940095302927,0.0,3.124574540503744,1.0415248468345812,0.9189925119128659,0.0
Mateo Pellegrino,ar ARG,FW,Parma,it Serie A,24.0,2001.0,37,34,2984,33.2,9,1,10,8,1,1,5,0,73,22,87,71,12,12,4,10,0,30.1,0.11,0.36,1.19,-0.42,0.4,,,,,,,,,,,,,,,FW,,False,Forward,True,True,True,0.2714477211796246,0.030160857908847184,0.30160857908847183,0.24128686327077747,0.030160857908847184,0.030160857908847184,0.15080428954423591,0.0,2.2017426273458445,0.6635388739946381,2.623994638069705,2.14142091152815,0.36193029490616624,0.36193029490616624,0.12064343163538874,0.30160857908847183,0.0
Nicolas Pépé,ci CIV,"MF,FW",Villarreal,es La Liga,30.0,1995.0,36,26,2393,26.6,8,8,16,7,1,1,4,0,63,25,23,43,14,71,15,21,0,39.7,0.11,0.28,1.92,0.79,0.35,,,,,,,,,,,,,,,MF,FW,True,Midfielder,True,True,True,0.30087755954868367,0.30087755954868367,0.6017551190973673,0.2632678646050982,0.03760969494358546,0.03760969494358546,0.15043877977434184,0.0,2.369410781445884,0.9402423735896365,0.8650229837024656,1.6172168825741746,0.5265357292101964,2.6702883409945675,0.5641454241537819,0.7898035938152945,0.0
Kojo Peprah Oppong,gh GHA,DF,Nice,fr Ligue 1,21.0,2004.0,29,28,2425,26.9,1,0,1,1,0,0,4,0,10,3,31,30,1,5,30,28,0,30.0,0.1,0.33,1.0,-0.41,1.29,,,,,,,,,,,,,,,DF,,False,Defender,True,True,True,0.03711340206185567,0.0,0.03711340206185567,0.03711340206185567,0.0,0.0,0.14845360824742268,0.0,0.3711340206185567,0.111340206185567,1.1505154639175257,1.1134020618556701,0.03711340206185567,0.18556701030927836,1.1134020618556701,1.0391752577319588,0.0
Peque,es ESP,"MF,FW",Sevilla,es La Liga,22.0,2002.0,26,12,982,10.9,2,1,3,2,0,0,7,0,15,6,15,47,1,28,1,8,0,40.0,0.13,0.33,1.23,-0.64,-0.38,,,,,,,,,,,,,,,MF,FW,True,Midfielder,True,True,False,0.18329938900203666,0.09164969450101833,0.27494908350305497,0.18329938900203666,0.0,0.0,0.6415478615071284,0.0,1.374745417515275,0.5498981670061099,1.374745417515275,4.307535641547862,0.09164969450101833,2.5661914460285136,0.09164969450101833,0.7331975560081466,0.0
Mathias Pereira Lage,pt POR,"MF,FW",St Pauli,de Bundesliga,28.0,1996.0,28,25,2018,22.4,2,2,4,2,0,0,3,0,43,15,32,32,15,58,16,23,0,34.9,0.05,0.13,0.82,-0.71,0.58,,,,,,,,,,,,,,,MF,FW,True,Midfielder,True,True,True,0.08919722497522299,0.08919722497522299,0.17839444995044598,0.08919722497522299,0.0,0.0,0.1337958374628345,0.0,1.9177403369672943,0.6689791873141724,1.4271555996035679,1.4271555996035679,0.6689791873141724,2.5867195242814667,0.7135777998017839,1.0257680872150643,0.0
Ángel Pérez,es ESP,"MF,DF",Alavés,es La Liga,22.0,2002.0,16,14,1288,14.3,1,3,4,1,0,0,4,0,14,4,16,17,6,85,9,13,0,28.6,0.07,0.25,1.13,-0.21,0.17,,,,,,,,,,,,,,,MF,DF,True,Midfielder,True,True,False,0.06987577639751552,0.2096273291925466,0.2795031055900621,0.06987577639751552,0.0,0.0,0.2795031055900621,0.0,0.9782608695652174,0.2795031055900621,1.1180124223602483,1.187888198757764,0.4192546583850932,5.9394409937888195,0.6288819875776398,0.9083850931677019,0.0
Ayoze Pérez,es ESP,FW,Villarreal,es La Liga,32.0,1993.0,25,12,1124,12.5,5,4,9,4,1,1,4,0,24,11,17,23,5,9,3,11,0,45.8,0.17,0.36,1.8,0.16,-0.78,,,,,,,,,,,,,,,FW,,False,Forward,True,True,False,0.40035587188612104,0.32028469750889677,0.7206405693950179,0.32028469750889677,0.08007117437722419,0.08007117437722419,0.32028469750889677,0.0,1.9217081850533808,0.8807829181494662,1.3612099644128113,1.8416370106761566,0.40035587188612104,0.7206405693950179,0.2402135231316726,0.8807829181494662,0.0
Francisco Perez,es ESP,"MF,FW",Rayo Vallecano,es La Liga,22.0,2002.0,29,12,1237,13.7,2,1,3,2,0,0,4,0,17,8,18,15,6,48,2,10,0,47.1,0.12,0.25,1.17,-0.22,-0.22,,,,,,,,,,,,,,,MF,FW,True,Midfielder,True,True,False,0.14551333872271624,0.07275666936135812,0.2182700080840744,0.14551333872271624,0.0,0.0,0.2910266774454325,0.0,1.236863379143088,0.582053354890865,1.3096200485044462,1.0913500404203718,0.4365400161681488,3.4923201293451904,0.14551333872271624,0.7275666936135813,0.0
Romain Perraud,fr FRA,DF,Lille,fr Ligue 1,27.0,1997.0,30,27,2241,24.9,3,4,7,3,0,0,4,1,33,12,21,44,2,127,23,31,0,36.4,0.09,0.25,1.83,0.68,0.9,,,,,,,,,,,,,,,DF,,False,Defender,True,True,True,0.12048192771084337,0.1606425702811245,0.28112449799196787,0.12048192771084337,0.0,0.0,0.1606425702811245,0.040160642570281124,1.325301204819277,0.4819277108433735,0.8433734939759037,1.7670682730923695,0.08032128514056225,5.100401606425703,0.9236947791164658,1.2449799196787148,0.0
Máximo Perrone,ar ARG,MF,Como,it Serie A,22.0,2003.0,36,33,2742,30.5,3,4,7,3,0,0,8,0,18,9,43,23,1,11,21,38,0,50.0,0.17,0.33,1.89,1.05,0.52,,,,,,,,,,,,,,,MF,,False,Midfielder,True,True,True,0.09846827133479212,0.13129102844638948,0.22975929978118165,0.09846827133479212,0.0,0.0,0.26258205689277897,0.0,0.5908096280087527,0.29540481400437635,1.4113785557986873,0.7549234135667395,0.03282275711159737,0.36105032822757116,0.6892778993435449,1.2472647702407003,0.0
Prosper Peter,ng NGA,FW,Angers,fr Ligue 1,17.0,2007.0,29,14,1273,14.1,5,0,5,5,0,0,0,0,23,14,30,30,15,0,4,3,0,60.9,0.22,0.36,1.07,-1.13,-0.98,,,,,,,,,,,,,,,FW,,False,Forward,True,True,False,0.3534956794972506,0.0,0.3534956794972506,0.3534956794972506,0.0,0.0,0.0,0.0,1.6260801256873527,0.9897879025923016,2.1209740769835035,2.1209740769835035,1.0604870384917517,0.0,0.2827965435978005,0.21209740769835037,0.0
Léo Pétrot,fr FRA,DF,Elche,es La Liga,28.0,1997.0,32,18,1572,17.5,0,0,0,0,0,0,2,1,8,0,19,6,2,16,17,22,0,0.0,0.0,,1.22,-0.4,-0.35,,,,,,,,,,,,,,,DF,,False,Defender,True,True,True,0.0,0.0,0.0,0.0,0.0,0.0,0.11450381679389314,0.05725190839694657,0.45801526717557256,0.0,1.0877862595419847,0.34351145038167935,0.11450381679389314,0.9160305343511451,0.9732824427480915,1.2595419847328244,0.0
Giuseppe Pezzella,it ITA,"MF,DF",Cremonese,it Serie A,27.0,1997.0,31,30,2585,28.7,0,1,1,0,0,0,8,1,6,0,49,32,8,128,11,32,0,0.0,0.0,,0.84,-0.77,-0.44,,,,,,,,,,,,,,,MF,DF,True,Midfielder,True,True,True,0.0,0.03481624758220503,0.03481624758220503,0.0,0.0,0.0,0.27852998065764023,0.03481624758220503,0.20889748549323017,0.0,1.7059961315280463,1.114119922630561,0.27852998065764023,4.456479690522244,0.3829787234042553,1.114119922630561,0.0
Rayan Philippe,fr FRA,"FW,MF",Hamburger SV,de Bundesliga,24.0,2000.0,28,13,1285,14.3,5,0,5,5,0,1,2,0,39,16,24,9,2,31,3,13,0,41.0,0.13,0.31,1.0,-0.14,0.47,,,,,,,,,,,,,,,FW,MF,True,Forward,True,True,False,0.35019455252918286,0.0,0.35019455252918286,0.35019455252918286,0.0,0.07003891050583658,0.14007782101167315,0.0,2.7315175097276265,1.1206225680933852,1.6809338521400778,0.6303501945525292,0.14007782101167315,2.171206225680934,0.21011673151750973,0.9105058365758756,0.0
Roberto Piccoli,it ITA,FW,Fiorentina,it Serie A,24.0,2001.0,32,16,1672,18.6,4,1,5,4,0,0,1,0,47,15,34,40,14,4,4,1,0,31.9,0.09,0.27,1.22,0.11,0.67,,,,,,,,,,,,,,,FW,,False,Forward,True,True,True,0.21531100478468898,0.053827751196172245,0.26913875598086123,0.21531100478468898,0.0,0.0,0.053827751196172245,0.0,2.5299043062200957,0.8074162679425837,1.8301435406698563,2.15311004784689,0.7535885167464115,0.21531100478468898,0.21531100478468898,0.053827751196172245,0.0
Amos Pieper,de GER,DF,Werder Bremen,de Bundesliga,27.0,1998.0,19,19,1502,16.7,0,0,0,0,0,0,4,0,8,2,10,14,2,8,26,24,0,25.0,0.0,0.0,0.79,-0.66,0.03,,,,,,,,,,,,,,,DF,,False,Defender,True,True,True,0.0,0.0,0.0,0.0,0.0,0.0,0.2396804260985353,0.0,0.4793608521970706,0.11984021304926765,0.5992010652463382,0.8388814913448736,0.11984021304926765,0.4793608521970706,1.5579227696404792,1.4380825565912116,0.0
Marvin Pieringer,de GER,"FW,MF",Heidenheim,de Bundesliga,25.0,1999.0,27,20,1650,18.3,4,1,5,3,1,1,2,0,32,8,37,27,11,20,11,14,0,25.0,0.09,0.38,0.85,-0.55,0.79,,,,,,,,,,,,,,,FW,MF,True,Forward,True,True,True,0.21818181818181817,0.05454545454545454,0.2727272727272727,0.16363636363636364,0.05454545454545454,0.05454545454545454,0.10909090909090909,0.0,1.7454545454545454,0.43636363636363634,2.018181818181818,1.4727272727272729,0.6000000000000001,1.0909090909090908,0.6000000000000001,0.7636363636363637,0.0
Santiago Pierotti,ar ARG,"MF,FW",Lecce,it Serie A,24.0,2001.0,37,31,2597,28.9,1,2,3,1,0,0,4,0,33,8,67,23,7,21,21,51,0,24.2,0.03,0.13,1.0,-0.42,0.68,,,,,,,,,,,,,,,MF,FW,True,Midfielder,True,True,True,0.0346553715825953,0.0693107431651906,0.1039661147477859,0.0346553715825953,0.0,0.0,0.1386214863303812,0.0,1.143627262225645,0.2772429726607624,2.321909896033885,0.797073546399692,0.24258760107816713,0.7277628032345014,0.7277628032345014,1.7674239507123604,0.0
Andrea Pinamonti,it ITA,FW,Sassuolo,it Serie A,26.0,1999.0,36,32,2552,28.4,9,3,12,9,0,1,2,1,73,30,14,33,13,9,2,5,0,41.1,0.12,0.3,1.36,-0.14,-0.14,,,,,,,,,,,,,,,FW,,False,Forward,True,True,True,0.31739811912225707,0.10579937304075236,0.42319749216300945,0.31739811912225707,0.0,0.03526645768025078,0.07053291536050156,0.03526645768025078,2.574451410658307,1.0579937304075235,0.493730407523511,1.1637931034482758,0.45846394984326017,0.31739811912225707,0.07053291536050156,0.1763322884012539,0.0
Yeremi Pino,es ESP,"MF,FW",Crystal Palace,eng Premier League,22.0,2002.0,34,26,2080,23.1,2,2,4,2,0,0,4,0,45,11,30,24,10,79,8,20,0,24.4,0.04,0.18,1.15,-0.35,-0.21,,,,,,,,,,,,,,,MF,FW,True,Midfielder,True,True,True,0.08653846153846154,0.08653846153846154,0.17307692307692307,0.08653846153846154,0.0,0.0,0.17307692307692307,0.0,1.9471153846153846,0.4759615384615385,1.2980769230769231,1.0384615384615385,0.4326923076923077,3.4182692307692304,0.34615384615384615,0.8653846153846154,0.0
Jakub Piotrowski,pl POL,MF,Udinese,it Serie A,27.0,1997.0,33,20,1696,18.8,1,1,2,1,0,0,2,0,36,9,29,29,2,25,15,25,0,25.0,0.03,0.11,1.33,-0.11,-0.05,,,,,,,,,,,,,,,MF,,False,Midfielder,True,True,True,0.05306603773584905,0.05306603773584905,0.1061320754716981,0.05306603773584905,0.0,0.0,0.1061320754716981,0.0,1.910377358490566,0.4775943396226415,1.5389150943396226,1.5389150943396226,0.1061320754716981,1.3266509433962264,0.7959905660377359,1.3266509433962264,0.0
Niccolò Pisilli,it ITA,MF,Roma,it Serie A,20.0,2004.0,25,13,1295,14.4,2,4,6,2,0,0,3,0,19,5,20,4,2,15,24,13,0,26.3,0.11,0.4,1.96,0.9,0.27,,,,,,,,,,,,,,,MF,,False,Midfielder,True,True,False,0.138996138996139,0.277992277992278,0.416988416988417,0.138996138996139,0.0,0.0,0.2084942084942085,0.0,1.3204633204633205,0.3474903474903475,1.38996138996139,0.277992277992278,0.138996138996139,1.0424710424710424,1.667953667953668,0.9034749034749034,0.0
Tommaso Pobega,it ITA,MF,Bologna,it Serie A,26.0,1999.0,26,17,1434,15.9,3,1,4,3,0,0,2,1,25,10,34,12,0,2,19,19,0,40.0,0.12,0.3,1.69,0.13,0.08,,,,,,,,,,,,,,,MF,,False,Midfielder,True,True,True,0.18828451882845187,0.06276150627615062,0.2510460251046025,0.18828451882845187,0.0,0.0,0.12552301255230125,0.06276150627615062,1.5690376569037656,0.6276150627615062,2.1338912133891212,0.7531380753138075,0.0,0.12552301255230125,1.1924686192468619,1.1924686192468619,0.0
Ernest Poku,nl NED,MF,Leverkusen,de Bundesliga,21.0,2004.0,29,16,1482,16.5,5,5,10,5,0,0,0,0,27,9,4,17,3,13,8,9,0,33.3,0.19,0.56,1.69,0.85,0.45,,,,,,,,,,,,,,,MF,,False,Midfielder,True,True,True,0.3036437246963563,0.3036437246963563,0.6072874493927126,0.3036437246963563,0.0,0.0,0.0,0.0,1.6396761133603237,0.5465587044534413,0.242914979757085,1.0323886639676114,0.18218623481781376,0.7894736842105263,0.48582995951417,0.5465587044534413,0.0
Matteo Politano,it ITA,"MF,FW",Napoli,it Serie A,31.0,1993.0,34,26,2200,24.4,2,5,7,2,0,0,4,0,49,13,19,28,0,173,5,10,0,26.5,0.04,0.15,1.97,0.61,0.1,,,,,,,,,,,,,,,MF,FW,True,Midfielder,True,True,True,0.08181818181818182,0.20454545454545453,0.2863636363636364,0.08181818181818182,0.0,0.0,0.16363636363636364,0.0,2.004545454545455,0.5318181818181819,0.7772727272727273,1.1454545454545455,0.0,7.077272727272728,0.20454545454545453,0.40909090909090906,0.0
Marin Pongračić,hr CRO,DF,Fiorentina,it Serie A,27.0,1997.0,35,33,2918,32.4,0,0,0,0,0,0,12,0,8,1,69,21,0,4,36,17,0,12.5,0.0,0.0,1.17,-0.09,0.98,,,,,,,,,,,,,,,DF,,False,Defender,True,True,True,0.0,0.0,0.0,0.0,0.0,0.0,0.3701165181631254,0.0,0.24674434544208362,0.030843043180260453,2.1281699794379714,0.6477039067854695,0.0,0.12337217272104181,1.1103495544893762,0.5243317340644277,0.0
Pedro Porro,es ESP,DF,Tottenham Hotspur,eng Premier League,25.0,1999.0,34,32,2796,31.1,1,2,3,1,0,0,10,0,32,8,32,26,1,232,31,50,0,25.0,0.03,0.13,1.18,0.0,1.3,,,,,,,,,,,,,,,DF,,False,Defender,True,True,True,0.032188841201716736,0.06437768240343347,0.09656652360515021,0.032188841201716736,0.0,0.0,0.3218884120171674,0.0,1.0300429184549356,0.2575107296137339,1.0300429184549356,0.8369098712446352,0.032188841201716736,7.467811158798284,0.997854077253219,1.609442060085837,0.0
Stefan Posch,at AUT,DF,Mainz 05,de Bundesliga,28.0,1997.0,16,16,1395,15.5,0,0,0,0,0,0,4,0,11,3,8,12,1,11,21,22,0,27.3,0.0,0.0,1.75,0.26,0.96,,,,,,,,,,,,,,,DF,,False,Defender,True,True,True,0.0,0.0,0.0,0.0,0.0,0.0,0.25806451612903225,0.0,0.7096774193548387,0.1935483870967742,0.5161290322580645,0.7741935483870968,0.06451612903225806,0.7096774193548387,1.3548387096774195,1.4193548387096775,0.0
Freddie Potts,eng ENG,MF,West Ham United,eng Premier League,21.0,2003.0,22,12,1171,13.0,0,1,1,0,0,0,1,0,3,1,15,14,0,34,16,18,0,33.3,0.0,0.0,1.09,-0.61,-0.17,,,,,,,,,,,,,,,MF,,False,Midfielder,True,True,False,0.0,0.07685738684884715,0.07685738684884715,0.0,0.0,0.0,0.07685738684884715,0.0,0.23057216054654142,0.07685738684884715,1.1528608027327072,1.0760034158838598,0.0,2.6131511528608025,1.2297181895815543,1.3834329632792486,0.0
Kacper Potulski,pl POL,DF,Mainz 05,de Bundesliga,17.0,2007.0,15,9,1065,11.8,1,0,1,1,0,0,3,0,14,5,17,5,0,2,19,15,0,35.7,0.07,0.2,1.67,-0.25,0.02,,,,,,,,,,,,,,,DF,,False,Defender,True,True,False,0.08450704225352113,0.0,0.08450704225352113,0.08450704225352113,0.0,0.0,0.2535211267605634,0.0,1.1830985915492958,0.4225352112676056,1.4366197183098592,0.4225352112676056,0.0,0.16901408450704225,1.6056338028169013,1.267605633802817,0.0
Alexander Prass,at AUT,MF,Hoffenheim,de Bundesliga,24.0,2001.0,32,12,1308,14.5,3,2,5,3,0,0,4,0,18,11,26,21,2,47,6,22,0,61.1,0.17,0.27,1.88,0.0,-0.67,,,,,,,,,,,,,,,MF,,False,Midfielder,True,True,False,0.20642201834862386,0.13761467889908258,0.3440366972477064,0.20642201834862386,0.0,0.0,0.27522935779816515,0.0,1.2385321100917432,0.756880733944954,1.7889908256880733,1.444954128440367,0.13761467889908258,3.23394495412844,0.41284403669724773,1.513761467889908,0.0
Matteo Prati,it ITA,MF,Cagliari,it Serie A,21.0,2003.0,20,15,1268,14.1,1,0,1,1,0,0,4,0,19,1,17,3,0,13,15,12,0,5.3,0.05,1.0,1.05,-0.5,-0.25,,,,,,,,,,,,,,,MF,,False,Midfielder,True,True,False,0.07097791798107256,0.0,0.07097791798107256,0.07097791798107256,0.0,0.0,0.28391167192429023,0.0,1.3485804416403786,0.07097791798107256,1.2066246056782335,0.21293375394321767,0.0,0.9227129337539433,1.0646687697160884,0.8517350157728707,0.0
Grischa Prömel,de GER,MF,Hoffenheim,de Bundesliga,30.0,1995.0,33,16,1758,19.5,7,2,9,7,0,0,5,0,43,14,23,28,1,11,15,16,0,32.6,0.16,0.5,1.82,0.15,-0.54,,,,,,,,,,,,,,,MF,,False,Midfielder,True,True,True,0.35836177474402725,0.10238907849829351,0.4607508532423208,0.35836177474402725,0.0,0.0,0.25597269624573377,0.0,2.2013651877133107,0.7167235494880545,1.1774744027303754,1.433447098976109,0.051194539249146756,0.5631399317406144,0.7679180887372014,0.8191126279863481,0.0
Marc Pubill,es ESP,DF,Atlético Madrid,es La Liga,22.0,2003.0,19,15,1381,15.3,1,1,2,1,0,0,2,0,11,4,16,14,1,8,18,15,0,36.4,0.09,0.25,2.0,0.65,0.3,,,,,,,,,,,,,,,DF,,False,Defender,True,True,True,0.06517016654598116,0.06517016654598116,0.13034033309196233,0.06517016654598116,0.0,0.0,0.13034033309196233,0.0,0.7168718320057929,0.26068066618392466,1.0427226647356986,0.9123823316437364,0.06517016654598116,0.5213613323678493,1.1730629978276612,0.9775524981897177,0.0
Cameron Puertas,ch SUI,MF,Werder Bremen,de Bundesliga,26.0,1998.0,28,22,1846,20.5,1,2,3,1,0,0,6,0,37,8,37,22,2,77,19,37,0,21.6,0.03,0.13,1.04,-0.29,0.97,,,,,,,,,,,,,,,MF,,False,Midfielder,True,True,True,0.04875406283856988,0.09750812567713976,0.14626218851570966,0.04875406283856988,0.0,0.0,0.2925243770314193,0.0,1.8039003250270855,0.39003250270855905,1.8039003250270855,1.0725893824485373,0.09750812567713976,3.754062838569881,0.9263271939328277,1.8039003250270855,0.0
Christian Pulisic,us USA,FW,Milan,it Serie A,26.0,1998.0,30,18,1609,17.9,8,4,12,8,0,1,0,0,54,25,11,23,3,37,3,8,0,46.3,0.15,0.32,1.77,0.56,0.16,,,,,,,,,,,,,,,FW,,False,Forward,True,True,True,0.4474829086389061,0.22374145431945305,0.6712243629583592,0.4474829086389061,0.0,0.05593536357986326,0.0,0.0,3.0205096333126162,1.3983840894965818,0.6152889993784959,1.2865133623368552,0.1678060907395898,2.0696084524549407,0.1678060907395898,0.4474829086389061,0.0
Arkadiusz Pyrka,pl POL,MF,St Pauli,de Bundesliga,22.0,2002.0,31,30,2576,28.6,0,1,1,0,0,0,3,0,19,3,17,32,0,47,23,24,0,15.8,0.0,0.0,0.84,-0.91,0.02,,,,,,,,,,,,,,,MF,,False,Midfielder,True,True,True,0.0,0.03493788819875776,0.03493788819875776,0.0,0.0,0.0,0.1048136645962733,0.0,0.6638198757763976,0.1048136645962733,0.593944099378882,1.1180124223602483,0.0,1.6420807453416149,0.8035714285714285,0.8385093167701864,0.0
Jarell Quansah,eng ENG,DF,Leverkusen,de Bundesliga,22.0,2003.0,28,25,2299,25.5,4,0,4,4,0,0,9,0,18,8,18,21,1,22,26,22,0,44.4,0.22,0.5,1.57,0.39,-0.91,,,,,,,,,,,,,,,DF,,False,Defender,True,True,True,0.156589821661592,0.0,0.156589821661592,0.156589821661592,0.0,0.0,0.352327098738582,0.0,0.704654197477164,0.313179643323184,0.704654197477164,0.8220965637233579,0.039147455415398,0.8612440191387559,1.017833840800348,0.8612440191387559,0.0
Leopold Querfeld,at AUT,DF,Union Berlin,de Bundesliga,21.0,2003.0,31,30,2705,30.1,3,0,3,1,2,3,7,0,29,10,46,28,0,3,35,27,0,34.5,0.03,0.1,1.03,-0.67,-2.19,,,,,,,,,,,,,,,DF,,False,Defender,True,True,True,0.099815157116451,0.0,0.099815157116451,0.033271719038817,0.066543438077634,0.099815157116451,0.23290203327171904,0.0,0.9648798521256932,0.33271719038817005,1.530499075785582,0.9316081330868762,0.0,0.099815157116451,1.1645101663585953,0.8983364140480592,0.0
Adrien Rabiot,fr FRA,MF,Milan,it Serie A,30.0,1995.0,29,28,2550,28.3,6,4,10,6,0,0,6,1,46,12,35,55,7,58,20,31,0,26.1,0.13,0.5,1.97,0.56,0.36,,,,,,,,,,,,,,,MF,,False,Midfielder,True,True,True,0.2117647058823529,0.1411764705882353,0.3529411764705882,0.2117647058823529,0.0,0.0,0.2117647058823529,0.03529411764705882,1.6235294117647059,0.4235294117647058,1.2352941176470589,1.9411764705882353,0.24705882352941178,2.0470588235294116,0.7058823529411764,1.0941176470588236,0.0
Antonio Raillo,es ESP,DF,Mallorca,es La Liga,33.0,1991.0,24,23,2070,23.0,0,1,1,0,0,0,4,0,12,1,23,15,1,4,12,13,0,8.3,0.0,0.0,1.04,-0.26,0.01,,,,,,,,,,,,,,,DF,,False,Defender,True,True,True,0.0,0.043478260869565216,0.043478260869565216,0.0,0.0,0.0,0.17391304347826086,0.0,0.5217391304347826,0.043478260869565216,1.0,0.6521739130434783,0.043478260869565216,0.17391304347826086,0.5217391304347826,0.5652173913043478,0.0
Ylber Ramadani,al ALB,MF,Lecce,it Serie A,29.0,1996.0,37,37,3203,35.6,1,0,1,1,0,0,10,0,34,5,43,59,0,16,44,50,0,14.7,0.03,0.2,1.03,-0.51,1.15,,,,,,,,,,,,,,,MF,,False,Midfielder,True,True,True,0.028098657508585704,0.0,0.028098657508585704,0.028098657508585704,0.0,0.0,0.280986575085857,0.0,0.9553543552919138,0.1404932875429285,1.2082422728691853,1.6578207930065565,0.0,0.44957852013737126,1.2363409303777708,1.4049328754292851,0.0
Largie Ramazani,be BEL,"MF,FW",Valencia,es La Liga,24.0,2001.0,27,11,1234,13.7,6,1,7,3,3,3,4,0,51,19,17,20,2,27,14,12,0,37.3,0.06,0.16,1.41,0.36,0.94,,,,,,,,,,,,,,,MF,FW,True,Midfielder,True,True,False,0.4376012965964344,0.07293354943273905,0.5105348460291734,0.2188006482982172,0.2188006482982172,0.2188006482982172,0.2917341977309562,0.0,3.719611021069692,1.385737439222042,1.239870340356564,1.458670988654781,0.1458670988654781,1.9692058346839547,1.0210696920583469,0.8752025931928687,0.0
Jacobo Ramón,es ESP,DF,Como,it Serie A,20.0,2005.0,32,30,2742,30.5,2,0,2,2,0,0,11,1,39,9,33,12,0,11,38,32,0,23.1,0.05,0.22,1.84,0.95,0.02,,,,,,,,,,,,,,,DF,,False,Defender,True,True,True,0.06564551422319474,0.0,0.06564551422319474,0.06564551422319474,0.0,0.0,0.36105032822757116,0.03282275711159737,1.2800875273522976,0.29540481400437635,1.0831509846827134,0.3938730853391685,0.0,0.36105032822757116,1.2472647702407003,1.0503282275711159,0.0
Gonçalo Ramos,pt POR,FW,Paris Saint-Germain,fr Ligue 1,24.0,2001.0,30,13,1318,14.6,6,1,7,5,1,2,4,1,58,25,24,23,6,1,5,14,0,43.1,0.09,0.2,2.2,1.23,-0.17,,,,,,,,,,,,,,,FW,,False,Forward,True,True,False,0.40971168437025796,0.06828528072837634,0.4779969650986343,0.34142640364188165,0.06828528072837634,0.13657056145675267,0.27314112291350534,0.06828528072837634,3.960546282245827,1.707132018209408,1.6388467374810318,1.5705614567526556,0.40971168437025796,0.06828528072837634,0.34142640364188165,0.9559939301972686,0.0
Jacob Ramsey,eng ENG,MF,Newcastle United,eng Premier League,24.0,2001.0,28,15,1450,16.1,2,3,5,2,0,0,5,1,16,4,16,14,2,8,9,21,0,25.0,0.13,0.5,1.18,-0.31,-0.45,,,,,,,,,,,,,,,MF,,False,Midfielder,True,True,True,0.12413793103448274,0.18620689655172415,0.3103448275862069,0.12413793103448274,0.0,0.0,0.3103448275862069,0.06206896551724137,0.9931034482758619,0.24827586206896549,0.9931034482758619,0.8689655172413794,0.12413793103448274,0.49655172413793097,0.5586206896551724,1.3034482758620691,0.0
Luca Ranieri,it ITA,DF,Fiorentina,it Serie A,26.0,1999.0,34,29,2458,27.3,1,0,1,1,0,0,8,1,18,3,22,27,3,27,24,24,0,16.7,0.06,0.33,1.21,-0.22,0.06,,,,,,,,,,,,,,,DF,,False,Defender,True,True,True,0.03661513425549227,0.0,0.03661513425549227,0.03661513425549227,0.0,0.0,0.29292107404393813,0.03661513425549227,0.6590724165988608,0.10984540276647681,0.8055329536208299,0.9886086248982914,0.10984540276647681,0.9886086248982914,0.8787632221318145,0.8787632221318145,0.0
Lilian Raolisoa,fr FRA,"MF,DF",Angers,fr Ligue 1,25.0,2000.0,32,21,1966,21.8,2,4,6,2,0,0,3,0,16,5,27,17,1,99,14,31,0,31.3,0.13,0.4,1.13,-0.6,-0.1,,,,,,,,,,,,,,,MF,DF,True,Midfielder,True,True,True,0.09155645981688708,0.18311291963377416,0.2746693794506612,0.09155645981688708,0.0,0.0,0.1373346897253306,0.0,0.7324516785350966,0.2288911495422177,1.2360122075279756,0.7782299084435402,0.04577822990844354,4.532044760935911,0.6408952187182095,1.4191251271617495,0.0
Raphinha,br BRA,"MF,FW",Barcelona,es La Liga,28.0,1996.0,22,18,1380,15.3,13,3,16,10,3,3,5,0,65,24,10,10,4,72,6,6,0,36.9,0.15,0.42,2.77,2.22,1.11,,,,,,,,,,,,,,,MF,FW,True,Midfielder,True,True,True,0.8478260869565218,0.1956521739130435,1.0434782608695652,0.6521739130434783,0.1956521739130435,0.1956521739130435,0.32608695652173914,0.0,4.239130434782608,1.565217391304348,0.6521739130434783,0.6521739130434783,0.2608695652173913,4.695652173913043,0.391304347826087,0.391304347826087,0.0
Marcus Rashford,eng ENG,"MF,FW",Barcelona,es La Liga,27.0,1997.0,32,18,1763,19.6,8,7,15,8,0,0,3,0,76,29,10,25,10,121,2,8,0,38.2,0.11,0.28,2.47,0.97,-1.2,,,,,,,,,,,,,,,MF,FW,True,Midfielder,True,True,True,0.40839478162223486,0.35734543391945545,0.7657402155416904,0.40839478162223486,0.0,0.0,0.15314804310833807,0.0,3.879750425411231,1.4804310833806011,0.5104934770277935,1.276233692569484,0.5104934770277935,6.176971072036302,0.10209869540555871,0.40839478162223486,0.0
Andrei Ratiu,ro ROU,DF,Rayo Vallecano,es La Liga,27.0,1998.0,35,31,2807,31.2,0,4,4,0,0,0,9,0,31,9,22,21,4,105,39,44,0,29.0,0.0,0.0,1.43,0.16,1.33,,,,,,,,,,,,,,,DF,,False,Defender,True,True,True,0.0,0.1282508015675098,0.1282508015675098,0.0,0.0,0.0,0.28856430352689705,0.0,0.993943712148201,0.28856430352689705,0.7053794086213039,0.6733167082294265,0.1282508015675098,3.3665835411471323,1.2504453152832207,1.4107588172426078,0.0
Raúl,es ESP,FW,Osasuna,es La Liga,24.0,2000.0,36,6,1041,11.6,7,1,8,7,0,0,2,1,39,23,12,15,7,9,7,13,0,59.0,0.18,0.3,1.08,-0.26,-0.15,,,,,,,,,,,,,,,FW,,False,Forward,True,True,False,0.6051873198847262,0.08645533141210375,0.69164265129683,0.6051873198847262,0.0,0.0,0.1729106628242075,0.08645533141210375,3.3717579250720457,1.9884726224783862,1.037463976945245,1.296829971181556,0.6051873198847262,0.7780979827089338,0.6051873198847262,1.1239193083573487,0.0
David Raum,de GER,DF,RB Leipzig,de Bundesliga,27.0,1998.0,30,29,2553,28.4,3,7,10,2,1,1,6,0,24,8,29,17,6,250,33,35,0,33.3,0.08,0.25,2.03,0.81,1.52,,,,,,,,,,,,,,,DF,,False,Defender,True,True,True,0.10575793184488837,0.24676850763807287,0.35252643948296125,0.07050528789659224,0.03525264394829612,0.03525264394829612,0.21151586368977673,0.0,0.8460634547591069,0.282021151586369,1.0223266745005877,0.5992949471210341,0.21151586368977673,8.813160987074031,1.163337250293772,1.2338425381903644,0.0
Rayan,br BRA,MF,Bournemouth,eng Premier League,18.0,2006.0,15,13,1111,12.3,5,2,7,5,0,0,1,0,28,8,9,6,1,24,8,6,0,28.6,0.18,0.63,1.8,0.49,0.56,,,,,,,,,,,,,,,MF,,False,Midfielder,True,True,False,0.40504050405040504,0.162016201620162,0.5670567056705671,0.40504050405040504,0.0,0.0,0.081008100810081,0.0,2.2682268226822684,0.648064806480648,0.7290729072907292,0.48604860486048607,0.081008100810081,1.9441944194419443,0.648064806480648,0.48604860486048607,0.0
Abde Rebbach,dz ALG,"MF,DF",Alavés,es La Liga,26.0,1998.0,30,15,1496,16.6,1,4,5,1,0,0,8,0,34,12,40,30,5,109,16,21,0,35.3,0.03,0.08,1.13,0.0,0.56,,,,,,,,,,,,,,,MF,DF,True,Midfielder,True,True,True,0.06016042780748663,0.24064171122994651,0.30080213903743314,0.06016042780748663,0.0,0.0,0.48128342245989303,0.0,2.0454545454545454,0.7219251336898397,2.406417112299465,1.804812834224599,0.30080213903743314,6.557486631016043,0.9625668449197861,1.2633689839572193,0.0
Alejandro Rego,es ESP,MF,Athletic Club,es La Liga,22.0,2003.0,29,11,1279,14.2,1,1,2,1,0,0,6,0,12,3,40,6,0,6,21,20,0,25.0,0.08,0.33,1.31,-0.21,0.29,,,,,,,,,,,,,,,MF,,False,Midfielder,True,True,False,0.07036747458952307,0.07036747458952307,0.14073494917904614,0.07036747458952307,0.0,0.0,0.42220484753713844,0.0,0.8444096950742769,0.21110242376856922,2.8146989835809224,0.42220484753713844,0.0,0.42220484753713844,1.4777169663799845,1.4073494917904612,0.0
Tijjani Reijnders,nl NED,MF,Manchester City,eng Premier League,27.0,1998.0,28,19,1631,18.1,5,2,7,5,0,0,2,0,49,16,19,15,4,43,11,4,0,32.7,0.1,0.31,1.93,0.83,-0.53,,,,,,,,,,,,,,,MF,,False,Midfielder,True,True,True,0.27590435315757206,0.1103617412630288,0.38626609442060084,0.27590435315757206,0.0,0.0,0.1103617412630288,0.0,2.703862660944206,0.8828939301042305,1.0484365419987738,0.8277130594727161,0.2207234825260576,2.37277743715512,0.6069895769466584,0.2207234825260576,0.0
Alberto Reina,es ESP,MF,Oviedo,es La Liga,27.0,1997.0,37,31,2462,27.4,4,1,5,4,0,0,6,1,24,11,37,46,2,52,19,18,0,45.8,0.17,0.36,0.78,-0.8,0.32,,,,,,,,,,,,,,,MF,,False,Midfielder,True,True,True,0.1462225832656377,0.036555645816409424,0.1827782290820471,0.1462225832656377,0.0,0.0,0.21933387489845654,0.036555645816409424,0.8773354995938262,0.4021121039805037,1.3525588952071486,1.6815597075548334,0.07311129163281885,1.90089358245329,0.6945572705117791,0.6580016246953696,0.0
Vitor Reis,br BRA,DF,Girona,es La Liga,19.0,2006.0,36,35,3138,34.9,1,1,2,1,0,0,9,1,19,4,40,24,1,0,35,32,1,21.1,0.05,0.25,1.03,-0.4,0.24,,,,,,,,,,,,,,,DF,,False,Defender,True,True,True,0.028680688336520075,0.028680688336520075,0.05736137667304015,0.028680688336520075,0.0,0.0,0.25812619502868067,0.028680688336520075,0.5449330783938815,0.1147227533460803,1.147227533460803,0.6883365200764818,0.028680688336520075,0.0,1.0038240917782026,0.9177820267686424,0.028680688336520075
Rocco Reitz,de GER,MF,Gladbach,de Bundesliga,23.0,2002.0,31,31,2627,29.2,0,4,4,0,0,0,8,1,47,14,35,55,6,86,49,42,0,29.8,0.0,0.0,1.03,-0.65,-2.31,,,,,,,,,,,,,,,MF,,False,Midfielder,True,True,True,0.0,0.13703844689760183,0.13703844689760183,0.0,0.0,0.0,0.27407689379520367,0.03425961172440046,1.6102017510468216,0.4796345641416064,1.199086410354016,1.8842786448420252,0.20555767034640274,2.946326608298439,1.6787209744956222,1.438903692424819,0.0
Nicolai Remberg,de GER,MF,Hamburger SV,de Bundesliga,25.0,2000.0,32,32,2880,32.0,0,2,2,0,0,0,11,0,17,8,44,48,1,5,43,27,0,47.1,0.0,0.0,1.16,-0.34,1.16,,,,,,,,,,,,,,,MF,,False,Midfielder,True,True,True,0.0,0.0625,0.0625,0.0,0.0,0.0,0.34375,0.0,0.53125,0.25,1.375,1.5,0.03125,0.15625,1.34375,0.84375,0.0
Devyne Rensch,nl NED,MF,Roma,it Serie A,22.0,2003.0,24,12,1184,13.2,1,4,5,1,0,0,1,0,6,2,6,18,3,22,16,15,0,33.3,0.17,0.5,2.08,0.46,-0.43,,,,,,,,,,,,,,,MF,,False,Midfielder,True,True,False,0.07601351351351351,0.30405405405405406,0.3800675675675676,0.07601351351351351,0.0,0.0,0.07601351351351351,0.0,0.4560810810810811,0.15202702702702703,0.4560810810810811,1.3682432432432434,0.22804054054054054,1.6722972972972974,1.2162162162162162,1.1402027027027029,0.0
Elvis Rexhbeçaj,xk KVX,MF,Augsburg,de Bundesliga,27.0,1997.0,26,10,1118,12.4,2,0,2,2,0,0,4,0,11,5,13,16,1,16,4,8,0,45.5,0.18,0.4,1.31,-0.08,0.61,,,,,,,,,,,,,,,MF,,False,Midfielder,True,True,False,0.16100178890876565,0.0,0.16100178890876565,0.16100178890876565,0.0,0.0,0.3220035778175313,0.0,0.8855098389982111,0.4025044722719141,1.0465116279069768,1.2880143112701252,0.08050089445438283,1.2880143112701252,0.3220035778175313,0.6440071556350626,0.0
Oriol Rey,es ESP,MF,Levante,es La Liga,27.0,1998.0,20,14,1319,14.7,0,1,1,0,0,0,4,0,8,1,23,14,0,8,12,12,0,12.5,0.0,0.0,1.1,-0.14,0.38,,,,,,,,,,,,,,,MF,,False,Midfielder,True,True,False,0.0,0.06823351023502654,0.06823351023502654,0.0,0.0,0.0,0.27293404094010615,0.0,0.5458680818802123,0.06823351023502654,1.5693707354056103,0.9552691432903716,0.0,0.5458680818802123,0.8188021228203184,0.8188021228203184,0.0
Samuele Ricci,it ITA,MF,Milan,it Serie A,23.0,2001.0,31,11,1312,14.6,1,4,5,1,0,0,3,0,18,6,17,33,1,28,9,9,0,33.3,0.06,0.17,2.1,0.21,-0.43,,,,,,,,,,,,,,,MF,,False,Midfielder,True,True,False,0.06859756097560976,0.27439024390243905,0.34298780487804875,0.06859756097560976,0.0,0.0,0.20579268292682926,0.0,1.2347560975609757,0.4115853658536585,1.1661585365853657,2.263719512195122,0.06859756097560976,1.9207317073170733,0.6173780487804879,0.6173780487804879,0.0
Declan Rice,eng ENG,MF,Arsenal,eng Premier League,26.0,1999.0,36,35,3094,34.4,4,5,9,4,0,0,3,0,40,13,26,11,1,177,33,33,0,32.5,0.1,0.31,2.19,1.08,-0.86,,,,,,,,,,,,,,,MF,,False,Midfielder,True,True,True,0.11635423400129283,0.14544279250161601,0.26179702650290887,0.11635423400129283,0.0,0.0,0.08726567550096961,0.0,1.1635423400129281,0.37815126050420167,0.7563025210084033,0.31997414350355524,0.029088558500323207,5.148674854557207,0.9599224305106658,0.9599224305106658,0.0
Chris Richards,us USA,DF,Crystal Palace,eng Premier League,25.0,2000.0,33,31,2827,31.4,1,0,1,1,0,0,4,0,15,2,17,5,0,14,43,35,0,13.3,0.07,0.5,1.3,-0.16,0.6,,,,,,,,,,,,,,,DF,,False,Defender,True,True,True,0.0318358684117439,0.0,0.0318358684117439,0.0318358684117439,0.0,0.0,0.1273434736469756,0.0,0.4775380261761584,0.0636717368234878,0.5412097629996463,0.1591793420587195,0.0,0.4457021577644146,1.3689423417049875,1.1142553944110365,0.0
Richarlison,br BRA,"FW,MF",Tottenham Hotspur,eng Premier League,28.0,1997.0,32,20,1964,21.8,11,4,15,11,0,0,5,0,61,26,23,33,10,18,7,16,0,42.6,0.18,0.42,1.19,0.09,0.77,,,,,,,,,,,,,,,FW,MF,True,Forward,True,True,True,0.5040733197556008,0.18329938900203666,0.6873727087576375,0.5040733197556008,0.0,0.0,0.22912423625254583,0.0,2.795315682281059,1.1914460285132382,1.053971486761711,1.5122199592668024,0.45824847250509165,0.824847250509165,0.3207739307535642,0.7331975560081466,0.0
Diego Rico,es ESP,DF,Getafe,es La Liga,32.0,1993.0,28,18,1758,19.5,0,0,0,0,0,0,4,0,11,1,22,35,1,66,33,29,0,9.1,0.0,0.0,1.41,-0.31,-0.31,,,,,,,,,,,,,,,DF,,False,Defender,True,True,True,0.0,0.0,0.0,0.0,0.0,0.0,0.20477815699658702,0.0,0.5631399317406144,0.051194539249146756,1.1262798634812288,1.7918088737201365,0.051194539249146756,3.378839590443686,1.689419795221843,1.484641638225256,0.0
Clemens Riedel,de GER,DF,Espanyol,es La Liga,22.0,2003.0,20,16,1396,15.5,0,1,1,0,0,0,5,0,3,1,23,8,2,3,11,14,0,33.3,0.0,0.0,1.2,-0.06,0.42,,,,,,,,,,,,,,,DF,,False,Defender,True,True,True,0.0,0.06446991404011461,0.06446991404011461,0.0,0.0,0.0,0.3223495702005731,0.0,0.19340974212034384,0.06446991404011461,1.482808022922636,0.5157593123209169,0.12893982808022922,0.19340974212034384,0.7091690544412608,0.9025787965616047,0.0
Fabian Rieder,ch SUI,MF,Augsburg,de Bundesliga,23.0,2002.0,32,28,2343,26.0,6,3,9,4,2,2,4,0,38,13,45,38,2,116,13,20,0,34.2,0.11,0.31,1.25,-0.65,-0.78,,,,,,,,,,,,,,,MF,,False,Midfielder,True,True,True,0.23047375160051214,0.11523687580025607,0.34571062740076824,0.1536491677336748,0.0768245838668374,0.0768245838668374,0.1536491677336748,0.0,1.4596670934699103,0.49935979513444306,1.7285531370038412,1.4596670934699103,0.0768245838668374,4.4558258642765685,0.49935979513444306,0.7682458386683739,0.0
Hugo Rincón,es ESP,DF,Girona,es La Liga,22.0,2003.0,33,16,1750,19.4,1,1,2,1,0,0,4,0,7,2,32,53,1,35,5,33,0,28.6,0.14,0.5,1.0,-0.31,0.23,,,,,,,,,,,,,,,DF,,False,Defender,True,True,True,0.051428571428571435,0.051428571428571435,0.10285714285714287,0.051428571428571435,0.0,0.0,0.20571428571428574,0.0,0.36,0.10285714285714287,1.645714285714286,2.725714285714286,0.051428571428571435,1.8,0.2571428571428571,1.697142857142857,0.0
Luis Rioja,es ESP,MF,Valencia,es La Liga,31.0,1993.0,37,31,2624,29.2,3,6,9,3,0,0,1,0,44,5,13,29,9,152,17,25,0,11.4,0.07,0.6,1.32,-0.1,0.58,,,,,,,,,,,,,,,MF,,False,Midfielder,True,True,True,0.10289634146341463,0.20579268292682926,0.3086890243902439,0.10289634146341463,0.0,0.0,0.03429878048780488,0.0,1.5091463414634148,0.17149390243902438,0.4458841463414634,0.9946646341463414,0.3086890243902439,5.213414634146342,0.5830792682926829,0.8574695121951219,0.0
Lars Ritzka,de GER,"MF,DF",St Pauli,de Bundesliga,27.0,1998.0,21,12,966,10.7,0,0,0,0,0,0,1,0,4,1,10,3,2,18,13,26,0,25.0,0.0,0.0,0.71,-1.4,-0.71,,,,,,,,,,,,,,,MF,DF,True,Midfielder,True,True,False,0.0,0.0,0.0,0.0,0.0,0.0,0.09316770186335405,0.0,0.3726708074534162,0.09316770186335405,0.9316770186335404,0.2795031055900621,0.1863354037267081,1.6770186335403727,1.2111801242236024,2.422360248447205,0.0
Andrew Robertson,sct SCO,DF,Liverpool,eng Premier League,31.0,1994.0,24,11,1176,13.1,1,0,1,1,0,0,0,0,10,3,4,1,5,53,7,10,0,30.0,0.1,0.33,1.58,0.46,0.3,,,,,,,,,,,,,,,DF,,False,Defender,True,True,False,0.07653061224489796,0.0,0.07653061224489796,0.07653061224489796,0.0,0.0,0.0,0.0,0.7653061224489797,0.22959183673469385,0.30612244897959184,0.07653061224489796,0.38265306122448983,4.056122448979592,0.5357142857142857,0.7653061224489797,0.0
Antonee Robinson,us USA,"DF,MF",Fulham,eng Premier League,27.0,1997.0,22,17,1492,16.6,1,0,1,0,1,1,5,0,6,1,15,9,2,77,28,31,0,16.7,0.0,0.0,1.36,-0.36,-0.46,,,,,,,,,,,,,,,DF,MF,True,Defender,True,True,True,0.06032171581769437,0.0,0.06032171581769437,0.0,0.06032171581769437,0.06032171581769437,0.30160857908847183,0.0,0.36193029490616624,0.06032171581769437,0.9048257372654155,0.5428954423592492,0.12064343163538874,4.644772117962466,1.6890080428954422,1.8699731903485255,0.0
Joel Roca,es ESP,"MF,FW",Girona,es La Liga,20.0,2005.0,32,16,1473,16.4,3,1,4,3,0,0,4,1,48,16,13,45,4,33,2,11,0,33.3,0.06,0.19,1.06,-0.55,-0.23,,,,,,,,,,,,,,,MF,FW,True,Midfielder,True,True,True,0.18329938900203666,0.06109979633401222,0.24439918533604887,0.18329938900203666,0.0,0.0,0.24439918533604887,0.06109979633401222,2.9327902240325865,0.9775967413441955,0.7942973523421589,2.74949083503055,0.24439918533604887,2.016293279022403,0.12219959266802444,0.6720977596741344,0.0
Marc Roca,es ESP,MF,Real Betis,es La Liga,28.0,1996.0,29,23,2026,22.5,1,1,2,1,0,0,1,0,17,7,42,23,0,10,23,29,0,41.2,0.06,0.14,1.69,0.27,-0.06,,,,,,,,,,,,,,,MF,,False,Midfielder,True,True,True,0.044422507403751234,0.044422507403751234,0.08884501480750247,0.044422507403751234,0.0,0.0,0.044422507403751234,0.0,0.7551826258637709,0.31095755182625867,1.8657453109575517,1.0217176702862785,0.0,0.4442250740375123,1.0217176702862785,1.2882527147087859,0.0
Joe Rodon,wls WAL,DF,Leeds United,eng Premier League,27.0,1997.0,35,33,2951,32.8,2,0,2,2,0,0,3,0,18,7,17,19,1,6,30,19,0,38.9,0.11,0.29,1.2,-0.3,-0.88,,,,,,,,,,,,,,,DF,,False,Defender,True,True,True,0.060996272450016945,0.0,0.060996272450016945,0.060996272450016945,0.0,0.0,0.09149440867502541,0.0,0.5489664520501525,0.2134869535750593,0.5184683158251441,0.579464588275161,0.030498136225008472,0.18298881735005082,0.9149440867502541,0.579464588275161,0.0
Rodri,es ESP,MF,Manchester City,eng Premier League,29.0,1996.0,21,17,1511,16.8,1,0,1,1,0,0,3,0,16,3,14,31,0,5,12,25,0,18.8,0.06,0.33,1.81,0.77,-0.59,,,,,,,,,,,,,,,MF,,False,Midfielder,True,True,True,0.05956320317670417,0.0,0.05956320317670417,0.05956320317670417,0.0,0.0,0.1786896095301125,0.0,0.9530112508272667,0.1786896095301125,0.8338848444738584,1.8464592984778292,0.0,0.29781601588352086,0.71475843812045,1.4890800794176042,0.0
Álvaro Rodríguez,uy URU,FW,Elche,es La Liga,21.0,2004.0,34,24,2201,24.5,7,5,12,7,0,0,2,0,75,24,37,49,18,10,4,14,0,32.0,0.09,0.29,1.06,-0.25,-0.1,,,,,,,,,,,,,,,FW,,False,Forward,True,True,True,0.2862335302135393,0.2044525215810995,0.4906860517946388,0.2862335302135393,0.0,0.0,0.0817810086324398,0.0,3.0667878237164925,0.9813721035892776,1.5129486597001363,2.003634711494775,0.7360290776919582,0.408905043162199,0.1635620172648796,0.5724670604270786,0.0
Guido Rodríguez,ar ARG,MF,Valencia,es La Liga,31.0,1994.0,16,14,1309,14.5,4,0,4,4,0,0,4,0,15,5,21,28,0,3,10,27,0,33.3,0.27,0.8,1.63,0.28,0.83,,,,,,,,,,,,,,,MF,,False,Midfielder,True,True,False,0.2750190985485103,0.0,0.2750190985485103,0.2750190985485103,0.0,0.0,0.2750190985485103,0.0,1.0313216195569137,0.3437738731856379,1.4438502673796794,1.9251336898395721,0.0,0.20626432391138275,0.6875477463712758,1.8563789152024448,0.0
Javi Rodríguez,es ESP,DF,Celta Vigo,es La Liga,22.0,2003.0,33,28,2558,28.4,0,1,1,0,0,0,5,0,12,1,33,33,1,1,28,23,0,8.3,0.0,0.0,1.42,-0.07,-0.8,,,,,,,,,,,,,,,DF,,False,Defender,True,True,True,0.0,0.035183737294761534,0.035183737294761534,0.0,0.0,0.0,0.17591868647380765,0.0,0.42220484753713844,0.035183737294761534,1.1610633307271305,1.1610633307271305,0.035183737294761534,0.035183737294761534,0.9851446442533229,0.8092259577795152,0.0
Jesus Rodríguez,es ESP,MF,Como,it Serie A,19.0,2005.0,31,18,1731,19.2,2,9,11,2,0,0,3,1,45,12,24,32,3,57,4,17,0,26.7,0.04,0.17,1.9,1.4,0.92,,,,,,,,,,,,,,,MF,,False,Midfielder,True,True,True,0.10398613518197573,0.46793760831889086,0.5719237435008665,0.10398613518197573,0.0,0.0,0.1559792027729636,0.05199306759098787,2.339688041594454,0.6239168110918544,1.2478336221837087,1.6637781629116117,0.1559792027729636,2.9636048526863084,0.20797227036395147,0.8838821490467937,0.0
Juan Rodríguez,uy URU,DF,Cagliari,it Serie A,20.0,2005.0,17,16,1310,14.6,1,0,1,1,0,0,3,0,3,2,15,8,0,5,17,27,0,66.7,0.33,0.5,1.06,-0.62,-0.45,,,,,,,,,,,,,,,DF,,False,Defender,True,True,False,0.06870229007633588,0.0,0.06870229007633588,0.06870229007633588,0.0,0.0,0.20610687022900764,0.0,0.20610687022900764,0.13740458015267176,1.0305343511450382,0.549618320610687,0.0,0.34351145038167935,1.16793893129771,1.8549618320610688,0.0
Ricardo Rodríguez,ch SUI,DF,Real Betis,es La Liga,32.0,1992.0,23,18,1547,17.2,0,1,1,0,0,0,0,0,3,0,11,5,0,15,8,14,0,0.0,0.0,,1.91,0.87,1.06,,,,,,,,,,,,,,,DF,,False,Defender,True,True,True,0.0,0.058177117000646414,0.058177117000646414,0.0,0.0,0.0,0.0,0.0,0.17453135100193923,0.0,0.6399482870071105,0.29088558500323203,0.0,0.8726567550096962,0.4654169360051713,0.8144796380090499,0.0
Morgan Rogers,eng ENG,MF,Aston Villa,eng Premier League,23.0,2002.0,37,37,3280,36.4,10,6,16,10,0,0,7,0,84,32,46,49,3,51,13,23,0,38.1,0.12,0.31,1.68,0.14,-1.15,,,,,,,,,,,,,,,MF,,False,Midfielder,True,True,True,0.27439024390243905,0.16463414634146342,0.43902439024390244,0.27439024390243905,0.0,0.0,0.19207317073170732,0.0,2.3048780487804876,0.8780487804878049,1.2621951219512195,1.3445121951219512,0.08231707317073171,1.399390243902439,0.3567073170731707,0.6310975609756098,0.0
Alessio Romagnoli,it ITA,DF,Lazio,it Serie A,30.0,1995.0,32,31,2666,29.6,0,0,0,0,0,0,6,1,9,4,18,15,0,2,32,14,0,44.4,0.0,0.0,1.41,-0.07,-0.43,,,,,,,,,,,,,,,DF,,False,Defender,True,True,True,0.0,0.0,0.0,0.0,0.0,0.0,0.20255063765941483,0.03375843960990248,0.30382595648912225,0.1350337584396099,0.6076519129782445,0.5063765941485371,0.0,0.06751687921980495,1.0802700675168793,0.47261815453863465,0.0
Miguel Román,es ESP,MF,Celta Vigo,es La Liga,22.0,2002.0,19,14,1311,14.6,1,0,1,1,0,0,3,0,9,2,20,11,0,21,12,17,0,22.2,0.11,0.5,1.63,0.34,0.34,,,,,,,,,,,,,,,MF,,False,Midfielder,True,True,False,0.06864988558352403,0.0,0.06864988558352403,0.06864988558352403,0.0,0.0,0.20594965675057209,0.0,0.6178489702517163,0.13729977116704806,1.3729977116704806,0.7551487414187643,0.0,1.4416475972540046,0.8237986270022883,1.1670480549199085,0.0
Carlos Romero,es ESP,DF,Espanyol,es La Liga,23.0,2001.0,36,36,3191,35.5,6,3,9,6,0,0,4,0,42,12,40,19,1,89,38,60,0,28.6,0.14,0.5,1.28,-0.17,2.19,,,,,,,,,,,,,,,DF,,False,Defender,True,True,True,0.16922594797869006,0.08461297398934503,0.2538389219680351,0.16922594797869006,0.0,0.0,0.11281729865246004,0.0,1.1845816358508303,0.3384518959573801,1.1281729865246004,0.5358821685991852,0.02820432466311501,2.510184895017236,1.0717643371983705,1.6922594797869006,0.0
Cristian Romero,ar ARG,DF,Tottenham Hotspur,eng Premier League,27.0,1998.0,23,22,1868,20.8,4,1,5,4,0,0,11,2,17,6,32,16,1,1,31,30,0,35.3,0.24,0.67,1.0,-0.24,-0.01,,,,,,,,,,,,,,,DF,,False,Defender,True,True,True,0.19271948608137046,0.048179871520342615,0.24089935760171305,0.19271948608137046,0.0,0.0,0.5299785867237687,0.09635974304068523,0.8190578158458244,0.2890792291220557,1.5417558886509637,0.7708779443254818,0.048179871520342615,0.048179871520342615,1.493576017130621,1.4453961456102784,0.0
Isaac Romero,es ESP,"FW,MF",Sevilla,es La Liga,25.0,2000.0,29,18,1484,16.5,4,0,4,4,0,1,6,1,41,14,29,24,5,10,5,10,0,34.1,0.1,0.29,1.0,-0.3,0.12,,,,,,,,,,,,,,,FW,MF,True,Forward,True,True,True,0.24258760107816713,0.0,0.24258760107816713,0.24258760107816713,0.0,0.06064690026954178,0.3638814016172507,0.06064690026954178,2.486522911051213,0.8490566037735848,1.7587601078167117,1.4555256064690028,0.3032345013477089,0.6064690026954178,0.3032345013477089,0.6064690026954178,0.0
Iván Romero,es ESP,"FW,MF",Levante,es La Liga,24.0,2001.0,32,28,2259,25.1,7,1,8,7,0,1,5,0,59,18,41,77,7,21,12,22,0,30.5,0.12,0.39,1.16,-0.16,0.62,,,,,,,,,,,,,,,FW,MF,True,Forward,True,True,True,0.27888446215139445,0.0398406374501992,0.3187250996015936,0.27888446215139445,0.0,0.0398406374501992,0.199203187250996,0.0,2.350597609561753,0.7171314741035857,1.6334661354581674,3.0677290836653386,0.27888446215139445,0.8366533864541833,0.4780876494023904,0.8764940239043825,0.0
Zaid Romero,ar ARG,DF,Getafe,es La Liga,25.0,1999.0,15,15,1349,15.0,1,0,1,1,0,0,5,1,10,2,11,12,0,4,28,23,0,20.0,0.1,0.5,1.8,0.53,1.14,,,,,,,,,,,,,,,DF,,False,Defender,True,True,False,0.06671608598962193,0.0,0.06671608598962193,0.06671608598962193,0.0,0.0,0.3335804299481097,0.06671608598962193,0.6671608598962194,0.13343217197924387,0.7338769458858414,0.8005930318754633,0.0,0.26686434395848774,1.8680504077094142,1.5344699777613044,0.0
Rômulo,br BRA,FW,RB Leipzig,de Bundesliga,23.0,2002.0,30,27,2188,24.3,9,4,13,9,0,1,3,0,63,27,20,20,8,0,11,19,1,42.9,0.14,0.33,1.93,0.82,0.93,,,,,,,,,,,,,,,FW,,False,Forward,True,True,True,0.3702010968921389,0.16453382084095064,0.5347349177330896,0.3702010968921389,0.0,0.04113345521023766,0.12340036563071298,0.0,2.591407678244973,1.110603290676417,0.8226691042047533,0.8226691042047533,0.3290676416819013,0.0,0.4524680073126143,0.7815356489945156,0.04113345521023766
Salomón Rondón,ve VEN,FW,Oviedo,es La Liga,35.0,1989.0,16,13,1032,11.5,2,0,2,2,0,1,2,0,24,5,11,21,12,2,1,0,0,20.8,0.08,0.4,0.69,-0.96,-0.09,,,,,,,,,,,,,,,FW,,False,Forward,True,True,False,0.1744186046511628,0.0,0.1744186046511628,0.1744186046511628,0.0,0.0872093023255814,0.1744186046511628,0.0,2.0930232558139537,0.436046511627907,0.9593023255813954,1.8313953488372094,1.0465116279069768,0.1744186046511628,0.0872093023255814,0.0,0.0
Valentin Rongier,fr FRA,MF,Rennes,fr Ligue 1,30.0,1994.0,31,31,2745,30.5,2,5,7,2,0,0,6,0,22,10,48,26,0,21,36,48,0,45.5,0.09,0.2,1.77,0.39,1.25,,,,,,,,,,,,,,,MF,,False,Midfielder,True,True,True,0.06557377049180328,0.16393442622950818,0.22950819672131148,0.06557377049180328,0.0,0.0,0.19672131147540983,0.0,0.7213114754098361,0.32786885245901637,1.5737704918032787,0.8524590163934426,0.0,0.6885245901639344,1.180327868852459,1.5737704918032787,0.0
Marten de Roon,nl NED,MF,Atalanta,it Serie A,34.0,1991.0,34,32,2691,29.9,1,2,3,1,0,0,8,1,16,4,37,11,0,13,26,44,0,25.0,0.06,0.25,1.62,0.5,0.5,,,,,,,,,,,,,,,MF,,False,Midfielder,True,True,True,0.033444816053511704,0.06688963210702341,0.10033444816053512,0.033444816053511704,0.0,0.0,0.26755852842809363,0.033444816053511704,0.5351170568561873,0.13377926421404682,1.2374581939799332,0.3678929765886288,0.0,0.43478260869565216,0.8695652173913043,1.4715719063545152,0.0
Valentin Rosier,fr FRA,"DF,MF",Osasuna,es La Liga,28.0,1996.0,31,30,2547,28.3,1,1,2,1,0,0,6,1,19,3,33,20,3,46,43,32,0,15.8,0.05,0.33,1.16,-0.28,-0.49,,,,,,,,,,,,,,,DF,MF,True,Defender,True,True,True,0.0353356890459364,0.0353356890459364,0.0706713780918728,0.0353356890459364,0.0,0.0,0.21201413427561835,0.0353356890459364,0.6713780918727915,0.10600706713780918,1.1660777385159011,0.7067137809187279,0.10600706713780918,1.6254416961130742,1.5194346289752652,1.1307420494699647,0.0
Tom Rothe,de GER,"MF,DF",Union Berlin,de Bundesliga,20.0,2004.0,21,10,1029,11.4,2,0,2,2,0,0,1,1,19,5,10,6,2,35,21,15,0,26.3,0.11,0.4,1.1,-0.44,-0.04,,,,,,,,,,,,,,,MF,DF,True,Midfielder,True,True,False,0.1749271137026239,0.0,0.1749271137026239,0.1749271137026239,0.0,0.0,0.08746355685131195,0.08746355685131195,1.661807580174927,0.43731778425655976,0.8746355685131195,0.5247813411078717,0.1749271137026239,3.0612244897959187,1.8367346938775508,1.3119533527696792,0.0
Anthony Rouault,fr FRA,DF,Rennes,fr Ligue 1,24.0,2001.0,21,19,1724,19.2,1,0,1,1,0,0,4,0,9,3,26,8,0,0,18,13,0,33.3,0.11,0.33,1.71,0.37,0.23,,,,,,,,,,,,,,,DF,,False,Defender,True,True,True,0.052204176334106726,0.0,0.052204176334106726,0.052204176334106726,0.0,0.0,0.2088167053364269,0.0,0.46983758700696054,0.15661252900232017,1.357308584686775,0.4176334106728538,0.0,0.0,0.9396751740139211,0.6786542923433875,0.0
Jonathan Rowe,eng ENG,"MF,FW",Bologna,it Serie A,22.0,2003.0,28,17,1605,17.8,3,2,5,3,0,0,2,0,48,17,23,50,4,53,9,14,0,35.4,0.06,0.18,1.32,0.06,-0.04,,,,,,,,,,,,,,,MF,FW,True,Midfielder,True,True,True,0.16822429906542058,0.11214953271028037,0.2803738317757009,0.16822429906542058,0.0,0.0,0.11214953271028037,0.0,2.6915887850467293,0.9532710280373832,1.2897196261682242,2.803738317757009,0.22429906542056074,2.9719626168224296,0.5046728971962616,0.7850467289719626,0.0
Amir Rrahmani,xk KVX,DF,Napoli,it Serie A,31.0,1994.0,21,21,1795,19.9,2,1,3,2,0,0,2,0,15,4,20,16,2,1,22,12,0,26.7,0.13,0.5,2.0,0.85,0.58,,,,,,,,,,,,,,,DF,,False,Defender,True,True,True,0.10027855153203342,0.05013927576601671,0.15041782729805014,0.10027855153203342,0.0,0.0,0.10027855153203342,0.0,0.7520891364902508,0.20055710306406685,1.0027855153203342,0.8022284122562674,0.10027855153203342,0.05013927576601671,1.1030640668523677,0.6016713091922006,0.0
Antonio Rüdiger,de GER,DF,Real Madrid,es La Liga,32.0,1993.0,18,16,1490,16.6,1,0,1,1,0,0,0,0,13,1,11,2,2,2,4,5,0,7.7,0.08,1.0,2.11,0.97,-0.25,,,,,,,,,,,,,,,DF,,False,Defender,True,True,True,0.060402684563758385,0.0,0.060402684563758385,0.060402684563758385,0.0,0.0,0.0,0.0,0.785234899328859,0.060402684563758385,0.6644295302013423,0.12080536912751677,0.12080536912751677,0.12080536912751677,0.24161073825503354,0.30201342281879195,0.0
Javi Rueda,es ESP,MF,Celta Vigo,es La Liga,23.0,2002.0,26,16,1404,15.6,2,6,8,2,0,0,6,0,11,3,25,21,3,27,20,12,0,27.3,0.18,0.67,1.42,0.26,0.21,,,,,,,,,,,,,,,MF,,False,Midfielder,True,True,True,0.12820512820512822,0.38461538461538464,0.5128205128205129,0.12820512820512822,0.0,0.0,0.38461538461538464,0.0,0.7051282051282052,0.19230769230769232,1.6025641025641026,1.3461538461538463,0.19230769230769232,1.7307692307692308,1.2820512820512822,0.7692307692307693,0.0
Matteo Ruggeri,it ITA,DF,Atlético Madrid,es La Liga,23.0,2002.0,26,20,1774,19.7,0,3,3,0,0,0,4,0,5,2,28,2,1,86,20,23,0,40.0,0.0,0.0,1.69,0.51,0.07,,,,,,,,,,,,,,,DF,,False,Defender,True,True,True,0.0,0.15219842164599773,0.15219842164599773,0.0,0.0,0.0,0.2029312288613303,0.0,0.2536640360766629,0.10146561443066515,1.4205186020293121,0.10146561443066515,0.050732807215332576,4.363021420518602,1.0146561443066515,1.1668545659526492,0.0
Aitor Ruibal,es ESP,"DF,MF",Real Betis,es La Liga,29.0,1996.0,27,20,1808,20.1,4,2,6,4,0,0,6,1,31,12,32,25,1,31,20,32,0,38.7,0.13,0.33,1.67,0.45,0.34,,,,,,,,,,,,,,,DF,MF,True,Defender,True,True,True,0.19911504424778761,0.09955752212389381,0.29867256637168144,0.19911504424778761,0.0,0.0,0.29867256637168144,0.049778761061946904,1.5431415929203538,0.5973451327433629,1.592920353982301,1.2444690265486726,0.049778761061946904,1.5431415929203538,0.995575221238938,1.592920353982301,0.0
Fabián Ruiz Peña,es ESP,MF,Paris Saint-Germain,fr Ligue 1,29.0,1996.0,20,13,1131,12.6,1,4,5,1,0,0,2,0,19,4,2,3,2,21,17,11,0,21.1,0.05,0.25,2.3,1.11,-0.33,,,,,,,,,,,,,,,MF,,False,Midfielder,True,True,False,0.07957559681697612,0.3183023872679045,0.3978779840848807,0.07957559681697612,0.0,0.0,0.15915119363395225,0.0,1.5119363395225462,0.3183023872679045,0.15915119363395225,0.23872679045092837,0.15915119363395225,1.6710875331564987,1.3527851458885942,0.8753315649867375,0.0
Georginio Rutter,fr FRA,"MF,FW",Brighton,eng Premier League,23.0,2002.0,32,20,1786,19.8,3,3,6,3,0,0,2,0,42,14,30,34,11,20,11,19,1,33.3,0.07,0.21,1.38,0.35,0.41,,,,,,,,,,,,,,,MF,FW,True,Midfielder,True,True,True,0.15117581187010076,0.15117581187010076,0.3023516237402015,0.15117581187010076,0.0,0.0,0.10078387458006718,0.0,2.1164613661814107,0.7054871220604704,1.5117581187010078,1.7133258678611423,0.5543113101903695,1.007838745800672,0.5543113101903695,0.9574468085106382,0.05039193729003359
Julian Ryerson,no NOR,MF,Dortmund,de Bundesliga,27.0,1997.0,31,26,2266,25.2,0,15,15,0,0,0,8,0,12,1,26,21,4,250,12,21,0,8.3,0.0,0.0,2.23,1.07,0.05,,,,,,,,,,,,,,,MF,,False,Midfielder,True,True,True,0.0,0.5957634598411298,0.5957634598411298,0.0,0.0,0.0,0.3177405119152692,0.0,0.47661076787290385,0.03971756398940865,1.032656663724625,0.8340688437775816,0.1588702559576346,9.929390997352161,0.47661076787290385,0.8340688437775816,0.0
Stefano Sabelli,it ITA,"MF,DF",Genoa,it Serie A,32.0,1993.0,16,12,913,10.1,0,0,0,0,0,0,0,0,8,0,6,19,0,27,3,14,1,0.0,0.0,,1.56,-0.1,0.22,,,,,,,,,,,,,,,MF,DF,True,Midfielder,True,True,False,0.0,0.0,0.0,0.0,0.0,0.0,0.0,0.0,0.7886089813800657,0.0,0.5914567360350492,1.8729463307776562,0.0,2.661555312157722,0.2957283680175246,1.380065717415115,0.09857612267250822
Marcel Sabitzer,at AUT,MF,Dortmund,de Bundesliga,31.0,1994.0,26,21,1817,20.2,1,2,3,1,0,0,3,0,20,4,20,17,3,37,20,19,0,20.0,0.05,0.25,2.04,0.84,-0.53,,,,,,,,,,,,,,,MF,,False,Midfielder,True,True,True,0.04953219592735278,0.09906439185470556,0.14859658778205834,0.04953219592735278,0.0,0.0,0.14859658778205834,0.0,0.9906439185470556,0.19812878370941112,0.9906439185470556,0.8420473307649972,0.14859658778205834,1.832691249312053,0.9906439185470556,0.9411117226197029,0.0
Noah Sadiki,cd COD,MF,Sunderland,eng Premier League,20.0,2004.0,33,33,2889,32.1,0,1,1,0,0,0,9,0,19,5,31,40,2,21,33,26,0,26.3,0.0,0.0,1.52,-0.16,0.01,,,,,,,,,,,,,,,MF,,False,Midfielder,True,True,True,0.0,0.031152647975077885,0.031152647975077885,0.0,0.0,0.0,0.2803738317757009,0.0,0.5919003115264797,0.1557632398753894,0.9657320872274143,1.2461059190031152,0.06230529595015577,0.6542056074766356,1.0280373831775702,0.8099688473520249,0.0
Umar Sadiq,ng NGA,FW,Valencia,es La Liga,28.0,1997.0,20,8,911,10.1,4,2,6,4,0,0,3,0,25,10,30,19,13,5,1,5,0,40.0,0.16,0.4,1.65,0.4,0.86,,,,,,,,,,,,,,,FW,,False,Forward,True,True,False,0.3951701427003293,0.19758507135016465,0.5927552140504939,0.3951701427003293,0.0,0.0,0.29637760702524696,0.0,2.469813391877058,0.9879253567508234,2.96377607025247,1.8770581778265643,1.2843029637760703,0.4939626783754117,0.09879253567508232,0.4939626783754117,0.0
Alexis Saelemaekers,be BEL,MF,Milan,it Serie A,26.0,1999.0,35,33,2788,31.0,3,3,6,3,0,0,5,0,43,11,26,64,2,82,30,38,0,25.6,0.07,0.27,1.74,0.29,-0.99,,,,,,,,,,,,,,,MF,,False,Midfielder,True,True,True,0.09684361549497847,0.09684361549497847,0.19368723098995694,0.09684361549497847,0.0,0.0,0.16140602582496413,0.0,1.3880918220946914,0.3550932568149211,0.8393113342898134,2.065997130559541,0.06456241032998565,2.6470588235294117,0.9684361549497849,1.2266857962697275,0.0
Wesley Saïd,fr FRA,MF,Lens,fr Ligue 1,30.0,1995.0,29,26,1991,22.1,12,2,14,11,1,1,2,0,60,27,37,13,13,22,9,15,0,45.0,0.18,0.41,2.17,0.81,-0.28,,,,,,,,,,,,,,,MF,,False,Midfielder,True,True,True,0.5424409844299347,0.09040683073832247,0.6328478151682572,0.49723756906077343,0.04520341536916123,0.04520341536916123,0.09040683073832247,0.0,2.712204922149674,1.2204922149673532,1.6725263686589653,0.5876443997990959,0.5876443997990959,0.9944751381215469,0.40683073832245104,0.6780512305374184,0.0
Bukayo Saka,eng ENG,"FW,MF",Arsenal,eng Premier League,23.0,2001.0,31,25,2222,24.7,7,5,12,6,1,1,2,0,71,27,33,54,14,122,16,19,0,38.0,0.08,0.22,2.35,1.22,0.16,,,,,,,,,,,,,,,FW,MF,True,Forward,True,True,True,0.28352835283528355,0.20252025202520252,0.48604860486048607,0.24302430243024303,0.0405040504050405,0.0405040504050405,0.081008100810081,0.0,2.8757875787578757,1.0936093609360935,1.3366336633663365,2.187218721872187,0.5670567056705671,4.941494149414941,0.648064806480648,0.7695769576957696,0.0
Mohamed Salah,eg EGY,MF,Liverpool,eng Premier League,33.0,1992.0,27,23,2146,23.8,7,7,14,6,1,1,1,0,68,19,10,16,14,117,3,12,0,27.9,0.09,0.32,1.67,0.21,-0.14,,,,,,,,,,,,,,,MF,,False,Midfielder,True,True,True,0.293569431500466,0.293569431500466,0.587138863000932,0.2516309412861137,0.04193849021435228,0.04193849021435228,0.04193849021435228,0.0,2.8518173345759554,0.7968313140726934,0.4193849021435228,0.6710158434296365,0.587138863000932,4.906803355079217,0.12581547064305684,0.5032618825722274,0.0
Kike Salas,es ESP,DF,Sevilla,es La Liga,23.0,2002.0,26,24,2203,24.5,2,0,2,2,0,0,1,0,19,8,31,20,2,10,37,35,0,42.1,0.11,0.25,1.0,-0.49,-0.34,,,,,,,,,,,,,,,DF,,False,Defender,True,True,True,0.0817067635043123,0.0,0.0817067635043123,0.0817067635043123,0.0,0.0,0.04085338175215615,0.0,0.7762142532909669,0.3268270540172492,1.2664548343168407,0.8170676350431231,0.0817067635043123,0.40853381752156154,1.5115751248297777,1.4298683613254655,0.0
Manolis Saliakas,gr GRE,MF,St Pauli,de Bundesliga,28.0,1996.0,17,12,1106,12.3,1,3,4,1,0,0,3,0,16,3,4,7,4,44,13,20,0,18.8,0.06,0.33,1.12,-0.73,0.28,,,,,,,,,,,,,,,MF,,False,Midfielder,True,True,False,0.081374321880651,0.244122965641953,0.325497287522604,0.081374321880651,0.0,0.0,0.244122965641953,0.0,1.301989150090416,0.244122965641953,0.325497287522604,0.569620253164557,0.325497287522604,3.580470162748644,1.057866184448463,1.62748643761302,0.0
William Saliba,fr FRA,DF,Arsenal,eng Premier League,24.0,2001.0,31,30,2614,29.0,1,0,1,1,0,0,2,0,5,1,22,16,1,9,15,23,0,20.0,0.2,1.0,2.29,1.38,0.93,,,,,,,,,,,,,,,DF,,False,Defender,True,True,True,0.03442999234889059,0.0,0.03442999234889059,0.03442999234889059,0.0,0.0,0.06885998469778118,0.0,0.17214996174445296,0.03442999234889059,0.7574598316755929,0.5508798775822494,0.03442999234889059,0.30986993114001526,0.5164498852333589,0.7918898240244836,0.0
Mohammed Salisu,gh GHA,DF,Monaco,fr Ligue 1,26.0,1999.0,12,12,1080,12.0,1,0,1,1,0,0,3,0,8,2,17,3,4,0,19,11,1,25.0,0.13,0.5,1.17,-0.5,-1.05,,,,,,,,,,,,,,,DF,,False,Defender,True,True,False,0.08333333333333334,0.0,0.08333333333333334,0.08333333333333334,0.0,0.0,0.25,0.0,0.6666666666666667,0.16666666666666669,1.4166666666666665,0.25,0.33333333333333337,0.0,1.5833333333333335,0.9166666666666667,0.08333333333333334
Lazar Samardzic,rs SRB,MF,Atalanta,it Serie A,23.0,2002.0,26,11,1030,11.4,2,1,3,2,0,0,1,0,25,9,17,10,1,68,10,8,0,36.0,0.08,0.22,1.5,0.17,-0.31,,,,,,,,,,,,,,,MF,,False,Midfielder,True,True,False,0.17475728155339806,0.08737864077669903,0.2621359223300971,0.17475728155339806,0.0,0.0,0.08737864077669903,0.0,2.1844660194174756,0.7864077669902912,1.4854368932038837,0.8737864077669902,0.08737864077669903,5.941747572815535,0.8737864077669902,0.6990291262135923,0.0
Mbwana Samatta,tz TAN,FW,Le Havre,fr Ligue 1,32.0,1992.0,27,17,1542,17.1,2,1,3,2,0,0,4,0,42,16,35,20,10,7,4,6,0,38.1,0.05,0.13,0.96,-0.18,0.36,,,,,,,,,,,,,,,FW,,False,Forward,True,True,True,0.11673151750972763,0.058365758754863814,0.17509727626459143,0.11673151750972763,0.0,0.0,0.23346303501945526,0.0,2.4513618677042803,0.933852140077821,2.0428015564202333,1.1673151750972763,0.5836575875486382,0.40856031128404674,0.23346303501945526,0.35019455252918286,0.0
Albert Sambi Lokonga,be BEL,MF,Hamburger SV,de Bundesliga,25.0,1999.0,26,20,1710,19.0,5,0,5,5,0,0,3,0,19,11,20,27,0,13,13,13,0,57.9,0.26,0.45,1.23,0.0,0.93,,,,,,,,,,,,,,,MF,,False,Midfielder,True,True,True,0.2631578947368421,0.0,0.2631578947368421,0.2631578947368421,0.0,0.0,0.15789473684210525,0.0,1.0,0.5789473684210527,1.0526315789473684,1.4210526315789473,0.0,0.6842105263157895,0.6842105263157895,0.6842105263157895,0.0
Antonio Sanabria,py PAR,FW,Cremonese,it Serie A,29.0,1996.0,25,10,945,10.5,1,1,2,1,0,0,2,0,12,4,15,15,6,2,1,2,0,33.3,0.08,0.25,1.04,-0.29,0.51,,,,,,,,,,,,,,,FW,,False,Forward,True,True,False,0.09523809523809525,0.09523809523809525,0.1904761904761905,0.09523809523809525,0.0,0.0,0.1904761904761905,0.0,1.1428571428571428,0.380952380952381,1.4285714285714284,1.4285714285714284,0.5714285714285714,0.1904761904761905,0.09523809523809525,0.1904761904761905,0.0
Oihan Sancet,es ESP,MF,Athletic Club,es La Liga,25.0,2000.0,28,22,1788,19.9,4,0,4,2,2,2,4,1,48,15,28,28,0,23,3,14,0,31.3,0.04,0.13,1.0,-0.4,-0.02,,,,,,,,,,,,,,,MF,,False,Midfielder,True,True,True,0.20134228187919462,0.0,0.20134228187919462,0.10067114093959731,0.10067114093959731,0.10067114093959731,0.20134228187919462,0.050335570469798654,2.4161073825503356,0.7550335570469798,1.4093959731543624,1.4093959731543624,0.0,1.157718120805369,0.15100671140939598,0.7046979865771812,0.0
Alexis Sánchez,cl CHI,"FW,MF",Sevilla,es La Liga,36.0,1988.0,28,11,1308,14.5,4,2,6,3,1,1,3,0,25,9,16,26,13,25,7,13,0,36.0,0.12,0.33,1.14,-0.83,-0.74,,,,,,,,,,,,,,,FW,MF,True,Forward,True,True,False,0.27522935779816515,0.13761467889908258,0.41284403669724773,0.20642201834862386,0.06880733944954129,0.06880733944954129,0.20642201834862386,0.0,1.720183486238532,0.6192660550458716,1.1009174311926606,1.7889908256880733,0.8944954128440367,1.720183486238532,0.481651376146789,0.8944954128440367,0.0
Antonio Sánchez,es ESP,"MF,DF",Mallorca,es La Liga,28.0,1997.0,30,9,1073,11.9,0,0,0,0,0,0,5,1,6,3,16,10,1,29,16,12,0,50.0,0.0,0.0,1.23,-0.5,-0.35,,,,,,,,,,,,,,,MF,DF,True,Midfielder,True,True,False,0.0,0.0,0.0,0.0,0.0,0.0,0.4193849021435228,0.08387698042870456,0.5032618825722274,0.2516309412861137,1.342031686859273,0.8387698042870456,0.08387698042870456,2.4324324324324325,1.342031686859273,1.0065237651444547,0.0
Juanlu Sánchez,es ESP,"MF,DF",Sevilla,es La Liga,21.0,2003.0,32,23,1990,22.1,0,3,3,0,0,0,6,1,14,1,23,42,4,59,11,42,0,7.1,0.0,0.0,0.94,-0.54,-0.42,,,,,,,,,,,,,,,MF,DF,True,Midfielder,True,True,True,0.0,0.135678391959799,0.135678391959799,0.0,0.0,0.0,0.271356783919598,0.04522613065326633,0.6331658291457287,0.04522613065326633,1.0402010050251256,1.899497487437186,0.18090452261306533,2.6683417085427137,0.4974874371859297,1.899497487437186,0.0
Manu Sánchez,es ESP,DF,Levante,es La Liga,24.0,2000.0,33,31,2814,31.3,1,2,3,1,0,0,8,0,13,4,35,20,2,75,35,54,0,30.8,0.08,0.25,1.15,-0.26,0.64,,,,,,,,,,,,,,,DF,,False,Defender,True,True,True,0.031982942430703626,0.06396588486140725,0.09594882729211088,0.031982942430703626,0.0,0.0,0.255863539445629,0.0,0.4157782515991471,0.1279317697228145,1.119402985074627,0.6396588486140725,0.06396588486140725,2.3987206823027716,1.119402985074627,1.727078891257996,0.0
Philipp Sander,de GER,"DF,MF",Gladbach,de Bundesliga,27.0,1998.0,30,29,2445,27.2,2,0,2,2,0,0,4,0,25,8,28,14,0,28,50,42,1,32.0,0.08,0.25,1.0,-0.15,0.88,,,,,,,,,,,,,,,DF,MF,True,Defender,True,True,True,0.0736196319018405,0.0,0.0736196319018405,0.0736196319018405,0.0,0.0,0.147239263803681,0.0,0.9202453987730062,0.294478527607362,1.030674846625767,0.5153374233128835,0.0,1.030674846625767,1.8404907975460123,1.5460122699386505,0.03680981595092025
James Sands,us USA,MF,St Pauli,de Bundesliga,25.0,2000.0,24,23,1934,21.5,1,0,1,1,0,0,4,0,16,4,26,38,0,9,41,23,0,25.0,0.06,0.25,1.0,-0.79,0.33,,,,,,,,,,,,,,,MF,,False,Midfielder,True,True,True,0.04653567735263703,0.0,0.04653567735263703,0.04653567735263703,0.0,0.0,0.1861427094105481,0.0,0.7445708376421925,0.1861427094105481,1.2099276111685626,1.7683557394002067,0.0,0.4188210961737332,1.907962771458118,1.0703205791106516,0.0
Sadibou Sané,sn SEN,DF,Metz,fr Ligue 1,21.0,2004.0,23,22,1940,21.6,2,1,3,2,0,0,5,2,6,2,22,15,0,4,39,34,1,33.3,0.33,1.0,0.26,-1.44,-0.39,,,,,,,,,,,,,,,DF,,False,Defender,True,True,True,0.09278350515463918,0.04639175257731959,0.13917525773195877,0.09278350515463918,0.0,0.0,0.23195876288659795,0.09278350515463918,0.27835051546391754,0.09278350515463918,1.0206185567010309,0.6958762886597938,0.0,0.18556701030927836,1.8092783505154642,1.577319587628866,0.04639175257731959
Arouna Sangante,sn SEN,DF,Le Havre,fr Ligue 1,23.0,2002.0,28,28,2324,25.8,1,1,2,1,0,0,4,2,9,5,42,41,0,8,36,25,0,55.6,0.11,0.2,1.04,-0.39,-0.14,,,,,,,,,,,,,,,DF,,False,Defender,True,True,True,0.0387263339070568,0.0387263339070568,0.0774526678141136,0.0387263339070568,0.0,0.0,0.1549053356282272,0.0774526678141136,0.3485370051635112,0.19363166953528396,1.6265060240963856,1.5877796901893286,0.0,0.3098106712564544,1.3941480206540449,0.96815834767642,0.0
Ibrahim Sangaré,ci CIV,MF,Nottingham Forest,eng Premier League,27.0,1997.0,28,25,2075,23.1,2,2,4,2,0,0,5,0,16,5,42,18,0,8,22,32,0,31.3,0.13,0.4,1.32,0.26,0.86,,,,,,,,,,,,,,,MF,,False,Midfielder,True,True,True,0.08674698795180723,0.08674698795180723,0.17349397590361446,0.08674698795180723,0.0,0.0,0.2168674698795181,0.0,0.6939759036144578,0.2168674698795181,1.8216867469879516,0.7807228915662651,0.0,0.3469879518072289,0.9542168674698794,1.3879518072289156,0.0
Mamadou Sangare,ml MLI,MF,Lens,fr Ligue 1,23.0,2002.0,29,27,2323,25.8,3,4,7,3,0,0,5,0,53,14,34,43,3,7,40,54,0,26.4,0.06,0.21,2.1,0.7,-0.89,,,,,,,,,,,,,,,MF,,False,Midfielder,True,True,True,0.11622901420576841,0.15497201894102453,0.27120103314679295,0.11622901420576841,0.0,0.0,0.19371502367628068,0.0,2.053379250968575,0.5424020662935859,1.3172621609987085,1.6659492036160137,0.11622901420576841,0.27120103314679295,1.5497201894102455,2.0921222557038313,0.0
Nhoa Sangui,fr FRA,DF,Paris FC,fr Ligue 1,19.0,2006.0,26,18,1737,19.3,0,0,0,0,0,0,0,0,4,1,5,17,2,37,21,14,0,25.0,0.0,0.0,1.35,-0.26,-0.4,,,,,,,,,,,,,,,DF,,False,Defender,True,True,True,0.0,0.0,0.0,0.0,0.0,0.0,0.0,0.0,0.2072538860103627,0.05181347150259068,0.25906735751295334,0.8808290155440415,0.10362694300518135,1.9170984455958548,1.0880829015544042,0.7253886010362693,0.0
Kaishu Sano,jp JPN,MF,Mainz 05,de Bundesliga,24.0,2000.0,34,34,3059,34.0,1,2,3,1,0,0,1,0,24,6,14,29,4,18,67,31,0,25.0,0.04,0.17,1.18,-0.26,-0.26,,,,,,,,,,,,,,,MF,,False,Midfielder,True,True,True,0.029421379535796013,0.058842759071592025,0.08826413860738803,0.029421379535796013,0.0,0.0,0.029421379535796013,0.0,0.7061131088591043,0.17652827721477607,0.41189931350114417,0.8532200065380844,0.11768551814318405,0.5295848316443282,1.971232428898333,0.9120627656096764,0.0
Morgan Sanson,fr FRA,MF,Nice,fr Ligue 1,30.0,1994.0,31,20,1772,19.7,0,2,2,0,0,0,4,0,19,4,35,21,2,39,24,25,0,21.1,0.0,0.0,0.9,-1.27,-1.41,,,,,,,,,,,,,,,MF,,False,Midfielder,True,True,True,0.0,0.10158013544018057,0.10158013544018057,0.0,0.0,0.0,0.20316027088036115,0.0,0.9650112866817155,0.20316027088036115,1.7776523702031604,1.0665914221218962,0.10158013544018057,1.9808126410835214,1.2189616252821671,1.2697516930022574,0.0
Andrey Santos,br BRA,MF,Chelsea,eng Premier League,21.0,2004.0,27,13,1260,14.0,1,0,1,1,0,0,4,0,11,2,13,22,1,2,18,21,0,18.2,0.09,0.5,1.48,0.21,0.09,,,,,,,,,,,,,,,MF,,False,Midfielder,True,True,False,0.07142857142857142,0.0,0.07142857142857142,0.07142857142857142,0.0,0.0,0.2857142857142857,0.0,0.7857142857142857,0.14285714285714285,0.9285714285714286,1.5714285714285714,0.07142857142857142,0.14285714285714285,1.2857142857142856,1.5,0.0
Amin Sarr,se SWE,"FW,MF",Hellas Verona,it Serie A,24.0,2001.0,34,9,1102,12.2,0,1,1,0,0,0,2,1,19,6,25,22,7,12,4,9,0,31.6,0.0,0.0,0.56,-2.04,-1.61,,,,,,,,,,,,,,,FW,MF,True,Forward,True,True,False,0.0,0.08166969147005444,0.08166969147005444,0.0,0.0,0.0,0.16333938294010888,0.08166969147005444,1.5517241379310345,0.4900181488203267,2.041742286751361,1.7967332123411979,0.5716878402903811,0.9800362976406534,0.32667876588021777,0.73502722323049,0.0
Ismaila Sarr,sn SEN,MF,Crystal Palace,eng Premier League,27.0,1998.0,28,24,2174,24.2,9,1,10,6,3,3,2,0,48,21,12,42,14,24,7,9,0,43.8,0.13,0.29,1.18,0.08,0.95,,,,,,,,,,,,,,,MF,,False,Midfielder,True,True,True,0.37258509659613614,0.04139834406623735,0.41398344066237347,0.24839006439742412,0.12419503219871206,0.12419503219871206,0.0827966881324747,0.0,1.987120515179393,0.8693652253909844,0.49678012879484823,1.7387304507819688,0.5795768169273229,0.9935602575896965,0.28978840846366144,0.37258509659613614,0.0
Malang Sarr,fr FRA,DF,Lens,fr Ligue 1,26.0,1999.0,33,33,2925,32.5,0,1,1,0,0,0,4,0,23,5,21,24,0,10,76,44,0,21.7,0.0,0.0,2.12,0.98,1.65,,,,,,,,,,,,,,,DF,,False,Defender,True,True,True,0.0,0.03076923076923077,0.03076923076923077,0.0,0.0,0.0,0.12307692307692308,0.0,0.7076923076923077,0.15384615384615385,0.6461538461538462,0.7384615384615385,0.0,0.3076923076923077,2.3384615384615386,1.353846153846154,0.0
Mamadou Sarr,sn SEN,DF,Strasbourg,fr Ligue 1,19.0,2005.0,15,15,1305,14.5,0,0,0,0,0,0,3,0,1,0,16,11,0,0,5,13,0,0.0,0.0,,1.47,0.34,0.04,,,,,,,,,,,,,,,DF,,False,Defender,True,True,False,0.0,0.0,0.0,0.0,0.0,0.0,0.20689655172413793,0.0,0.06896551724137931,0.0,1.103448275862069,0.7586206896551724,0.0,0.0,0.3448275862068965,0.896551724137931,0.0
Martin Satriano,uy URU,"FW,MF",Getafe,es La Liga,24.0,2001.0,18,18,1603,17.8,6,1,7,6,0,0,5,0,35,14,21,31,4,21,9,13,0,40.0,0.17,0.43,1.5,0.17,0.61,,,,,,,,,,,,,,,FW,MF,True,Forward,True,True,True,0.3368683718028696,0.056144728633811605,0.3930131004366812,0.3368683718028696,0.0,0.0,0.280723643169058,0.0,1.965065502183406,0.7860262008733624,1.1790393013100435,1.7404865876481599,0.22457891453524642,1.1790393013100435,0.5053025577043044,0.7298814722395508,0.0
Nicolò Savona,it ITA,DF,Nottingham Forest,eng Premier League,22.0,2003.0,14,11,1028,11.4,2,0,2,2,0,0,2,0,5,3,12,5,1,27,5,12,0,60.0,0.4,0.67,0.93,-0.44,-0.51,,,,,,,,,,,,,,,DF,,False,Defender,True,True,False,0.17509727626459143,0.0,0.17509727626459143,0.17509727626459143,0.0,0.0,0.17509727626459143,0.0,0.4377431906614786,0.26264591439688717,1.0505836575875487,0.4377431906614786,0.08754863813229571,2.3638132295719845,0.4377431906614786,1.0505836575875487,0.0
Joe Scally,us USA,"DF,MF",Gladbach,de Bundesliga,22.0,2002.0,32,29,2608,29.0,2,3,5,2,0,0,8,0,16,10,33,51,3,47,18,27,1,62.5,0.13,0.2,1.19,-0.07,1.72,,,,,,,,,,,,,,,DF,MF,True,Defender,True,True,True,0.06901840490797546,0.1035276073619632,0.17254601226993865,0.06901840490797546,0.0,0.0,0.27607361963190186,0.0,0.5521472392638037,0.3450920245398773,1.1388036809815951,1.7599693251533743,0.1035276073619632,1.6219325153374233,0.6211656441717791,0.9317484662576686,0.03450920245398773
Giorgio Scalvini,it ITA,DF,Atalanta,it Serie A,21.0,2003.0,24,23,1808,20.1,3,1,4,3,0,0,2,0,20,6,31,10,2,5,38,23,0,30.0,0.15,0.5,1.75,0.7,0.64,,,,,,,,,,,,,,,DF,,False,Defender,True,True,True,0.14933628318584072,0.049778761061946904,0.19911504424778761,0.14933628318584072,0.0,0.0,0.09955752212389381,0.0,0.995575221238938,0.29867256637168144,1.5431415929203538,0.497787610619469,0.09955752212389381,0.2488938053097345,1.8915929203539825,1.1449115044247788,0.0
Gianluca Scamacca,it ITA,FW,Atalanta,it Serie A,26.0,1999.0,24,16,1315,14.6,10,1,11,8,2,2,2,0,57,22,26,19,8,0,3,5,0,38.6,0.14,0.36,1.25,0.41,0.03,,,,,,,,,,,,,,,FW,,False,Forward,True,True,False,0.6844106463878327,0.06844106463878327,0.752851711026616,0.5475285171102662,0.13688212927756654,0.13688212927756654,0.13688212927756654,0.0,3.9011406844106467,1.505703422053232,1.779467680608365,1.3003802281368821,0.5475285171102662,0.0,0.20532319391634982,0.34220532319391633,0.0
Kevin Schade,de GER,"MF,FW",Brentford,eng Premier League,23.0,2001.0,35,32,2745,30.5,8,3,11,8,0,1,6,1,57,24,50,43,10,23,19,27,0,42.1,0.14,0.33,1.37,0.23,0.76,,,,,,,,,,,,,,,MF,FW,True,Midfielder,True,True,True,0.26229508196721313,0.09836065573770492,0.36065573770491804,0.26229508196721313,0.0,0.03278688524590164,0.19672131147540983,0.03278688524590164,1.8688524590163935,0.7868852459016393,1.639344262295082,1.4098360655737705,0.32786885245901637,0.7540983606557378,0.6229508196721312,0.8852459016393444,0.0
András Schäfer,hu HUN,MF,Union Berlin,de Bundesliga,26.0,1999.0,28,16,1421,15.8,2,1,3,2,0,0,2,1,27,10,32,22,0,18,20,22,0,37.0,0.07,0.2,1.07,-0.06,0.65,,,,,,,,,,,,,,,MF,,False,Midfielder,True,True,True,0.1266713581984518,0.0633356790992259,0.1900070372976777,0.1266713581984518,0.0,0.0,0.1266713581984518,0.0633356790992259,1.710063335679099,0.633356790992259,2.0267417311752287,1.3933849401829697,0.0,1.1400422237860661,1.266713581984518,1.3933849401829697,0.0
Fabian Schär,ch SUI,DF,Newcastle United,eng Premier League,33.0,1991.0,16,11,1091,12.1,0,0,0,0,0,0,1,0,17,4,15,7,1,4,16,9,0,23.5,0.0,0.0,1.75,0.25,0.44,,,,,,,,,,,,,,,DF,,False,Defender,True,True,False,0.0,0.0,0.0,0.0,0.0,0.0,0.08249312557286893,0.0,1.4023831347387716,0.32997250229147573,1.2373968835930338,0.5774518790100825,0.08249312557286893,0.32997250229147573,1.319890009165903,0.7424381301558203,0.0
Derry Scherhant,de GER,MF,Freiburg,de Bundesliga,22.0,2002.0,31,12,1301,14.5,5,1,6,5,0,0,2,0,36,13,19,36,4,72,7,9,0,36.1,0.14,0.38,1.39,0.14,0.55,,,,,,,,,,,,,,,MF,,False,Midfielder,True,True,False,0.34588777863182163,0.06917755572636433,0.415065334358186,0.34588777863182163,0.0,0.0,0.13835511145272866,0.0,2.490392006149116,0.8993082244427364,1.3143735588009224,2.490392006149116,0.2767102229054573,4.980784012298232,0.48424289008455035,0.622598001537279,0.0
Patrik Schick,cz CZE,FW,Leverkusen,de Bundesliga,29.0,1996.0,28,23,1988,22.1,16,3,19,12,4,5,2,0,72,34,22,20,6,0,3,4,0,47.2,0.17,0.35,1.64,0.68,0.18,,,,,,,,,,,,,,,FW,,False,Forward,True,True,True,0.7243460764587526,0.1358148893360161,0.8601609657947686,0.5432595573440644,0.18108651911468815,0.22635814889336017,0.09054325955734407,0.0,3.2595573440643864,1.539235412474849,0.9959758551307847,0.9054325955734407,0.2716297786720322,0.0,0.1358148893360161,0.18108651911468815,0.0
Xaver Schlager,at AUT,MF,RB Leipzig,de Bundesliga,27.0,1997.0,26,21,1837,20.4,3,1,4,3,0,0,6,0,21,7,25,16,2,11,7,25,0,33.3,0.14,0.43,1.88,0.54,-0.05,,,,,,,,,,,,,,,MF,,False,Midfielder,True,True,True,0.14697876973326074,0.048992923244420256,0.19597169297768102,0.14697876973326074,0.0,0.0,0.2939575394665215,0.0,1.0288513881328252,0.34295046271094176,1.2248230811105063,0.7838867719107241,0.09798584648884051,0.5389221556886228,0.34295046271094176,1.2248230811105063,0.0
Keven Schlotterbeck,de GER,DF,Augsburg,de Bundesliga,28.0,1997.0,24,22,2031,22.6,0,1,1,0,0,1,7,1,12,3,25,20,1,6,33,25,0,25.0,0.0,0.0,1.29,-0.31,0.48,,,,,,,,,,,,,,,DF,,False,Defender,True,True,True,0.0,0.044313146233382575,0.044313146233382575,0.0,0.0,0.044313146233382575,0.310192023633678,0.044313146233382575,0.5317577548005908,0.1329394387001477,1.1078286558345642,0.8862629246676514,0.044313146233382575,0.2658788774002954,1.4623338257016247,1.1078286558345642,0.0
Nico Schlotterbeck,de GER,DF,Dortmund,de Bundesliga,25.0,1999.0,28,28,2520,28.0,5,1,6,5,0,0,8,0,32,9,30,27,1,31,24,38,0,28.1,0.16,0.56,2.11,0.93,-0.74,,,,,,,,,,,,,,,DF,,False,Defender,True,True,True,0.17857142857142855,0.03571428571428571,0.2142857142857143,0.17857142857142855,0.0,0.0,0.2857142857142857,0.0,1.1428571428571428,0.3214285714285714,1.0714285714285714,0.9642857142857143,0.03571428571428571,1.1071428571428572,0.8571428571428572,1.3571428571428572,0.0
Romano Schmid,at AUT,"MF,FW",Werder Bremen,de Bundesliga,25.0,2000.0,34,34,2982,33.1,4,8,12,1,3,4,4,0,57,21,19,31,5,154,13,28,0,36.8,0.02,0.05,0.94,-0.69,-0.69,,,,,,,,,,,,,,,MF,FW,True,Midfielder,True,True,True,0.12072434607645875,0.2414486921529175,0.3621730382293763,0.030181086519114688,0.09054325955734407,0.12072434607645875,0.12072434607645875,0.0,1.7203219315895373,0.6338028169014085,0.5734406438631791,0.9356136820925554,0.15090543259557346,4.647887323943662,0.39235412474849096,0.8450704225352113,0.0
Joël Schmied,ch SUI,DF,Köln,de Bundesliga,26.0,1998.0,16,13,1078,12.0,0,0,0,0,0,0,5,0,5,0,16,8,0,5,11,9,0,0.0,0.0,,1.0,-0.75,-0.52,,,,,,,,,,,,,,,DF,,False,Defender,True,True,False,0.0,0.0,0.0,0.0,0.0,0.0,0.4174397031539889,0.0,0.4174397031539889,0.0,1.3358070500927643,0.6679035250463822,0.0,0.4174397031539889,0.9183673469387754,0.75139146567718,0.0
Jan Schöppner,de GER,MF,Heidenheim,de Bundesliga,26.0,1999.0,31,29,2252,25.0,3,3,6,3,0,0,5,0,25,7,21,17,3,14,32,17,0,28.0,0.12,0.43,0.81,-1.0,-0.33,,,,,,,,,,,,,,,MF,,False,Midfielder,True,True,True,0.11989342806394317,0.11989342806394317,0.23978685612788633,0.11989342806394317,0.0,0.0,0.1998223801065719,0.0,0.9991119005328597,0.2797513321492007,0.839253996447602,0.6793960923623446,0.11989342806394317,0.5595026642984015,1.2788632326820604,0.6793960923623446,0.0
Alex Scott,eng ENG,MF,Bournemouth,eng Premier League,21.0,2003.0,37,34,2849,31.7,3,1,4,3,0,0,5,0,44,13,45,60,1,88,35,38,0,29.5,0.07,0.23,1.51,0.25,0.88,,,,,,,,,,,,,,,MF,,False,Midfielder,True,True,True,0.09477009477009476,0.03159003159003159,0.12636012636012636,0.09477009477009476,0.0,0.0,0.15795015795015796,0.0,1.38996138996139,0.41067041067041066,1.4215514215514216,1.8954018954018954,0.03159003159003159,2.77992277992278,1.1056511056511056,1.2004212004212005,0.0
Sebastian Sebulonsen,no NOR,"DF,MF",Köln,de Bundesliga,25.0,2000.0,31,28,2498,27.8,0,0,0,0,0,0,5,0,31,5,11,9,4,67,17,26,0,16.1,0.0,0.0,1.0,-0.61,-1.09,,,,,,,,,,,,,,,DF,MF,True,Defender,True,True,True,0.0,0.0,0.0,0.0,0.0,0.0,0.1801441152922338,0.0,1.1168935148118495,0.1801441152922338,0.39631705364291436,0.32425940752602084,0.14411529223378702,2.413931144915933,0.6124899919935949,0.9367493995196157,0.0
Alidu Seidu,gh GHA,DF,Rennes,fr Ligue 1,25.0,2000.0,21,13,1186,13.2,0,1,1,0,0,0,1,0,5,1,16,31,3,11,17,22,0,20.0,0.0,0.0,1.57,0.08,-0.31,,,,,,,,,,,,,,,DF,,False,Defender,True,True,False,0.0,0.07588532883642496,0.07588532883642496,0.0,0.0,0.0,0.07588532883642496,0.0,0.3794266441821248,0.07588532883642496,1.2141652613827993,2.3524451939291735,0.22765598650927485,0.8347386172006745,1.2900505902192243,1.669477234401349,0.0
Nicolas Seiwald,at AUT,MF,RB Leipzig,de Bundesliga,24.0,2001.0,33,31,2694,29.9,0,2,2,0,0,0,2,0,20,7,18,6,0,6,60,47,0,35.0,0.0,0.0,1.88,0.67,0.91,,,,,,,,,,,,,,,MF,,False,Midfielder,True,True,True,0.0,0.06681514476614699,0.06681514476614699,0.0,0.0,0.0,0.06681514476614699,0.0,0.6681514476614699,0.23385300668151449,0.6013363028953229,0.20044543429844097,0.0,0.20044543429844097,2.0044543429844097,1.5701559020044544,0.0
Ayumu Seko,jp JPN,"MF,DF",Le Havre,fr Ligue 1,25.0,2000.0,30,29,2625,29.2,0,0,0,0,0,0,6,0,17,6,28,20,1,5,35,24,1,35.3,0.0,0.0,0.87,-0.45,-0.65,,,,,,,,,,,,,,,MF,DF,True,Midfielder,True,True,True,0.0,0.0,0.0,0.0,0.0,0.0,0.20571428571428574,0.0,0.5828571428571429,0.20571428571428574,0.96,0.6857142857142857,0.03428571428571429,0.17142857142857143,1.2000000000000002,0.822857142857143,0.03428571428571429
Antoine Semenyo,gh GHA,MF,Bournemouth,eng Premier League,25.0,2000.0,20,20,1798,20.0,10,3,13,9,1,2,6,0,49,27,37,14,12,28,6,20,0,55.1,0.18,0.33,1.25,-0.35,-0.96,,,,,,,,,,,,,,,MF,,False,Midfielder,True,True,True,0.5005561735261401,0.15016685205784205,0.6507230255839822,0.45050055617352613,0.05005561735261402,0.10011123470522804,0.3003337041156841,0.0,2.4527252502780867,1.3515016685205783,1.8520578420467186,0.7007786429365962,0.6006674082313682,1.4015572858731924,0.3003337041156841,1.0011123470522802,0.0
Antoine Semenyo,gh GHA,"MF,FW",Manchester City,eng Premier League,25.0,2000.0,17,17,1397,15.5,7,1,8,7,0,0,1,0,34,14,17,7,7,21,6,11,0,41.2,0.21,0.5,2.06,0.9,-0.34,,,,,,,,,,,,,,,MF,FW,True,Midfielder,True,True,True,0.4509663564781675,0.06442376521116679,0.5153901216893343,0.4509663564781675,0.0,0.0,0.06442376521116679,0.0,2.1904080171796707,0.901932712956335,1.0952040085898354,0.4509663564781675,0.4509663564781675,1.3528990694345024,0.38654259126700075,0.7086614173228346,0.0
Marvin Senaya,gh GHA,"DF,MF",Auxerre,fr Ligue 1,24.0,2001.0,25,20,1780,19.8,1,0,1,1,0,0,5,0,15,5,26,32,1,42,34,31,0,33.3,0.07,0.2,0.8,-0.71,-0.99,,,,,,,,,,,,,,,DF,MF,True,Defender,True,True,True,0.050561797752808994,0.0,0.050561797752808994,0.050561797752808994,0.0,0.0,0.25280898876404495,0.0,0.7584269662921348,0.25280898876404495,1.3146067415730338,1.6179775280898878,0.050561797752808994,2.1235955056179776,1.7191011235955056,1.5674157303370786,0.0
Marcos Senesi,ar ARG,DF,Bournemouth,eng Premier League,28.0,1997.0,37,37,3288,36.5,0,5,5,0,0,0,8,0,17,5,35,37,1,28,50,34,0,29.4,0.0,0.0,1.54,0.08,-0.6,,,,,,,,,,,,,,,DF,,False,Defender,True,True,True,0.0,0.13686131386861314,0.13686131386861314,0.0,0.0,0.0,0.21897810218978103,0.0,0.46532846715328463,0.13686131386861314,0.9580291970802919,1.0127737226277373,0.02737226277372263,0.7664233576642335,1.3686131386861313,0.9306569343065693,0.0
Suat Serdar,de GER,MF,Hellas Verona,it Serie A,28.0,1997.0,20,12,1108,12.3,2,0,2,2,0,0,3,0,19,7,19,12,1,7,10,20,0,36.8,0.11,0.29,0.55,-1.3,-0.52,,,,,,,,,,,,,,,MF,,False,Midfielder,True,True,False,0.1624548736462094,0.0,0.1624548736462094,0.1624548736462094,0.0,0.0,0.24368231046931407,0.0,1.5433212996389893,0.5685920577617328,1.5433212996389893,0.9747292418772563,0.0812274368231047,0.5685920577617328,0.8122743682310469,1.6245487364620939,0.0
Benjamin Šeško,si SVN,FW,Manchester Utd,eng Premier League,22.0,2003.0,30,17,1643,18.3,11,1,12,11,0,0,2,0,61,34,17,6,7,2,3,3,0,55.7,0.18,0.32,1.8,0.38,-0.22,,,,,,,,,,,,,,,FW,,False,Forward,True,True,True,0.6025562994522216,0.054777845404747415,0.657334144856969,0.6025562994522216,0.0,0.0,0.10955569080949483,0.0,3.341448569689592,1.862446743761412,0.931223371880706,0.3286670724284845,0.38344491783323187,0.10955569080949483,0.16433353621424224,0.16433353621424224,0.0
Ryan Sessegnon,eng ENG,"DF,MF",Fulham,eng Premier League,25.0,2000.0,27,20,1823,20.3,3,1,4,3,0,0,0,0,16,4,33,3,4,55,23,29,0,25.0,0.19,0.75,1.33,0.15,0.54,,,,,,,,,,,,,,,DF,MF,True,Defender,True,True,True,0.14810751508502468,0.04936917169500823,0.1974766867800329,0.14810751508502468,0.0,0.0,0.0,0.0,0.7899067471201316,0.1974766867800329,1.6291826659352715,0.14810751508502468,0.1974766867800329,2.7153044432254525,1.1354909489851892,1.4317059791552387,0.0
Luke Shaw,eng ENG,DF,Manchester Utd,eng Premier League,30.0,1995.0,38,38,3219,35.8,1,1,2,1,0,0,9,0,10,3,48,20,0,54,43,45,0,30.0,0.1,0.33,1.87,0.59,1.48,,,,,,,,,,,,,,,DF,,False,Defender,True,True,True,0.027958993476234855,0.027958993476234855,0.05591798695246971,0.027958993476234855,0.0,0.0,0.2516309412861137,0.0,0.27958993476234856,0.08387698042870456,1.342031686859273,0.5591798695246971,0.0,1.509785647716682,1.2022367194780987,1.2581547064305685,0.0
Kwasi Sibo,gh GHA,MF,Oviedo,es La Liga,27.0,1998.0,26,21,1681,18.7,0,0,0,0,0,0,3,1,9,2,30,4,0,2,14,20,0,22.2,0.0,0.0,0.88,-0.54,0.71,,,,,,,,,,,,,,,MF,,False,Midfielder,True,True,True,0.0,0.0,0.0,0.0,0.0,0.0,0.16061867935752527,0.05353955978584176,0.4818560380725758,0.10707911957168352,1.6061867935752527,0.21415823914336704,0.0,0.10707911957168352,0.7495538370017846,1.0707911957168352,0.0
Djibril Sidibé,fr FRA,"MF,DF",Toulouse,fr Ligue 1,33.0,1992.0,33,26,2231,24.8,3,4,7,2,1,2,1,0,8,5,30,14,5,58,18,32,0,62.5,0.25,0.4,1.3,-0.12,-0.56,,,,,,,,,,,,,,,MF,DF,True,Midfielder,True,True,True,0.12102196324518152,0.16136261766024204,0.28238458090542357,0.08068130883012102,0.04034065441506051,0.08068130883012102,0.04034065441506051,0.0,0.3227252353204841,0.20170327207530256,1.2102196324518153,0.5647691618108471,0.20170327207530256,2.3397579560735093,0.7261317794710892,1.2909009412819363,0.0
Jamil Siebert,de GER,DF,Lecce,it Serie A,23.0,2002.0,21,18,1701,18.9,1,0,1,1,0,0,3,0,6,2,22,7,1,5,15,15,0,33.3,0.17,0.5,1.0,-0.95,-0.74,,,,,,,,,,,,,,,DF,,False,Defender,True,True,True,0.05291005291005291,0.0,0.05291005291005291,0.05291005291005291,0.0,0.0,0.15873015873015872,0.0,0.31746031746031744,0.10582010582010581,1.164021164021164,0.3703703703703704,0.05291005291005291,0.26455026455026454,0.7936507936507936,0.7936507936507936,0.0
Tim Siersleben,de GER,DF,Heidenheim,de Bundesliga,25.0,2000.0,15,12,1081,12.0,0,0,0,0,0,0,2,0,5,3,13,13,1,13,21,16,0,60.0,0.0,0.0,0.73,-1.08,-0.26,,,,,,,,,,,,,,,DF,,False,Defender,True,True,False,0.0,0.0,0.0,0.0,0.0,0.0,0.16651248843663274,0.0,0.4162812210915819,0.24976873265494912,1.0823311748381128,1.0823311748381128,0.08325624421831637,1.0823311748381128,1.7483811285846438,1.332099907493062,0.0
André Silva,pt POR,FW,Elche,es La Liga,29.0,1995.0,31,22,1849,20.5,10,0,10,7,3,3,3,0,57,29,24,34,6,3,4,8,0,50.9,0.12,0.24,1.0,-0.58,-0.81,,,,,,,,,,,,,,,FW,,False,Forward,True,True,True,0.48674959437533805,0.0,0.48674959437533805,0.34072471606273663,0.1460248783126014,0.1460248783126014,0.1460248783126014,0.0,2.7744726879394266,1.41157382368848,1.1681990265008113,1.6549486208761492,0.2920497566252028,0.1460248783126014,0.19469983775013522,0.38939967550027044,0.0
Bernardo Silva,pt POR,MF,Manchester City,eng Premier League,30.0,1994.0,38,34,2872,31.9,2,4,6,2,0,0,10,0,30,7,36,22,5,72,21,28,0,23.3,0.07,0.29,2.05,1.16,0.34,,,,,,,,,,,,,,,MF,,False,Midfielder,True,True,True,0.06267409470752089,0.12534818941504178,0.1880222841225627,0.06267409470752089,0.0,0.0,0.31337047353760444,0.0,0.9401114206128134,0.21935933147632314,1.128133704735376,0.6894150417827298,0.15668523676880222,2.256267409470752,0.6580779944289693,0.8774373259052926,0.0
Caio Henrique Oliveira Silva,br BRA,"DF,MF",Monaco,fr Ligue 1,28.0,1997.0,22,17,1536,17.1,0,2,2,0,0,0,2,0,2,0,13,17,1,90,12,11,0,0.0,0.0,,1.55,0.0,-0.35,,,,,,,,,,,,,,,DF,MF,True,Defender,True,True,True,0.0,0.1171875,0.1171875,0.0,0.0,0.0,0.1171875,0.0,0.1171875,0.0,0.76171875,0.99609375,0.05859375,5.2734375,0.703125,0.64453125,0.0
Giovanni Simeone,ar ARG,FW,Torino,it Serie A,30.0,1995.0,32,27,2230,24.8,11,0,11,11,0,0,1,0,78,28,31,41,18,9,5,9,0,35.9,0.14,0.39,1.31,-0.32,0.51,,,,,,,,,,,,,,,FW,,False,Forward,True,True,True,0.4439461883408071,0.0,0.4439461883408071,0.4439461883408071,0.0,0.0,0.04035874439461883,0.0,3.147982062780269,1.1300448430493273,1.251121076233184,1.6547085201793723,0.726457399103139,0.3632286995515695,0.20179372197309417,0.3632286995515695,0.0
Giuliano Simeone,ar ARG,MF,Atlético Madrid,es La Liga,22.0,2002.0,31,25,2099,23.3,4,6,10,4,0,0,2,0,36,14,21,40,7,48,20,25,0,38.9,0.11,0.29,1.9,0.69,0.55,,,,,,,,,,,,,,,MF,,False,Midfielder,True,True,True,0.1715102429728442,0.2572653644592663,0.4287756074321105,0.1715102429728442,0.0,0.0,0.0857551214864221,0.0,1.5435921867555977,0.6002858504049547,0.9004287756074322,1.715102429728442,0.3001429252024774,2.0581229156741303,0.857551214864221,1.0719390185802764,0.0
Moses Simon,ng NGA,"MF,FW",Paris FC,fr Ligue 1,30.0,1995.0,29,25,2001,22.2,3,3,6,3,0,0,1,0,34,11,15,19,11,143,8,11,0,32.4,0.09,0.27,1.28,0.04,0.38,,,,,,,,,,,,,,,MF,FW,True,Midfielder,True,True,True,0.13493253373313344,0.13493253373313344,0.2698650674662669,0.13493253373313344,0.0,0.0,0.04497751124437781,0.0,1.5292353823088456,0.4947526236881559,0.6746626686656672,0.8545727136431784,0.4947526236881559,6.431784107946027,0.35982008995502246,0.4947526236881559,0.0
Xavi Simons,nl NED,"MF,FW",Tottenham Hotspur,eng Premier League,22.0,2003.0,28,19,1755,19.5,2,5,7,2,0,0,5,1,42,10,21,44,0,51,15,20,0,23.8,0.05,0.2,0.82,-0.36,-0.25,,,,,,,,,,,,,,,MF,FW,True,Midfielder,True,True,True,0.10256410256410256,0.25641025641025644,0.358974358974359,0.10256410256410256,0.0,0.0,0.25641025641025644,0.05128205128205128,2.153846153846154,0.5128205128205129,1.076923076923077,2.2564102564102564,0.0,2.6153846153846154,0.7692307692307693,1.0256410256410258,0.0
Danel Sinani,lu LUX,"MF,FW",St Pauli,de Bundesliga,28.0,1997.0,30,23,2069,23.0,5,3,8,2,3,3,4,0,49,18,39,27,10,135,5,16,0,36.7,0.04,0.11,0.77,-1.09,-0.54,,,,,,,,,,,,,,,MF,FW,True,Midfielder,True,True,True,0.21749637506041564,0.13049782503624938,0.34799420009666504,0.08699855002416626,0.13049782503624938,0.13049782503624938,0.17399710004833252,0.0,2.1314644755920735,0.7829869502174964,1.6964717254712423,1.1744804253262446,0.4349927501208313,5.872402126631223,0.21749637506041564,0.6959884001933301,0.0
Lassine Sinayoko,ml MLI,"FW,MF",Auxerre,fr Ligue 1,25.0,1999.0,32,32,2770,30.8,12,4,16,9,3,4,8,0,93,39,30,53,13,32,26,26,0,41.9,0.1,0.23,1.06,-0.13,1.73,,,,,,,,,,,,,,,FW,MF,True,Forward,True,True,True,0.3898916967509025,0.1299638989169675,0.51985559566787,0.2924187725631769,0.09747292418772563,0.1299638989169675,0.259927797833935,0.0,3.0216606498194944,1.2671480144404332,0.9747292418772563,1.7220216606498195,0.4223826714801444,1.03971119133574,0.8447653429602888,0.8447653429602888,0.0
Ellyes Skhiri,tn TUN,"MF,DF",Eintracht Frankfurt,de Bundesliga,30.0,1995.0,25,16,1444,16.0,0,0,0,0,0,0,3,1,8,0,11,13,0,3,25,8,0,0.0,0.0,,1.36,-0.75,-1.19,,,,,,,,,,,,,,,MF,DF,True,Midfielder,True,True,True,0.0,0.0,0.0,0.0,0.0,0.0,0.18698060941828257,0.062326869806094184,0.4986149584487535,0.0,0.685595567867036,0.8102493074792244,0.0,0.18698060941828257,1.5581717451523547,0.4986149584487535,0.0
Leo Skiri Østigård,no NOR,DF,Genoa,it Serie A,25.0,1999.0,30,30,2622,29.1,5,1,6,5,0,0,7,0,22,12,38,15,3,1,30,27,0,54.5,0.23,0.42,1.13,-0.24,0.1,,,,,,,,,,,,,,,DF,,False,Defender,True,True,True,0.17162471395881007,0.034324942791762014,0.20594965675057209,0.17162471395881007,0.0,0.0,0.2402745995423341,0.0,0.7551487414187643,0.41189931350114417,1.3043478260869565,0.5148741418764302,0.10297482837528604,0.034324942791762014,1.0297482837528604,0.9267734553775744,0.0
Adam Smith,eng ENG,DF,Bournemouth,eng Premier League,34.0,1991.0,22,14,1077,12.0,0,2,2,0,0,0,3,0,0,0,19,11,0,13,10,12,0,,,,1.45,0.17,0.09,,,,,,,,,,,,,,,DF,,False,Defender,True,True,False,0.0,0.1671309192200557,0.1671309192200557,0.0,0.0,0.0,0.25069637883008355,0.0,0.0,0.0,1.5877437325905293,0.9192200557103064,0.0,1.0863509749303621,0.8356545961002785,1.0027855153203342,0.0
Eric Smith,se SWE,"DF,MF",St Pauli,de Bundesliga,28.0,1997.0,27,26,2311,25.7,2,2,4,2,0,0,4,1,12,5,15,29,1,64,24,23,0,41.7,0.17,0.4,0.74,-0.82,0.38,,,,,,,,,,,,,,,DF,MF,True,Defender,True,True,True,0.07788836001730852,0.07788836001730852,0.15577672003461704,0.07788836001730852,0.0,0.0,0.15577672003461704,0.03894418000865426,0.46733016010385114,0.1947209000432713,0.584162700129814,1.1293812202509736,0.03894418000865426,2.4924275205538726,0.9346603202077023,0.895716140199048,0.0
Emile Smith Rowe,eng ENG,MF,Fulham,eng Premier League,25.0,2000.0,37,22,1923,21.4,3,0,3,3,0,0,1,0,36,11,10,17,3,13,22,22,0,30.6,0.08,0.27,1.38,-0.05,0.13,,,,,,,,,,,,,,,MF,,False,Midfielder,True,True,True,0.14040561622464898,0.0,0.14040561622464898,0.14040561622464898,0.0,0.0,0.046801872074883,0.0,1.684867394695788,0.514820592823713,0.46801872074882994,0.7956318252730109,0.14040561622464898,0.608424336973479,1.029641185647426,1.029641185647426,0.0
Ivan Smolčić,hr CRO,DF,Como,it Serie A,24.0,2000.0,28,19,1662,18.5,0,1,1,0,0,0,8,0,12,4,26,17,0,29,23,24,0,33.3,0.0,0.0,2.0,0.87,-0.16,,,,,,,,,,,,,,,DF,,False,Defender,True,True,True,0.0,0.05415162454873646,0.05415162454873646,0.0,0.0,0.0,0.4332129963898917,0.0,0.6498194945848376,0.21660649819494585,1.407942238267148,0.92057761732852,0.0,1.5703971119133573,1.2454873646209386,1.2996389891696751,0.0
Dominic Solanke,eng ENG,FW,Tottenham Hotspur,eng Premier League,27.0,1997.0,15,11,1001,11.1,3,0,3,3,0,0,1,0,20,11,12,9,3,2,3,16,0,55.0,0.15,0.27,0.87,-0.9,-0.94,,,,,,,,,,,,,,,FW,,False,Forward,True,True,False,0.26973026973026976,0.0,0.26973026973026976,0.26973026973026976,0.0,0.0,0.0899100899100899,0.0,1.7982017982017982,0.989010989010989,1.078921078921079,0.8091908091908093,0.26973026973026976,0.1798201798201798,0.26973026973026976,1.4385614385614385,0.0
Carlos Soler,es ESP,MF,Real Sociedad,es La Liga,28.0,1997.0,33,26,2317,25.7,4,3,7,4,0,0,3,1,35,19,28,20,0,73,16,22,0,54.3,0.11,0.21,1.21,-0.08,-0.08,,,,,,,,,,,,,,,MF,,False,Midfielder,True,True,True,0.15537332757876565,0.11652999568407424,0.2719033232628399,0.15537332757876565,0.0,0.0,0.11652999568407424,0.03884333189469141,1.3595166163141994,0.7380233059991369,1.0876132930513596,0.7768666378938283,0.0,2.835563228312473,0.6214933103150626,0.8545533016832111,0.0
Oumar Solet,fr FRA,DF,Udinese,it Serie A,25.0,2000.0,35,34,2959,32.9,3,1,4,2,1,1,1,0,33,6,30,29,2,20,47,57,1,18.2,0.06,0.33,1.31,-0.09,-0.09,,,,,,,,,,,,,,,DF,,False,Defender,True,True,True,0.09124704291990537,0.03041568097330179,0.12166272389320716,0.06083136194660358,0.03041568097330179,0.03041568097330179,0.03041568097330179,0.0,1.003717472118959,0.18249408583981075,0.9124704291990537,0.8820547482257519,0.06083136194660358,0.6083136194660358,1.429537005745184,1.7336938154782022,0.03041568097330179
Hugo Sotelo,es ESP,MF,Celta Vigo,es La Liga,21.0,2003.0,20,16,1338,14.9,0,2,2,0,0,0,3,0,2,1,27,13,0,44,13,16,0,50.0,0.0,0.0,1.1,0.13,0.0,,,,,,,,,,,,,,,MF,,False,Midfielder,True,True,False,0.0,0.13452914798206278,0.13452914798206278,0.0,0.0,0.0,0.20179372197309417,0.0,0.13452914798206278,0.06726457399103139,1.8161434977578474,0.874439461883408,0.0,2.9596412556053813,0.874439461883408,1.0762331838565022,0.0
Riccardo Sottil,it ITA,"FW,MF",Lecce,it Serie A,26.0,1999.0,21,13,1066,11.8,1,2,3,1,0,0,1,0,20,3,10,27,4,100,2,2,0,15.0,0.05,0.33,0.86,-0.68,-0.14,,,,,,,,,,,,,,,FW,MF,True,Forward,True,True,False,0.08442776735459662,0.16885553470919323,0.25328330206378985,0.08442776735459662,0.0,0.0,0.08442776735459662,0.0,1.6885553470919326,0.25328330206378985,0.8442776735459663,2.279549718574109,0.33771106941838647,8.442776735459661,0.16885553470919323,0.16885553470919323,0.0
Tomáš Souček,cz CZE,MF,West Ham United,eng Premier League,30.0,1995.0,35,24,2200,24.4,5,0,5,5,0,0,3,1,26,14,37,22,5,14,16,23,0,53.8,0.19,0.36,1.09,-0.37,0.37,,,,,,,,,,,,,,,MF,,False,Midfielder,True,True,True,0.20454545454545453,0.0,0.20454545454545453,0.20454545454545453,0.0,0.0,0.12272727272727274,0.04090909090909091,1.0636363636363637,0.5727272727272728,1.5136363636363637,0.9,0.20454545454545453,0.5727272727272728,0.6545454545454545,0.9409090909090909,0.0
Matìas Soulé,ar ARG,"MF,FW",Roma,it Serie A,22.0,2003.0,33,28,2139,23.8,6,5,11,6,0,0,1,0,52,18,7,41,6,70,9,15,0,34.6,0.12,0.33,2.0,0.84,0.28,,,,,,,,,,,,,,,MF,FW,True,Midfielder,True,True,True,0.25245441795231416,0.21037868162692847,0.4628330995792426,0.25245441795231416,0.0,0.0,0.04207573632538569,0.0,2.1879382889200563,0.7573632538569425,0.29453015427769985,1.7251051893408136,0.25245441795231416,2.9453015427769986,0.37868162692847124,0.6311360448807855,0.0
Sambou Soumano,sn SEN,FW,Lorient,fr Ligue 1,24.0,2001.0,31,8,941,10.5,4,2,6,4,0,1,2,0,28,10,16,18,10,0,4,4,0,35.7,0.14,0.4,1.23,-0.19,-0.15,,,,,,,,,,,,,,,FW,,False,Forward,True,True,False,0.38257173219978746,0.19128586609989373,0.5738575982996812,0.38257173219978746,0.0,0.09564293304994687,0.19128586609989373,0.0,2.6780021253985122,0.9564293304994687,1.5302869287991498,1.7215727948990438,0.9564293304994687,0.0,0.38257173219978746,0.38257173219978746,0.0
Issa Soumaré,sn SEN,"FW,MF",Le Havre,fr Ligue 1,24.0,2000.0,34,33,2948,32.8,8,5,13,7,1,3,3,0,77,28,56,74,14,61,12,20,0,36.4,0.09,0.25,1.03,-0.37,-0.37,,,,,,,,,,,,,,,FW,MF,True,Forward,True,True,True,0.24423337856173674,0.15264586160108548,0.3968792401628222,0.21370420624151967,0.030529172320217093,0.09158751696065129,0.09158751696065129,0.0,2.3507462686567164,0.8548168249660787,1.7096336499321574,2.259158751696065,0.42740841248303935,1.862279511533243,0.36635006784260515,0.6105834464043419,0.0
Vinicius Souza,br BRA,MF,Wolfsburg,de Bundesliga,26.0,1999.0,24,22,1764,19.6,0,0,0,0,0,0,5,0,9,2,40,23,0,4,25,32,0,22.2,0.0,0.0,0.88,-0.56,0.34,,,,,,,,,,,,,,,MF,,False,Midfielder,True,True,True,0.0,0.0,0.0,0.0,0.0,0.0,0.25510204081632654,0.0,0.4591836734693877,0.10204081632653061,2.0408163265306123,1.1734693877551021,0.0,0.20408163265306123,1.2755102040816326,1.6326530612244898,0.0
Djibril Sow,ch SUI,MF,Sevilla,es La Liga,28.0,1997.0,33,27,2187,24.3,5,4,9,5,0,0,6,0,19,8,42,29,3,22,23,27,0,42.1,0.26,0.63,1.0,-0.66,-0.8,,,,,,,,,,,,,,,MF,,False,Midfielder,True,True,True,0.205761316872428,0.1646090534979424,0.3703703703703704,0.205761316872428,0.0,0.0,0.24691358024691357,0.0,0.7818930041152264,0.3292181069958848,1.7283950617283952,1.1934156378600822,0.12345679012345678,0.9053497942386832,0.9465020576131686,1.1111111111111112,0.0
Djed Spence,eng ENG,"DF,MF",Tottenham Hotspur,eng Premier League,24.0,2000.0,30,23,2055,22.8,0,0,0,0,0,0,4,0,13,8,28,21,4,49,15,25,0,61.5,0.0,0.0,1.2,-0.04,0.48,,,,,,,,,,,,,,,DF,MF,True,Defender,True,True,True,0.0,0.0,0.0,0.0,0.0,0.0,0.17518248175182483,0.0,0.5693430656934306,0.35036496350364965,1.2262773722627738,0.9197080291970803,0.17518248175182483,2.145985401459854,0.656934306569343,1.094890510948905,0.0
Leonardo Spinazzola,it ITA,"MF,DF",Napoli,it Serie A,32.0,1993.0,32,22,1901,21.1,3,3,6,3,0,0,2,0,21,7,9,10,2,73,4,10,0,33.3,0.14,0.43,2.0,0.71,0.3,,,,,,,,,,,,,,,MF,DF,True,Midfielder,True,True,True,0.14203051025775906,0.14203051025775906,0.2840610205155181,0.14203051025775906,0.0,0.0,0.09468700683850605,0.0,0.9942135718043135,0.33140452393477116,0.4260915307732772,0.47343503419253025,0.09468700683850605,3.456075749605471,0.1893740136770121,0.47343503419253025,0.0
Anton Stach,de GER,MF,Leeds United,eng Premier League,26.0,1998.0,29,28,2370,26.3,5,3,8,5,0,0,3,0,55,14,36,24,0,155,19,35,0,25.5,0.09,0.36,1.03,-0.19,-0.02,,,,,,,,,,,,,,,MF,,False,Midfielder,True,True,True,0.18987341772151897,0.11392405063291139,0.3037974683544304,0.18987341772151897,0.0,0.0,0.11392405063291139,0.0,2.088607594936709,0.5316455696202531,1.3670886075949367,0.9113924050632911,0.0,5.886075949367089,0.7215189873417721,1.3291139240506329,0.0
Jens Stage,dk DEN,MF,Werder Bremen,de Bundesliga,28.0,1996.0,29,29,2460,27.3,10,2,12,10,0,0,5,0,56,21,35,30,3,14,18,32,0,37.5,0.18,0.48,0.97,-0.7,-0.1,,,,,,,,,,,,,,,MF,,False,Midfielder,True,True,True,0.3658536585365854,0.07317073170731707,0.43902439024390244,0.3658536585365854,0.0,0.0,0.1829268292682927,0.0,2.048780487804878,0.7682926829268293,1.2804878048780488,1.0975609756097562,0.10975609756097561,0.5121951219512195,0.6585365853658537,1.170731707317073,0.0
Benjamin Stambouli,fr FRA,MF,Metz,fr Ligue 1,34.0,1990.0,19,10,960,10.7,0,0,0,0,0,0,0,0,6,1,14,9,0,8,9,16,0,16.7,0.0,0.0,0.58,-1.5,-0.3,,,,,,,,,,,,,,,MF,,False,Midfielder,True,True,False,0.0,0.0,0.0,0.0,0.0,0.0,0.0,0.0,0.5625,0.09375,1.3125,0.84375,0.0,0.75,0.84375,1.5,0.0
Josip Stanišić,hr CRO,DF,Bayern Munich,de Bundesliga,25.0,2000.0,26,19,1857,20.6,2,3,5,2,0,0,1,0,7,4,8,11,4,36,18,21,0,57.1,0.29,0.5,2.62,2.67,0.35,,,,,,,,,,,,,,,DF,,False,Defender,True,True,True,0.09693053311793215,0.14539579967689822,0.24232633279483037,0.09693053311793215,0.0,0.0,0.048465266558966075,0.0,0.33925686591276255,0.1938610662358643,0.3877221324717286,0.5331179321486268,0.1938610662358643,1.7447495961227786,0.8723747980613893,1.0177705977382876,0.0
Carl Starfelt,se SWE,DF,Celta Vigo,es La Liga,30.0,1995.0,19,17,1491,16.6,0,0,0,0,0,0,3,1,4,1,19,8,0,0,16,16,1,25.0,0.0,0.0,1.37,0.3,0.3,,,,,,,,,,,,,,,DF,,False,Defender,True,True,True,0.0,0.0,0.0,0.0,0.0,0.0,0.18108651911468815,0.060362173038229376,0.2414486921529175,0.060362173038229376,1.1468812877263581,0.482897384305835,0.0,0.0,0.96579476861167,0.96579476861167,0.060362173038229376
Angelo Stiller,de GER,MF,Stuttgart,de Bundesliga,24.0,2001.0,34,30,2743,30.5,2,5,7,2,0,1,1,0,17,8,18,44,0,105,28,23,0,47.1,0.12,0.25,1.82,0.72,0.72,,,,,,,,,,,,,,,MF,,False,Midfielder,True,True,True,0.06562158220925993,0.16405395552314983,0.22967553773240976,0.06562158220925993,0.0,0.03281079110462996,0.03281079110462996,0.0,0.5577834487787094,0.2624863288370397,0.5905942398833394,1.4436748086037183,0.0,3.4451330659861465,0.918702150929639,0.7546481954064893,0.0
Kevin Stöger,at AUT,MF,Gladbach,de Bundesliga,31.0,1993.0,29,15,1324,14.7,1,1,2,1,0,1,3,0,23,7,23,29,0,61,13,20,0,30.4,0.04,0.14,1.0,-0.82,-0.87,,,,,,,,,,,,,,,MF,,False,Midfielder,True,True,False,0.06797583081570997,0.06797583081570997,0.13595166163141995,0.06797583081570997,0.0,0.06797583081570997,0.20392749244712993,0.0,1.5634441087613293,0.4758308157099698,1.5634441087613293,1.9712990936555892,0.0,4.146525679758308,0.8836858006042296,1.3595166163141994,0.0
Jørgen Strand Larsen,no NOR,FW,Crystal Palace,eng Premier League,25.0,2000.0,14,12,903,10.0,3,0,3,3,0,0,2,0,23,7,21,10,1,0,1,0,0,30.4,0.13,0.43,1.14,-0.3,-0.05,,,,,,,,,,,,,,,FW,,False,Forward,True,True,False,0.29900332225913623,0.0,0.29900332225913623,0.29900332225913623,0.0,0.0,0.19933554817275748,0.0,2.292358803986711,0.6976744186046512,2.0930232558139537,0.9966777408637875,0.09966777408637874,0.0,0.09966777408637874,0.0,0.0
Jørgen Strand Larsen,no NOR,FW,Wolves,eng Premier League,25.0,2000.0,22,14,1404,15.6,1,1,2,0,1,2,2,0,21,7,30,11,9,3,3,2,0,33.3,0.0,0.0,0.36,-1.28,-0.34,,,,,,,,,,,,,,,FW,,False,Forward,True,True,True,0.06410256410256411,0.06410256410256411,0.12820512820512822,0.0,0.06410256410256411,0.12820512820512822,0.12820512820512822,0.0,1.3461538461538463,0.44871794871794873,1.9230769230769231,0.7051282051282052,0.5769230769230769,0.19230769230769232,0.19230769230769232,0.12820512820512822,0.0
Gabriel Strefezza,br BRA,FW,Parma,it Serie A,28.0,1997.0,14,13,1007,11.2,2,2,4,2,0,0,3,0,24,7,21,28,2,41,5,12,0,29.2,0.08,0.29,1.36,-0.45,0.04,,,,,,,,,,,,,,,FW,,False,Forward,True,True,False,0.17874875868917575,0.17874875868917575,0.3574975173783515,0.17874875868917575,0.0,0.0,0.26812313803376364,0.0,2.144985104270109,0.6256206554121152,1.8768619662363457,2.502482621648461,0.17874875868917575,3.664349553128103,0.4468718967229394,1.0724925521350546,0.0
Pascal Struijk,nl NED,DF,Leeds United,eng Premier League,25.0,1999.0,34,33,2936,32.6,0,1,1,0,0,0,5,0,31,5,27,22,5,2,32,22,0,16.1,0.0,0.0,1.18,-0.18,0.0,,,,,,,,,,,,,,,DF,,False,Defender,True,True,True,0.0,0.030653950953678472,0.030653950953678472,0.0,0.0,0.0,0.15326975476839236,0.0,0.9502724795640327,0.15326975476839236,0.8276566757493189,0.6743869209809263,0.15326975476839236,0.061307901907356945,0.9809264305177111,0.6743869209809263,0.0
Nikola Štulić,rs SRB,FW,Lecce,it Serie A,23.0,2001.0,34,20,1709,19.0,4,0,4,3,1,1,1,0,33,9,37,26,9,1,2,7,0,27.3,0.09,0.33,1.0,-0.37,0.42,,,,,,,,,,,,,,,FW,,False,Forward,True,True,True,0.2106495026331188,0.0,0.2106495026331188,0.15798712697483908,0.0526623756582797,0.0526623756582797,0.0526623756582797,0.0,1.73785839672323,0.4739613809245173,1.9485078993563487,1.369221767115272,0.4739613809245173,0.0526623756582797,0.1053247513165594,0.3686366296079579,0.0
Denis Suárez,es ESP,MF,Alavés,es La Liga,31.0,1994.0,30,15,1406,15.6,1,2,3,1,0,0,6,0,9,4,20,26,0,41,7,12,0,44.4,0.11,0.25,1.07,0.0,0.54,,,,,,,,,,,,,,,MF,,False,Midfielder,True,True,True,0.06401137980085349,0.12802275960170698,0.19203413940256048,0.06401137980085349,0.0,0.0,0.38406827880512096,0.0,0.5761024182076814,0.25604551920341395,1.2802275960170697,1.6642958748221908,0.0,2.624466571834993,0.4480796586059744,0.7681365576102419,0.0
Gabriel Suazo,cl CHI,"DF,MF",Sevilla,es La Liga,27.0,1997.0,29,25,2096,23.3,0,2,2,0,0,0,7,0,5,2,33,15,2,95,29,62,0,40.0,0.0,0.0,1.31,-0.39,-0.05,,,,,,,,,,,,,,,DF,MF,True,Defender,True,True,True,0.0,0.08587786259541984,0.08587786259541984,0.0,0.0,0.0,0.3005725190839695,0.0,0.21469465648854963,0.08587786259541984,1.4169847328244274,0.6440839694656488,0.08587786259541984,4.0791984732824424,1.245229007633588,2.6622137404580153,0.0
Luka Sučić,hr CRO,"MF,FW",Real Sociedad,es La Liga,22.0,2002.0,22,10,1022,11.4,3,1,4,3,0,0,1,0,23,7,11,6,1,6,5,8,0,30.4,0.13,0.43,1.23,0.44,0.7,,,,,,,,,,,,,,,MF,FW,True,Midfielder,True,True,False,0.26418786692759294,0.08806262230919765,0.3522504892367906,0.26418786692759294,0.0,0.0,0.08806262230919765,0.0,2.0254403131115457,0.6164383561643836,0.9686888454011742,0.5283757338551859,0.08806262230919765,0.5283757338551859,0.44031311154598823,0.7045009784735812,0.0
Petar Sucic,hr CRO,MF,Inter,it Serie A,21.0,2003.0,34,21,1765,19.6,2,2,4,2,0,0,5,0,22,6,30,25,0,43,9,25,0,27.3,0.09,0.33,2.21,1.07,-0.72,,,,,,,,,,,,,,,MF,,False,Midfielder,True,True,True,0.10198300283286119,0.10198300283286119,0.20396600566572237,0.10198300283286119,0.0,0.0,0.254957507082153,0.0,1.1218130311614731,0.3059490084985836,1.529745042492918,1.274787535410765,0.0,2.1926345609065154,0.45892351274787535,1.274787535410765,0.0
Yukinari Sugawara,jp JPN,"DF,MF",Werder Bremen,de Bundesliga,25.0,2000.0,31,29,2428,27.0,0,6,6,0,0,0,2,1,30,11,22,11,2,74,15,22,0,36.7,0.0,0.0,1.03,-0.41,1.3,,,,,,,,,,,,,,,DF,MF,True,Defender,True,True,True,0.0,0.22240527182866554,0.22240527182866554,0.0,0.0,0.0,0.07413509060955518,0.03706754530477759,1.112026359143328,0.4077429983525535,0.815485996705107,0.4077429983525535,0.07413509060955518,2.742998352553542,0.556013179571664,0.815485996705107,0.0
Pavel Šulc,cz CZE,"FW,MF",Lyon,fr Ligue 1,24.0,2000.0,27,17,1566,17.4,11,3,14,11,0,0,3,0,44,18,28,15,6,13,6,13,0,40.9,0.25,0.61,1.81,0.34,-0.08,,,,,,,,,,,,,,,FW,MF,True,Forward,True,True,True,0.632183908045977,0.17241379310344826,0.8045977011494253,0.632183908045977,0.0,0.0,0.17241379310344826,0.0,2.528735632183908,1.0344827586206897,1.6091954022988506,0.8620689655172413,0.3448275862068965,0.7471264367816092,0.3448275862068965,0.7471264367816092,0.0
Kamaldeen Sulemana,gh GHA,MF,Atalanta,it Serie A,23.0,2002.0,25,9,1011,11.2,2,1,3,2,0,0,4,0,25,10,14,14,5,22,2,5,0,40.0,0.08,0.2,1.52,0.45,0.07,,,,,,,,,,,,,,,MF,,False,Midfielder,True,True,False,0.17804154302670622,0.08902077151335311,0.26706231454005935,0.17804154302670622,0.0,0.0,0.35608308605341243,0.0,2.225519287833828,0.890207715133531,1.2462908011869436,1.2462908011869436,0.4451038575667655,1.9584569732937684,0.17804154302670622,0.4451038575667655,0.0
Crysencio Summerville,nl NED,"MF,FW",West Ham United,eng Premier League,23.0,2001.0,31,29,2470,27.4,5,2,7,5,0,0,6,0,54,15,49,67,6,59,15,26,0,27.8,0.09,0.33,1.16,-0.29,0.75,,,,,,,,,,,,,,,MF,FW,True,Midfielder,True,True,True,0.18218623481781376,0.0728744939271255,0.2550607287449393,0.18218623481781376,0.0,0.0,0.21862348178137653,0.0,1.9676113360323886,0.5465587044534413,1.785425101214575,2.4412955465587047,0.21862348178137653,2.1497975708502026,0.5465587044534413,0.9473684210526315,0.0
Yuito Suzuki,jp JPN,MF,Freiburg,de Bundesliga,23.0,2001.0,25,18,1632,18.1,4,2,6,4,0,0,3,0,38,14,20,10,2,21,10,12,0,36.8,0.11,0.29,1.28,0.0,0.38,,,,,,,,,,,,,,,MF,,False,Midfielder,True,True,True,0.22058823529411764,0.11029411764705882,0.33088235294117646,0.22058823529411764,0.0,0.0,0.16544117647058823,0.0,2.0955882352941178,0.7720588235294118,1.1029411764705883,0.5514705882352942,0.11029411764705882,1.1580882352941175,0.5514705882352942,0.6617647058823529,0.0
Daniel Svensson,se SWE,MF,Dortmund,de Bundesliga,23.0,2002.0,33,27,2454,27.3,2,2,4,2,0,0,0,0,12,4,28,22,2,129,20,26,0,33.3,0.17,0.5,2.12,0.95,-0.53,,,,,,,,,,,,,,,MF,,False,Midfielder,True,True,True,0.07334963325183373,0.07334963325183373,0.14669926650366746,0.07334963325183373,0.0,0.0,0.0,0.0,0.4400977995110024,0.14669926650366746,1.0268948655256724,0.8068459657701711,0.07334963325183373,4.7310513447432765,0.7334963325183373,0.9535452322738387,0.0
Williot Swedberg,se SWE,"FW,MF",Celta Vigo,es La Liga,21.0,2004.0,29,13,1270,14.1,5,5,10,5,0,0,2,0,23,12,30,34,6,8,4,17,0,52.2,0.22,0.42,1.45,0.21,0.13,,,,,,,,,,,,,,,FW,MF,True,Forward,True,True,False,0.3543307086614173,0.3543307086614173,0.7086614173228346,0.3543307086614173,0.0,0.0,0.14173228346456693,0.0,1.6299212598425197,0.8503937007874016,2.1259842519685037,2.409448818897638,0.4251968503937008,0.5669291338582677,0.28346456692913385,1.204724409448819,0.0
Lamine Sy,mr MTN,DF,Auxerre,fr Ligue 1,22.0,2002.0,24,17,1536,17.1,0,0,0,0,0,0,1,0,13,2,24,14,3,47,26,29,0,15.4,0.0,0.0,1.04,0.0,0.59,,,,,,,,,,,,,,,DF,,False,Defender,True,True,True,0.0,0.0,0.0,0.0,0.0,0.0,0.05859375,0.0,0.76171875,0.1171875,1.40625,0.8203125,0.17578125,2.75390625,1.5234375,1.69921875,0.0
Dominik Szoboszlai,hu HUN,"MF,DF",Liverpool,eng Premier League,24.0,2000.0,36,36,3231,35.9,6,7,13,6,0,1,8,1,71,23,42,30,2,206,29,32,0,32.4,0.08,0.26,1.5,0.25,-0.23,,,,,,,,,,,,,,,MF,DF,True,Midfielder,True,True,True,0.1671309192200557,0.19498607242339833,0.362116991643454,0.1671309192200557,0.0,0.027855153203342618,0.22284122562674094,0.027855153203342618,1.977715877437326,0.6406685236768802,1.1699164345403898,0.8356545961002785,0.055710306406685235,5.73816155988858,0.807799442896936,0.8913649025069638,0.0
Alexander Sørloth,no NOR,FW,Atlético Madrid,es La Liga,29.0,1995.0,35,20,1980,22.0,13,0,13,13,0,0,4,1,68,35,30,16,11,10,0,7,0,51.5,0.19,0.37,1.8,0.36,-0.26,,,,,,,,,,,,,,,FW,,False,Forward,True,True,True,0.5909090909090909,0.0,0.5909090909090909,0.5909090909090909,0.0,0.0,0.18181818181818182,0.045454545454545456,3.090909090909091,1.5909090909090908,1.3636363636363638,0.7272727272727273,0.5,0.4545454545454546,0.0,0.3181818181818182,0.0
Musa Al-Taamari,jo JOR,"MF,FW",Rennes,fr Ligue 1,28.0,1997.0,33,25,2212,24.6,6,6,12,6,0,0,4,0,64,23,16,27,26,86,11,16,0,35.9,0.09,0.26,1.79,0.53,0.95,,,,,,,,,,,,,,,MF,FW,True,Midfielder,True,True,True,0.244122965641953,0.244122965641953,0.488245931283906,0.244122965641953,0.0,0.0,0.162748643761302,0.0,2.603978300180832,0.9358047016274864,0.650994575045208,1.0985533453887883,1.057866184448463,3.4990958408679926,0.4475587703435805,0.650994575045208,0.0
Haris Tabakovic,ba BIH,FW,Gladbach,de Bundesliga,31.0,1994.0,32,28,2382,26.5,13,3,16,13,0,2,5,0,67,27,48,20,27,2,0,6,0,40.3,0.19,0.48,1.19,0.08,1.8,,,,,,,,,,,,,,,FW,,False,Forward,True,True,True,0.491183879093199,0.11335012594458438,0.6045340050377833,0.491183879093199,0.0,0.07556675062972291,0.1889168765743073,0.0,2.531486146095718,1.0201511335012594,1.81360201511335,0.7556675062972292,1.0201511335012594,0.07556675062972291,0.0,0.22670025188916876,0.0
Nicolás Tagliafico,ar ARG,DF,Lyon,fr Ligue 1,32.0,1992.0,20,14,1310,14.6,0,3,3,0,0,0,5,2,15,1,36,33,2,20,17,14,0,6.7,0.0,0.0,1.55,0.41,0.05,,,,,,,,,,,,,,,DF,,False,Defender,True,True,False,0.0,0.20610687022900764,0.20610687022900764,0.0,0.0,0.0,0.34351145038167935,0.13740458015267176,1.0305343511450382,0.06870229007633588,2.4732824427480917,2.267175572519084,0.13740458015267176,1.3740458015267174,1.16793893129771,0.9618320610687023,0.0
Jonathan Tah,de GER,DF,Bayern Munich,de Bundesliga,29.0,1996.0,28,23,2018,22.4,2,1,3,2,0,0,7,0,8,5,26,6,0,1,25,18,0,62.5,0.25,0.4,2.61,2.5,-0.09,,,,,,,,,,,,,,,DF,,False,Defender,True,True,True,0.08919722497522299,0.044598612487611496,0.1337958374628345,0.08919722497522299,0.0,0.0,0.3121902874132805,0.0,0.35678889990089196,0.22299306243805747,1.1595639246778988,0.267591674925669,0.0,0.044598612487611496,1.1149653121902874,0.8027750247770069,0.0
Chemsdine Talbi,ma MAR,"MF,FW",Sunderland,eng Premier League,20.0,2005.0,28,16,1561,17.3,4,1,5,4,0,0,0,0,25,10,5,1,2,50,3,6,0,40.0,0.16,0.4,1.46,0.52,1.25,,,,,,,,,,,,,,,MF,FW,True,Midfielder,True,True,True,0.23062139654067904,0.05765534913516976,0.2882767456758488,0.23062139654067904,0.0,0.0,0.0,0.0,1.4413837283792441,0.5765534913516976,0.2882767456758488,0.05765534913516976,0.11531069827033952,2.8827674567584882,0.1729660474055093,0.3459320948110186,0.0
Montassar Talbi,tn TUN,DF,Lorient,fr Ligue 1,27.0,1998.0,29,29,2610,29.0,0,1,1,0,0,0,3,0,14,2,7,13,0,5,27,19,0,14.3,0.0,0.0,1.41,-0.03,0.37,,,,,,,,,,,,,,,DF,,False,Defender,True,True,True,0.0,0.034482758620689655,0.034482758620689655,0.0,0.0,0.0,0.10344827586206896,0.0,0.48275862068965514,0.06896551724137931,0.24137931034482757,0.4482758620689655,0.0,0.17241379310344826,0.9310344827586207,0.6551724137931034,0.0
Adrien Tameze,cm CMR,DF,Torino,it Serie A,31.0,1994.0,24,12,1120,12.4,0,0,0,0,0,0,3,0,5,0,16,7,0,14,19,12,0,0.0,0.0,,1.13,-1.04,-0.81,,,,,,,,,,,,,,,DF,,False,Defender,True,True,False,0.0,0.0,0.0,0.0,0.0,0.0,0.24107142857142858,0.0,0.40178571428571425,0.0,1.2857142857142856,0.5625,0.0,1.125,1.5267857142857142,0.9642857142857143,0.0
Ao Tanaka,jp JPN,MF,Leeds United,eng Premier League,26.0,1998.0,28,14,1315,14.6,2,0,2,2,0,0,1,0,17,5,13,10,0,39,21,15,0,29.4,0.12,0.4,1.43,0.07,0.41,,,,,,,,,,,,,,,MF,,False,Midfielder,True,True,False,0.13688212927756654,0.0,0.13688212927756654,0.13688212927756654,0.0,0.0,0.06844106463878327,0.0,1.1634980988593155,0.34220532319391633,0.8897338403041825,0.6844106463878327,0.0,2.6692015209125475,1.4372623574144487,1.0266159695817492,0.0
Edmond Tapsoba,bf BFA,DF,Leverkusen,de Bundesliga,26.0,1999.0,29,29,2575,28.6,5,3,8,5,0,0,7,0,29,10,31,2,2,13,21,15,0,34.5,0.17,0.5,1.79,0.77,0.95,,,,,,,,,,,,,,,DF,,False,Defender,True,True,True,0.17475728155339806,0.10485436893203884,0.2796116504854369,0.17475728155339806,0.0,0.0,0.2446601941747573,0.0,1.0135922330097087,0.34951456310679613,1.083495145631068,0.06990291262135923,0.06990291262135923,0.45436893203883494,0.7339805825242718,0.5242718446601942,0.0
James Tarkowski,eng ENG,DF,Everton,eng Premier League,32.0,1992.0,37,37,3330,37.0,2,3,5,2,0,0,8,0,20,10,32,35,2,7,29,30,0,50.0,0.1,0.2,1.32,-0.03,1.97,,,,,,,,,,,,,,,DF,,False,Defender,True,True,True,0.05405405405405405,0.08108108108108109,0.13513513513513514,0.05405405405405405,0.0,0.0,0.2162162162162162,0.0,0.5405405405405406,0.2702702702702703,0.8648648648648648,0.945945945945946,0.05405405405405405,0.1891891891891892,0.7837837837837838,0.8108108108108109,0.0
César Tárrega,es ESP,DF,Valencia,es La Liga,23.0,2002.0,32,29,2598,28.9,0,0,0,0,0,0,7,0,11,1,40,13,0,1,24,24,2,9.1,0.0,0.0,1.34,-0.21,0.12,,,,,,,,,,,,,,,DF,,False,Defender,True,True,True,0.0,0.0,0.0,0.0,0.0,0.0,0.24249422632794457,0.0,0.38106235565819857,0.03464203233256351,1.3856812933025404,0.45034642032332567,0.0,0.03464203233256351,0.8314087759815242,0.8314087759815242,0.06928406466512702
Tylel Tati,fr FRA,DF,Nantes,fr Ligue 1,17.0,2008.0,20,20,1721,19.1,0,0,0,0,0,0,5,1,3,0,25,15,0,1,14,13,0,0.0,0.0,,0.7,-0.94,-0.61,,,,,,,,,,,,,,,DF,,False,Defender,True,True,True,0.0,0.0,0.0,0.0,0.0,0.0,0.26147588611272515,0.05229517722254503,0.1568855316676351,0.0,1.307379430563626,0.7844276583381754,0.0,0.05229517722254503,0.7321324811156305,0.6798373038930854,0.0
Nuno Tavares,pt POR,DF,Lazio,it Serie A,25.0,2000.0,23,17,1473,16.4,0,0,0,0,0,0,5,0,16,1,20,22,6,99,18,21,0,6.3,0.0,0.0,1.35,0.12,0.17,,,,,,,,,,,,,,,DF,,False,Defender,True,True,True,0.0,0.0,0.0,0.0,0.0,0.0,0.3054989816700611,0.0,0.9775967413441955,0.06109979633401222,1.2219959266802445,1.3441955193482689,0.3665987780040733,6.04887983706721,1.0997963340122199,1.2830957230142568,0.0
Marcus Tavernier,eng ENG,MF,Bournemouth,eng Premier League,26.0,1999.0,34,31,2732,30.4,7,4,11,5,2,2,6,0,70,24,31,35,4,114,16,21,0,34.3,0.07,0.21,1.38,0.03,-0.36,,,,,,,,,,,,,,,MF,,False,Midfielder,True,True,True,0.23060029282576866,0.13177159590043924,0.3623718887262079,0.16471449487554907,0.06588579795021962,0.06588579795021962,0.19765739385065886,0.0,2.3060029282576866,0.7906295754026355,1.0212298682284042,1.1530014641288433,0.13177159590043924,3.7554904831625184,0.527086383601757,0.691800878477306,0.0
Kenneth Taylor,nl NED,MF,Lazio,it Serie A,23.0,2002.0,17,17,1394,15.5,3,2,5,3,0,0,5,0,16,6,17,13,1,9,9,11,0,37.5,0.19,0.5,1.53,-0.19,-0.37,,,,,,,,,,,,,,,MF,,False,Midfielder,True,True,True,0.19368723098995694,0.1291248206599713,0.32281205164992827,0.19368723098995694,0.0,0.0,0.32281205164992827,0.0,1.0329985652797704,0.3873744619799139,1.0975609756097562,0.8393113342898134,0.06456241032998565,0.5810616929698709,0.5810616929698709,0.7101865136298422,0.0
Loum Tchaouna,fr FRA,"MF,FW",Burnley,eng Premier League,21.0,2003.0,29,14,1272,14.1,2,1,3,2,0,0,2,0,23,9,12,16,1,34,2,9,0,39.1,0.09,0.22,0.41,-0.78,0.31,,,,,,,,,,,,,,,MF,FW,True,Midfielder,True,True,False,0.14150943396226415,0.07075471698113207,0.2122641509433962,0.14150943396226415,0.0,0.0,0.14150943396226415,0.0,1.6273584905660377,0.6367924528301887,0.8490566037735848,1.1320754716981132,0.07075471698113207,2.405660377358491,0.14150943396226415,0.6367924528301887,0.0
Jackson Tchatchoua,cm CMR,"MF,DF",Wolves,eng Premier League,23.0,2001.0,31,19,1845,20.5,0,1,1,0,0,0,3,0,3,1,8,9,2,90,14,15,0,33.3,0.0,0.0,0.55,-0.98,0.22,,,,,,,,,,,,,,,MF,DF,True,Midfielder,True,True,True,0.0,0.04878048780487805,0.04878048780487805,0.0,0.0,0.0,0.14634146341463414,0.0,0.14634146341463414,0.04878048780487805,0.3902439024390244,0.43902439024390244,0.0975609756097561,4.390243902439025,0.6829268292682927,0.7317073170731708,0.0
Aurélien Tchouaméni,fr FRA,MF,Real Madrid,es La Liga,25.0,2000.0,33,31,2615,29.1,1,0,1,1,0,0,8,0,45,7,31,27,0,8,45,41,0,15.6,0.02,0.14,2.33,1.07,-0.16,,,,,,,,,,,,,,,MF,,False,Midfielder,True,True,True,0.03441682600382409,0.0,0.03441682600382409,0.03441682600382409,0.0,0.0,0.27533460803059273,0.0,1.5487571701720841,0.2409177820267686,1.066921606118547,0.9292543021032504,0.0,0.27533460803059273,1.5487571701720841,1.4110898661567879,0.0
Mathys Tel,fr FRA,"MF,FW",Tottenham Hotspur,eng Premier League,20.0,2005.0,31,13,1349,15.0,4,1,5,4,0,0,1,0,35,8,19,23,3,92,5,12,0,22.9,0.11,0.5,1.0,0.2,0.72,,,,,,,,,,,,,,,MF,FW,True,Midfielder,True,True,False,0.26686434395848774,0.06671608598962193,0.3335804299481097,0.26686434395848774,0.0,0.0,0.06671608598962193,0.0,2.335063009636768,0.5337286879169755,1.267605633802817,1.5344699777613044,0.20014825796886582,6.137879911045218,0.3335804299481097,0.8005930318754633,0.0
Nahuel Tenaglia,ar ARG,DF,Alavés,es La Liga,29.0,1996.0,36,36,3239,36.0,2,0,2,2,0,0,3,0,24,8,31,42,5,17,47,43,0,33.3,0.08,0.25,1.08,-0.33,-0.33,,,,,,,,,,,,,,,DF,,False,Defender,True,True,True,0.05557270762581044,0.0,0.05557270762581044,0.05557270762581044,0.0,0.0,0.08335906143871565,0.0,0.6668724915097252,0.22229083050324175,0.8613769682000617,1.167026860142019,0.1389317690645261,0.4723680148193887,1.3059586292065453,1.1948132139549243,0.0
Filippo Terracciano,it ITA,DF,Cremonese,it Serie A,22.0,2003.0,36,33,3011,33.5,2,0,2,2,0,0,6,0,14,4,18,26,0,27,56,23,2,28.6,0.14,0.5,0.94,-0.51,1.25,,,,,,,,,,,,,,,DF,,False,Defender,True,True,True,0.05978080371969446,0.0,0.05978080371969446,0.05978080371969446,0.0,0.0,0.17934241115908334,0.0,0.4184656260378612,0.11956160743938891,0.53802723347725,0.777150448356028,0.0,0.8070408502158751,1.6738625041514448,0.6874792427764862,0.05978080371969446
Ramón Terrats,es ESP,MF,Espanyol,es La Liga,24.0,2000.0,29,12,1030,11.4,1,2,3,1,0,0,0,0,15,3,15,22,1,30,11,13,0,20.0,0.07,0.33,1.03,-0.96,-0.92,,,,,,,,,,,,,,,MF,,False,Midfielder,True,True,False,0.08737864077669903,0.17475728155339806,0.2621359223300971,0.08737864077669903,0.0,0.0,0.0,0.0,1.3106796116504855,0.2621359223300971,1.3106796116504855,1.9223300970873787,0.08737864077669903,2.621359223300971,0.9611650485436893,1.1359223300970873,0.0
Tanner Tessmann,us USA,MF,Lyon,fr Ligue 1,23.0,2001.0,29,22,1953,21.7,1,0,1,1,0,0,2,0,26,8,21,19,3,17,13,21,0,30.8,0.04,0.13,1.86,0.51,0.34,,,,,,,,,,,,,,,MF,,False,Midfielder,True,True,True,0.04608294930875576,0.0,0.04608294930875576,0.04608294930875576,0.0,0.0,0.09216589861751152,0.0,1.1981566820276497,0.3686635944700461,0.967741935483871,0.8755760368663595,0.1382488479262673,0.783410138248848,0.5990783410138248,0.967741935483871,0.0
Kenny Tete,nl NED,DF,Fulham,eng Premier League,29.0,1995.0,22,21,1791,19.9,1,0,1,1,0,0,2,0,16,3,27,31,1,34,26,38,0,18.8,0.06,0.33,1.55,0.0,0.22,,,,,,,,,,,,,,,DF,,False,Defender,True,True,True,0.05025125628140704,0.0,0.05025125628140704,0.05025125628140704,0.0,0.0,0.10050251256281408,0.0,0.8040201005025126,0.15075376884422112,1.3567839195979898,1.557788944723618,0.05025125628140704,1.708542713567839,1.306532663316583,1.9095477386934672,0.0
Jordan Teze,nl NED,"MF,DF",Monaco,fr Ligue 1,25.0,1999.0,33,28,2489,27.7,1,2,3,1,0,0,8,0,14,5,32,25,3,64,30,45,0,35.7,0.07,0.2,1.55,0.29,0.6,,,,,,,,,,,,,,,MF,DF,True,Midfielder,True,True,True,0.03615910004017678,0.07231820008035356,0.10847730012053033,0.03615910004017678,0.0,0.0,0.2892728003214142,0.0,0.5062274005624748,0.1807955002008839,1.157091201285657,0.9039775010044195,0.10847730012053033,2.314182402571314,1.0847730012053034,1.627159501807955,0.0
Florian Thauvin,fr FRA,MF,Lens,fr Ligue 1,32.0,1993.0,33,29,2443,27.1,11,6,17,9,2,3,6,0,74,27,19,34,8,202,11,17,0,36.5,0.12,0.33,2.03,0.96,0.23,,,,,,,,,,,,,,,MF,,False,Midfielder,True,True,True,0.4052394596807204,0.22103970528039293,0.6262791649611134,0.33155955792058944,0.07367990176013099,0.11051985264019647,0.22103970528039293,0.0,2.7261563651248464,0.9946786737617683,0.6999590667212444,1.2525583299222267,0.29471960704052397,7.44167007777323,0.4052394596807204,0.6262791649611134,0.0
Arthur Theate,be BEL,DF,Eintracht Frankfurt,de Bundesliga,25.0,2000.0,24,24,2141,23.8,1,0,1,1,0,0,8,0,15,7,15,13,1,13,34,21,0,46.7,0.07,0.14,1.29,-0.25,-0.45,,,,,,,,,,,,,,,DF,,False,Defender,True,True,True,0.04203643157403082,0.0,0.04203643157403082,0.04203643157403082,0.0,0.0,0.3362914525922466,0.0,0.6305464736104623,0.29425502101821577,0.6305464736104623,0.5464736104624007,0.04203643157403082,0.5464736104624007,1.429238673517048,0.8827650630546474,0.0
Igor Thiago,br BRA,FW,Brentford,eng Premier League,24.0,2001.0,38,37,3282,36.5,22,1,23,14,8,9,7,0,84,43,74,26,24,19,12,21,0,51.2,0.17,0.33,1.39,0.08,0.08,,,,,,,,,,,,,,,FW,,False,Forward,True,True,True,0.603290676416819,0.027422303473491776,0.6307129798903107,0.38391224862888484,0.2193784277879342,0.24680073126142596,0.19195612431444242,0.0,2.303473491773309,1.1791590493601463,2.0292504570383914,0.712979890310786,0.6581352833638026,0.5210237659963437,0.3290676416819013,0.5758683729433273,0.0
Malick Thiaw,de GER,DF,Newcastle United,eng Premier League,23.0,2001.0,35,33,2965,32.9,4,0,4,4,0,0,4,0,28,14,24,11,2,9,30,34,0,50.0,0.14,0.29,1.26,-0.15,-0.75,,,,,,,,,,,,,,,DF,,False,Defender,True,True,True,0.12141652613827994,0.0,0.12141652613827994,0.12141652613827994,0.0,0.0,0.12141652613827994,0.0,0.8499156829679596,0.4249578414839798,0.7284991568296795,0.33389544688026984,0.06070826306913997,0.27318718381112983,0.9106239460370994,1.0320404721753795,0.0
Jan Thielmann,de GER,"MF,FW",Köln,de Bundesliga,23.0,2002.0,26,20,1540,17.1,3,1,4,3,0,0,4,0,27,10,11,23,4,36,13,12,0,37.0,0.11,0.3,1.04,-0.53,-0.23,,,,,,,,,,,,,,,MF,FW,True,Midfielder,True,True,True,0.17532467532467533,0.05844155844155844,0.23376623376623376,0.17532467532467533,0.0,0.0,0.23376623376623376,0.0,1.5779220779220777,0.5844155844155845,0.6428571428571428,1.344155844155844,0.23376623376623376,2.103896103896104,0.7597402597402597,0.7012987012987013,0.0
Adrien Thomasson,fr FRA,MF,Lens,fr Ligue 1,31.0,1993.0,32,31,2683,29.8,3,9,12,3,0,0,11,0,43,13,54,43,4,121,20,56,0,30.2,0.07,0.23,2.0,0.77,-1.14,,,,,,,,,,,,,,,MF,,False,Midfielder,True,True,True,0.10063361908311591,0.30190085724934773,0.40253447633246364,0.10063361908311591,0.0,0.0,0.3689899366380917,0.0,1.4424152068579947,0.43607901602683563,1.8114051434960863,1.4424152068579947,0.13417815877748787,4.058889303019009,0.6708907938874394,1.8784942228848303,0.0
Kristian Thorstvedt,no NOR,MF,Sassuolo,it Serie A,26.0,1999.0,32,27,2460,27.3,4,4,8,4,0,0,9,0,43,13,34,57,1,13,31,20,0,30.2,0.09,0.31,1.5,0.11,0.77,,,,,,,,,,,,,,,MF,,False,Midfielder,True,True,True,0.14634146341463414,0.14634146341463414,0.2926829268292683,0.14634146341463414,0.0,0.0,0.32926829268292684,0.0,1.573170731707317,0.47560975609756095,1.2439024390243902,2.0853658536585367,0.036585365853658534,0.47560975609756095,1.1341463414634148,0.7317073170731708,0.0
Khéphren Thuram,fr FRA,MF,Juventus,it Serie A,24.0,2001.0,35,30,2442,27.1,3,3,6,3,0,0,2,0,50,15,38,12,3,16,12,32,0,30.0,0.06,0.2,1.8,0.88,0.61,,,,,,,,,,,,,,,MF,,False,Midfielder,True,True,True,0.11056511056511056,0.11056511056511056,0.22113022113022113,0.11056511056511056,0.0,0.0,0.07371007371007371,0.0,1.8427518427518428,0.5528255528255528,1.4004914004914004,0.44226044226044225,0.11056511056511056,0.5896805896805897,0.44226044226044225,1.1793611793611793,0.0
Marcus Thuram,fr FRA,FW,Inter,it Serie A,27.0,1997.0,29,24,1900,21.1,13,6,19,13,0,0,2,0,74,29,43,41,15,21,1,13,0,39.2,0.18,0.45,2.41,1.33,-0.21,,,,,,,,,,,,,,,FW,,False,Forward,True,True,True,0.6157894736842106,0.28421052631578947,0.9,0.6157894736842106,0.0,0.0,0.09473684210526316,0.0,3.505263157894737,1.3736842105263156,2.0368421052631582,1.9421052631578946,0.7105263157894737,0.9947368421052631,0.04736842105263158,0.6157894736842106,0.0
Cheikh Tidiane Sabaly,sn SEN,"MF,FW",Metz,fr Ligue 1,26.0,1999.0,14,12,967,10.7,0,2,2,0,0,0,2,0,8,4,14,16,5,14,3,13,0,50.0,0.0,0.0,0.79,-1.49,-0.29,,,,,,,,,,,,,,,MF,FW,True,Midfielder,True,True,False,0.0,0.1861427094105481,0.1861427094105481,0.0,0.0,0.0,0.1861427094105481,0.0,0.7445708376421925,0.3722854188210962,1.3029989658738366,1.489141675284385,0.4653567735263702,1.3029989658738366,0.2792140641158221,1.2099276111685626,0.0
Youri Tielemans,be BEL,MF,Aston Villa,eng Premier League,28.0,1997.0,25,21,1862,20.7,0,4,4,0,0,0,0,0,24,7,25,40,1,45,16,39,0,29.2,0.0,0.0,1.88,0.24,0.13,,,,,,,,,,,,,,,MF,,False,Midfielder,True,True,True,0.0,0.19334049409237378,0.19334049409237378,0.0,0.0,0.0,0.0,0.0,1.1600429645542427,0.3383458646616541,1.2083780880773363,1.933404940923738,0.048335123523093444,2.1750805585392055,0.7733619763694951,1.8850698174006444,0.0
Phillip Tietz,de GER,FW,Mainz 05,de Bundesliga,28.0,1997.0,19,19,1610,17.9,5,2,7,5,0,1,2,0,46,21,32,21,16,4,7,4,0,45.7,0.11,0.24,1.68,0.45,1.5,,,,,,,,,,,,,,,FW,,False,Forward,True,True,True,0.2795031055900621,0.11180124223602485,0.391304347826087,0.2795031055900621,0.0,0.055900621118012424,0.11180124223602485,0.0,2.571428571428571,1.1739130434782608,1.7888198757763976,1.1739130434782608,0.8944099378881988,0.2236024844720497,0.391304347826087,0.2236024844720497,0.0
Malik Tillman,us USA,MF,Leverkusen,de Bundesliga,23.0,2002.0,29,18,1674,18.6,6,1,7,6,0,0,2,0,34,13,19,29,1,18,19,30,0,38.2,0.18,0.46,1.79,0.32,-0.65,,,,,,,,,,,,,,,MF,,False,Midfielder,True,True,True,0.3225806451612903,0.05376344086021505,0.3763440860215054,0.3225806451612903,0.0,0.0,0.1075268817204301,0.0,1.8279569892473118,0.6989247311827956,1.021505376344086,1.5591397849462365,0.05376344086021505,0.967741935483871,1.021505376344086,1.6129032258064515,0.0
Jurriën Timber,nl NED,DF,Arsenal,eng Premier League,24.0,2001.0,30,28,2454,27.3,3,5,8,3,0,0,5,0,25,7,38,29,0,46,24,35,0,28.0,0.12,0.43,2.23,1.14,-0.07,,,,,,,,,,,,,,,DF,,False,Defender,True,True,True,0.1100244498777506,0.18337408312958434,0.2933985330073349,0.1100244498777506,0.0,0.0,0.18337408312958434,0.0,0.9168704156479218,0.2567237163814181,1.3936430317848412,1.0635696821515892,0.0,1.687041564792176,0.8801955990220048,1.2836185819070904,0.0
Quinten Timber,nl NED,MF,Marseille,fr Ligue 1,24.0,2001.0,15,14,1105,12.3,0,0,0,0,0,0,4,0,10,2,13,20,1,7,9,17,0,20.0,0.0,0.0,1.6,-0.16,-1.08,,,,,,,,,,,,,,,MF,,False,Midfielder,True,True,False,0.0,0.0,0.0,0.0,0.0,0.0,0.3257918552036199,0.0,0.8144796380090499,0.16289592760180996,1.0588235294117647,1.6289592760180998,0.08144796380090498,0.5701357466063348,0.7330316742081449,1.3846153846153846,0.0
Jean-Clair Todibo,fr FRA,DF,West Ham United,eng Premier League,25.0,1999.0,23,22,1814,20.2,0,1,1,0,0,0,5,1,2,0,9,3,1,2,16,24,0,0.0,0.0,,1.0,-0.55,-0.1,,,,,,,,,,,,,,,DF,,False,Defender,True,True,True,0.0,0.04961411245865491,0.04961411245865491,0.0,0.0,0.0,0.2480705622932745,0.04961411245865491,0.09922822491730982,0.0,0.4465270121278942,0.14884233737596472,0.04961411245865491,0.09922822491730982,0.7938257993384785,1.1907386990077178,0.0
Corentin Tolisso,fr FRA,MF,Lyon,fr Ligue 1,30.0,1994.0,30,26,2302,25.6,11,4,15,9,2,3,4,0,54,27,42,55,3,49,17,18,0,50.0,0.17,0.33,1.6,0.39,0.03,,,,,,,,,,,,,,,MF,,False,Midfielder,True,True,True,0.4300608166811469,0.15638575152041703,0.5864465682015638,0.3518679409209383,0.07819287576020852,0.11728931364031278,0.15638575152041703,0.0,2.1112076455256297,1.0556038227628148,1.6420503909643787,2.150304083405734,0.11728931364031278,1.9157254561251087,0.6646394439617723,0.7037358818418766,0.0
Jeremy Toljan,de GER,DF,Levante,es La Liga,30.0,1994.0,37,37,3164,35.2,1,4,5,1,0,0,8,0,9,1,33,19,2,76,31,39,1,11.1,0.11,1.0,1.14,-0.34,0.36,,,,,,,,,,,,,,,DF,,False,Defender,True,True,True,0.028445006321112517,0.11378002528445007,0.14222503160556257,0.028445006321112517,0.0,0.0,0.22756005056890014,0.0,0.25600505689001263,0.028445006321112517,0.938685208596713,0.5404551201011378,0.056890012642225034,2.1618204804045513,0.8817951959544881,1.1093552465233882,0.028445006321112517
Tiago Tomás,pt POR,"MF,FW",Stuttgart,de Bundesliga,23.0,2002.0,27,10,1020,11.3,5,3,8,5,0,0,4,0,35,10,12,29,3,12,5,8,0,28.6,0.14,0.5,1.81,0.35,-0.44,,,,,,,,,,,,,,,MF,FW,True,Midfielder,True,True,False,0.4411764705882353,0.2647058823529412,0.7058823529411764,0.4411764705882353,0.0,0.0,0.3529411764705882,0.0,3.088235294117647,0.8823529411764706,1.0588235294117647,2.5588235294117645,0.2647058823529412,1.0588235294117647,0.4411764705882353,0.7058823529411764,0.0
Fikayo Tomori,eng ENG,DF,Milan,it Serie A,27.0,1997.0,33,31,2554,28.4,0,2,2,0,0,0,8,1,9,2,36,7,2,17,28,40,0,22.2,0.0,0.0,2.03,0.56,0.36,,,,,,,,,,,,,,,DF,,False,Defender,True,True,True,0.0,0.07047768206734534,0.07047768206734534,0.0,0.0,0.0,0.28191072826938135,0.03523884103367267,0.31714956930305405,0.07047768206734534,1.2685982772122162,0.24667188723570868,0.07047768206734534,0.5990602975724354,0.9866875489428347,1.409553641346907,0.0
Sandro Tonali,it ITA,MF,Newcastle United,eng Premier League,25.0,2000.0,35,31,2534,28.2,0,2,2,0,0,0,4,0,37,8,24,42,1,95,28,25,0,21.6,0.0,0.0,1.31,-0.18,-0.48,,,,,,,,,,,,,,,MF,,False,Midfielder,True,True,True,0.0,0.07103393843725335,0.07103393843725335,0.0,0.0,0.0,0.1420678768745067,0.0,1.314127861089187,0.2841357537490134,0.8524072612470404,1.4917127071823204,0.035516969218626675,3.3741120757695344,0.9944751381215469,0.8879242304656669,0.0
Pablo Torre,es ESP,"MF,FW",Mallorca,es La Liga,22.0,2003.0,35,19,1599,17.8,4,4,8,4,0,0,4,0,25,12,29,36,1,90,9,17,0,48.0,0.16,0.33,1.09,-0.23,0.07,,,,,,,,,,,,,,,MF,FW,True,Midfielder,True,True,True,0.225140712945591,0.225140712945591,0.450281425891182,0.225140712945591,0.0,0.0,0.225140712945591,0.0,1.4071294559099436,0.6754221388367729,1.6322701688555346,2.026266416510319,0.05628517823639775,5.065666041275797,0.5065666041275797,0.9568480300187618,0.0
Ferrán Torres,es ESP,FW,Barcelona,es La Liga,25.0,2000.0,33,23,1965,21.8,16,2,18,16,0,0,2,0,69,37,13,20,12,3,4,6,0,53.6,0.23,0.43,2.39,1.37,-0.42,,,,,,,,,,,,,,,FW,,False,Forward,True,True,True,0.732824427480916,0.0916030534351145,0.8244274809160306,0.732824427480916,0.0,0.0,0.0916030534351145,0.0,3.1603053435114505,1.6946564885496183,0.5954198473282443,0.9160305343511451,0.549618320610687,0.13740458015267176,0.183206106870229,0.2748091603053435,0.0
Pau Torres,es ESP,DF,Aston Villa,eng Premier League,28.0,1997.0,21,18,1676,18.6,0,0,0,0,0,0,1,0,9,1,7,5,0,4,11,14,1,11.1,0.0,0.0,1.9,0.48,0.59,,,,,,,,,,,,,,,DF,,False,Defender,True,True,True,0.0,0.0,0.0,0.0,0.0,0.0,0.053699284009546544,0.0,0.48329355608591884,0.053699284009546544,0.37589498806682575,0.26849642004773266,0.0,0.21479713603818618,0.5906921241050119,0.7517899761336515,0.053699284009546544
Lucas Torró,es ESP,MF,Osasuna,es La Liga,31.0,1994.0,34,31,2293,25.5,0,1,1,0,0,0,6,0,29,9,40,27,0,2,30,19,0,31.0,0.0,0.0,0.97,-0.51,-1.07,,,,,,,,,,,,,,,MF,,False,Midfielder,True,True,True,0.0,0.03924989097252508,0.03924989097252508,0.0,0.0,0.0,0.23549934583515048,0.0,1.1382468382032271,0.3532490187527257,1.569995638901003,1.059747056258177,0.0,0.07849978194505015,1.1774967291757523,0.7457479284779764,0.0
Jordan Torunarigha,de GER,DF,Hamburger SV,de Bundesliga,27.0,1997.0,24,21,1962,21.8,0,0,0,0,0,0,3,0,5,1,19,13,0,3,30,22,0,20.0,0.0,0.0,1.08,-0.55,-0.39,,,,,,,,,,,,,,,DF,,False,Defender,True,True,True,0.0,0.0,0.0,0.0,0.0,0.0,0.13761467889908258,0.0,0.22935779816513763,0.045871559633027525,0.8715596330275229,0.5963302752293578,0.0,0.13761467889908258,1.3761467889908257,1.0091743119266054,0.0
Alpha Touré,sn SEN,MF,Metz,fr Ligue 1,19.0,2006.0,30,16,1606,17.8,0,1,1,0,0,0,5,0,17,1,27,27,1,13,10,23,0,5.9,0.0,0.0,0.53,-1.23,0.13,,,,,,,,,,,,,,,MF,,False,Midfielder,True,True,True,0.0,0.05603985056039851,0.05603985056039851,0.0,0.0,0.0,0.28019925280199254,0.0,0.9526774595267746,0.05603985056039851,1.5130759651307597,1.5130759651307597,0.05603985056039851,0.7285180572851805,0.5603985056039851,1.2889165628891657,0.0
Bazoumana Touré,ci CIV,"MF,FW",Hoffenheim,de Bundesliga,19.0,2006.0,30,29,2308,25.6,5,9,14,5,0,0,2,0,48,13,44,29,8,118,6,22,0,27.1,0.1,0.38,1.7,0.19,-0.76,,,,,,,,,,,,,,,MF,FW,True,Midfielder,True,True,True,0.1949740034662045,0.3509532062391681,0.5459272097053726,0.1949740034662045,0.0,0.0,0.0779896013864818,0.0,1.8717504332755635,0.5069324090121318,1.7157712305025996,1.1308492201039861,0.3119584055459272,4.601386481802426,0.23396880415944543,0.8578856152512998,0.0
Idrissa Touré,de GER,MF,Pisa,it Serie A,27.0,1998.0,32,26,2279,25.3,1,0,1,1,0,0,4,1,29,8,23,19,5,67,25,28,0,27.6,0.03,0.13,0.53,-1.15,0.12,,,,,,,,,,,,,,,MF,,False,Midfielder,True,True,True,0.03949100482667837,0.0,0.03949100482667837,0.03949100482667837,0.0,0.0,0.15796401930671347,0.03949100482667837,1.1452391399736728,0.31592803861342694,0.9082931110136024,0.750329091706889,0.19745502413339186,2.6458973233874508,0.9872751206669591,1.1057481351469944,0.0
Mattéo Tramoni,fr FRA,"MF,FW",Pisa,it Serie A,25.0,2000.0,27,21,1600,17.8,2,2,4,1,1,1,3,0,28,9,16,15,2,68,15,21,0,32.1,0.04,0.11,0.56,-1.13,0.11,,,,,,,,,,,,,,,MF,FW,True,Midfielder,True,True,True,0.1125,0.1125,0.225,0.05625,0.05625,0.05625,0.16874999999999998,0.0,1.5750000000000002,0.50625,0.9,0.84375,0.1125,3.825,0.84375,1.18125,0.0
Boubacar Traoré,ml MLI,MF,Metz,fr Ligue 1,23.0,2001.0,20,16,1387,15.4,1,0,1,1,0,0,4,0,19,3,32,5,0,2,15,26,0,15.8,0.05,0.33,0.5,-1.23,0.11,,,,,,,,,,,,,,,MF,,False,Midfielder,True,True,True,0.06488824801730353,0.0,0.06488824801730353,0.06488824801730353,0.0,0.0,0.2595529920692141,0.0,1.2328767123287672,0.1946647440519106,2.076423936553713,0.32444124008651765,0.0,0.12977649603460706,0.9733237202595529,1.6870944484498918,0.0
Hamari Traoré,ml MLI,DF,Paris FC,fr Ligue 1,33.0,1992.0,18,14,1150,12.8,0,1,1,0,0,0,4,0,4,0,21,6,1,27,18,22,0,0.0,0.0,,1.28,0.16,0.39,,,,,,,,,,,,,,,DF,,False,Defender,True,True,False,0.0,0.0782608695652174,0.0782608695652174,0.0,0.0,0.0,0.3130434782608696,0.0,0.3130434782608696,0.0,1.6434782608695653,0.4695652173913044,0.0782608695652174,2.1130434782608694,1.4086956521739131,1.7217391304347824,0.0
Omar Traoré,de GER,"DF,MF",Heidenheim,de Bundesliga,27.0,1998.0,26,16,1501,16.7,0,2,2,0,0,0,2,0,10,2,22,19,2,37,17,11,0,20.0,0.0,0.0,0.65,-1.2,-0.56,,,,,,,,,,,,,,,DF,MF,True,Defender,True,True,True,0.0,0.11992005329780146,0.11992005329780146,0.0,0.0,0.0,0.11992005329780146,0.0,0.5996002664890073,0.11992005329780146,1.319120586275816,1.139240506329114,0.11992005329780146,2.218520986009327,1.0193204530313125,0.659560293137908,0.0
Philipp Treu,de GER,"DF,MF",Freiburg,de Bundesliga,24.0,2000.0,28,24,2186,24.3,1,2,3,1,0,0,2,0,17,5,20,37,2,32,7,27,0,29.4,0.06,0.2,1.32,-0.21,-0.1,,,,,,,,,,,,,,,DF,MF,True,Defender,True,True,True,0.04117108874656908,0.08234217749313816,0.12351326623970722,0.04117108874656908,0.0,0.0,0.08234217749313816,0.0,0.6999085086916743,0.2058554437328454,0.8234217749313816,1.5233302836230558,0.08234217749313816,1.3174748398902105,0.2881976212259835,1.111619396157365,0.0
Christopher Trimmel,at AUT,"MF,DF",Union Berlin,de Bundesliga,38.0,1987.0,29,22,1861,20.7,0,3,3,0,0,0,8,0,5,1,27,9,0,177,10,24,0,20.0,0.0,0.0,1.24,-0.1,0.8,,,,,,,,,,,,,,,MF,DF,True,Midfielder,True,True,True,0.0,0.14508328855454056,0.14508328855454056,0.0,0.0,0.0,0.3868887694787749,0.0,0.24180548092423426,0.04836109618484686,1.3057495969908652,0.43524986566362167,0.0,8.559914024717893,0.4836109618484685,1.1606663084363245,0.0
Kieran Trippier,eng ENG,DF,Newcastle United,eng Premier League,34.0,1990.0,21,18,1586,17.6,0,1,1,0,0,0,3,0,2,0,22,19,1,96,7,13,0,0.0,0.0,,1.05,-0.28,-0.43,,,,,,,,,,,,,,,DF,,False,Defender,True,True,True,0.0,0.05674653215636822,0.05674653215636822,0.0,0.0,0.0,0.17023959646910466,0.0,0.11349306431273644,0.0,1.248423707440101,1.0781841109709962,0.05674653215636822,5.447667087011349,0.3972257250945776,0.7377049180327869,0.0
Mariano Troilo,ar ARG,DF,Parma,it Serie A,22.0,2003.0,21,18,1625,18.1,1,0,1,1,0,0,8,2,9,2,27,20,1,1,16,18,0,22.2,0.11,0.5,1.09,-0.66,-0.36,,,,,,,,,,,,,,,DF,,False,Defender,True,True,True,0.055384615384615386,0.0,0.055384615384615386,0.055384615384615386,0.0,0.0,0.4430769230769231,0.11076923076923077,0.49846153846153846,0.11076923076923077,1.4953846153846153,1.1076923076923078,0.055384615384615386,0.055384615384615386,0.8861538461538462,0.9969230769230769,0.0
Leandro Trossard,be BEL,"FW,MF",Arsenal,eng Premier League,30.0,1994.0,31,21,2000,22.2,6,6,12,6,0,0,2,0,53,15,13,39,5,58,9,15,0,28.3,0.11,0.4,2.23,1.22,0.14,,,,,,,,,,,,,,,FW,MF,True,Forward,True,True,True,0.27,0.27,0.54,0.27,0.0,0.0,0.09,0.0,2.385,0.6749999999999999,0.585,1.755,0.225,2.6100000000000003,0.40499999999999997,0.6749999999999999,0.0
Adrien Truffert,fr FRA,DF,Bournemouth,eng Premier League,23.0,2001.0,38,38,3379,37.5,1,5,6,1,0,0,5,0,16,6,39,32,0,142,43,51,0,37.5,0.06,0.17,1.5,0.19,6.77,,,,,,,,,,,,,,,DF,,False,Defender,True,True,True,0.026635099141757917,0.13317549570878956,0.1598105948505475,0.026635099141757917,0.0,0.0,0.13317549570878956,0.0,0.42616158626812667,0.1598105948505475,1.0387688665285586,0.8523231725362533,0.0,3.7821840781296245,1.1453092630955906,1.3583900562296536,0.0
Heorhii Tsitaishvili,ge GEO,"MF,DF",Metz,fr Ligue 1,24.0,2000.0,33,28,2449,27.2,3,2,5,3,0,0,3,0,31,8,23,36,6,160,14,12,0,25.8,0.1,0.38,0.48,-1.25,0.22,,,,,,,,,,,,,,,MF,DF,True,Midfielder,True,True,True,0.11024908125765619,0.07349938750510412,0.18374846876276033,0.11024908125765619,0.0,0.0,0.11024908125765619,0.0,1.139240506329114,0.2939975500204165,0.8452429563086974,1.3229889750918744,0.22049816251531237,5.87995100040833,0.5144957125357289,0.44099632503062475,0.0
Viktor Tsyhankov,ua UKR,"MF,FW",Girona,es La Liga,27.0,1997.0,32,31,2630,29.2,6,5,11,6,0,0,3,0,51,21,22,35,5,120,21,22,0,41.2,0.12,0.29,1.09,-0.34,0.34,,,,,,,,,,,,,,,MF,FW,True,Midfielder,True,True,True,0.20532319391634982,0.17110266159695817,0.376425855513308,0.20532319391634982,0.0,0.0,0.10266159695817491,0.0,1.7452471482889735,0.7186311787072244,0.752851711026616,1.1977186311787071,0.17110266159695817,4.106463878326997,0.7186311787072244,0.752851711026616,0.0
Axel Tuanzebe,cd COD,DF,Burnley,eng Premier League,27.0,1997.0,14,14,1201,13.3,1,0,1,1,0,0,1,0,2,1,13,2,1,1,12,8,1,50.0,0.5,1.0,0.71,-0.75,0.35,,,,,,,,,,,,,,,DF,,False,Defender,True,True,False,0.0749375520399667,0.0,0.0749375520399667,0.0749375520399667,0.0,0.0,0.0749375520399667,0.0,0.1498751040799334,0.0749375520399667,0.9741881765195671,0.1498751040799334,0.0749375520399667,0.0749375520399667,0.8992506244796004,0.5995004163197336,0.0749375520399667
Kareem Tunde,es ESP,MF,Levante,es La Liga,19.0,2005.0,21,17,1133,12.6,0,1,1,0,0,0,3,0,21,3,16,24,1,11,14,11,0,14.3,0.0,0.0,1.38,-0.4,-0.04,,,,,,,,,,,,,,,MF,,False,Midfielder,True,True,False,0.0,0.0794351279788173,0.0794351279788173,0.0,0.0,0.0,0.23830538393645193,0.0,1.6681376875551632,0.23830538393645193,1.2709620476610768,1.9064430714916154,0.0794351279788173,0.8737864077669902,1.1120917917034423,0.8737864077669902,0.0
Beñat Turrientes,es ESP,MF,Real Sociedad,es La Liga,23.0,2002.0,27,16,1348,15.0,0,3,3,0,0,0,7,0,20,6,28,23,0,9,9,23,0,30.0,0.0,0.0,1.33,0.2,0.42,,,,,,,,,,,,,,,MF,,False,Midfielder,True,True,False,0.0,0.20029673590504452,0.20029673590504452,0.0,0.0,0.0,0.46735905044510384,0.0,1.3353115727002969,0.40059347181008903,1.8694362017804154,1.5356083086053411,0.0,0.6008902077151335,0.6008902077151335,1.5356083086053411,0.0
Destiny Udogie,it ITA,"DF,MF",Tottenham Hotspur,eng Premier League,22.0,2002.0,20,14,1339,14.9,0,1,1,0,0,0,4,0,4,1,17,22,3,27,7,20,0,25.0,0.0,0.0,1.0,-0.47,-0.38,,,,,,,,,,,,,,,DF,MF,True,Defender,True,True,False,0.0,0.06721433905899926,0.06721433905899926,0.0,0.0,0.0,0.26885735623599705,0.0,0.26885735623599705,0.06721433905899926,1.1426437640029874,1.4787154592979836,0.20164301717699776,1.81478715459298,0.4705003734129948,1.344286781179985,0.0
Matthieu Udol,fr FRA,"MF,DF",Lens,fr Ligue 1,29.0,1996.0,34,33,3002,33.4,1,7,8,1,0,0,2,0,47,17,30,27,2,115,51,21,0,36.2,0.02,0.06,2.06,0.81,-5.4,,,,,,,,,,,,,,,MF,DF,True,Midfielder,True,True,True,0.029980013324450366,0.20986009327115254,0.23984010659560293,0.029980013324450366,0.0,0.0,0.05996002664890073,0.0,1.4090606262491672,0.5096602265156562,0.8994003997335109,0.80946035976016,0.05996002664890073,3.4477015323117923,1.5289806795469687,0.6295802798134578,0.0
Lesley Ugochukwu,fr FRA,MF,Burnley,eng Premier League,21.0,2004.0,35,27,2336,26.0,3,1,4,3,0,0,3,1,23,8,28,30,1,7,17,26,0,34.8,0.13,0.38,0.6,-0.85,0.4,,,,,,,,,,,,,,,MF,,False,Midfielder,True,True,True,0.11558219178082191,0.038527397260273974,0.1541095890410959,0.11558219178082191,0.0,0.0,0.11558219178082191,0.038527397260273974,0.8861301369863013,0.3082191780821918,1.0787671232876712,1.1558219178082192,0.038527397260273974,0.2696917808219178,0.6549657534246575,1.0017123287671232,0.0
Filip Ugrinic,ch SUI,MF,Valencia,es La Liga,26.0,1999.0,27,17,1504,16.7,0,3,3,0,0,0,3,0,20,3,17,13,6,56,11,16,0,15.0,0.0,0.0,1.3,-0.36,-0.22,,,,,,,,,,,,,,,MF,,False,Midfielder,True,True,True,0.0,0.17952127659574466,0.17952127659574466,0.0,0.0,0.0,0.17952127659574466,0.0,1.196808510638298,0.17952127659574466,1.0172872340425532,0.7779255319148937,0.3590425531914893,3.351063829787234,0.6582446808510638,0.9574468085106382,0.0
Lukas Ullrich,de GER,"DF,MF",Gladbach,de Bundesliga,21.0,2004.0,23,14,1305,14.5,0,0,0,0,0,0,2,0,10,2,17,11,1,38,21,17,0,20.0,0.0,0.0,0.78,-0.69,-0.64,,,,,,,,,,,,,,,DF,MF,True,Defender,True,True,False,0.0,0.0,0.0,0.0,0.0,0.0,0.13793103448275862,0.0,0.689655172413793,0.13793103448275862,1.1724137931034482,0.7586206896551724,0.06896551724137931,2.6206896551724137,1.4482758620689655,1.1724137931034482,0.0
Deniz Undav,de GER,"FW,MF",Stuttgart,de Bundesliga,29.0,1996.0,29,25,2241,24.9,19,7,26,19,0,1,5,0,124,46,32,23,25,16,4,14,0,37.1,0.15,0.41,1.83,0.76,0.43,,,,,,,,,,,,,,,FW,MF,True,Forward,True,True,True,0.7630522088353414,0.28112449799196787,1.0441767068273093,0.7630522088353414,0.0,0.040160642570281124,0.20080321285140562,0.0,4.979919678714859,1.8473895582329316,1.285140562248996,0.9236947791164658,1.0040160642570282,0.642570281124498,0.1606425702811245,0.5622489959839357,0.0
Dayot Upamecano,fr FRA,DF,Bayern Munich,de Bundesliga,26.0,1998.0,24,21,1794,19.9,1,1,2,1,0,0,4,0,8,2,15,5,0,7,21,26,0,25.0,0.13,0.5,2.75,2.91,0.92,,,,,,,,,,,,,,,DF,,False,Defender,True,True,True,0.05016722408026756,0.05016722408026756,0.10033444816053512,0.05016722408026756,0.0,0.0,0.20066889632107024,0.0,0.4013377926421405,0.10033444816053512,0.7525083612040133,0.2508361204013378,0.0,0.3511705685618729,1.0535117056856187,1.3043478260869565,0.0
Can Uzun,tr TUR,MF,Eintracht Frankfurt,de Bundesliga,19.0,2005.0,21,15,1156,12.8,8,4,12,7,1,1,3,0,41,19,15,26,0,24,3,9,0,46.3,0.17,0.37,1.19,0.08,0.31,,,,,,,,,,,,,,,MF,,False,Midfielder,True,True,False,0.6228373702422145,0.31141868512110726,0.9342560553633218,0.5449826989619377,0.07785467128027682,0.07785467128027682,0.23356401384083045,0.0,3.19204152249135,1.4792387543252594,1.1678200692041523,2.0242214532871974,0.0,1.8685121107266436,0.23356401384083045,0.7006920415224913,0.0
Josha Vagnoman,de GER,"DF,MF",Stuttgart,de Bundesliga,24.0,2000.0,27,18,1587,17.6,1,3,4,1,0,0,3,0,19,11,17,16,1,33,3,19,0,57.9,0.05,0.09,1.78,0.17,-0.99,,,,,,,,,,,,,,,DF,MF,True,Defender,True,True,True,0.05671077504725898,0.17013232514177695,0.22684310018903592,0.05671077504725898,0.0,0.0,0.17013232514177695,0.0,1.0775047258979205,0.6238185255198487,0.9640831758034027,0.9073724007561437,0.05671077504725898,1.8714555765595464,0.17013232514177695,1.0775047258979205,0.0
Lautaro Valenti,ar ARG,DF,Parma,it Serie A,26.0,1999.0,27,25,2252,25.0,0,0,0,0,0,0,7,0,17,4,25,17,0,20,26,30,0,23.5,0.0,0.0,1.15,-0.48,-0.02,,,,,,,,,,,,,,,DF,,False,Defender,True,True,True,0.0,0.0,0.0,0.0,0.0,0.0,0.2797513321492007,0.0,0.6793960923623446,0.15985790408525755,0.9991119005328597,0.6793960923623446,0.0,0.7992895204262876,1.0390763765541742,1.1989342806394316,0.0
Óscar Valentín,es ESP,MF,Rayo Vallecano,es La Liga,30.0,1994.0,33,26,2109,23.4,1,0,1,1,0,0,3,1,13,4,31,22,0,3,29,43,0,30.8,0.08,0.25,1.39,0.0,0.21,,,,,,,,,,,,,,,MF,,False,Midfielder,True,True,True,0.04267425320056899,0.0,0.04267425320056899,0.04267425320056899,0.0,0.0,0.12802275960170698,0.04267425320056899,0.5547652916073968,0.17069701280227595,1.3229018492176385,0.9388335704125178,0.0,0.12802275960170698,1.2375533428165006,1.8349928876244666,0.0
Nicolás Valentini,ar ARG,DF,Hellas Verona,it Serie A,24.0,2001.0,21,15,1409,15.7,0,0,0,0,0,0,8,1,16,7,30,7,1,15,16,18,0,43.8,0.0,0.0,0.71,-0.77,0.31,,,,,,,,,,,,,,,DF,,False,Defender,True,True,True,0.0,0.0,0.0,0.0,0.0,0.0,0.511000709723208,0.063875088715401,1.022001419446416,0.44712562100780695,1.9162526614620299,0.44712562100780695,0.063875088715401,0.9581263307310149,1.022001419446416,1.1497515968772178,0.0
Germán Valera,es ESP,"MF,DF",Elche,es La Liga,23.0,2002.0,36,33,2857,31.7,4,5,9,4,0,0,4,1,28,8,40,70,4,104,23,40,0,28.6,0.14,0.5,1.17,-0.22,-0.06,,,,,,,,,,,,,,,MF,DF,True,Midfielder,True,True,True,0.12600630031501575,0.15750787539376968,0.28351417570878545,0.12600630031501575,0.0,0.0,0.12600630031501575,0.03150157507875394,0.8820441022051102,0.2520126006300315,1.2600630031501574,2.2051102555127757,0.12600630031501575,3.2761638081904096,0.7245362268113406,1.2600630031501574,0.0
Emanuele Valeri,it ITA,"MF,DF",Parma,it Serie A,26.0,1998.0,34,29,2643,29.4,0,2,2,0,0,0,2,0,23,5,23,26,3,234,20,32,0,21.7,0.0,0.0,1.26,-0.37,0.44,,,,,,,,,,,,,,,MF,DF,True,Midfielder,True,True,True,0.0,0.0681044267877412,0.0681044267877412,0.0,0.0,0.0,0.0681044267877412,0.0,0.7832009080590238,0.170261066969353,0.7832009080590238,0.8853575482406356,0.1021566401816118,7.968217934165721,0.681044267877412,1.0896708286038592,0.0
Martin Valjent,sk SVK,DF,Mallorca,es La Liga,29.0,1995.0,37,37,3308,36.8,0,0,0,0,0,0,6,0,17,8,36,12,0,2,24,33,0,47.1,0.0,0.0,1.05,-0.33,-1.93,,,,,,,,,,,,,,,DF,,False,Defender,True,True,True,0.0,0.0,0.0,0.0,0.0,0.0,0.16324062877871826,0.0,0.4625151148730351,0.21765417170495766,0.9794437726723096,0.3264812575574365,0.0,0.054413542926239414,0.652962515114873,0.8978234582829505,0.0
Álex Valle,es ESP,DF,Como,it Serie A,21.0,2004.0,28,23,2026,22.5,1,4,5,1,0,0,3,0,11,2,34,19,1,45,24,31,0,18.2,0.09,0.5,1.82,0.76,-0.47,,,,,,,,,,,,,,,DF,,False,Defender,True,True,True,0.044422507403751234,0.17769002961500494,0.22211253701875616,0.044422507403751234,0.0,0.0,0.1332675222112537,0.0,0.4886475814412636,0.08884501480750247,1.5103652517275419,0.8440276406712734,0.044422507403751234,1.9990128331688055,1.0661401776900297,1.3770977295162883,0.0
Federico Valverde,uy URU,"MF,DF",Real Madrid,es La Liga,27.0,1998.0,33,31,2740,30.4,5,8,13,5,0,0,3,1,51,22,18,14,1,30,25,25,0,43.1,0.1,0.23,2.33,1.25,0.72,,,,,,,,,,,,,,,MF,DF,True,Midfielder,True,True,True,0.16423357664233576,0.2627737226277372,0.42700729927007297,0.16423357664233576,0.0,0.0,0.09854014598540146,0.03284671532846715,1.6751824817518246,0.7226277372262774,0.5912408759124088,0.45985401459854014,0.03284671532846715,0.9854014598540146,0.8211678832116788,0.8211678832116788,0.0
Ignace Van Der Brempt,be BEL,DF,Como,it Serie A,23.0,2002.0,20,11,931,10.3,0,1,1,0,0,0,2,0,3,0,19,15,1,11,8,14,0,0.0,0.0,,2.1,0.97,0.03,,,,,,,,,,,,,,,DF,,False,Defender,True,True,False,0.0,0.09667024704618689,0.09667024704618689,0.0,0.0,0.0,0.19334049409237378,0.0,0.2900107411385607,0.0,1.8367346938775508,1.4500537056928036,0.09667024704618689,1.0633727175080558,0.7733619763694951,1.3533834586466165,0.0
Virgil van Dijk,nl NED,DF,Liverpool,eng Premier League,34.0,1991.0,38,38,3420,38.0,6,0,6,6,0,0,4,0,30,14,19,18,1,1,26,15,0,46.7,0.2,0.43,1.58,0.26,,,,,,,,,,,,,,,,DF,,False,Defender,True,True,True,0.15789473684210525,0.0,0.15789473684210525,0.15789473684210525,0.0,0.0,0.10526315789473685,0.0,0.7894736842105263,0.368421052631579,0.5,0.47368421052631576,0.026315789473684213,0.026315789473684213,0.6842105263157895,0.39473684210526316,0.0
Vladyslav Vanat,ua UKR,FW,Girona,es La Liga,23.0,2002.0,27,27,1942,21.6,9,1,10,6,3,3,4,0,27,18,28,17,20,5,3,3,0,66.7,0.22,0.33,1.37,-0.23,0.44,,,,,,,,,,,,,,,FW,,False,Forward,True,True,True,0.41709577754891863,0.04634397528321318,0.46343975283213185,0.2780638516992791,0.13903192584963955,0.13903192584963955,0.1853759011328527,0.0,1.251287332646756,0.8341915550978373,1.297631307929969,0.7878475798146242,0.9268795056642637,0.23171987641606592,0.13903192584963955,0.13903192584963955,0.0
Jari Vandeputte,be BEL,MF,Cremonese,it Serie A,29.0,1996.0,32,23,1944,21.6,1,5,6,1,0,0,3,0,20,8,34,25,1,162,18,21,0,40.0,0.05,0.13,1.03,-0.46,0.45,,,,,,,,,,,,,,,MF,,False,Midfielder,True,True,True,0.0462962962962963,0.23148148148148148,0.2777777777777778,0.0462962962962963,0.0,0.0,0.1388888888888889,0.0,0.9259259259259259,0.3703703703703704,1.5740740740740742,1.1574074074074074,0.0462962962962963,7.5,0.8333333333333333,0.9722222222222222,0.0
Charles Vanhoutte,be BEL,MF,Nice,fr Ligue 1,26.0,1998.0,26,21,1772,19.7,0,2,2,0,0,0,7,0,5,1,35,8,0,13,21,28,0,20.0,0.0,0.0,1.04,-0.51,0.4,,,,,,,,,,,,,,,MF,,False,Midfielder,True,True,True,0.0,0.10158013544018057,0.10158013544018057,0.0,0.0,0.0,0.3555304740406321,0.0,0.25395033860045146,0.05079006772009029,1.7776523702031604,0.4063205417607223,0.0,0.6602708803611739,1.0665914221218962,1.4221218961625284,0.0
Jamie Vardy,eng ENG,FW,Cremonese,it Serie A,38.0,1987.0,29,24,2105,23.4,7,2,9,7,0,0,5,0,30,14,19,21,23,14,3,10,0,46.7,0.23,0.5,0.86,-0.56,0.27,,,,,,,,,,,,,,,FW,,False,Forward,True,True,True,0.2992874109263658,0.0855106888361045,0.38479809976247026,0.2992874109263658,0.0,0.0,0.2137767220902613,0.0,1.2826603325415677,0.5985748218527316,0.8123515439429929,0.8978622327790973,0.983372921615202,0.5985748218527316,0.12826603325415678,0.4275534441805226,0.0
Ruben Vargas,ch SUI,"MF,FW",Sevilla,es La Liga,26.0,1998.0,24,20,1594,17.7,3,6,9,2,1,1,2,0,41,8,13,17,7,90,7,15,0,19.5,0.05,0.25,1.17,-0.51,-0.26,,,,,,,,,,,,,,,MF,FW,True,Midfielder,True,True,True,0.16938519447929737,0.33877038895859474,0.5081555834378921,0.11292346298619824,0.05646173149309912,0.05646173149309912,0.11292346298619824,0.0,2.314930991217064,0.45169385194479295,0.7340025094102886,0.9598494353826852,0.3952321204516938,5.081555834378921,0.3952321204516938,0.8469259723964868,0.0
Johan Vásquez,mx MEX,DF,Genoa,it Serie A,26.0,1998.0,36,36,3215,35.7,1,0,1,1,0,0,2,0,24,6,23,46,1,24,46,38,0,25.0,0.04,0.17,1.11,-0.28,-0.28,,,,,,,,,,,,,,,DF,,False,Defender,True,True,True,0.027993779160186624,0.0,0.027993779160186624,0.027993779160186624,0.0,0.0,0.05598755832037325,0.0,0.671850699844479,0.16796267496111975,0.6438569206842925,1.287713841368585,0.027993779160186624,0.671850699844479,1.287713841368585,1.0637636080870918,0.0
Denis Vavro,sk SVK,DF,Wolfsburg,de Bundesliga,29.0,1996.0,17,13,1176,13.1,1,0,1,1,0,0,2,0,12,5,9,5,0,4,14,5,0,41.7,0.08,0.2,0.94,-0.84,-0.22,,,,,,,,,,,,,,,DF,,False,Defender,True,True,False,0.07653061224489796,0.0,0.07653061224489796,0.07653061224489796,0.0,0.0,0.15306122448979592,0.0,0.9183673469387754,0.38265306122448983,0.6887755102040816,0.38265306122448983,0.0,0.30612244897959184,1.0714285714285714,0.38265306122448983,0.0
José Luis García Vayá,es ESP,"MF,DF",Valencia,es La Liga,26.0,1998.0,31,26,2225,24.7,2,0,2,1,1,3,4,0,24,3,30,14,1,46,19,33,0,12.5,0.04,0.33,1.29,-0.4,-0.48,,,,,,,,,,,,,,,MF,DF,True,Midfielder,True,True,True,0.08089887640449439,0.0,0.08089887640449439,0.040449438202247195,0.040449438202247195,0.12134831460674157,0.16179775280898878,0.0,0.9707865168539326,0.12134831460674157,1.2134831460674158,0.5662921348314607,0.040449438202247195,1.8606741573033707,0.7685393258426967,1.3348314606741574,0.0
Jesus Vazquez,es ESP,"DF,MF",Valencia,es La Liga,22.0,2003.0,24,7,974,10.8,0,0,0,0,0,0,2,0,8,2,16,8,2,26,4,10,0,25.0,0.0,0.0,1.38,0.28,0.72,,,,,,,,,,,,,,,DF,MF,True,Defender,True,True,False,0.0,0.0,0.0,0.0,0.0,0.0,0.18480492813141686,0.0,0.7392197125256674,0.18480492813141686,1.4784394250513349,0.7392197125256674,0.18480492813141686,2.402464065708419,0.3696098562628337,0.9240246406570841,0.0
Luis Vázquez,ar ARG,FW,Getafe,es La Liga,24.0,2001.0,17,14,1194,13.3,3,1,4,3,0,0,2,0,25,9,21,32,17,2,4,3,0,36.0,0.12,0.33,1.59,0.38,0.82,,,,,,,,,,,,,,,FW,,False,Forward,True,True,False,0.22613065326633167,0.07537688442211056,0.30150753768844224,0.22613065326633167,0.0,0.0,0.15075376884422112,0.0,1.8844221105527639,0.6783919597989949,1.5829145728643217,2.412060301507538,1.2814070351758793,0.15075376884422112,0.30150753768844224,0.22613065326633167,0.0
Danilo Veiga,pt POR,DF,Lecce,it Serie A,22.0,2002.0,36,33,3020,33.6,0,1,1,0,0,0,9,0,6,2,46,47,1,89,32,53,0,33.3,0.0,0.0,1.06,-0.51,0.62,,,,,,,,,,,,,,,DF,,False,Defender,True,True,True,0.0,0.029801324503311258,0.029801324503311258,0.0,0.0,0.0,0.26821192052980136,0.0,0.17880794701986755,0.059602649006622516,1.370860927152318,1.400662251655629,0.029801324503311258,2.652317880794702,0.9536423841059603,1.5794701986754969,0.0
Renato Veiga,pt POR,DF,Villarreal,es La Liga,22.0,2003.0,32,27,2481,27.6,0,0,0,0,0,0,5,1,9,3,24,6,3,2,26,9,0,33.3,0.0,0.0,1.84,0.47,-0.77,,,,,,,,,,,,,,,DF,,False,Defender,True,True,True,0.0,0.0,0.0,0.0,0.0,0.0,0.18137847642079807,0.036275695284159616,0.3264812575574365,0.10882708585247883,0.8706166868198306,0.21765417170495766,0.10882708585247883,0.07255139056831923,0.94316807738815,0.3264812575574365,0.0
Joël Veltman,nl NED,DF,Brighton,eng Premier League,33.0,1992.0,24,9,1057,11.7,1,0,1,1,0,0,5,0,4,1,10,22,2,18,19,17,0,25.0,0.25,1.0,1.75,0.51,0.51,,,,,,,,,,,,,,,DF,,False,Defender,True,True,False,0.08514664143803216,0.0,0.08514664143803216,0.08514664143803216,0.0,0.0,0.42573320719016083,0.0,0.34058656575212864,0.08514664143803216,0.8514664143803217,1.8732261116367077,0.17029328287606432,1.5326395458845792,1.6177861873226111,1.447492904446547,0.0
Micky van de Ven,nl NED,DF,Tottenham Hotspur,eng Premier League,24.0,2001.0,35,35,3041,33.8,4,1,5,4,0,0,9,1,16,6,28,22,2,3,21,20,0,37.5,0.25,0.67,1.09,-0.12,1.07,,,,,,,,,,,,,,,DF,,False,Defender,True,True,True,0.11838211114764881,0.029595527786912202,0.147977638934561,0.11838211114764881,0.0,0.0,0.2663597500822098,0.029595527786912202,0.47352844459059523,0.1775731667214732,0.8286747780335415,0.6511016113120683,0.059191055573824404,0.0887865833607366,0.6215060835251562,0.591910555738244,0.0
Carlos Vicente,es ESP,MF,Alavés,es La Liga,26.0,1999.0,21,11,1258,14.0,5,0,5,2,3,3,1,0,12,6,12,42,10,128,7,18,0,50.0,0.17,0.33,1.05,-0.5,-0.29,,,,,,,,,,,,,,,MF,,False,Midfielder,True,True,False,0.35771065182829886,0.0,0.35771065182829886,0.14308426073131955,0.2146263910969793,0.2146263910969793,0.07154213036565978,0.0,0.8585055643879173,0.4292527821939586,0.8585055643879173,3.0047694753577106,0.7154213036565977,9.157392686804451,0.5007949125596184,1.287758346581876,0.0
Nacho Vidal,es ESP,DF,Oviedo,es La Liga,30.0,1995.0,29,27,2263,25.1,0,0,0,0,0,0,4,0,15,3,24,27,1,40,29,30,0,20.0,0.0,0.0,0.79,-0.56,1.0,,,,,,,,,,,,,,,DF,,False,Defender,True,True,True,0.0,0.0,0.0,0.0,0.0,0.0,0.1590808661069377,0.0,0.5965532479010164,0.11931064958020328,0.9544851966416262,1.0737958462218293,0.039770216526734424,1.590808661069377,1.1533362792752984,1.1931064958020328,0.0
Fabio Vieira,pt POR,"MF,FW",Hamburger SV,de Bundesliga,25.0,2000.0,29,25,2206,24.5,7,5,12,6,1,1,4,2,59,19,18,44,1,59,15,9,0,32.2,0.1,0.32,1.14,-0.29,0.45,,,,,,,,,,,,,,,MF,FW,True,Midfielder,True,True,True,0.28558476881233,0.20398912058023572,0.48957388939256574,0.24478694469628287,0.04079782411604714,0.04079782411604714,0.16319129646418856,0.08159564823209428,2.4070716228467814,0.7751586582048957,0.7343608340888486,1.7951042611060744,0.04079782411604714,2.4070716228467814,0.6119673617407072,0.3671804170444243,0.0
Federico Viñas,uy URU,"FW,MF",Oviedo,es La Liga,27.0,1998.0,33,28,2439,27.1,9,1,10,7,2,2,7,3,57,21,46,69,13,3,13,32,0,36.8,0.12,0.33,0.85,-0.66,0.8,,,,,,,,,,,,,,,FW,MF,True,Forward,True,True,True,0.33210332103321033,0.03690036900369004,0.36900369003690037,0.25830258302583026,0.07380073800738007,0.07380073800738007,0.25830258302583026,0.11070110701107011,2.103321033210332,0.7749077490774907,1.6974169741697418,2.5461254612546123,0.4797047970479705,0.11070110701107011,0.4797047970479705,1.1808118081180812,0.0
Jan Virgili,es ESP,"MF,FW",Mallorca,es La Liga,19.0,2006.0,31,19,1792,19.9,2,4,6,2,0,0,0,1,32,16,22,24,2,47,7,10,0,50.0,0.06,0.13,1.13,-0.15,0.24,,,,,,,,,,,,,,,MF,FW,True,Midfielder,True,True,True,0.10044642857142856,0.20089285714285712,0.3013392857142857,0.10044642857142856,0.0,0.0,0.0,0.05022321428571428,1.607142857142857,0.8035714285714285,1.1049107142857142,1.2053571428571428,0.10044642857142856,2.3604910714285716,0.3515625,0.5022321428571429,0.0
Martin Vitík,cz CZE,DF,Bologna,it Serie A,22.0,2003.0,19,14,1325,14.7,0,0,0,0,0,0,3,0,8,2,23,4,0,2,8,22,0,25.0,0.0,0.0,1.58,-0.07,-0.24,,,,,,,,,,,,,,,DF,,False,Defender,True,True,False,0.0,0.0,0.0,0.0,0.0,0.0,0.2037735849056604,0.0,0.5433962264150943,0.13584905660377358,1.562264150943396,0.27169811320754716,0.0,0.13584905660377358,0.5433962264150943,1.4943396226415095,0.0
Vitinha,pt POR,"FW,MF",Genoa,it Serie A,25.0,2000.0,35,28,2226,24.7,5,1,6,5,0,0,5,0,65,20,33,68,14,67,14,32,0,30.8,0.08,0.25,1.06,-0.32,-0.17,,,,,,,,,,,,,,,FW,MF,True,Forward,True,True,True,0.20215633423180593,0.04043126684636119,0.24258760107816713,0.20215633423180593,0.0,0.0,0.20215633423180593,0.0,2.628032345013477,0.8086253369272237,1.3342318059299192,2.7493261455525606,0.5660377358490566,2.7088948787061997,0.5660377358490566,1.293800539083558,0.0
Vitinha,pt POR,MF,Paris Saint-Germain,fr Ligue 1,25.0,2000.0,29,24,2119,23.5,1,7,8,1,0,0,2,0,34,10,14,21,0,21,26,20,0,29.4,0.03,0.1,2.24,1.32,-0.02,,,,,,,,,,,,,,,MF,,False,Midfielder,True,True,True,0.04247286455875413,0.2973100519112789,0.33978291647003306,0.04247286455875413,0.0,0.0,0.08494572911750826,0.0,1.4440773949976404,0.4247286455875413,0.5946201038225578,0.8919301557338368,0.0,0.8919301557338368,1.1042944785276074,0.8494572911750826,0.0
Daniel Vivian,es ESP,DF,Athletic Club,es La Liga,26.0,1999.0,31,28,2564,28.5,1,0,1,1,0,0,8,1,17,6,38,17,1,11,34,38,0,35.3,0.06,0.17,1.06,-0.56,-0.67,,,,,,,,,,,,,,,DF,,False,Defender,True,True,True,0.035101404056162244,0.0,0.035101404056162244,0.035101404056162244,0.0,0.0,0.28081123244929795,0.035101404056162244,0.5967238689547583,0.2106084243369735,1.3338533541341655,0.5967238689547583,0.035101404056162244,0.38611544461778474,1.1934477379095165,1.3338533541341655,0.0
Dušan Vlahović,rs SRB,FW,Juventus,it Serie A,25.0,2000.0,19,11,968,10.8,7,1,8,6,1,1,0,0,49,18,9,18,9,3,2,3,0,36.7,0.12,0.33,1.58,0.37,-0.47,,,,,,,,,,,,,,,FW,,False,Forward,True,True,False,0.6508264462809917,0.09297520661157024,0.743801652892562,0.5578512396694215,0.09297520661157024,0.09297520661157024,0.0,0.0,4.555785123966942,1.6735537190082646,0.8367768595041323,1.6735537190082646,0.8367768595041323,0.27892561983471076,0.1859504132231405,0.27892561983471076,0.0
Nikola Vlašić,hr CRO,"MF,FW",Torino,it Serie A,27.0,1997.0,37,36,3043,33.8,8,3,11,3,5,5,7,0,49,17,44,45,4,48,22,39,0,34.7,0.06,0.18,1.19,-0.59,-0.83,,,,,,,,,,,,,,,MF,FW,True,Midfielder,True,True,True,0.2366086099244167,0.08872822872165627,0.32533683864607293,0.08872822872165627,0.14788038120276042,0.14788038120276042,0.2070325336838646,0.0,1.449227735787052,0.5027932960893855,1.3013473545842917,1.3309234308248439,0.11830430496220835,1.4196516595465003,0.6506736772921459,1.1534669733815315,0.0
Mërgim Vojvoda,xk KVX,"MF,DF",Como,it Serie A,30.0,1995.0,30,19,1591,17.7,2,2,4,2,0,0,2,0,18,7,15,12,5,66,14,4,0,38.9,0.11,0.29,1.9,1.07,0.24,,,,,,,,,,,,,,,MF,DF,True,Midfielder,True,True,True,0.11313639220615965,0.11313639220615965,0.2262727844123193,0.11313639220615965,0.0,0.0,0.11313639220615965,0.0,1.0182275298554369,0.39597737272155875,0.8485229415461973,0.6788183532369579,0.28284098051539913,3.733500942803268,0.7919547454431175,0.2262727844123193,0.0
Cristian Volpato,it ITA,FW,Sassuolo,it Serie A,21.0,2003.0,24,11,1064,11.8,2,4,6,2,0,0,4,0,21,7,19,11,0,49,6,11,0,33.3,0.1,0.29,1.33,0.42,0.77,,,,,,,,,,,,,,,FW,,False,Forward,True,True,False,0.16917293233082706,0.3383458646616541,0.5075187969924811,0.16917293233082706,0.0,0.0,0.3383458646616541,0.0,1.776315789473684,0.5921052631578947,1.607142857142857,0.9304511278195489,0.0,4.144736842105263,0.5075187969924811,0.9304511278195489,0.0
Alexis Vossah,fr FRA,MF,Toulouse,fr Ligue 1,17.0,2008.0,23,12,1092,12.1,1,1,2,1,0,0,5,1,9,2,18,10,0,6,7,7,0,22.2,0.11,0.5,1.39,0.58,0.85,,,,,,,,,,,,,,,MF,,False,Midfielder,True,True,False,0.08241758241758242,0.08241758241758242,0.16483516483516483,0.08241758241758242,0.0,0.0,0.4120879120879121,0.08241758241758242,0.7417582417582418,0.16483516483516483,1.4835164835164836,0.8241758241758242,0.0,0.4945054945054945,0.5769230769230769,0.5769230769230769,0.0
Luka Vušković,hr CRO,DF,Hamburger SV,de Bundesliga,18.0,2007.0,28,27,2442,27.1,6,0,6,5,1,1,6,0,32,10,29,32,1,2,40,17,0,31.3,0.16,0.5,1.29,-0.22,0.94,,,,,,,,,,,,,,,DF,,False,Defender,True,True,True,0.22113022113022113,0.0,0.22113022113022113,0.18427518427518427,0.036855036855036855,0.036855036855036855,0.22113022113022113,0.0,1.1793611793611793,0.36855036855036855,1.0687960687960687,1.1793611793611793,0.036855036855036855,0.07371007371007371,1.4742014742014742,0.6265356265356266,0.0
Elye Wahi,ci CIV,FW,Nice,fr Ligue 1,22.0,2003.0,14,11,922,10.2,5,1,6,4,1,1,5,0,23,15,21,5,20,9,2,4,0,65.2,0.17,0.27,0.93,-0.39,0.41,,,,,,,,,,,,,,,FW,,False,Forward,True,True,False,0.4880694143167028,0.09761388286334056,0.5856832971800434,0.39045553145336226,0.09761388286334056,0.09761388286334056,0.4880694143167028,0.0,2.245119305856833,1.4642082429501084,2.049891540130152,0.4880694143167028,1.9522776572668112,0.8785249457700651,0.19522776572668113,0.39045553145336226,0.0
Hauke Wahl,de GER,DF,St Pauli,de Bundesliga,31.0,1994.0,30,29,2592,28.8,2,1,3,2,0,0,1,0,10,4,11,13,4,12,31,32,0,40.0,0.2,0.5,0.77,-0.76,0.97,,,,,,,,,,,,,,,DF,,False,Defender,True,True,True,0.06944444444444445,0.034722222222222224,0.10416666666666666,0.06944444444444445,0.0,0.0,0.034722222222222224,0.0,0.3472222222222222,0.1388888888888889,0.3819444444444444,0.45138888888888884,0.1388888888888889,0.41666666666666663,1.0763888888888888,1.1111111111111112,0.0
Kyle Walker,eng ENG,"DF,MF",Burnley,eng Premier League,35.0,1990.0,36,35,3096,34.4,0,2,2,0,0,0,9,0,4,0,32,22,1,37,43,32,0,0.0,0.0,,0.61,-1.02,-0.46,,,,,,,,,,,,,,,DF,MF,True,Defender,True,True,True,0.0,0.05813953488372093,0.05813953488372093,0.0,0.0,0.0,0.2616279069767442,0.0,0.11627906976744186,0.0,0.9302325581395349,0.6395348837209303,0.029069767441860465,1.0755813953488371,1.25,0.9302325581395349,0.0
Kyle Walker-Peters,eng ENG,DF,West Ham United,eng Premier League,28.0,1997.0,23,15,1383,15.4,1,0,1,1,0,0,2,0,5,3,12,25,1,20,9,30,0,60.0,0.2,0.33,1.13,-0.33,0.29,,,,,,,,,,,,,,,DF,,False,Defender,True,True,True,0.0650759219088937,0.0,0.0650759219088937,0.0650759219088937,0.0,0.0,0.1301518438177874,0.0,0.32537960954446854,0.19522776572668113,0.7809110629067245,1.6268980477223427,0.0650759219088937,1.3015184381778742,0.5856832971800434,1.9522776572668112,0.0
Sebastian Walukiewicz,pl POL,DF,Sassuolo,it Serie A,25.0,2000.0,34,33,2852,31.7,0,1,1,0,0,0,7,0,7,0,35,13,1,45,23,34,0,0.0,0.0,,1.35,-0.09,0.06,,,,,,,,,,,,,,,DF,,False,Defender,True,True,True,0.0,0.03155680224403927,0.03155680224403927,0.0,0.0,0.0,0.22089761570827487,0.0,0.22089761570827487,0.0,1.1044880785413744,0.4102384291725105,0.03155680224403927,1.4200561009817672,0.7258064516129032,1.072931276297335,0.0
Aaron Wan-Bissaka,cd COD,"DF,MF",West Ham United,eng Premier League,27.0,1997.0,25,23,2081,23.1,0,2,2,0,0,0,4,0,0,0,23,12,1,43,41,24,0,,,,0.96,-0.69,-0.49,,,,,,,,,,,,,,,DF,MF,True,Defender,True,True,True,0.0,0.08649687650168189,0.08649687650168189,0.0,0.0,0.0,0.17299375300336378,0.0,0.0,0.0,0.9947140797693417,0.5189812590100913,0.043248438250840945,1.8596828447861604,1.7731859682844786,1.0379625180201826,0.0
Ollie Watkins,eng ENG,FW,Aston Villa,eng Premier League,29.0,1995.0,37,33,2839,31.5,16,3,19,16,0,0,4,0,83,38,35,32,25,7,5,14,0,45.8,0.19,0.42,1.76,0.32,0.78,,,,,,,,,,,,,,,FW,,False,Forward,True,True,True,0.5072208524128214,0.095103909827404,0.6023247622402255,0.5072208524128214,0.0,0.0,0.12680521310320536,0.0,2.6312081718915112,1.204649524480451,1.1095456146530467,1.0144417048256429,0.7925325818950334,0.22190912293060938,0.15850651637900667,0.44381824586121876,0.0
Timothy Weah,us USA,"MF,DF",Marseille,fr Ligue 1,25.0,2000.0,29,26,2253,25.0,2,2,4,2,0,0,5,0,29,10,32,18,1,62,15,35,0,34.5,0.07,0.2,1.69,0.52,-0.04,,,,,,,,,,,,,,,MF,DF,True,Midfielder,True,True,True,0.07989347536617843,0.07989347536617843,0.15978695073235685,0.07989347536617843,0.0,0.0,0.1997336884154461,0.0,1.158455392809587,0.3994673768308922,1.2782956058588548,0.7190412782956058,0.03994673768308921,2.4766977363515315,0.5992010652463382,1.3981358189081226,0.0
Danny Welbeck,eng ENG,FW,Brighton,eng Premier League,34.0,1990.0,37,26,2258,25.1,13,1,14,12,1,3,5,0,56,28,31,10,5,3,8,14,0,50.0,0.21,0.43,1.41,0.2,0.12,,,,,,,,,,,,,,,FW,,False,Forward,True,True,True,0.5181576616474757,0.03985828166519043,0.5580159433126661,0.47829937998228517,0.03985828166519043,0.11957484499557129,0.19929140832595219,0.0,2.2320637732506645,1.1160318866253323,1.2356067316209034,0.39858281665190437,0.19929140832595219,0.11957484499557129,0.31886625332152346,0.5580159433126661,0.0
Wesley,br BRA,MF,Roma,it Serie A,21.0,2003.0,30,28,2448,27.2,5,0,5,5,0,0,7,2,25,13,36,57,2,95,23,40,0,52.0,0.2,0.38,2.0,1.1,1.29,,,,,,,,,,,,,,,MF,,False,Midfielder,True,True,True,0.18382352941176472,0.0,0.18382352941176472,0.18382352941176472,0.0,0.0,0.25735294117647056,0.07352941176470588,0.9191176470588236,0.47794117647058826,1.3235294117647058,2.0955882352941178,0.07352941176470588,3.4926470588235294,0.8455882352941176,1.4705882352941178,0.0
Adam Wharton,eng ENG,MF,Crystal Palace,eng Premier League,21.0,2004.0,34,29,2552,28.4,1,5,6,1,0,0,6,1,32,6,35,31,0,86,27,36,0,18.8,0.03,0.17,1.15,-0.35,-0.35,,,,,,,,,,,,,,,MF,,False,Midfielder,True,True,True,0.03526645768025078,0.1763322884012539,0.21159874608150472,0.03526645768025078,0.0,0.0,0.21159874608150472,0.03526645768025078,1.128526645768025,0.21159874608150472,1.2343260188087775,1.0932601880877741,0.0,3.0329153605015677,0.9521943573667712,1.2695924764890283,0.0
Silvan Widmer,ch SUI,MF,Mainz 05,de Bundesliga,32.0,1993.0,27,22,1810,20.1,2,1,3,2,0,0,5,0,20,4,15,11,4,37,18,27,0,20.0,0.1,0.5,1.37,0.15,1.01,,,,,,,,,,,,,,,MF,,False,Midfielder,True,True,True,0.0994475138121547,0.04972375690607735,0.14917127071823205,0.0994475138121547,0.0,0.0,0.24861878453038672,0.0,0.9944751381215469,0.1988950276243094,0.7458563535911602,0.5469613259668509,0.1988950276243094,1.839779005524862,0.8950276243093922,1.3425414364640884,0.0
Mats Wieffer,nl NED,DF,Brighton,eng Premier League,25.0,1999.0,26,23,1903,21.1,2,3,5,2,0,0,8,0,18,6,30,22,2,17,24,43,0,33.3,0.11,0.33,1.54,0.24,0.18,,,,,,,,,,,,,,,DF,,False,Defender,True,True,True,0.09458749343142406,0.1418812401471361,0.23646873357856016,0.09458749343142406,0.0,0.0,0.37834997372569623,0.0,0.8512874408828167,0.2837624802942722,1.4188124014713608,1.0404624277456647,0.09458749343142406,0.8039936941671046,1.1350499211770888,2.0336311087756176,0.0
Iñaki Williams,gh GHA,"MF,FW",Athletic Club,es La Liga,31.0,1994.0,30,25,2157,24.0,3,6,9,2,1,1,2,0,57,20,28,23,10,67,8,9,0,35.1,0.04,0.1,1.2,-0.38,0.05,,,,,,,,,,,,,,,MF,FW,True,Midfielder,True,True,True,0.12517385257301808,0.25034770514603616,0.37552155771905427,0.08344923504867871,0.041724617524339355,0.041724617524339355,0.08344923504867871,0.0,2.3783031988873433,0.8344923504867873,1.1682892906815021,0.9596662030598053,0.41724617524339364,2.7955493741307373,0.33379694019471484,0.37552155771905427,0.0
Neco Williams,wls WAL,DF,Nottingham Forest,eng Premier League,24.0,2001.0,37,36,3204,35.6,2,3,5,2,0,0,6,1,46,19,29,52,4,143,46,61,0,41.3,0.04,0.11,1.19,-0.06,0.36,,,,,,,,,,,,,,,DF,,False,Defender,True,True,True,0.056179775280898875,0.08426966292134831,0.14044943820224717,0.056179775280898875,0.0,0.0,0.16853932584269662,0.028089887640449437,1.2921348314606742,0.5337078651685393,0.8146067415730337,1.460674157303371,0.11235955056179775,4.01685393258427,1.2921348314606742,1.7134831460674158,0.0
Nico Williams,es ESP,MF,Athletic Club,es La Liga,23.0,2002.0,25,20,1674,18.6,6,3,9,5,1,2,2,0,46,16,26,29,7,76,7,9,0,34.8,0.11,0.31,1.32,-0.16,0.46,,,,,,,,,,,,,,,MF,,False,Midfielder,True,True,True,0.3225806451612903,0.16129032258064516,0.4838709677419355,0.2688172043010753,0.05376344086021505,0.1075268817204301,0.1075268817204301,0.0,2.4731182795698925,0.8602150537634408,1.3978494623655913,1.5591397849462365,0.3763440860215054,4.086021505376344,0.3763440860215054,0.4838709677419355,0.0
Joe Willock,eng ENG,MF,Newcastle United,eng Premier League,25.0,1999.0,24,10,983,10.9,0,2,2,0,0,0,3,0,17,6,16,11,2,16,7,15,0,35.3,0.0,0.0,1.46,-0.46,-0.57,,,,,,,,,,,,,,,MF,,False,Midfielder,True,True,False,0.0,0.18311291963377416,0.18311291963377416,0.0,0.0,0.0,0.2746693794506612,0.0,1.5564598168870805,0.5493387589013224,1.4649033570701933,1.007121057985758,0.18311291963377416,1.4649033570701933,0.6408952187182095,1.3733468972533063,0.0
Callum Wilson,eng ENG,FW,West Ham United,eng Premier League,33.0,1992.0,32,11,1251,13.9,7,1,8,7,0,0,1,0,38,16,12,14,9,5,3,2,0,42.1,0.18,0.44,1.16,-0.07,0.67,,,,,,,,,,,,,,,FW,,False,Forward,True,True,False,0.5035971223021583,0.07194244604316546,0.5755395683453237,0.5035971223021583,0.0,0.0,0.07194244604316546,0.0,2.7338129496402876,1.1510791366906474,0.8633093525179856,1.0071942446043165,0.6474820143884893,0.3597122302158273,0.2158273381294964,0.14388489208633093,0.0
Harry Wilson,wls WAL,MF,Fulham,eng Premier League,28.0,1997.0,36,32,2673,29.7,10,7,17,10,0,0,7,0,78,25,13,37,13,115,16,19,0,32.1,0.13,0.4,1.44,0.07,0.79,,,,,,,,,,,,,,,MF,,False,Midfielder,True,True,True,0.33670033670033667,0.23569023569023567,0.5723905723905723,0.33670033670033667,0.0,0.0,0.23569023569023567,0.0,2.6262626262626263,0.8417508417508418,0.43771043771043777,1.2457912457912457,0.43771043771043777,3.872053872053872,0.5387205387205387,0.6397306397306397,0.0
Patrick Wimmer,at AUT,MF,Wolfsburg,de Bundesliga,24.0,2001.0,25,21,1621,18.0,4,3,7,4,0,0,4,0,24,8,28,33,2,25,23,20,0,33.3,0.17,0.5,1.0,-0.28,0.91,,,,,,,,,,,,,,,MF,,False,Midfielder,True,True,True,0.22208513263417645,0.16656384947563233,0.38864898210980875,0.22208513263417645,0.0,0.0,0.22208513263417645,0.0,1.3325107958050586,0.4441702652683529,1.554595928439235,1.8322023442319557,0.11104256631708823,1.3880320789636027,1.2769895126465145,1.1104256631708822,0.0
Florian Wirtz,de GER,MF,Liverpool,eng Premier League,22.0,2003.0,33,27,2378,26.4,5,3,8,5,0,0,1,0,51,18,22,19,2,32,12,26,0,35.3,0.1,0.28,1.61,0.23,-0.12,,,,,,,,,,,,,,,MF,,False,Midfielder,True,True,True,0.18923465096719932,0.1135407905803196,0.3027754415475189,0.18923465096719932,0.0,0.0,0.03784693019343986,0.0,1.930193439865433,0.6812447434819175,0.8326324642556769,0.7190916736753574,0.07569386038687972,1.2111017661900756,0.4541631623212784,0.9840201850294364,0.0
Axel Witsel,be BEL,MF,Girona,es La Liga,36.0,1989.0,32,30,2526,28.1,1,2,3,1,0,0,2,1,20,5,34,37,1,1,30,24,0,25.0,0.05,0.2,1.03,-0.36,0.25,,,,,,,,,,,,,,,MF,,False,Midfielder,True,True,True,0.035629453681710214,0.07125890736342043,0.10688836104513065,0.035629453681710214,0.0,0.0,0.07125890736342043,0.035629453681710214,0.7125890736342042,0.17814726840855105,1.211401425178147,1.3182897862232779,0.035629453681710214,0.035629453681710214,1.0688836104513064,0.8551068883610452,0.0
Marius Wolf,de GER,MF,Augsburg,de Bundesliga,30.0,1995.0,29,12,1019,11.3,1,1,2,1,0,0,4,0,14,5,10,2,11,43,13,10,0,35.7,0.07,0.2,1.17,-0.18,0.44,,,,,,,,,,,,,,,MF,,False,Midfielder,True,True,False,0.08832188420019627,0.08832188420019627,0.17664376840039253,0.08832188420019627,0.0,0.0,0.35328753680078506,0.0,1.2365063788027477,0.4416094210009814,0.8832188420019628,0.17664376840039253,0.971540726202159,3.7978410206084394,1.1481844946025515,0.8832188420019628,0.0
Nick Woltemade,de GER,"FW,MF",Newcastle United,eng Premier League,23.0,2002.0,33,24,1902,21.1,8,3,11,7,1,1,0,0,32,13,20,20,8,3,5,13,1,40.6,0.22,0.54,1.24,0.09,0.33,,,,,,,,,,,,,,,FW,MF,True,Forward,True,True,True,0.3785488958990536,0.14195583596214512,0.5205047318611987,0.3312302839116719,0.0473186119873817,0.0473186119873817,0.0,0.0,1.5141955835962144,0.6151419558359621,0.9463722397476341,0.9463722397476341,0.3785488958990536,0.14195583596214512,0.23659305993690852,0.6151419558359621,0.0473186119873817
Jeong Woo-yeong,kr KOR,"MF,FW",Union Berlin,de Bundesliga,25.0,1999.0,28,13,1197,13.3,4,1,5,4,0,0,0,0,22,8,13,20,4,31,8,7,0,36.4,0.18,0.5,1.21,-0.45,-0.06,,,,,,,,,,,,,,,MF,FW,True,Midfielder,True,True,False,0.3007518796992481,0.07518796992481203,0.37593984962406013,0.3007518796992481,0.0,0.0,0.0,0.0,1.6541353383458646,0.6015037593984962,0.9774436090225563,1.5037593984962405,0.3007518796992481,2.3308270676691727,0.6015037593984962,0.5263157894736842,0.0
Chris Wood,nz NZL,FW,Nottingham Forest,eng Premier League,33.0,1991.0,15,11,901,10.0,3,0,3,3,0,0,0,0,23,9,6,6,4,1,1,1,0,39.1,0.13,0.33,1.13,0.0,0.11,,,,,,,,,,,,,,,FW,,False,Forward,True,True,False,0.2996670366259711,0.0,0.2996670366259711,0.2996670366259711,0.0,0.0,0.0,0.0,2.297447280799112,0.8990011098779135,0.5993340732519422,0.5993340732519422,0.3995560488346282,0.09988901220865705,0.09988901220865705,0.09988901220865705,0.0
Granit Xhaka,ch SUI,MF,Sunderland,eng Premier League,32.0,1992.0,34,32,2904,32.3,1,6,7,1,0,0,8,0,21,5,23,40,0,99,29,33,0,23.8,0.05,0.2,1.5,-0.03,0.84,,,,,,,,,,,,,,,MF,,False,Midfielder,True,True,True,0.030991735537190084,0.1859504132231405,0.21694214876033058,0.030991735537190084,0.0,0.0,0.24793388429752067,0.0,0.6508264462809917,0.15495867768595042,0.7128099173553719,1.2396694214876034,0.0,3.068181818181818,0.8987603305785125,1.0227272727272727,0.0
Lamine Yamal,es ESP,"MF,FW",Barcelona,es La Liga,18.0,2007.0,28,26,2262,25.1,16,11,27,13,3,4,1,0,117,37,28,52,14,77,8,20,0,31.6,0.11,0.35,2.61,1.55,0.0,,,,,,,,,,,,,,,MF,FW,True,Midfielder,True,True,True,0.636604774535809,0.43766578249336874,1.0742705570291777,0.5172413793103449,0.11936339522546419,0.15915119363395225,0.03978779840848806,0.0,4.655172413793103,1.4721485411140585,1.1140583554376657,2.0689655172413794,0.5570291777188329,3.0636604774535807,0.3183023872679045,0.7957559681697614,0.0
Yehor Yarmoliuk,ua UKR,MF,Brentford,eng Premier League,21.0,2004.0,37,30,2659,29.5,1,2,3,1,0,0,7,0,16,4,37,12,1,30,28,46,0,25.0,0.06,0.25,1.41,0.0,-0.35,,,,,,,,,,,,,,,MF,,False,Midfielder,True,True,True,0.03384731101918014,0.06769462203836028,0.10154193305754043,0.03384731101918014,0.0,0.0,0.236931177134261,0.0,0.5415569763068823,0.13538924407672057,1.2523505077096653,0.4061677322301617,0.03384731101918014,1.0154193305754045,0.947724708537044,1.5569763068822866,0.0
Terry Yegbe,gh GHA,DF,Metz,fr Ligue 1,24.0,2001.0,24,22,1963,21.8,0,1,1,0,0,0,3,0,6,2,19,8,0,5,22,7,0,33.3,0.0,0.0,0.58,-1.24,0.16,,,,,,,,,,,,,,,DF,,False,Defender,True,True,True,0.0,0.04584819154355578,0.04584819154355578,0.0,0.0,0.0,0.13754457463066735,0.0,0.2750891492613347,0.09169638308711156,0.87111563932756,0.36678553234844624,0.0,0.22924095771777891,1.0086602139582272,0.32093734080489045,0.0
Kenan Yıldız,tr TUR,"MF,FW",Juventus,it Serie A,20.0,2005.0,36,33,2825,31.4,10,6,16,9,1,2,2,0,97,40,23,56,7,122,7,14,0,41.2,0.09,0.23,1.81,0.73,0.13,,,,,,,,,,,,,,,MF,FW,True,Midfielder,True,True,True,0.3185840707964602,0.19115044247787613,0.5097345132743363,0.2867256637168142,0.03185840707964602,0.06371681415929203,0.06371681415929203,0.0,3.0902654867256634,1.2743362831858407,0.7327433628318584,1.784070796460177,0.22300884955752212,3.886725663716814,0.22300884955752212,0.44601769911504424,0.0
Darlin Yongwa,cm CMR,"DF,MF",Lorient,fr Ligue 1,24.0,2000.0,23,14,1312,14.6,0,1,1,0,0,0,4,1,10,2,14,22,1,38,11,24,0,20.0,0.0,0.0,1.04,-0.14,-0.09,,,,,,,,,,,,,,,DF,MF,True,Defender,True,True,False,0.0,0.06859756097560976,0.06859756097560976,0.0,0.0,0.0,0.27439024390243905,0.06859756097560976,0.6859756097560975,0.13719512195121952,0.9603658536585367,1.5091463414634148,0.06859756097560976,2.606707317073171,0.7545731707317074,1.646341463414634,0.0
Leny Yoro,fr FRA,DF,Manchester Utd,eng Premier League,19.0,2005.0,32,18,1740,19.3,0,0,0,0,0,0,1,0,9,3,17,5,2,3,31,20,0,33.3,0.0,0.0,1.72,-0.26,-1.54,,,,,,,,,,,,,,,DF,,False,Defender,True,True,True,0.0,0.0,0.0,0.0,0.0,0.0,0.05172413793103448,0.0,0.46551724137931033,0.15517241379310345,0.8793103448275862,0.25862068965517243,0.10344827586206896,0.15517241379310345,1.603448275862069,1.0344827586206897,0.0
Ali Yousuf,ly LBY,DF,Nantes,fr Ligue 1,24.0,2001.0,13,10,969,10.8,0,0,0,0,0,0,4,0,6,1,11,11,0,1,18,7,0,16.7,0.0,0.0,0.69,-0.84,-0.23,,,,,,,,,,,,,,,DF,,False,Defender,True,True,False,0.0,0.0,0.0,0.0,0.0,0.0,0.37151702786377705,0.0,0.5572755417956656,0.09287925696594426,1.021671826625387,1.021671826625387,0.0,0.09287925696594426,1.671826625386997,0.6501547987616099,0.0
Illia Zabarnyi,ua UKR,DF,Paris Saint-Germain,fr Ligue 1,22.0,2002.0,28,26,2387,26.5,1,0,1,1,0,0,6,0,4,3,18,8,0,0,20,20,0,75.0,0.25,0.33,2.25,1.21,-0.53,,,,,,,,,,,,,,,DF,,False,Defender,True,True,True,0.03770423125261835,0.0,0.03770423125261835,0.03770423125261835,0.0,0.0,0.22622538751571009,0.0,0.1508169250104734,0.11311269375785504,0.6786761625471303,0.3016338500209468,0.0,0.0,0.754084625052367,0.754084625052367,0.0
Mattia Zaccagni,it ITA,FW,Lazio,it Serie A,30.0,1995.0,26,26,2104,23.4,3,0,3,3,0,1,6,1,34,14,30,82,6,55,20,21,0,41.2,0.09,0.21,1.42,-0.04,-0.18,,,,,,,,,,,,,,,FW,,False,Forward,True,True,True,0.12832699619771865,0.0,0.12832699619771865,0.12832699619771865,0.0,0.04277566539923954,0.2566539923954373,0.04277566539923954,1.4543726235741445,0.5988593155893536,1.2832699619771863,3.5076045627376424,0.2566539923954373,2.3526615969581752,0.8555133079847909,0.8982889733840305,0.0
Warren Zaïre-Emery,fr FRA,"DF,MF",Paris Saint-Germain,fr Ligue 1,19.0,2006.0,32,27,2447,27.2,3,4,7,3,0,0,3,0,19,7,35,17,0,15,11,29,0,36.8,0.16,0.43,2.19,1.36,0.19,,,,,,,,,,,,,,,DF,MF,True,Defender,True,True,True,0.1103391908459338,0.14711892112791172,0.25745811197384555,0.1103391908459338,0.0,0.0,0.1103391908459338,0.0,0.6988148753575807,0.25745811197384555,1.2872905598692275,0.6252554147936249,0.0,0.551695954229669,0.40457703310175724,1.0666121781773599,0.0
Denis Zakaria,ch SUI,"DF,MF",Monaco,fr Ligue 1,28.0,1996.0,24,23,2031,22.6,2,1,3,2,0,0,4,1,18,3,26,7,0,11,45,25,1,16.7,0.11,0.67,1.67,0.35,0.53,,,,,,,,,,,,,,,DF,MF,True,Defender,True,True,True,0.08862629246676515,0.044313146233382575,0.1329394387001477,0.08862629246676515,0.0,0.0,0.1772525849335303,0.044313146233382575,0.7976366322008863,0.1329394387001477,1.1521418020679468,0.310192023633678,0.0,0.4874446085672083,1.9940915805022155,1.1078286558345642,0.044313146233382575
Nicola Zalewski,pl POL,MF,Atalanta,it Serie A,23.0,2002.0,33,24,1897,21.1,2,4,6,2,0,0,3,0,38,7,21,51,3,124,16,20,0,18.4,0.05,0.29,1.64,0.76,0.82,,,,,,,,,,,,,,,MF,,False,Midfielder,True,True,True,0.09488666315234581,0.18977332630469163,0.2846599894570374,0.09488666315234581,0.0,0.0,0.1423299947285187,0.0,1.8028465998945702,0.33210332103321033,0.9963099630996309,2.419609910384818,0.1423299947285187,5.8829731154454405,0.7590933052187665,0.9488666315234581,0.0
Andre-Frank Zambo Anguissa,cm CMR,MF,Napoli,it Serie A,29.0,1995.0,18,14,1258,14.0,4,1,5,4,0,0,1,0,23,9,18,18,0,15,13,14,0,39.1,0.17,0.44,2.0,0.29,-0.46,,,,,,,,,,,,,,,MF,,False,Midfielder,True,True,False,0.2861685214626391,0.07154213036565978,0.35771065182829886,0.2861685214626391,0.0,0.0,0.07154213036565978,0.0,1.645468998410175,0.643879173290938,1.287758346581876,1.287758346581876,0.0,1.0731319554848968,0.9300476947535771,1.0015898251192368,0.0
Nicolò Zaniolo,it ITA,"FW,MF",Udinese,it Serie A,26.0,1999.0,32,28,2257,25.1,5,6,11,5,0,0,8,0,72,22,61,61,6,120,4,21,0,30.6,0.07,0.23,1.34,0.08,0.47,,,,,,,,,,,,,,,FW,MF,True,Forward,True,True,True,0.19937970757642887,0.23925564909171468,0.4386353566681435,0.19937970757642887,0.0,0.0,0.3190075321222862,0.0,2.871067789100576,0.877270713336287,2.4324324324324325,2.4324324324324325,0.23925564909171468,4.785112981834294,0.1595037660611431,0.8373947718210013,0.0
Alessandro Zanoli,it ITA,MF,Udinese,it Serie A,24.0,2000.0,19,16,1280,14.2,1,2,3,1,0,0,1,0,3,1,16,5,1,40,7,18,0,33.3,0.33,1.0,1.16,-0.14,-0.1,,,,,,,,,,,,,,,MF,,False,Midfielder,True,True,False,0.0703125,0.140625,0.2109375,0.0703125,0.0,0.0,0.0703125,0.0,0.2109375,0.0703125,1.125,0.3515625,0.0703125,2.8125,0.49218749999999994,1.265625,0.0
Duván Zapata,co COL,FW,Torino,it Serie A,34.0,1991.0,28,11,1103,12.3,3,1,4,3,0,1,0,0,34,15,15,24,7,8,1,2,0,44.1,0.09,0.2,1.18,-0.08,0.62,,,,,,,,,,,,,,,FW,,False,Forward,True,True,False,0.24478694469628287,0.08159564823209428,0.3263825929283771,0.24478694469628287,0.0,0.08159564823209428,0.0,0.0,2.7742520398912056,1.2239347234814144,1.2239347234814144,1.958295557570263,0.57116953762466,0.6527651858567542,0.08159564823209428,0.16319129646418856,0.0
Gabriele Zappa,it ITA,"DF,MF",Cagliari,it Serie A,25.0,1999.0,31,18,1597,17.7,0,3,3,0,0,0,2,0,11,2,13,5,0,37,18,17,0,18.2,0.0,0.0,1.03,-0.45,-0.2,,,,,,,,,,,,,,,DF,MF,True,Defender,True,True,True,0.0,0.16906700062617408,0.16906700062617408,0.0,0.0,0.0,0.11271133375078271,0.0,0.6199123356293049,0.11271133375078271,0.7326236693800876,0.28177833437695676,0.0,2.0851596743894802,1.0144020037570445,0.9580463368816531,0.0
Davide Zappacosta,it ITA,MF,Atalanta,it Serie A,33.0,1992.0,35,30,2569,28.5,3,3,6,3,0,0,3,0,37,9,18,8,7,107,18,14,0,24.3,0.08,0.33,1.54,0.6,0.81,,,,,,,,,,,,,,,MF,,False,Midfielder,True,True,True,0.10509926041261192,0.10509926041261192,0.21019852082522383,0.10509926041261192,0.0,0.0,0.10509926041261192,0.0,1.296224211755547,0.31529778123783575,0.6305955624756715,0.2802646944336317,0.24523160762942778,3.748540288049825,0.6305955624756715,0.49046321525885556,0.0
Bryan Zaragoza,es ESP,"FW,MF",Celta Vigo,es La Liga,23.0,2001.0,19,13,1131,12.6,1,1,2,0,1,1,1,0,26,12,7,17,6,67,2,5,0,46.2,0.0,0.0,1.47,0.32,0.28,,,,,,,,,,,,,,,FW,MF,True,Forward,True,True,False,0.07957559681697612,0.07957559681697612,0.15915119363395225,0.0,0.07957559681697612,0.07957559681697612,0.07957559681697612,0.0,2.0689655172413794,0.9549071618037135,0.5570291777188329,1.3527851458885942,0.47745358090185674,5.3315649867374,0.15915119363395225,0.3978779840848807,0.0
Aaron Zehnter,de GER,"DF,MF",Wolfsburg,de Bundesliga,20.0,2004.0,20,17,1456,16.2,2,0,2,2,0,0,0,0,11,5,2,0,0,36,16,10,0,45.5,0.18,0.4,1.1,-0.37,0.64,,,,,,,,,,,,,,,DF,MF,True,Defender,True,True,True,0.12362637362637363,0.0,0.12362637362637363,0.12362637362637363,0.0,0.0,0.0,0.0,0.679945054945055,0.3090659340659341,0.12362637362637363,0.0,0.0,2.2252747252747254,0.989010989010989,0.6181318681318682,0.0
Jordan Zemura,zw ZIM,"MF,DF",Udinese,it Serie A,25.0,1999.0,17,13,1127,12.5,0,1,1,0,0,0,3,0,5,1,26,11,2,35,6,17,0,20.0,0.0,0.0,1.12,-0.16,-0.12,,,,,,,,,,,,,,,MF,DF,True,Midfielder,True,True,False,0.0,0.07985803016858918,0.07985803016858918,0.0,0.0,0.0,0.2395740905057675,0.0,0.3992901508429459,0.07985803016858918,2.076308784383319,0.878438331854481,0.15971606033717836,2.7950310559006213,0.479148181011535,1.3575865128660158,0.0
Alessio Zerbin,it ITA,MF,Cremonese,it Serie A,26.0,1999.0,32,17,1646,18.3,0,3,3,0,0,0,1,0,21,7,37,20,7,58,3,20,0,33.3,0.0,0.0,0.88,-0.71,-0.1,,,,,,,,,,,,,,,MF,,False,Midfielder,True,True,True,0.0,0.16403402187120292,0.16403402187120292,0.0,0.0,0.0,0.05467800729040097,0.0,1.1482381530984205,0.3827460510328068,2.023086269744836,1.0935601458080195,0.3827460510328068,3.1713244228432567,0.16403402187120292,1.0935601458080195,0.0
Cedric Zesiger,ch SUI,DF,Augsburg,de Bundesliga,27.0,1998.0,27,20,1816,20.2,0,0,0,0,0,0,7,0,12,3,18,16,0,34,17,24,1,25.0,0.0,0.0,1.38,-0.69,-0.55,,,,,,,,,,,,,,,DF,,False,Defender,True,True,True,0.0,0.0,0.0,0.0,0.0,0.0,0.34691629955947134,0.0,0.5947136563876653,0.14867841409691632,0.8920704845814978,0.7929515418502203,0.0,1.685022026431718,0.842511013215859,1.1894273127753305,0.04955947136563877
Piotr Zieliński,pl POL,MF,Inter,it Serie A,31.0,1994.0,34,22,2045,22.7,6,3,9,5,1,1,3,0,29,10,18,18,0,23,7,19,1,34.5,0.17,0.5,2.21,1.28,-0.36,,,,,,,,,,,,,,,MF,,False,Midfielder,True,True,True,0.26405867970660146,0.13202933985330073,0.3960880195599022,0.2200488997555012,0.04400977995110024,0.04400977995110024,0.13202933985330073,0.0,1.276283618581907,0.4400977995110024,0.7921760391198044,0.7921760391198044,0.0,1.0122249388753057,0.3080684596577017,0.8361858190709046,0.04400977995110024
Budu Zivzivadze,ge GEO,FW,Heidenheim,de Bundesliga,31.0,1994.0,20,14,1142,12.7,6,0,6,6,0,0,2,1,28,14,15,13,8,6,1,10,0,50.0,0.21,0.43,0.7,-0.87,0.07,,,,,,,,,,,,,,,FW,,False,Forward,True,True,False,0.47285464098073554,0.0,0.47285464098073554,0.47285464098073554,0.0,0.0,0.1576182136602452,0.0788091068301226,2.2066549912434326,1.1033274956217163,1.182136602451839,1.0245183887915936,0.6304728546409808,0.47285464098073554,0.0788091068301226,0.7880910683012259,0.0
Nadir Zortea,it ITA,DF,Bologna,it Serie A,26.0,1999.0,32,16,1819,20.2,0,2,2,0,0,0,2,0,11,1,28,17,1,67,20,17,0,9.1,0.0,0.0,1.31,-0.35,-0.91,,,,,,,,,,,,,,,DF,,False,Defender,True,True,True,0.0,0.09895547003848269,0.09895547003848269,0.0,0.0,0.0,0.09895547003848269,0.0,0.5442550852116547,0.049477735019241346,1.3853765805387575,0.8411214953271028,0.049477735019241346,3.3150082462891697,0.9895547003848268,0.8411214953271028,0.0
Yanis Zouaoui,dz ALG,"DF,MF",Le Havre,fr Ligue 1,27.0,1998.0,30,28,2338,26.0,1,1,2,0,1,1,7,0,16,5,22,26,1,182,27,30,1,31.3,0.0,0.0,0.93,-0.5,-0.63,,,,,,,,,,,,,,,DF,MF,True,Defender,True,True,True,0.03849443969204448,0.03849443969204448,0.07698887938408897,0.0,0.03849443969204448,0.03849443969204448,0.2694610778443114,0.0,0.6159110350727117,0.1924721984602224,0.8468776732249785,1.0008554319931564,0.03849443969204448,7.005988023952096,1.039349871685201,1.1548331907613345,0.03849443969204448
Igor Zubeldia,es ESP,DF,Real Sociedad,es La Liga,28.0,1997.0,25,23,2082,23.1,0,1,1,0,0,0,9,0,6,1,38,5,0,0,23,21,0,16.7,0.0,0.0,1.28,-0.13,-0.2,,,,,,,,,,,,,,,DF,,False,Defender,True,True,True,0.0,0.043227665706051875,0.043227665706051875,0.0,0.0,0.0,0.3890489913544669,0.0,0.25936599423631124,0.043227665706051875,1.6426512968299711,0.21613832853025938,0.0,0.0,0.9942363112391931,0.9077809798270894,0.0
Martín Zubimendi,es ESP,MF,Arsenal,eng Premier League,26.0,1999.0,38,34,2992,33.2,5,1,6,5,0,0,4,0,27,9,33,15,1,13,39,39,0,33.3,0.19,0.56,2.24,0.96,-1.56,,,,,,,,,,,,,,,MF,,False,Midfielder,True,True,True,0.15040106951871657,0.030080213903743314,0.18048128342245992,0.15040106951871657,0.0,0.0,0.12032085561497326,0.0,0.8121657754010695,0.2707219251336898,0.9926470588235294,0.45120320855614976,0.030080213903743314,0.3910427807486631,1.1731283422459893,1.1731283422459893,0.0
Martin Ødegaard,no NOR,MF,Arsenal,eng Premier League,26.0,1998.0,24,16,1369,15.2,1,6,7,1,0,0,0,0,22,8,9,9,2,22,7,9,0,36.4,0.05,0.13,2.17,1.05,-0.18,,,,,,,,,,,,,,,MF,,False,Midfielder,True,True,True,0.06574141709276844,0.3944485025566107,0.46018991964937916,0.06574141709276844,0.0,0.0,0.0,0.0,1.4463111760409055,0.5259313367421475,0.591672753834916,0.591672753834916,0.13148283418553688,1.4463111760409055,0.46018991964937916,0.591672753834916,0.0
