Player,Nation,Pos,Squad,Comp,Age,Born,MP,Starts,Min,90s,Gls,Ast,G+A,G-PK,PK,PKatt,CrdY,CrdR,Sh,SoT,Fls,Fld,Off,Crs,Int,TklW,OG,SoT%,G/Sh,G/SoT,PPM,+/-90,On-Off,GA,GA90,SoTA,Saves,Save%,W,D,L,CS,CS%,PKatt_stats_keeper,PKA,PKsv,PKm,Primary_Position,Secondary_Position,Is_Multi_Position,Position_Group,Eligible_450,Eligible_900,Eligible_1350,Gls_per90,Ast_per90,G+A_per90,G-PK_per90,PK_per90,PKatt_per90,CrdY_per90,CrdR_per90,Sh_per90,SoT_per90,Fls_per90,Fld_per90,Off_per90,Crs_per90,Int_per90,TklW_per90,OG_per90,Gls_per90_z,Ast_per90_z,G-PK_per90_z,Sh_per90_z,SoT_per90_z,Crs_per90_z,Fld_per90_z,TklW_per90_z,Int_per90_z,Fls_per90_z,Off_per90_z,CrdY_per90_z
Brenden Aaronson,us USA,"MF,FW",Leeds United,eng Premier League,24.0,2000.0,37,30,2449,27.2,4,5,9,4,0,0,3,0,47,17,20,51,5,37,17,27,0,36.2,0.09,0.24,1.19,0.15,1.17,,,,,,,,,,,,,,,MF,FW,True,Midfielder,True,True,True,0.1469987750102082,0.1837484687627603,0.3307472437729686,0.1469987750102082,0.0,0.0,0.1102490812576561,0.0,1.7272356063699468,0.6247447937933851,0.7349938750510413,1.874234381380155,0.1837484687627603,1.3597386688444262,0.6247447937933851,0.9922417313189056,0.0,0.07317267740950209,0.5774066191460077,0.1745415330454329,0.4424129192975809,0.5142080691439658,-0.5419394771182304,0.9533564884513444,-0.12331907028741267,-0.40165413175497977,-0.9322243455783804,0.24722047492981347,-0.665809032204601
Himad Abdelli,dz ALG,MF,Angers,fr Ligue 1,25.0,1999.0,13,11,943,10.5,2,0,2,0,2,2,1,0,11,5,16,12,1,9,13,17,0,45.5,0.0,0.0,1.38,-0.1,0.67,,,,,,,,,,,,,,,MF,,False,Midfielder,True,True,False,0.1908801696712619,0.0,0.1908801696712619,0.0,0.1908801696712619,0.1908801696712619,0.0954400848356309,0.0,1.0498409331919407,0.4772004241781548,1.5270413573700956,1.1452810180275717,0.0954400848356309,0.8589607635206787,1.2407211028632026,1.6224814422057263,0.0,0.4037229982389867,-1.1563710848352395,-1.0585089693537577,-0.4507182824118244,0.05715922113535474,-0.8031264656749613,-0.15058041610057496,1.3795241902114357,1.1579653141544615,0.6656740091861478,-0.28649490572566394,-0.7890110169000925
Ali Abdi,tn TUN,"MF,DF",Nice,fr Ligue 1,31.0,1993.0,22,13,1187,13.2,3,0,3,3,0,0,4,1,16,4,22,18,1,33,10,11,0,25.0,0.19,0.75,0.68,0.15,1.35,,,,,,,,,,,,,,,MF,DF,True,Midfielder,True,True,False,0.227464195450716,0.0,0.227464195450716,0.227464195450716,0.0,0.0,0.3032855939342881,0.075821398483572,1.2131423757371524,0.3032855939342881,1.6680707666385846,1.3647851727042966,0.075821398483572,2.5021061499578767,0.7582139848357202,0.8340353833192923,0.0,0.6793036071061322,-1.1563710848352395,0.8494990426780141,-0.23540862705680224,-0.4815775196963149,0.05387659033439901,0.18183966621531336,-0.5005713121761366,-0.06371719698264883,0.9501906146600044,-0.40506569355697414,0.9401391902614499
Salis Abdul Samed,gh GHA,MF,Nice,fr Ligue 1,25.0,2000.0,18,12,911,10.1,0,0,0,0,0,0,3,0,1,0,19,10,0,2,11,7,0,0.0,0.0,,1.06,-0.2,0.68,,,,,,,,,,,,,,,MF,,False,Midfielder,True,True,False,0.0,0.0,0.0,0.0,0.0,0.0,0.2963776070252469,0.0,0.0987925356750823,0.0,1.8770581778265645,0.9879253567508234,0.0,0.1975850713501646,1.0867178924259056,0.6915477497255763,0.0,-1.0341415412128914,-1.1563710848352395,-1.0585089693537577,-1.7046563952892302,-1.421066648876647,-1.148075241382156,-0.38888197331494595,-0.8403413649857734,0.7680373279739597,1.3718075605607962,-0.8633126317738823,0.8826688747052549
Saud Abdulhamid,sa KSA,MF,Lens,fr Ligue 1,26.0,1999.0,25,14,1352,15.0,2,4,6,2,0,0,4,1,8,3,26,14,1,47,9,22,0,37.5,0.25,0.67,1.84,1.2,0.51,,,,,,,,,,,,,,,MF,,False,Midfielder,True,True,True,0.1331360946745562,0.2662721893491124,0.3994082840236686,0.1331360946745562,0.0,0.0,0.2662721893491124,0.0665680473372781,0.5325443786982248,0.1997041420118343,1.7307692307692308,0.9319526627218936,0.0665680473372781,3.1286982248520707,0.599112426035503,1.4644970414201184,0.0,-0.031252295130701165,1.3560677299872896,0.05825903374373439,-1.13276334660987,-0.8024422426245829,0.38068353480077927,-0.47364778371129834,1.002801194368292,-0.46655393165193326,1.0766802190297908,-0.46099080066184817,0.6322098225124883
Laurent Abergel,fr FRA,MF,Lorient,fr Ligue 1,32.0,1993.0,28,27,2318,25.8,1,0,1,1,0,0,7,0,22,5,24,27,1,9,28,23,0,22.7,0.05,0.2,1.39,-0.04,0.2,,,,,,,,,,,,,,,MF,,False,Midfielder,True,True,True,0.0388265746333045,0.0,0.0388265746333045,0.0388265746333045,0.0,0.0,0.271786022433132,0.0,0.8541846419327006,0.1941328731665228,0.9318377911993097,1.0483175150992234,0.0388265746333045,0.3494391716997411,1.087144089732528,0.8930112165660051,0.0,-0.7416682321742549,-1.1563710848352395,-0.7328251168542308,-0.7086871526341778,-0.8197003868312125,-1.0688738334353411,-0.2974232659434357,-0.3599400063474201,0.7691164370199006,-0.5351060202504774,-0.6286538243263115,0.6780816128669339
Matthis Abline,fr FRA,"FW,MF",Nantes,fr Ligue 1,22.0,2003.0,33,28,2584,28.7,6,4,10,6,0,1,6,0,84,22,32,42,5,62,9,13,0,26.2,0.07,0.27,0.61,-0.84,-1.02,,,,,,,,,,,,,,,FW,MF,True,Forward,True,True,True,0.2089783281733746,0.1393188854489164,0.348297213622291,0.2089783281733746,0.0,0.0348297213622291,0.2089783281733746,0.0,2.9256965944272446,0.7662538699690402,1.1145510835913313,1.4628482972136223,0.1741486068111455,2.1594427244582044,0.3134674922600619,0.4527863777089783,0.0,-0.8485204281603334,0.23695826027090855,-0.7180117740718743,0.5616736806915272,-0.6536086357049049,0.7035560197490489,0.05264910537216109,-0.13407444697711987,0.22510306856110376,-0.45449243519121796,-1.0477911385141219,0.6323821229184184
Abner,br BRA,"DF,MF",Lyon,fr Ligue 1,25.0,2000.0,26,25,2150,23.9,3,2,5,3,0,0,4,1,17,7,23,6,1,61,8,24,0,41.2,0.18,0.43,1.81,0.42,0.12,,,,,,,,,,,,,,,DF,MF,True,Defender,True,True,True,0.1255813953488372,0.0837209302325581,0.2093023255813953,0.1255813953488372,0.0,0.0,0.1674418604651162,0.041860465116279,0.7116279069767442,0.2930232558139535,0.9627906976744186,0.2511627906976744,0.041860465116279,2.5534883720930233,0.3348837209302325,1.0046511627906978,0.0,1.5242019258864767,0.5288943907183085,1.6371544923282393,0.4225999281931169,0.9713439795709355,0.9272270862927023,-1.1643037432183907,-0.11668554291229424,-2.0341526290930525,-0.21103985261634137,-0.2637880633775405,-0.31242173221034525
Abdel Abqar,ma MAR,DF,Getafe,es La Liga,26.0,1999.0,23,17,1437,16.0,0,2,2,0,0,0,10,1,7,1,30,36,1,2,20,17,0,14.3,0.0,0.0,1.17,0.06,0.38,,,,,,,,,,,,,,,DF,,False,Defender,True,True,True,0.0,0.1252609603340292,0.1252609603340292,0.0,0.0,0.0,0.6263048016701461,0.0626304801670146,0.4384133611691023,0.0626304801670146,1.8789144050104385,2.2546972860125263,0.0626304801670146,0.1252609603340292,1.2526096033402925,1.0647181628392484,0.0,-0.809444991619996,1.1903519917122196,-0.8221765122714052,-0.41221029630382755,-0.7552810394646422,-0.7082030562506698,3.328243112867714,0.03729124430345555,0.458119505781664,2.160321451402074,0.00622817753520523,3.7139717417247984
Francesco Acerbi,it ITA,DF,Inter,it Serie A,37.0,1988.0,18,15,1378,15.3,0,1,1,0,0,0,3,0,3,1,17,13,3,3,18,9,0,33.3,0.0,0.0,2.11,1.04,-0.63,,,,,,,,,,,,,,,DF,,False,Defender,True,True,True,0.0,0.0653120464441219,0.0653120464441219,0.0,0.0,0.0,0.1959361393323657,0.0,0.1959361393323657,0.0653120464441219,1.1103047895500726,0.8490566037735848,0.1959361393323657,0.1959361393323657,1.1756168359941943,0.5878084179970973,0.0,-0.809444991619996,0.2357627757933718,-0.8221765122714052,-1.1531022696742281,-0.7351846652998949,-0.6606027707486627,0.17635995710158003,-1.1852274472130748,0.24902991560942872,0.1707963628097907,1.7392405461973557,-0.062392435500768534
Ragnar Ache,de GER,FW,Köln,de Bundesliga,27.0,1998.0,29,18,1718,19.1,7,4,11,7,0,0,3,0,52,22,18,29,10,1,4,8,0,42.3,0.13,0.32,1.03,-0.58,-0.38,,,,,,,,,,,,,,,FW,,False,Forward,True,True,True,0.3667054714784633,0.209545983701979,0.5762514551804423,0.3667054714784633,0.0,0.0,0.1571594877764842,0.0,2.724097788125728,1.1525029103608846,0.9429569266589056,1.519208381839348,0.5238649592549477,0.0523864959254947,0.209545983701979,0.4190919674039581,0.0,-0.036466956115755525,0.9478849640712111,0.20713044892133237,0.2982651359285726,0.34031221067440054,-0.7551463861597966,0.13763615919107117,-0.23680569544517094,-0.28555128516767375,-0.7541186805271093,0.036731062016892205,0.11584070233390624
Akor Adams,ng NGA,FW,Sevilla,es La Liga,25.0,2000.0,32,21,2064,22.9,10,3,13,7,3,3,3,0,61,30,36,12,41,17,1,4,0,49.2,0.11,0.23,1.13,-0.35,0.05,,,,,,,,,,,,,,,FW,,False,Forward,True,True,True,0.436046511627907,0.1308139534883721,0.5668604651162791,0.3052325581395348,0.1308139534883721,0.1308139534883721,0.1308139534883721,0.0,2.6598837209302326,1.3081395348837208,1.569767441860465,0.5232558139534884,1.787790697674419,0.741279069767442,0.0436046511627907,0.1744186046511628,0.0,0.32053331174316013,0.1508606797761609,-0.15343645483752255,0.2143631808347607,0.7408063722040297,-0.2782301837024184,-1.3641904446916644,-0.9827929317532067,-1.1009615414317078,0.34037593726374393,3.9563519592374368,-0.14677728762898823
Che Adams,sct SCO,FW,Torino,it Serie A,29.0,1996.0,33,19,1893,21.0,6,2,8,6,0,0,0,0,53,18,18,15,9,14,1,9,0,34.0,0.11,0.33,1.18,-0.19,0.69,,,,,,,,,,,,,,,FW,,False,Forward,True,True,True,0.2852614896988906,0.0950871632329635,0.3803486529318542,0.2852614896988906,0.0,0.0,0.0,0.0,2.519809825673534,0.8557844690966719,0.8557844690966719,0.7131537242472267,0.4278922345483359,0.6656101426307449,0.0475435816164817,0.4278922345483359,0.0,-0.4557788563719468,-0.21081066740262933,-0.270575954517607,0.03134294581580008,-0.42322274588753056,-0.3306153287081145,-1.077837717767868,-0.20997446669208586,-1.0816062413295353,-0.9063333982249865,-0.2608945704776528,-1.4507590990632495
Tyler Adams,us USA,MF,Bournemouth,eng Premier League,26.0,1999.0,25,21,1773,19.7,2,2,4,2,0,0,8,0,10,6,36,13,1,3,30,24,0,60.0,0.2,0.33,1.52,-0.15,-0.53,,,,,,,,,,,,,,,MF,,False,Midfielder,True,True,True,0.1015228426395939,0.1015228426395939,0.2030456852791878,0.1015228426395939,0.0,0.0,0.4060913705583757,0.0,0.5076142131979695,0.3045685279187817,1.8274111675126905,0.6598984771573604,0.0507614213197969,0.1522842639593908,1.5228426395939083,1.2182741116751268,0.0,-0.26938899710509606,-0.198441790520502,-0.2069182529477739,-1.1656332665453142,-0.477603369403674,-1.1717024448505986,-0.8856503487330596,0.41566829214786477,1.8722821284805,1.2716483177496936,-0.5565223804126473,1.7954217061928597
Karim Adeyemi,de GER,"MF,FW",Dortmund,de Bundesliga,23.0,2002.0,28,15,1195,13.3,7,4,11,7,0,0,5,0,31,14,21,25,5,11,8,4,0,45.2,0.23,0.5,2.29,0.98,-0.13,,,,,,,,,,,,,,,MF,FW,True,Midfielder,True,True,False,0.5271966527196653,0.301255230125523,0.8284518828451883,0.5271966527196653,0.0,0.0,0.3765690376569037,0.0,2.3347280334728033,1.0543933054393306,1.5815899581589958,1.8828451882845187,0.3765690376569037,0.8284518828451883,0.602510460251046,0.301255230125523,0.0,2.9371320257000164,1.6861538336920072,3.3637054161335502,1.2433794207054842,1.8451321688469429,-0.8190387545023137,0.9663968117389397,-1.7710165867656145,-0.4579502886832133,0.7757218553078018,1.4125832496632311,1.5498135702564644
Amine Adli,ma MAR,MF,Bournemouth,eng Premier League,25.0,2000.0,31,10,1093,12.1,3,1,4,3,0,0,2,0,20,9,29,23,5,39,6,17,0,45.0,0.15,0.33,1.48,0.08,-0.03,,,,,,,,,,,,,,,MF,,False,Midfielder,True,True,False,0.2470265324794144,0.0823421774931381,0.3293687099725526,0.2470265324794144,0.0,0.0,0.1646843549862763,0.0,1.6468435498627632,0.7410795974382433,2.3879231473010063,1.8938700823421777,0.4117108874656908,3.211344922232388,0.4940530649588289,1.3998170173833486,0.0,0.8266630251683359,-0.37942294264858406,1.0135912230357331,0.3364176157040383,0.8745789062545255,0.42378895493501884,0.9830930615004461,0.8485679137078498,-0.7325586790706048,2.402440587560576,1.6249724353051216,-0.21294014293713992
Michel Aebischer,ch SUI,MF,Pisa,it Serie A,28.0,1997.0,35,33,2892,32.1,1,2,3,1,0,0,8,0,19,5,44,38,0,43,35,37,0,26.3,0.05,0.2,0.51,-0.81,2.43,,,,,,,,,,,,,,,MF,,False,Midfielder,True,True,True,0.0311203319502074,0.0622406639004149,0.0933609958506224,0.0311203319502074,0.0,0.0,0.2489626556016597,0.0,0.5912863070539419,0.1556016597510373,1.3692946058091289,1.1825726141078838,0.0,1.338174273858921,1.0892116182572615,1.1514522821576765,0.0,-0.7997179138437491,-0.5690928556443582,-0.7974663794181065,-1.0553132999230064,-0.93905869748615,-0.5531866574080051,-0.0941055149445346,0.2563277516998554,0.7743513099276207,0.347431378011189,-0.8633126317738823,0.488204864238069
David Affengruber,at AUT,DF,Elche,es La Liga,24.0,2001.0,36,33,2949,32.8,1,1,2,1,0,0,7,1,14,4,34,35,2,8,50,50,0,28.6,0.07,0.25,1.14,-0.12,0.64,,,,,,,,,,,,,,,DF,,False,Defender,True,True,True,0.0305188199389623,0.0305188199389623,0.0610376398779247,0.0305188199389623,0.0,0.0,0.2136317395727365,0.0305188199389623,0.4272634791454731,0.1220752797558494,1.0376398779247202,1.0681586978636826,0.0610376398779247,0.2441505595116989,1.525940996948118,1.525940996948118,0.0,-0.24232157434420676,-0.31826292131669376,-0.22450931888503403,-0.44627889059387577,-0.30978582836946,-0.6281299818802538,0.6676549291962159,1.2195978374282128,1.2004067496439594,-0.01729478493416368,-0.014479209829889272,0.09288148820744042
Emmanuel Agbadou,ci CIV,DF,Wolves,eng Premier League,28.0,1997.0,14,12,1101,12.2,0,0,0,0,0,0,1,1,10,3,10,5,1,13,14,21,0,30.0,0.0,0.0,0.14,-1.72,-0.94,,,,,,,,,,,,,,,DF,,False,Defender,True,True,False,0.0,0.0,0.0,0.0,0.0,0.0,0.0817438692098092,0.0817438692098092,0.8174386920980927,0.2452316076294277,0.8174386920980927,0.4087193460490463,0.0817438692098092,1.0626702997275204,1.1444141689373295,1.7166212534059946,0.0,-0.809444991619996,-0.8042256269931214,-0.8221765122714052,0.7459060136002296,0.6131805986895748,-0.07685053872215698,-0.8110129917714946,1.708390906020416,0.1642926981786904,-0.58727956645091,0.25470779817252776,-1.0643975440149893
Lucien Agoume,fr FRA,MF,Sevilla,es La Liga,23.0,2002.0,34,31,2686,29.8,1,3,4,1,0,0,12,0,15,2,58,16,8,18,49,40,0,13.3,0.07,0.5,1.18,-0.3,0.31,,,,,,,,,,,,,,,MF,,False,Midfielder,True,True,True,0.0335070737155621,0.1005212211466865,0.1340282948622487,0.0335070737155621,0.0,0.0,0.402084884586746,0.0,0.5026061057334327,0.0670141474311243,1.943410275502606,0.5361131794489948,0.2680565897244974,0.6031273268801192,1.6418466120625466,1.340282948622487,0.0,-0.7817390354974932,-0.20789269383373382,-0.7774459871892367,-1.1722363551363522,-1.213476627220457,-0.9365595987623094,-1.073112490004661,0.706605462815251,2.1735938946470186,1.5056681056398515,0.7567591944762153,1.7620901414269121
Marc Aguado,es ESP,MF,Elche,es La Liga,25.0,2000.0,35,30,2500,27.8,1,2,3,1,0,0,3,0,3,2,25,23,0,2,42,26,0,66.7,0.33,0.5,1.03,-0.22,-0.02,,,,,,,,,,,,,,,MF,,False,Midfielder,True,True,True,0.036,0.072,0.1079999999999999,0.036,0.0,0.0,0.1079999999999999,0.0,0.1079999999999999,0.072,0.9,0.828,0.0,0.072,1.512,0.936,0.0,-0.7629602890722671,-0.4770076293072276,-0.7565349013161957,-1.692516539452116,-1.198031929609236,-1.213575708245657,-0.6310751123641887,-0.257430750988191,1.844829138314071,-0.5993364550569357,-0.8633126317738823,-0.6845200418360546
Nayef Aguerd,ma MAR,DF,Marseille,fr Ligue 1,29.0,1996.0,16,16,1396,15.5,1,0,1,1,0,0,4,0,10,2,21,6,0,2,21,16,0,20.0,0.1,0.5,1.94,1.03,0.92,,,,,,,,,,,,,,,DF,,False,Defender,True,True,True,0.0644699140401146,0.0,0.0644699140401146,0.0644699140401146,0.0,0.0,0.2578796561604584,0.0,0.6446991404011462,0.1289398280802292,1.3538681948424067,0.3868194842406877,0.0,0.1289398280802292,1.3538681948424067,1.0315186246418335,0.0,0.3885829149317986,-0.8042256269931214,0.44037402733920483,0.21809830297724683,-0.2583410690970771,-0.7057253100670009,-0.8601192864451984,-0.047813026336873406,0.73310789921636,0.8012536141178274,-0.807986293660309,0.4811445327587422
Ruben Aguilar,fr FRA,MF,Lens,fr Ligue 1,32.0,1993.0,26,20,1720,19.1,2,2,4,2,0,0,6,1,13,3,26,12,5,86,24,24,0,23.1,0.15,0.67,2.08,0.47,-1.01,,,,,,,,,,,,,,,MF,,False,Midfielder,True,True,True,0.1046511627906976,0.1046511627906976,0.2093023255813953,0.1046511627906976,0.0,0.0,0.313953488372093,0.0523255813953488,0.6802325581395349,0.1569767441860465,1.3604651162790695,0.627906976744186,0.2616279069767442,4.5,1.255813953488372,1.255813953488372,0.0,-0.24582394778084468,-0.16892420180033918,-0.18067737622131097,-0.9380394634652657,-0.9347990923343268,1.095903150613974,-0.934098712803518,0.5051842291710079,1.1961796139296705,0.32961852321593926,0.7179057277129499,1.028889685555298
Honest Ahanor,it ITA,DF,Atalanta,it Serie A,17.0,2008.0,22,15,1377,15.3,0,0,0,0,0,0,2,1,13,4,24,28,0,2,24,20,0,30.8,0.0,0.0,1.64,0.13,-0.44,,,,,,,,,,,,,,,DF,,False,Defender,True,True,True,0.0,0.0,0.0,0.0,0.0,0.0,0.130718954248366,0.065359477124183,0.8496732026143791,0.261437908496732,1.5686274509803924,1.830065359477124,0.0,0.130718954248366,1.5686274509803924,1.30718954248366,0.0,-0.809444991619996,-0.8042256269931214,-0.8221765122714052,0.8443989356410495,0.7346349475289948,-0.7045270546858663,2.3760863963193324,0.6588465741724346,1.3163305368666374,1.3571521086195153,-0.807986293660309,-0.6346549235566646
Lucas Ahijado,es ESP,DF,Oviedo,es La Liga,30.0,1995.0,20,11,1098,12.2,0,1,1,0,0,0,3,0,10,2,14,3,2,16,17,29,0,20.0,0.0,0.0,0.5,-1.31,-0.61,,,,,,,,,,,,,,,DF,,False,Defender,True,True,False,0.0,0.081967213114754,0.081967213114754,0.0,0.0,0.0,0.2459016393442623,0.0,0.819672131147541,0.1639344262295081,1.1475409836065575,0.2459016393442623,0.1639344262295081,1.3114754098360657,1.3934426229508197,2.377049180327869,0.0,-0.809444991619996,0.5009692901651537,-0.8221765122714052,0.7527303126094883,0.003917799593469422,0.09072164777069676,-1.1761008792434686,3.401343280748543,0.8405803442226893,0.2671812385502475,1.3232089615454352,0.3760407982693886
Ola Aina,ng NGA,DF,Nottingham Forest,eng Premier League,28.0,1996.0,18,18,1588,17.6,0,0,0,0,0,0,3,0,12,1,13,15,0,39,26,21,0,8.3,0.0,0.0,1.39,0.45,0.99,,,,,,,,,,,,,,,DF,,False,Defender,True,True,True,0.0,0.0,0.0,0.0,0.0,0.0,0.1700251889168765,0.0,0.6801007556675063,0.0566750629722921,0.7367758186397985,0.850125944584383,0.0,2.2103274559193955,1.473551637279597,1.190176322418136,0.0,-0.809444991619996,-0.8042256269931214,-0.8221765122714052,0.32626835044196684,-0.7999125271418435,0.6961055268640454,0.17875775145394568,0.3588928612702431,1.0581327397588995,-0.7960732209085107,-0.807986293660309,-0.2897537503683531
Abdelhamid Ait Boudlal,ma MAR,DF,Rennes,fr Ligue 1,19.0,2006.0,20,17,1403,15.6,2,1,3,2,0,0,3,1,13,4,14,10,1,2,18,11,0,30.8,0.15,0.5,1.85,0.32,0.1,,,,,,,,,,,,,,,DF,,False,Defender,True,True,True,0.1282965074839629,0.0641482537419814,0.1924447612259444,0.1282965074839629,0.0,0.0,0.1924447612259444,0.0641482537419814,0.8339272986457591,0.2565930149679258,0.8980755523877406,0.6414825374198148,0.0641482537419814,0.1282965074839629,1.1546685673556665,0.7056307911617962,0.0,1.5746561595507884,0.2172312646959636,1.6903260583578346,0.7962871428077146,0.6983260209235027,-0.7061585915172299,-0.28908559493823743,-0.8831995372563285,0.19214061216669898,-0.37855324637296656,0.02595967576802521,-0.09302829810893133
Rayan Aït-Nouri,dz ALG,DF,Manchester City,eng Premier League,24.0,2001.0,17,12,974,10.8,0,2,2,0,0,0,2,0,10,2,17,10,0,22,13,21,0,20.0,0.0,0.0,1.94,1.29,0.26,,,,,,,,,,,,,,,DF,,False,Defender,True,True,False,0.0,0.1848049281314168,0.1848049281314168,0.0,0.0,0.0,0.1848049281314168,0.0,0.924024640657084,0.1848049281314168,1.570841889117043,0.924024640657084,0.0,2.0328542094455853,1.2012320328542094,1.9404517453798769,0.0,-0.809444991619996,2.1384930979345738,-0.8221765122714052,1.071580619912726,0.16032691720784786,0.5765759081089196,0.34446158909019436,2.2821618619063795,0.31859321614084046,1.3628841215183694,-0.807986293660309,-0.1600656884742931
Tosin Aiyegun,bj BEN,"FW,MF",Lorient,fr Ligue 1,27.0,1998.0,27,11,1073,11.9,5,0,5,5,0,1,1,0,30,12,11,13,3,6,1,5,0,40.0,0.17,0.42,1.04,-0.25,-0.25,,,,,,,,,,,,,,,FW,MF,True,Forward,True,True,False,0.4193849021435228,0.0,0.4193849021435228,0.4193849021435228,0.0,0.0838769804287045,0.0838769804287045,0.0,2.516309412861137,1.0065237651444547,0.9226467847157503,1.0904007455731597,0.2516309412861137,0.5032618825722274,0.0838769804287045,0.4193849021435228,0.0,0.23475151446890166,-1.1734021059287691,0.5161195332999203,0.026769314344966533,-0.03533070463238682,-0.4430080566930659,-0.5089756744022306,-0.2359125635801903,-0.9030694923286714,-0.7895828926043486,-0.8075069444812565,-0.6146551976030714
Kristoffer Ajer,no NOR,DF,Brentford,eng Premier League,27.0,1998.0,27,20,1810,20.1,0,1,1,0,0,0,4,0,10,3,23,5,0,7,15,23,0,30.0,0.0,0.0,1.37,-0.15,-0.48,,,,,,,,,,,,,,,DF,,False,Defender,True,True,True,0.0,0.0497237569060773,0.0497237569060773,0.0,0.0,0.0,0.1988950276243094,0.0,0.4972375690607734,0.149171270718232,1.143646408839779,0.2486187845303867,0.0,0.3480662983425414,0.7458563535911602,1.143646408839779,0.0,-0.809444991619996,-0.012455450728046017,-0.8221765122714052,-0.2324722444708371,-0.10672123235579899,-0.5581419194995907,-1.170008195492828,0.23961727573357566,-0.9180724790082441,0.2571002376727562,-0.807986293660309,-0.03642902150725976
Ludovic Ajorque,fr FRA,FW,Brest,fr Ligue 1,31.0,1994.0,32,32,2820,31.3,8,9,17,8,0,0,9,1,55,17,65,55,14,9,11,20,0,30.9,0.15,0.47,1.22,-0.26,1.24,,,,,,,,,,,,,,,FW,,False,Forward,True,True,True,0.2553191489361702,0.2872340425531914,0.5425531914893617,0.2553191489361702,0.0,0.0,0.2872340425531914,0.0319148936170212,1.75531914893617,0.5425531914893617,2.074468085106383,1.75531914893617,0.4468085106382979,0.2872340425531914,0.351063829787234,0.6382978723404256,0.0,-0.6099361007625167,1.734340861831842,-0.44620155144648743,-0.9675388448980583,-1.2292495938405816,-0.5925628363481391,0.4936746322298855,0.4315335359536061,0.40984570469957626,1.2216504599966775,-0.20223239689732395,1.4124520273200634
Manuel Akanji,ch SUI,DF,Inter,it Serie A,30.0,1995.0,33,31,2821,31.3,2,0,2,2,0,0,4,0,23,6,26,18,2,3,37,24,0,26.1,0.09,0.33,2.39,1.5,0.45,,,,,,,,,,,,,,,DF,,False,Defender,True,True,True,0.0638071605813541,0.0,0.0638071605813541,0.0638071605813541,0.0,0.0,0.1276143211627082,0.0,0.7337823466855725,0.1914214817440624,0.8294930875576036,0.5742644452321871,0.0638071605813541,0.0957107408720312,1.1804324707550515,0.7656859269762496,0.0,0.37626713709060666,-0.8042256269931214,0.4273949540854976,0.49029307656579674,0.20991313784911958,-0.7281053600435073,-0.43980944293576185,-0.7292531630235407,0.2621077556881025,-0.5560770916026798,0.021525365402401943,-0.661897207194188
Ebenezer Akinsanmiro,ng NGA,MF,Pisa,it Serie A,20.0,2004.0,24,16,1444,16.0,0,1,1,0,0,0,2,0,13,3,30,28,1,9,27,25,0,23.1,0.0,0.0,0.5,-1.18,0.0,,,,,,,,,,,,,,,MF,,False,Midfielder,True,True,True,0.0,0.0623268698060941,0.0623268698060941,0.0,0.0,0.0,0.1246537396121883,0.0,0.8102493074792244,0.1869806094182825,1.8698060941828256,1.745152354570637,0.0623268698060941,0.5609418282548477,1.6828254847645427,1.558171745152355,0.0,-1.0341415412128914,-0.5682794508947867,-1.0585089693537577,-0.7666150041684138,-0.8418559859592022,-0.9585619739261568,0.757872908467555,1.226173975790025,2.2773502336432263,1.3571770077446748,-0.4866234935027815,-0.5459708981701162
Maghnes Akliouche,fr FRA,"MF,FW",Monaco,fr Ligue 1,23.0,2002.0,31,28,2400,26.7,6,6,12,6,0,0,3,0,48,19,29,36,9,53,18,26,0,39.6,0.13,0.32,1.55,0.37,0.92,,,,,,,,,,,,,,,MF,FW,True,Midfielder,True,True,True,0.225,0.225,0.45,0.225,0.0,0.0,0.1125,0.0,1.8,0.7125,1.0875,1.35,0.3374999999999999,1.9875,0.6749999999999999,0.975,0.0,0.6607412846660102,0.9666397136897978,0.8288289558810041,0.538351303370743,0.7860477605404396,-0.21452269240427876,0.159448799242179,-0.16443298181083688,-0.27441060679476653,-0.22106880291930667,1.1764590519641305,-0.647082735800572
Clément Akpa,ci CIV,DF,Auxerre,fr Ligue 1,23.0,2001.0,26,21,1944,21.6,0,0,0,0,0,0,4,1,6,0,12,30,1,30,23,19,2,0.0,0.0,,1.0,-0.6,-0.84,,,,,,,,,,,,,,,DF,,False,Defender,True,True,True,0.0,0.0,0.0,0.0,0.0,0.0,0.1851851851851852,0.0462962962962963,0.2777777777777778,0.0,0.5555555555555556,1.3888888888888888,0.0462962962962963,1.3888888888888888,1.0648148148148149,0.8796296296296297,0.0925925925925926,-0.809444991619996,-0.8042256269931214,-0.8221765122714052,-0.9030341908980898,-1.2246505919904345,0.1428602310306664,1.3868316714542783,-0.4371679041650451,-0.05187561093839526,-1.265156943926268,-0.20612096695868642,-0.1567290395924066
Jean-Daniel Akpa-Akpro,ci CIV,MF,Hellas Verona,it Serie A,32.0,1992.0,22,17,1504,16.7,1,0,1,1,0,0,9,0,13,4,39,15,0,17,22,32,0,30.8,0.08,0.25,0.5,-0.54,0.73,,,,,,,,,,,,,,,MF,,False,Midfielder,True,True,True,0.0598404255319148,0.0,0.0598404255319148,0.0598404255319148,0.0,0.0,0.538563829787234,0.0,0.7779255319148937,0.2393617021276595,2.333776595744681,0.8976063829787234,0.0,1.0172872340425532,1.3164893617021276,1.9148936170212765,0.0,-0.5833748322025459,-1.1563710848352395,-0.5565573934934495,-0.8092332497151565,-0.6795948428014782,-0.7205493120010382,-0.5256622576800674,2.076798034779249,1.3498065394222558,2.2932038466082547,-0.8633126317738823,2.8975132611758934
Omar Alderete,py PAR,DF,Sunderland,eng Premier League,28.0,1996.0,33,32,2798,31.1,1,1,2,1,0,0,6,0,24,9,34,10,5,11,36,18,0,37.5,0.04,0.11,1.39,-0.32,-0.9,,,,,,,,,,,,,,,DF,,False,Defender,True,True,True,0.0321658327376697,0.0321658327376697,0.0643316654753395,0.0321658327376697,0.0,0.0,0.1929949964260185,0.0,0.7719799857040743,0.2894924946390279,1.093638313080772,0.3216583273766976,0.1608291636883488,0.3538241601143674,1.1579699785561115,0.5789849892780558,0.0,-0.21171555718600654,-0.2920369139696099,-0.19225494211543356,0.6070064071464442,0.9448835119466894,-0.5542639545887913,-1.0062308463373821,-1.207845577056201,0.2011062687950428,0.1276556416853928,1.2828396447027255,-0.0882001387180472
Alexandre Alemão,br BRA,FW,Rayo Vallecano,es La Liga,27.0,1998.0,26,11,1136,12.6,4,0,4,4,0,0,3,0,26,12,23,27,4,5,1,2,0,46.2,0.15,0.33,1.42,0.16,0.36,,,,,,,,,,,,,,,FW,,False,Forward,True,True,False,0.3169014084507042,0.0,0.3169014084507042,0.3169014084507042,0.0,0.0,0.2376760563380281,0.0,2.0598591549295775,0.9507042253521126,1.8221830985915497,2.1390845070422535,0.3169014084507042,0.3961267605633803,0.079225352112676,0.1584507042253521,0.0,-0.29288168256134595,-1.1734021059287691,-0.08499328208716739,-0.569627561232777,-0.17896913070750167,-0.5171770599286704,1.0723658701828493,-1.0314776343880725,-0.9259268804138375,0.7811272824282043,-0.6050935595069173,0.9184472907257595
Carles Aleñá,es ESP,MF,Alavés,es La Liga,27.0,1998.0,34,23,1989,22.1,0,4,4,0,0,0,5,0,29,5,38,36,1,121,12,24,0,17.2,0.0,0.0,1.06,-0.54,-0.54,,,,,,,,,,,,,,,MF,,False,Midfielder,True,True,True,0.0,0.1809954751131221,0.1809954751131221,0.0,0.0,0.0,0.2262443438914027,0.0,1.3122171945701355,0.2262443438914027,1.7194570135746607,1.6289592760180998,0.0452488687782805,5.475113122171946,0.5429864253393666,1.0859728506787332,0.0,-1.0341415412128914,0.5514304624951066,-1.0585089693537577,-0.104780478494153,-0.7202285415758337,1.6044856123693303,0.5819085273201646,0.10018823748080001,-0.6086619978517642,1.053858641223599,-0.5898389687957678,0.29920211132554436
Trent Alexander-Arnold,eng ENG,DF,Real Madrid,es La Liga,26.0,1998.0,21,14,1163,12.9,0,4,4,0,0,0,4,0,10,2,10,5,0,126,13,10,0,20.0,0.0,0.0,2.05,0.85,-0.38,,,,,,,,,,,,,,,DF,,False,Defender,True,True,False,0.0,0.3095442820292347,0.3095442820292347,0.0,0.0,0.0,0.3095442820292347,0.0,0.7738607050730868,0.1547721410146173,0.7738607050730868,0.3869303525365434,0.0,9.750644883920897,1.0060189165950129,0.7738607050730868,0.0,-0.809444991619996,4.1247649801944535,-0.8221765122714052,0.6127529670670365,-0.06474681386564794,5.774568255017576,-0.8598706852780356,-0.7082977954084562,-0.21154788518364456,-0.7000800008361457,-0.807986293660309,0.9344871188587447
Mohamed Ali Cho,fr FRA,"FW,MF",Nice,fr Ligue 1,21.0,2004.0,24,20,1667,18.5,4,3,7,4,0,0,1,0,32,14,14,32,5,39,4,9,0,43.8,0.13,0.29,0.67,-0.76,-0.17,,,,,,,,,,,,,,,FW,MF,True,Forward,True,True,True,0.2159568086382723,0.1619676064787042,0.3779244151169766,0.2159568086382723,0.0,0.0,0.053989202159568,0.0,1.7276544691061786,0.7558488302339532,0.7558488302339532,1.7276544691061786,0.2699460107978405,2.1055788842231555,0.2159568086382723,0.4859028194361128,0.0,-0.8125919305513071,0.46623700006701635,-0.6770797772378087,-1.003685453050352,-0.6803835524519248,0.6662664057945746,0.4519582357906722,-0.03310537309660423,-0.25404947471347433,-1.0808343298591085,-0.7507092015363414,-0.9125830425144971
Thiago Almada,ar ARG,"MF,FW",Atlético Madrid,es La Liga,24.0,2001.0,27,16,1311,14.6,3,1,4,3,0,0,2,1,21,10,13,16,2,40,9,18,0,47.6,0.14,0.3,1.78,0.07,-0.66,,,,,,,,,,,,,,,MF,FW,True,Midfielder,True,True,False,0.205949656750572,0.068649885583524,0.2745995423340961,0.205949656750572,0.0,0.0,0.137299771167048,0.068649885583524,1.4416475972540046,0.6864988558352403,0.8924485125858123,1.0983981693363845,0.137299771167048,2.745995423340961,0.6178489702517163,1.2356979405034323,0.0,0.517238619774661,-0.5086179807848851,0.6690314656437353,0.06587089457384755,0.7055039009651802,0.18108009547913037,-0.22158044087951514,0.45721642577762084,-0.4191139923580404,-0.6145710332665978,-0.033504675002760984,-0.44076348629152917
Domingos André Ribeiro Almeida,pt POR,MF,Valencia,es La Liga,25.0,2000.0,22,11,1017,11.3,0,2,2,0,0,0,0,0,9,3,12,22,0,65,8,11,0,33.3,0.0,0.0,1.23,0.0,0.34,,,,,,,,,,,,,,,MF,,False,Midfielder,True,True,False,0.0,0.1769911504424778,0.1769911504424778,0.0,0.0,0.0,0.0,0.0,0.7964601769911505,0.2654867256637168,1.0619469026548671,1.9469026548672568,0.0,5.752212389380531,0.7079646017699115,0.9734513274336284,0.0,-1.0341415412128914,0.5136472424214261,-1.0585089693537577,-0.7847956943494613,-0.598667241548436,1.7490102057351211,1.0634063118358368,-0.1681258816533683,-0.19094597805822924,-0.2726203236531075,-0.8633126317738823,-1.5830153866876162
Marcos Alonso,es ESP,DF,Celta Vigo,es La Liga,34.0,1990.0,32,31,2768,30.8,1,0,1,0,1,1,5,0,24,3,23,20,0,19,30,24,0,12.5,0.0,0.0,1.41,0.1,-0.18,,,,,,,,,,,,,,,DF,,False,Defender,True,True,True,0.032514450867052,0.0,0.032514450867052,0.0,0.032514450867052,0.032514450867052,0.1625722543352601,0.0,0.7803468208092484,0.097543352601156,0.7478323699421965,0.6502890173410405,0.0,0.6177745664739884,0.9754335260115606,0.7803468208092484,0.0,-0.2052372757434409,-0.8042256269931214,-0.8221765122714052,0.632571369186924,-0.49363464511952065,-0.3764912926846104,-0.26933873069616665,-0.6916711741063027,-0.294608762234661,-0.7674536385262983,-0.807986293660309,-0.3551511587584925
Sergi Altimira,es ESP,MF,Real Betis,es La Liga,23.0,2001.0,24,13,1186,13.2,1,2,3,1,0,0,3,0,7,3,14,22,0,3,20,36,0,42.9,0.14,0.33,1.5,-0.38,-1.02,,,,,,,,,,,,,,,MF,,False,Midfielder,True,True,False,0.0758853288364249,0.1517706576728499,0.2276559865092748,0.0758853288364249,0.0,0.0,0.2276559865092748,0.0,0.5311973018549747,0.2276559865092748,1.0623946037099494,1.669477234401349,0.0,0.2276559865092748,1.5177065767284992,2.7318718381112985,0.0,-0.46251158307498225,0.27567667133679213,-0.42197004010088734,-1.1345394402336395,-0.7158556899788474,-1.1323913789552078,0.6432694755029813,4.024930138057593,1.8592778888655028,-0.27171711924262476,-0.8633126317738823,0.3109461328139903
Carlos Álvarez,es ESP,MF,Levante,es La Liga,21.0,2003.0,30,23,1890,21.0,3,1,4,3,0,0,3,0,30,11,22,49,2,54,13,13,0,36.7,0.1,0.27,0.93,-0.71,-0.77,,,,,,,,,,,,,,,MF,,False,Midfielder,True,True,True,0.1428571428571428,0.0476190476190476,0.1904761904761905,0.1428571428571428,0.0,0.0,0.1428571428571428,0.0,1.4285714285714284,0.5238095238095238,1.0476190476190477,2.3333333333333335,0.0952380952380952,2.571428571428571,0.6190476190476191,0.6190476190476191,0.0,0.04197453871022029,-0.707056630120946,0.13980082444609054,0.04863023014046302,0.20154043574076,0.09003256748695679,1.6486221959463836,-1.0132221449374834,-0.41607907698324464,-0.3015257321041354,-0.2877156839818505,-0.39452948079930666
Hugo Álvarez,es ESP,"FW,MF",Celta Vigo,es La Liga,22.0,2003.0,28,15,1340,14.9,4,2,6,4,0,0,2,0,14,8,16,17,2,23,10,9,0,57.1,0.29,0.5,1.43,0.13,0.0,,,,,,,,,,,,,,,FW,MF,True,Forward,True,True,False,0.2686567164179104,0.1343283582089552,0.4029850746268656,0.2686567164179104,0.0,0.0,0.1343283582089552,0.0,0.9402985074626866,0.5373134328358209,1.0746268656716418,1.1417910447761193,0.1343283582089552,1.5447761194029852,0.6716417910447761,0.6044776119402985,0.0,-0.5412680341557049,0.18643788894435265,-0.36797058516624703,-2.032442973354124,-1.2427328774507291,0.2780260108748926,-0.4314827083583461,0.32841858178264716,1.9851166365506372,-0.5242054354885374,-1.171279626650173,-0.11174494045612786
Julián Álvarez,ar ARG,FW,Atlético Madrid,es La Liga,25.0,2000.0,29,22,1895,21.1,8,4,12,6,2,3,2,0,54,26,14,18,2,86,3,13,0,48.1,0.11,0.23,1.97,0.71,0.54,,,,,,,,,,,,,,,FW,,False,Forward,True,True,True,0.3799472295514511,0.1899736147757255,0.5699208443271767,0.2849604221635883,0.0949868073878627,0.1424802110817941,0.0949868073878627,0.0,2.5646437994722957,1.2348284960422162,0.6649076517150395,0.8548812664907651,0.0949868073878627,4.084432717678101,0.1424802110817941,0.6174142480211081,0.0,0.031707838620396694,0.7497489158442996,-0.2723418540517277,0.08992291467042425,0.5521576969856434,2.0362150615135453,-0.8641225265955774,0.367861230089224,-0.6151022053753071,-1.2396297361430977,-1.2932836020737994,-0.5039100370402724
Aurele Amenda,ch SUI,DF,Eintracht Frankfurt,de Bundesliga,22.0,2003.0,24,18,1678,18.6,0,0,0,0,0,0,5,0,10,2,22,13,0,6,29,12,1,20.0,0.0,0.0,1.17,-0.32,-0.45,,,,,,,,,,,,,,,DF,,False,Defender,True,True,True,0.0,0.0,0.0,0.0,0.0,0.0,0.268176400476758,0.0,0.5363528009535161,0.1072705601907032,1.1799761620977354,0.6972586412395709,0.0,0.3218116805721096,1.555423122765197,0.6436233611442193,0.0536352800953516,-0.809444991619996,-0.8042256269931214,-0.8221765122714052,-0.1129551981836285,-0.42073635244387486,-0.5758246097924308,-0.1640182399981868,-1.0421504562283892,1.2804714858131254,0.3511388160553323,-0.807986293660309,0.5714955731130839
Kelvin Amian,fr FRA,DF,Nantes,fr Ligue 1,27.0,1998.0,23,22,1961,21.8,0,1,1,0,0,0,3,0,10,2,23,18,2,29,8,18,0,20.0,0.0,0.0,0.65,-0.87,-0.54,,,,,,,,,,,,,,,DF,,False,Defender,True,True,True,0.0,0.0458949515553289,0.0458949515553289,0.0,0.0,0.0,0.1376848546659867,0.0,0.4589495155532891,0.0917899031106578,1.055583885772565,0.8261091279959204,0.0917899031106578,1.3309535951045386,0.3671596124426313,0.8261091279959204,0.0,-0.809444991619996,-0.07342296557558575,-0.8221765122714052,-0.3494618375748509,-0.5367525328577845,0.10384035780413185,0.12490458640487657,-0.5743632840753606,-1.9465008513821036,0.029152791423310242,0.3853091628495878,-0.5735311032108025
Mohamed Amine Sbai,fr FRA,"MF,FW",Angers,fr Ligue 1,24.0,2000.0,25,23,1818,20.2,3,1,4,3,0,1,3,1,34,16,15,24,5,59,4,10,0,47.1,0.09,0.19,1.2,-0.45,0.28,,,,,,,,,,,,,,,MF,FW,True,Midfielder,True,True,True,0.1485148514851485,0.0495049504950495,0.198019801980198,0.1485148514851485,0.0,0.0495049504950495,0.1485148514851485,0.0495049504950495,1.683168316831683,0.792079207920792,0.7425742574257425,1.188118811881188,0.2475247524752475,2.920792079207921,0.198019801980198,0.4950495049504951,0.0,0.08459299732103703,-0.6892619982510728,0.1872586380619266,0.38431108764789024,1.032560625792339,0.272247480602009,-0.08570627747653654,-1.3089028627126524,-1.4820992486985274,-0.9169314738814008,0.6326695345172898,-0.3474607320512543
Michael Amir Murillo,pa PAN,"DF,MF",Marseille,fr Ligue 1,29.0,1996.0,16,11,989,11.0,2,1,3,2,0,0,4,0,9,2,22,16,2,28,6,13,0,22.2,0.22,1.0,2.0,1.18,0.97,,,,,,,,,,,,,,,DF,MF,True,Defender,True,True,False,0.1820020222446916,0.0910010111223458,0.2730030333670374,0.1820020222446916,0.0,0.0,0.3640040444893832,0.0,0.8190091001011123,0.1820020222446916,2.0020222446916076,1.456016177957533,0.1820020222446916,2.5480283114256825,0.5460060667340748,1.1830131445904954,0.0,2.5726519902734433,0.6448178705193032,2.742071320481703,0.750704413530501,0.13932119158805623,0.9235496927535956,1.5373519106456324,0.3405306472881281,-1.4608067645147294,2.478982746709162,1.5580929684386886,1.4123562437563746
Nadiem Amiri,de GER,MF,Mainz 05,de Bundesliga,28.0,1996.0,26,24,2083,23.1,12,2,14,4,8,8,6,0,54,22,20,26,3,136,19,18,0,40.7,0.07,0.18,1.08,-0.04,0.69,,,,,,,,,,,,,,,MF,,False,Midfielder,True,True,True,0.5184829572731637,0.0864138262121939,0.6048967834853577,0.1728276524243878,0.3456553048487757,0.3456553048487757,0.2592414786365818,0.0,2.3331733077292367,0.9505520883341336,0.8641382621219396,1.123379740758521,0.1296207393182909,5.8761401824291895,0.8209313490158426,0.7777244359097455,0.0,2.8714933912012843,-0.3410044795447792,0.39119851042330284,1.2413295461985505,1.5234627701602226,1.8136462983437502,-0.18374800877472336,-0.6348480426723204,0.09507985305197571,-0.6716849104633837,-0.07991496159125606,0.5737185183809443
Samuel Amo-Ameyaw,eng ENG,"MF,DF",Strasbourg,fr Ligue 1,19.0,2006.0,25,9,1047,11.6,2,2,4,2,0,0,2,0,17,5,15,26,2,50,3,12,0,29.4,0.12,0.4,1.4,-0.43,-1.15,,,,,,,,,,,,,,,MF,DF,True,Midfielder,True,True,False,0.1719197707736389,0.1719197707736389,0.3438395415472779,0.1719197707736389,0.0,0.0,0.1719197707736389,0.0,1.4613180515759312,0.4297994269340974,1.2893982808022924,2.2349570200573066,0.1719197707736389,4.2979942693409745,0.2578796561604584,1.0315186246418335,0.0,0.26089786729056685,0.46579571441980266,0.3835830461073778,0.09180599150085818,-0.08967505821636268,0.9905445317509405,1.4996397668651993,-0.029661032870765932,-1.3305372628977779,0.186246336545797,0.17573056911144727,-0.15274581513148427
Mohamed Amoura,dz ALG,"FW,MF",Wolfsburg,de Bundesliga,25.0,2000.0,30,23,1919,21.3,8,3,11,7,1,1,2,0,60,19,21,11,12,34,7,22,0,31.7,0.12,0.37,0.97,0.0,1.89,,,,,,,,,,,,,,,FW,MF,True,Forward,True,True,True,0.3751954142782699,0.1406982803543512,0.5158936946326211,0.3282959874934861,0.0468994267847837,0.0468994267847837,0.0937988535695674,0.0,2.8139656070870247,0.8910891089108911,0.9848879624804586,0.5158936946326211,0.5627931214174049,1.5945805106826472,0.3282959874934861,1.0317873892652425,0.0,0.0072432600434717605,0.25092222429268723,-0.018158836443777877,0.41568622511008024,-0.33237457847288304,0.31250529263333887,-1.375292004156999,1.6312479386346337,0.29796801976571696,-0.6809015089703628,0.15745305798887227,-0.5157518179097624
Ethan Ampadu,wls WAL,MF,Leeds United,eng Premier League,24.0,2000.0,35,35,3119,34.7,1,1,2,1,0,0,10,0,26,6,50,36,0,25,50,46,0,23.1,0.04,0.17,1.29,-0.12,0.78,,,,,,,,,,,,,,,MF,,False,Midfielder,True,True,True,0.0288554023725553,0.0288554023725553,0.0577108047451106,0.0288554023725553,0.0,0.0,0.288554023725553,0.0,0.750240461686438,0.1731324142353318,1.4427701186277653,1.038794485411991,0.0,0.7213850593138826,1.4427701186277653,1.327348509137544,0.0,-0.8167792038125834,-0.8841029478009288,-0.8164649904842788,-0.8457354559202123,-0.8847536015840592,-0.8748807972825317,-0.31184507184131793,0.6757625392855285,1.669542739086819,0.49566289653659634,-0.8633126317738823,0.8175813453086493
Sofyan Amrabat,ma MAR,MF,Real Betis,es La Liga,28.0,1996.0,17,14,1295,14.4,0,0,0,0,0,0,4,0,8,1,22,19,0,6,11,13,0,12.5,0.0,0.0,1.53,0.42,0.21,,,,,,,,,,,,,,,MF,,False,Midfielder,True,True,False,0.0,0.0,0.0,0.0,0.0,0.0,0.277992277992278,0.0,0.555984555984556,0.0694980694980695,1.528957528957529,1.3204633204633205,0.0,0.416988416988417,0.7644787644787645,0.9034749034749034,0.0,-1.0341415412128914,-1.1563710848352395,-1.0585089693537577,-1.101857946055412,-1.2057821708193006,-1.0336426785288098,0.11471804935099181,-0.3349887360936296,-0.0478551061655781,0.6695397463993279,-0.8633126317738823,0.7297139436896359
Joachim Andersen,dk DEN,DF,Fulham,eng Premier League,29.0,1996.0,33,33,2875,31.9,0,1,1,0,0,0,7,1,16,4,30,13,0,15,34,26,0,25.0,0.0,0.0,1.36,-0.09,0.07,,,,,,,,,,,,,,,DF,,False,Defender,True,True,True,0.0,0.0313043478260869,0.0313043478260869,0.0,0.0,0.0,0.2191304347826086,0.0313043478260869,0.5008695652173913,0.1252173913043478,0.9391304347826088,0.4069565217391304,0.0,0.4695652173913044,1.0643478260869563,0.8139130434782608,0.0,-0.809444991619996,-0.3057546638488483,-0.8221765122714052,-0.22137463794364656,-0.28623800488843304,-0.4763114477997243,-0.8149657916009282,-0.6056269381470324,-0.05314381423967517,-0.27228379971131744,-0.807986293660309,0.14113099480312521
Elliot Anderson,eng ENG,MF,Nottingham Forest,eng Premier League,22.0,2002.0,38,37,3331,37.0,4,4,8,3,1,1,8,0,44,10,57,80,2,175,41,60,0,22.7,0.07,0.3,1.16,-0.11,-1.12,,,,,,,,,,,,,,,MF,,False,Midfielder,True,True,True,0.1080756529570699,0.1080756529570699,0.2161513059141399,0.0810567397178024,0.0270189132392674,0.0270189132392674,0.2161513059141399,0.0,1.1888321825277697,0.2701891323926749,1.5400780546382469,2.161513059141399,0.0540378264785349,4.72830981687181,1.1077754428099669,1.6211347943560497,0.0,-0.22002790524584198,-0.13661207023300045,-0.378591373952463,-0.2674611260423948,-0.5841005753724033,1.2149809950890322,1.3884152318707388,1.3763130300604764,0.8213539321657574,0.6919746004781618,-0.5367205479171009,0.21523407764053834
Tomoya Ando,jp JPN,DF,St Pauli,de Bundesliga,26.0,1999.0,15,14,1260,14.0,0,1,1,0,0,0,3,0,8,2,12,12,0,6,14,23,0,25.0,0.0,0.0,0.6,-1.21,-0.51,,,,,,,,,,,,,,,DF,,False,Defender,True,True,False,0.0,0.0714285714285714,0.0714285714285714,0.0,0.0,0.0,0.2142857142857143,0.0,0.5714285714285714,0.1428571428571428,0.8571428571428572,0.8571428571428572,0.0,0.4285714285714286,1.0,1.642857142857143,0.0,-0.809444991619996,0.3331585151019478,-0.8221765122714052,-0.00578077327105424,-0.15404099361017523,-0.503921085006034,0.1944918496327997,1.5193027087580389,-0.22789348292628606,-0.484506414919551,-0.807986293660309,0.09861993269706816
André,br BRA,MF,Wolves,eng Premier League,24.0,2001.0,35,30,2762,30.7,1,0,1,1,0,0,12,0,15,1,47,43,0,40,25,42,0,6.7,0.07,1.0,0.51,-1.11,-0.15,,,,,,,,,,,,,,,MF,,False,Midfielder,True,True,True,0.0325850832729905,0.0,0.0325850832729905,0.0325850832729905,0.0,0.0,0.391020999275887,0.0,0.4887762490948588,0.0325850832729905,1.5314989138305577,1.4011585807385951,0.0,1.3034033309196231,0.8146270818247647,1.3685734974656047,0.0,-0.7886842166830004,-1.1563710848352395,-0.7851797984291006,-1.1904707419246765,-1.3201276919308604,-0.5713218781896048,0.2369240508852907,0.7740659225899417,0.07911778185111795,0.6746668060745208,-0.8633126317738823,1.6700452391326677
Benjamin André,fr FRA,MF,Lille,fr Ligue 1,34.0,1990.0,27,26,2332,25.9,2,2,4,2,0,0,9,0,27,6,35,44,3,22,31,40,0,22.2,0.07,0.33,1.93,0.69,1.07,,,,,,,,,,,,,,,MF,,False,Midfielder,True,True,True,0.0771869639794168,0.0771869639794168,0.1543739279588336,0.0771869639794168,0.0,0.0,0.3473413379073756,0.0,1.042024013722127,0.2315608919382504,1.350771869639794,1.6981132075471697,0.1157804459691252,0.8490566037735848,1.1963979416809605,1.5437392795883362,0.0,-0.45270660952201613,-0.4280654935745064,-0.4110517051222786,-0.4610247329290485,-0.7037594471161062,-0.8082921042365425,0.6866361833648376,1.191758921913545,1.0457414135495957,0.31006310109418056,-0.1635624829786805,1.3066566057595181
Robert Andrich,de GER,"DF,MF",Leverkusen,de Bundesliga,30.0,1994.0,32,29,2546,28.3,2,0,2,2,0,0,6,1,12,3,30,22,0,13,33,30,0,25.0,0.17,0.67,1.81,0.53,-0.52,,,,,,,,,,,,,,,DF,MF,True,Defender,True,True,True,0.0706991358994501,0.0,0.0706991358994501,0.0706991358994501,0.0,0.0,0.2120974076983503,0.035349567949725,0.4241948153967007,0.1060487038491751,1.0604870384917515,0.7776904948939513,0.0,0.4595443833464258,1.1665357423409268,1.0604870384917515,0.0,0.5043389498932053,-0.8042256269931214,0.562364377985006,-0.45565522839260314,-0.42989327033344726,-0.48306055785879726,0.01633496685158072,0.02644510694331915,0.22436835042964942,0.04184446890405347,-0.807986293660309,0.0794181568047005
Samuele Angori,it ITA,MF,Pisa,it Serie A,21.0,2003.0,35,30,2599,28.9,0,2,2,0,0,0,2,0,14,3,17,54,3,165,23,25,0,21.4,0.0,0.0,0.37,-1.14,0.17,,,,,,,,,,,,,,,MF,,False,Midfielder,True,True,True,0.0,0.0692574066948826,0.0692574066948826,0.0,0.0,0.0,0.0692574066948826,0.0,0.4848018468641785,0.1038861100423239,0.5886879569065024,1.8699499807618312,0.1038861100423239,5.7137360523278184,0.7964601769911505,0.8657175836860331,0.0,-1.0341415412128914,-0.5028856524304574,-1.0585089693537577,-1.1957109110327546,-1.0992581851395211,1.728942390245149,0.9468681337852791,-0.42502326200339663,0.03312013935529332,-1.2273859250470465,-0.2354490892612199,-1.0068352245409176
Ilyas Ansah,de GER,"MF,FW",Union Berlin,de Bundesliga,20.0,2004.0,33,23,1892,21.0,5,1,6,5,0,0,1,0,33,12,21,43,9,19,4,9,0,36.4,0.15,0.42,1.18,-0.14,0.7,,,,,,,,,,,,,,,MF,FW,True,Midfielder,True,True,True,0.2378435517970401,0.047568710359408,0.2854122621564482,0.2378435517970401,0.0,0.0,0.047568710359408,0.0,1.569767441860465,0.5708245243128964,0.9989429175475688,2.0454545454545454,0.4281183932346723,0.9038054968287526,0.1902748414376321,0.4281183932346723,0.0,0.7574893529508517,-0.7075315925466483,0.9365628332199856,0.23479432327361954,0.34717901127724454,-0.7797371333564892,1.2126546375892202,-1.4685039929211599,-1.5017090792912458,-0.39972629443631763,1.7241355928409339,-1.1872721939235387
Jaidon Anthony,eng ENG,MF,Burnley,eng Premier League,25.0,1999.0,37,32,2722,30.2,8,2,10,8,0,0,4,0,55,23,27,47,9,80,16,21,0,41.8,0.15,0.35,0.59,-0.96,0.07,,,,,,,,,,,,,,,MF,,False,Midfielder,True,True,True,0.2645113886847905,0.0661278471711976,0.3306392358559882,0.2645113886847905,0.0,0.0,0.1322556943423952,0.0,1.818515797207935,0.7604702424687729,0.8927259368111683,1.5540044085231446,0.2975753122703894,2.645113886847906,0.5290227773695811,0.6943423952975754,0.0,0.9583731695925765,-0.5324149353789468,1.160257144074323,0.5627640082025466,0.934645393348945,0.12846406662186136,0.46839585481815516,-0.8336773700155867,-0.6440172162081294,-0.614011350011283,0.9351635037776357,-0.48272718579175317
Waldemar Anton,de GER,DF,Dortmund,de Bundesliga,29.0,1996.0,32,32,2880,32.0,2,0,2,2,0,0,3,0,16,6,26,16,0,12,33,42,0,37.5,0.13,0.33,2.16,1.06,0.06,,,,,,,,,,,,,,,DF,,False,Defender,True,True,True,0.0625,0.0,0.0625,0.0625,0.0,0.0,0.09375,0.0,0.5,0.1875,0.8124999999999999,0.5,0.0,0.375,1.03125,1.3125,0.0,0.3519765066760496,-0.8042256269931214,0.40179609418443657,-0.22403160458573848,0.18052450588365643,-0.5400018609006434,-0.6063334038293878,0.672459492852423,-0.1430277232178388,-0.6000632366475194,-0.807986293660309,-0.9590471172974043
Antony,br BRA,"MF,FW",Real Betis,es La Liga,25.0,2000.0,32,30,2447,27.2,8,6,14,8,0,0,6,1,90,34,20,44,2,66,22,23,0,37.8,0.09,0.24,1.53,0.33,0.15,,,,,,,,,,,,,,,MF,FW,True,Midfielder,True,True,True,0.2942378422558234,0.2206783816918676,0.5149162239476911,0.2942378422558234,0.0,0.0,0.2206783816918676,0.0367797302819779,3.3101757253780137,1.2505108295872498,0.7355946056395587,1.618308132407029,0.0735594605639558,2.4274621986105434,0.8091540662035145,0.8459337964854924,0.0,1.1822969724007104,0.9258626366441596,1.4096076472180592,2.5294875106742274,2.4526462930379265,0.014945102624730247,0.5657782903268603,-0.47219885368364756,0.06526039567411072,-0.9310124151821898,-0.4187363214645486,0.2528966379375625
Youssef El-Arabi,ma MAR,FW,Nantes,fr Ligue 1,38.0,1987.0,25,11,941,10.5,3,0,3,3,0,1,0,0,15,9,22,23,10,2,4,9,0,60.0,0.2,0.33,0.56,-0.19,0.7,,,,,,,,,,,,,,,FW,,False,Forward,True,True,False,0.2869287991498406,0.0,0.2869287991498406,0.2869287991498406,0.0,0.0956429330499468,0.0,0.0,1.434643995749203,0.8607863974495219,2.104144527098831,2.199787460148778,0.9564293304994688,0.1912858660998937,0.3825717321997874,0.8607863974495219,0.0,-0.44719476361374744,-1.1734021059287691,-0.26079641791060815,-1.3865322754260294,-0.4103514624871893,-0.658987184184578,1.1639016650080427,1.109881183155711,0.5646707045198894,1.2734694790593564,1.3781772383114619,-1.4507590990632495
Mauro Arambarri,uy URU,MF,Getafe,es La Liga,29.0,1995.0,37,37,3249,36.1,6,2,8,4,2,3,6,0,58,19,60,67,4,19,21,43,0,32.8,0.07,0.21,1.38,-0.14,0.39,,,,,,,,,,,,,,,MF,,False,Midfielder,True,True,True,0.1662049861495844,0.0554016620498614,0.2216066481994459,0.1108033240997229,0.0554016620498614,0.0831024930747922,0.1662049861495844,0.0,1.6066481994459834,0.5263157894736842,1.662049861495845,1.85595567867036,0.1108033240997229,0.5263157894736842,0.5817174515235457,1.191135734072022,0.0,0.21784946589987,-0.6336229657770595,-0.1290720101738203,0.28342085762141983,0.20930410600208713,-0.9766216181292172,0.9256749720428442,0.3509552517329563,-0.5105970873877697,0.9380438751822047,-0.19364305262525836,-0.20028940199761627
Jon Aramburu,ve VEN,DF,Real Sociedad,es La Liga,23.0,2002.0,35,31,2773,30.8,1,0,1,1,0,0,11,0,21,5,69,45,3,48,47,66,0,23.8,0.05,0.2,1.26,-0.13,-0.41,,,,,,,,,,,,,,,DF,,False,Defender,True,True,True,0.0324558240173097,0.0,0.0324558240173097,0.0324558240173097,0.0,0.0,0.3570140641904075,0.0,0.6815723043635052,0.1622791200865488,2.2394518571943745,1.4605120807789398,0.0973674720519293,1.557879552830869,1.5254237288135593,2.142084385142445,0.0,-0.20632672348213008,-0.8042256269931214,-0.18657587999718656,0.3307646846090722,-0.008487506920900858,0.25667676414480717,1.547433121691817,2.799030459362164,1.199002002341166,3.093562842179431,0.45781918247523457,1.3510211292125403
Ronald Araújo,uy URU,DF,Barcelona,es La Liga,26.0,1999.0,24,11,1071,11.9,3,0,3,3,0,0,2,0,12,5,17,3,0,6,10,15,0,41.7,0.25,0.6,2.5,1.34,-0.3,,,,,,,,,,,,,,,DF,,False,Defender,True,True,False,0.2521008403361344,0.0,0.2521008403361344,0.2521008403361344,0.0,0.0,0.1680672268907563,0.0,1.0084033613445378,0.4201680672268907,1.4285714285714284,0.2521008403361344,0.0,0.5042016806722689,0.8403361344537815,1.2605042016806722,0.0,3.87528037965817,-0.8042256269931214,4.114855849903417,1.3294007830070147,1.9242011679515056,-0.4529835190371739,-1.1622003444678475,0.5391725637989159,-0.6614933308484368,0.9946209031984384,-0.807986293660309,-0.306934317409745
Carlens Arcus,ht HAI,DF,Angers,fr Ligue 1,29.0,1996.0,26,24,2040,22.7,0,3,3,0,0,0,7,0,9,1,33,16,0,38,29,29,0,11.1,0.0,0.0,1.15,-0.35,0.62,,,,,,,,,,,,,,,DF,,False,Defender,True,True,True,0.0,0.1323529411764706,0.1323529411764706,0.0,0.0,0.0,0.3088235294117647,0.0,0.3970588235294117,0.0441176470588235,1.4558823529411766,0.7058823529411764,0.0,1.6764705882352942,1.2794117647058822,1.2794117647058822,0.0,-0.809444991619996,1.3032802833595079,-0.8221765122714052,-0.5385695673627838,-0.894021157196531,0.33654875348015967,-0.14468119889236228,0.587640538000191,0.5309062509374775,1.0653144882555492,-0.807986293660309,0.9281627170064581
Jesús Areso,es ESP,DF,Athletic Club,es La Liga,26.0,1999.0,26,14,1506,16.7,0,1,1,0,0,0,3,0,3,0,19,7,1,86,20,16,0,0.0,0.0,,1.12,-0.3,0.17,,,,,,,,,,,,,,,DF,,False,Defender,True,True,True,0.0,0.0597609561752988,0.0597609561752988,0.0,0.0,0.0,0.1792828685258964,0.0,0.1792828685258964,0.0,1.1354581673306772,0.4183266932270916,0.0597609561752988,5.139442231075697,1.195219123505976,0.9561752988047808,0.0,-0.809444991619996,0.1473706671900046,-0.8221765122714052,-1.203986532440915,-1.2246505919904345,2.668887223941444,-0.789470334302414,-0.24094941139292556,0.3022639323041729,0.23590519719170067,-0.031076469551441714,-0.20852021108176078
Jhon Arias,co COL,"FW,MF",Wolves,eng Premier League,27.0,1997.0,23,14,1124,12.5,1,0,1,1,0,0,1,0,16,3,26,9,3,30,7,27,0,18.8,0.06,0.33,0.35,-0.8,0.41,,,,,,,,,,,,,,,FW,MF,True,Forward,True,True,False,0.0800711743772241,0.0,0.0800711743772241,0.0800711743772241,0.0,0.0,0.0800711743772241,0.0,1.281138790035587,0.2402135231316726,2.0818505338078293,0.7206405693950179,0.2402135231316726,2.402135231316726,0.5604982206405694,2.1619217081850532,0.0,-1.5121950476205286,-1.1734021059287691,-1.4741115063292474,-1.5871018303374136,-2.0072494531108025,0.8715705885377997,-1.0665480805053515,5.076926568063706,1.438974178619058,1.2345411983839427,-0.8429140490524589,-0.652592296334806
Adam Armstrong,eng ENG,"FW,MF",Wolves,eng Premier League,28.0,1997.0,14,14,1140,12.7,2,2,4,1,1,1,3,0,18,6,12,3,5,5,1,4,0,33.3,0.06,0.17,0.86,-0.87,0.32,,,,,,,,,,,,,,,FW,MF,True,Forward,True,True,False,0.1578947368421052,0.1578947368421052,0.3157894736842105,0.0789473684210526,0.0789473684210526,0.0789473684210526,0.2368421052631578,0.0,1.4210526315789471,0.4736842105263157,0.9473684210526316,0.2368421052631578,0.3947368421052631,0.3947368421052631,0.0789473684210526,0.3157894736842105,0.0,-1.1115227677438544,0.42500630909753156,-1.4807031450207215,-1.4042907211386295,-1.4064676803337648,-0.5181392921517205,-1.796082224780086,-0.5517657749842843,-0.9272928496377518,-0.7464156239362431,-0.36371435262555485,0.9101342858493066
Maximilian Arnold,de GER,MF,Wolfsburg,de Bundesliga,31.0,1994.0,25,20,1859,20.7,1,4,5,1,0,0,5,0,13,5,17,26,0,81,24,15,0,38.5,0.08,0.2,0.92,-0.48,0.56,,,,,,,,,,,,,,,MF,,False,Midfielder,True,True,True,0.0484131253362022,0.193652501344809,0.2420656266810112,0.0484131253362022,0.0,0.0,0.2420656266810112,0.0,0.6293706293706294,0.2420656266810112,0.8230231307154383,1.2587412587412588,0.0,3.921463152232383,1.1619150080688545,0.7261968800430338,0.0,-0.6694545426375498,0.6708571441265996,-0.6524115136819427,-1.0050998897740708,-0.6712188837226302,0.7941600117272068,0.02124531819211462,-0.7577184977175943,0.9584324488677266,-0.7546317063272094,-0.8633126317738823,0.4308257125852054
Tolu Arokodare,ng NGA,FW,Wolves,eng Premier League,24.0,2000.0,33,13,1419,15.8,3,1,4,3,0,1,1,0,46,16,18,17,6,0,5,4,0,34.8,0.07,0.19,0.61,-0.76,0.54,,,,,,,,,,,,,,,FW,,False,Forward,True,True,True,0.1902748414376321,0.0634249471458773,0.2536997885835095,0.1902748414376321,0.0,0.0634249471458773,0.0634249471458773,0.0,2.917547568710359,1.014799154334038,1.1416490486257929,1.0782241014799154,0.3805496828752643,0.0,0.3171247357293869,0.2536997885835095,0.0,-0.9448147692917206,-0.5313353007385008,-0.8277163241819284,0.5510261821041086,-0.014035941494374841,-0.7914132434979451,-0.5273371994737153,-0.7410716809087697,0.2430742020268303,-0.4071757802149277,-0.4077108344597142,-0.818525493519366
Kervin Arriaga,hn HON,MF,Levante,es La Liga,27.0,1998.0,27,16,1532,17.0,3,3,6,3,0,0,8,1,16,6,22,22,1,5,14,26,0,37.5,0.19,0.5,1.19,-0.35,0.03,,,,,,,,,,,,,,,MF,,False,Midfielder,True,True,True,0.1762402088772846,0.1762402088772846,0.3524804177545692,0.1762402088772846,0.0,0.0,0.4699738903394256,0.0587467362924282,0.9399477806788512,0.3524804177545692,1.2924281984334205,1.2924281984334205,0.0587467362924282,0.2937336814621409,0.8224543080939948,1.5274151436031334,0.0,0.29344291770008635,0.5065616555237974,0.4198236091591105,-0.5956101855370486,-0.3291864958051188,-1.0979277295568743,0.07226127860494125,1.1528330698527336,0.09893590491409558,0.19235897563111568,-0.5082609896958991,2.326886026939723
Arthur,br BRA,MF,Leverkusen,de Bundesliga,22.0,2003.0,20,13,1136,12.6,1,3,4,1,0,0,3,0,10,2,19,10,3,33,18,12,0,20.0,0.1,0.5,1.8,0.55,-0.1,,,,,,,,,,,,,,,MF,,False,Midfielder,True,True,False,0.079225352112676,0.2376760563380281,0.3169014084507042,0.079225352112676,0.0,0.0,0.2376760563380281,0.0,0.7922535211267606,0.1584507042253521,1.505281690140845,0.7922535211267606,0.2376760563380281,2.61443661971831,1.426056338028169,0.9507042253521126,0.0,-0.4373518137907433,1.0862459558602218,-0.39395336187672925,-0.7903420851849752,-0.9302331997846338,0.11246395373039986,-0.6852100669715212,-0.2223676700849201,1.6272243303201601,0.621775458604256,0.5731463004359859,0.3943071151864203
Raúl Asencio,es ESP,DF,Real Madrid,es La Liga,22.0,2003.0,23,18,1708,19.0,2,0,2,2,0,0,4,0,14,4,17,23,0,1,10,12,0,28.6,0.14,0.5,2.22,1.05,-0.1,,,,,,,,,,,,,,,DF,,False,Defender,True,True,True,0.1053864168618267,0.0,0.1053864168618267,0.1053864168618267,0.0,0.0,0.2107728337236534,0.0,0.7377049180327869,0.2107728337236534,0.895784543325527,1.211943793911007,0.0,0.0526932084309133,0.5269320843091335,0.6323185011709602,0.0,1.1489238111274347,-0.8042256269931214,1.2416648850311853,0.5022785389696865,0.3549373400460144,-0.7570780043977192,0.9900657899575297,-1.0711295298827985,-1.5126060608077923,-0.3844834610304245,-0.807986293660309,0.06779539207792139
Fisnik Asllani,xk KVX,"FW,MF",Hoffenheim,de Bundesliga,22.0,2002.0,33,31,2335,25.9,10,7,17,10,0,0,2,0,73,28,26,37,14,10,5,7,0,38.4,0.14,0.36,1.76,0.35,-0.15,,,,,,,,,,,,,,,FW,MF,True,Forward,True,True,True,0.3854389721627409,0.2698072805139186,0.6552462526766596,0.3854389721627409,0.0,0.0,0.0770877944325481,0.0,2.8137044967880085,1.0792291220556745,1.0021413276231264,1.4261241970021414,0.5396145610278372,0.3854389721627409,0.1927194860813704,0.2698072805139186,0.0,0.05998191093049334,1.55792533559369,0.3170110446408279,0.41534505898341373,0.1517593909292715,-0.5245761518194044,-0.0027282614620176672,-0.6919613762404181,-0.3682341136522914,-0.6507748361889436,0.0855729095680905,-0.6823312735670861
Kristjan Asllani,al ALB,MF,Torino,it Serie A,23.0,2002.0,15,13,1129,12.5,0,0,0,0,0,1,3,0,20,4,7,14,0,52,12,14,0,20.0,0.0,0.0,1.27,-0.56,-0.09,,,,,,,,,,,,,,,MF,,False,Midfielder,True,True,False,0.0,0.0,0.0,0.0,0.0,0.0797165633303808,0.2391496899911425,0.0,1.5943312666076177,0.3188662533215234,0.5580159433126661,1.1160318866253325,0.0,4.145261293179805,0.9565987599645704,1.1160318866253325,0.0,-1.0341415412128914,-1.1563710848352395,-1.0585089693537577,0.267181230321586,-0.433313242023632,0.9108847351170353,-0.19487569917947678,0.17186575765145742,0.43858256440031235,-1.2892644880789073,-0.8633126317738823,0.4065668649766045
Iago Aspas,es ESP,"FW,MF",Celta Vigo,es La Liga,37.0,1987.0,32,11,1140,12.7,5,3,8,3,2,2,4,0,28,12,5,17,0,24,12,11,0,42.9,0.11,0.25,1.36,0.79,0.99,,,,,,,,,,,,,,,FW,MF,True,Forward,True,True,False,0.3947368421052631,0.2368421052631578,0.631578947368421,0.2368421052631578,0.1578947368421052,0.1578947368421052,0.3157894736842105,0.0,2.210526315789474,0.9473684210526316,0.3947368421052631,1.3421052631578947,0.0,1.894736842105263,0.9473684210526316,0.868421052631579,0.0,0.10785171577974192,1.2242105166106818,-0.5545779088685505,-0.37276618931416416,-0.18755303664894382,0.5203017229639334,-0.12942291956707544,1.1331585651124132,3.3399950058708825,-1.7113839422878545,-1.5878517589524646,1.6970987474868264
Lorenz Assignon,tg TOG,"DF,MF",Stuttgart,de Bundesliga,25.0,2000.0,24,12,1094,12.2,0,0,0,0,0,0,3,1,12,4,19,7,1,40,15,15,0,33.3,0.0,0.0,2.0,1.23,0.91,,,,,,,,,,,,,,,DF,MF,True,Defender,True,True,False,0.0,0.0,0.0,0.0,0.0,0.0,0.2468007312614259,0.0822669104204753,0.9872029250457038,0.3290676416819013,1.563071297989031,0.5758683729433273,0.0822669104204753,3.290676416819013,1.2340036563071295,1.2340036563071295,0.0,-0.809444991619996,-0.8042256269931214,-0.8221765122714052,1.2646226031566514,1.2414702379165623,1.4237289967929845,-0.43621293865149713,0.4712406072706195,0.40759125521959977,1.342770157691476,0.2615074861458647,0.38393007740408747
Dehmaine Assoumani,fr FRA,MF,Nantes,fr Ligue 1,20.0,2005.0,27,14,1276,14.2,1,0,1,1,0,0,5,0,29,7,23,20,0,88,16,18,0,24.1,0.03,0.14,0.7,-0.35,0.56,,,,,,,,,,,,,,,MF,,False,Midfielder,True,True,False,0.0705329153605015,0.0,0.0705329153605015,0.0705329153605015,0.0,0.0,0.3526645768025078,0.0,2.0454545454545454,0.493730407523511,1.622257053291536,1.4106583072100312,0.0,6.206896551724138,1.128526645768025,1.2695924764890285,0.0,-0.5028303105298505,-1.1563710848352395,-0.46686698652154446,0.8619781664494942,0.10836422384266724,1.9861564253355868,0.25131056607569335,0.5380399189561339,0.8738948808724919,0.8577647704813673,-0.8633126317738823,1.3509427665633058
Otavio Ataide,br BRA,DF,Paris FC,fr Ligue 1,23.0,2002.0,23,21,1901,21.1,1,0,1,1,0,0,6,1,12,3,24,33,1,6,27,29,0,25.0,0.08,0.33,1.39,-0.19,-0.27,,,,,,,,,,,,,,,DF,,False,Defender,True,True,True,0.047343503419253,0.0,0.047343503419253,0.047343503419253,0.0,0.0,0.2840610205155181,0.047343503419253,0.5681220410310363,0.142030510257759,1.1362440820620725,1.5623356128353498,0.047343503419253,0.2840610205155181,1.2782745923198315,1.3729615991583377,0.0,0.07032721119236852,-0.8042256269931214,0.10497790818962124,-0.01588391538346471,-0.16023599917681536,-0.601249974426106,1.7757531181207882,0.8274478022536341,0.5278180269867043,0.2379395161023075,-0.19250696956354224,0.710878654021824
Arthur Atta,fr FRA,MF,Udinese,it Serie A,22.0,2003.0,32,29,2557,28.4,5,3,8,5,0,0,3,0,57,20,23,32,8,56,23,17,0,35.1,0.09,0.25,1.34,-0.18,-0.38,,,,,,,,,,,,,,,MF,,False,Midfielder,True,True,True,0.1759874853343762,0.1055924912006257,0.2815799765350019,0.1759874853343762,0.0,0.0,0.1055924912006257,0.0,2.006257332811889,0.7039499413375049,0.8095424325381306,1.1263199061400078,0.2815799765350019,1.9710598357450135,0.8095424325381306,0.5983574501368791,0.0,0.2915391986219943,-0.16004220011484693,0.417703721482974,0.8102974328721939,0.7595622059083632,-0.22309726597769142,-0.1792953822648719,-1.0625590565426493,0.06624371869917735,-0.7818280372536425,0.8384914062815579,-0.704549073770563
Pierre-Emerick Aubameyang,ga GAB,FW,Marseille,fr Ligue 1,36.0,1989.0,30,23,2039,22.7,10,5,15,10,0,0,1,0,60,34,19,16,9,30,7,6,0,56.7,0.17,0.29,1.67,0.75,0.66,,,,,,,,,,,,,,,FW,,False,Forward,True,True,True,0.4413928396272683,0.2206964198136341,0.6620892594409025,0.4413928396272683,0.0,0.0,0.0441392839627268,0.0,2.64835703776361,1.5007356547327122,0.8386463952918097,0.7062285434036293,0.3972535556645414,1.324178518881805,0.3089749877390877,0.2648357037763609,0.0,0.34805872128014004,1.0607636531810682,0.645206206529175,0.1993024426559707,1.2364070816724113,0.12530761339669796,-1.088280404661774,-0.707119269804382,0.2030275903986648,-0.9362587569798446,-0.3559096511629507,-1.0107691597465398
Carlos Augusto,br BRA,"MF,DF",Inter,it Serie A,26.0,1999.0,34,18,1763,19.6,1,1,2,1,0,0,6,0,20,6,26,13,0,46,19,22,0,30.0,0.05,0.17,2.29,1.12,-0.61,,,,,,,,,,,,,,,MF,DF,True,Midfielder,True,True,True,0.0510493477027793,0.0510493477027793,0.1020986954055587,0.0510493477027793,0.0,0.0,0.3062960862166761,0.0,1.020986954055587,0.3062960862166761,1.327283040272263,0.6636415201361315,0.0,2.34826999432785,0.9699376063528078,1.123085649461146,0.0,-0.6495963736850638,-0.6746896784767517,-0.6302984361184178,-0.48876167141464555,-0.4722519044038273,-0.026358583368353186,-0.8799818334516631,0.18868586554983677,0.47235581818747374,0.2626760913004884,-0.8633126317738823,0.9651846837932754
Yann Aurel Bisseck,de GER,DF,Inter,it Serie A,24.0,2000.0,23,21,1922,21.4,3,1,4,3,0,0,2,0,25,12,21,16,3,12,23,18,0,48.0,0.12,0.25,2.3,1.45,0.07,,,,,,,,,,,,,,,DF,,False,Defender,True,True,True,0.1404786680541103,0.0468262226847034,0.1873048907388137,0.1404786680541103,0.0,0.0,0.0936524453694068,0.0,1.1706555671175858,0.5619146722164412,0.9833506763787722,0.749219562955255,0.1404786680541103,0.5619146722164412,1.0770031217481788,0.8428720083246618,0.0,1.8010341304606061,-0.05859398337200442,1.9288961515627447,1.82516428610354,2.9864880988289015,-0.41411336810706895,-0.04750570874953029,-0.5313930266059438,-0.01877577325968599,-0.1578209068336578,1.0182772783084022,-0.9599031317904054
Leon Avdullahu,xk KVX,MF,Hoffenheim,de Bundesliga,21.0,2004.0,33,32,2834,31.5,0,1,1,0,0,0,5,0,14,2,27,12,1,15,33,30,0,14.3,0.0,0.0,1.85,0.6,2.99,,,,,,,,,,,,,,,MF,,False,Midfielder,True,True,True,0.0,0.0317572335920959,0.0317572335920959,0.0,0.0,0.0,0.1587861679604799,0.0,0.4446012702893437,0.0635144671841919,0.8574453069865915,0.3810868031051517,0.0317572335920959,0.4763585038814397,1.0479887085391673,0.9527170077628794,0.0,-1.0341415412128914,-0.856722418847232,-1.0585089693537577,-1.2487145596992657,-1.2243176022399052,-1.002677466124091,-1.307886546383005,-0.2175680733146451,0.6699770821096771,-0.6851874620629069,-0.6713792811516279,-0.262009527990306
Arthur Avom,cm CMR,MF,Lorient,fr Ligue 1,20.0,2004.0,31,22,2119,23.5,2,1,3,2,0,0,3,0,21,6,23,38,0,45,28,31,1,28.6,0.1,0.33,1.29,-0.04,0.15,,,,,,,,,,,,,,,MF,,False,Midfielder,True,True,True,0.0849457291175082,0.0424728645587541,0.1274185936762624,0.0849457291175082,0.0,0.0,0.1274185936762624,0.0,0.8919301557338368,0.2548371873525248,0.976875884851345,1.6139688532326568,0.0,1.911278905143936,1.1892402076451156,1.316658801321378,0.0424728645587541,-0.394261286043887,-0.7556139732684559,-0.3459698753529043,-0.6589204546733142,-0.6316563635979393,-0.25427675906399294,0.5592068268278627,0.6502723090275497,1.0276184094233345,-0.44424493255709024,-0.8633126317738823,-0.5229689675611857
Chidozie Awaziem,ng NGA,DF,Nantes,fr Ligue 1,28.0,1997.0,27,26,2321,25.8,1,2,3,1,0,0,7,0,11,4,23,21,1,2,20,20,1,36.4,0.09,0.25,0.67,-0.7,-0.09,,,,,,,,,,,,,,,DF,,False,Defender,True,True,True,0.0387763894872899,0.0775527789745799,0.1163291684618698,0.0387763894872899,0.0,0.0,0.2714347264110297,0.0,0.4265402843601896,0.1551055579491598,0.8918569582076691,0.8143041792330892,0.0387763894872899,0.0775527789745799,0.7755277897457992,0.7755277897457992,0.0387763894872899,-0.08887327359056774,0.4306765867421544,-0.06279669611612335,-0.4484886206771437,-0.062248098272961856,-0.7403348893167702,0.09843422336658972,-0.7040243617141916,-0.837493631939312,-0.3946499083040249,-0.3038819441954438,0.6000864683447895
Yasin Ayari,se SWE,MF,Brighton,eng Premier League,21.0,2003.0,29,20,1929,21.4,3,3,6,3,0,0,1,0,41,10,24,28,0,24,26,25,0,24.4,0.07,0.3,1.55,0.37,0.49,,,,,,,,,,,,,,,MF,,False,Midfielder,True,True,True,0.1399688958009331,0.1399688958009331,0.2799377916018662,0.1399688958009331,0.0,0.0,0.046656298600311,0.0,1.9129082426127528,0.4665629860031104,1.119751166407465,1.3063763608087091,0.0,1.119751166407465,1.2130637636080872,1.166407465007776,0.0,0.020217915010375436,0.1643199251336793,0.115573721305503,0.6872185419253717,0.02420758173125113,-0.6671079647579516,0.09338456573259245,0.29198925535879605,1.0879383934932914,-0.15600441360916356,-0.8633126317738823,-1.1948629135359135
Neil El Aynaoui,ma MAR,MF,Roma,it Serie A,24.0,2001.0,25,8,999,11.1,1,2,3,1,0,0,5,0,6,4,23,10,2,17,18,10,0,66.7,0.17,0.25,2.04,0.63,-0.15,,,,,,,,,,,,,,,MF,,False,Midfielder,True,True,False,0.09009009009009,0.1801801801801801,0.2702702702702703,0.09009009009009,0.0,0.0,0.4504504504504504,0.0,0.5405405405405406,0.3603603603603603,2.072072072072072,0.9009009009009008,0.1801801801801801,1.5315315315315317,1.6216216216216215,0.9009009009009008,0.0,-0.3555097790992177,0.543737662732357,-0.30281810839889883,-1.1222205686429496,-0.3047767626533697,-0.4523387579495661,-0.5206729948549774,-0.34112659499719405,2.122385288211111,1.765233949416604,0.22565456675158307,2.1644626949421903
César Azpilicueta,es ESP,DF,Sevilla,es La Liga,35.0,1989.0,17,17,1213,13.5,0,1,1,0,0,0,4,0,1,0,24,9,1,12,22,19,0,0.0,0.0,,1.24,0.15,0.8,,,,,,,,,,,,,,,DF,,False,Defender,True,True,False,0.0,0.0741962077493817,0.0741962077493817,0.0,0.0,0.0,0.2967848309975268,0.0,0.0741962077493817,0.0,1.7807089859851608,0.6677658697444353,0.0741962077493817,0.8903544929925804,1.6323165704863971,1.4097279472382522,0.0,-0.809444991619996,0.37722863437521154,-0.8221765122714052,-1.5250800474847348,-1.2246505919904345,-0.1929065814989977,-0.230150197380291,0.9216952950604235,1.4892913532518912,1.9061193947839274,0.15658600238911738,0.822526518531885
Loïc Bade,fr FRA,DF,Leverkusen,de Bundesliga,25.0,2000.0,23,19,1653,18.4,0,0,0,0,0,0,4,0,12,4,11,4,0,4,21,19,1,33.3,0.0,0.0,1.83,0.71,0.2,,,,,,,,,,,,,,,DF,,False,Defender,True,True,True,0.0,0.0,0.0,0.0,0.0,0.0,0.2177858439201452,0.0,0.6533575317604355,0.2177858439201452,0.5989110707803993,0.2177858439201452,0.0,0.2177858439201452,1.1433756805807622,1.0344827586206895,0.0544464609800363,-0.809444991619996,-0.8042256269931214,-0.8221765122714052,0.2445541185454258,0.4074947122553335,-0.645886823916221,-1.2391452284345355,-0.040214714009432745,0.16147247087217972,-1.1529323717460112,-0.807986293660309,0.12933258750634488
Alex Baena,es ESP,"MF,FW",Atlético Madrid,es La Liga,24.0,2001.0,27,21,1560,17.3,2,3,5,2,0,0,5,0,29,7,26,29,9,117,16,11,0,24.1,0.07,0.29,1.67,0.4,-0.13,,,,,,,,,,,,,,,MF,FW,True,Midfielder,True,True,True,0.1153846153846153,0.173076923076923,0.2884615384615384,0.1153846153846153,0.0,0.0,0.2884615384615384,0.0,1.6730769230769231,0.4038461538461538,1.5,1.6730769230769231,0.5192307692307693,6.75,0.9230769230769232,0.6346153846153846,0.0,-0.16497086127499377,0.4767141447994037,-0.0906433666692652,0.3710057887018161,-0.1700706273446953,2.269418830928827,0.6487208930745904,-0.9760999021457342,0.35370704580848744,0.6111200317834777,2.274797650899985,0.8168119232791632
Samson Baidoo,at AUT,DF,Lens,fr Ligue 1,21.0,2004.0,23,20,1827,20.3,2,1,3,2,0,0,2,0,16,4,20,5,1,0,25,23,0,25.0,0.13,0.5,2.22,1.18,0.67,,,,,,,,,,,,,,,DF,,False,Defender,True,True,True,0.0985221674876847,0.0492610837438423,0.147783251231527,0.0985221674876847,0.0,0.0,0.0985221674876847,0.0,0.7881773399014779,0.1970443349753694,0.9852216748768472,0.2463054187192118,0.0492610837438423,0.0,1.2315270935960592,1.1330049261083743,0.0,1.0213672224427357,-0.019822770375832976,1.1072384338658818,0.6564976114079881,0.2520523023271648,-0.7925672921629087,-1.1751954804266656,0.2123387147788219,0.40086564318950074,-0.1529778781000019,-0.1675778672191746,-0.9171726874764229
Eric Bailly,ci CIV,DF,Oviedo,es La Liga,31.0,1994.0,15,15,1234,13.7,1,0,1,1,0,0,3,0,6,1,13,7,0,1,17,10,0,16.7,0.17,1.0,0.93,-0.66,0.37,,,,,,,,,,,,,,,DF,,False,Defender,True,True,False,0.072933549432739,0.0,0.072933549432739,0.072933549432739,0.0,0.0,0.2188006482982172,0.0,0.4376012965964344,0.072933549432739,0.9481361426256076,0.5105348460291734,0.0,0.072933549432739,1.239870340356564,0.7293354943273905,0.0,0.545860484511531,-0.8042256269931214,0.6061221532848433,-0.4146915690567512,-0.6780670855240138,-0.7434459765203287,-0.5827110057531936,-0.8224344910181102,0.42352343438199,-0.24897276985457176,-0.807986293660309,0.13823721099687905
Ridle Baku,de GER,DF,RB Leipzig,de Bundesliga,27.0,1998.0,32,28,2504,27.8,2,3,5,2,0,0,4,0,30,6,23,22,4,59,31,40,0,20.0,0.07,0.33,1.94,0.5,-0.31,,,,,,,,,,,,,,,DF,,False,Defender,True,True,True,0.0718849840255591,0.1078274760383386,0.1797124600638977,0.0718849840255591,0.0,0.0,0.1437699680511182,0.0,1.0782747603833864,0.2156549520766773,0.8266773162939297,0.7907348242811502,0.1437699680511182,2.1206070287539935,1.114217252396166,1.437699680511182,0.0,0.5263752620112384,0.9127520316008727,0.5855875079333966,1.5428936559618973,0.3915252394302449,0.6356781178505403,0.04558440633727462,0.9933985201047968,0.08228680175890098,-0.5633656389486054,1.0610651362246017,-0.5201359417760917
Alejandro Balde,es ESP,DF,Barcelona,es La Liga,21.0,2003.0,28,21,1869,20.8,0,2,2,0,0,0,2,0,10,1,14,25,4,25,6,21,0,10.0,0.0,0.0,2.29,1.2,-0.77,,,,,,,,,,,,,,,DF,,False,Defender,True,True,True,0.0,0.0963081861958266,0.0963081861958266,0.0,0.0,0.0,0.0963081861958266,0.0,0.4815409309791332,0.0481540930979133,0.6741573033707865,1.203852327447833,0.1926163723916532,1.203852327447833,0.2889245585874799,1.0112359550561798,0.0,-0.809444991619996,0.7293260252698932,-0.8221765122714052,-0.2804335048131289,-0.8637709520869763,0.018236660524941294,0.9719222080500239,-0.09980597248755972,-2.158964124382062,-0.9581595448786828,1.6960826097274997,-0.9365997516920289
Carlos Baleba,cm CMR,MF,Brighton,eng Premier League,21.0,2004.0,31,23,1652,18.4,0,0,0,0,0,0,5,0,20,2,31,24,0,0,28,21,0,10.0,0.0,0.0,1.39,0.0,-0.31,,,,,,,,,,,,,,,MF,,False,Midfielder,True,True,True,0.0,0.0,0.0,0.0,0.0,0.0,0.2723970944309927,0.0,1.089588377723971,0.1089588377723971,1.6888619854721552,1.3075060532687652,0.0,0.0,1.5254237288135593,1.1440677966101696,0.0,-1.0341415412128914,-1.1563710848352395,-1.0585089693537577,-0.3983120791961674,-1.0835443739562312,-1.2511282100157324,0.09509538738476828,0.23871901625266156,1.8788173099141394,0.9921353908373614,-0.8633126317738823,0.6831653660655171
Leonardo Balerdi,ar ARG,DF,Marseille,fr Ligue 1,26.0,1999.0,26,21,2001,22.2,0,1,1,0,0,0,5,0,20,5,23,21,0,2,27,28,0,25.0,0.0,0.0,1.73,0.58,0.16,,,,,,,,,,,,,,,DF,,False,Defender,True,True,True,0.0,0.0449775112443778,0.0449775112443778,0.0,0.0,0.0,0.224887556221889,0.0,0.8995502248875563,0.224887556221889,1.0344827586206895,0.944527736131934,0.0,0.0899550224887556,1.214392803598201,1.2593703148425788,0.0,-0.809444991619996,-0.08803171442950943,-0.8221765122714052,0.996798757685757,0.46071684174160815,-0.7319818813653638,0.3904358996553316,0.5362659386594093,0.35433397798204214,-0.025466902400175326,-0.807986293660309,0.19164811900342787
Daniel Ballard,nir NIR,DF,Sunderland,eng Premier League,25.0,1999.0,29,24,2149,23.9,2,0,2,2,0,0,4,1,26,9,29,29,3,1,20,17,0,34.6,0.08,0.22,1.21,-0.21,-0.14,,,,,,,,,,,,,,,DF,,False,Defender,True,True,True,0.0837598883201489,0.0,0.0837598883201489,0.0837598883201489,0.0,0.0,0.1675197766402978,0.0418799441600744,1.088878548161936,0.37691949744067,1.2145183806421591,1.2145183806421591,0.1256398324802233,0.0418799441600744,0.8375988832014891,0.7119590507212658,0.0,0.7470435682183526,-0.8042256269931214,0.8181404289072006,1.5752936529304387,1.6000848304460809,-0.7643608224081653,0.9958388133578286,-0.8669775672087666,-0.668926895873675,0.4405504094408855,0.8253680969045405,-0.3117380396496836
Folarin Balogun,us USA,FW,Monaco,fr Ligue 1,24.0,2001.0,30,26,2230,24.8,13,4,17,10,3,3,4,1,77,32,44,37,17,14,4,6,0,41.6,0.13,0.31,1.6,0.28,0.39,,,,,,,,,,,,,,,FW,,False,Forward,True,True,True,0.5246636771300448,0.1614349775784753,0.6860986547085202,0.4035874439461883,0.1210762331838565,0.1210762331838565,0.1614349775784753,0.0403587443946188,3.1076233183856505,1.2914798206278026,1.7757847533632285,1.493273542600897,0.6860986547085202,0.5650224215246636,0.1614349775784753,0.242152466367713,0.0,0.7767761334974697,0.4608450627976732,0.42346017684372056,0.7993787271177615,0.6979365251310602,-0.4002516055171607,0.09852824101138584,-0.7762784352918519,-0.5219613900643676,0.7001095938361908,0.5398417777843527,0.15845971038387424
Lameck Banda,zm ZAM,"MF,FW",Lecce,it Serie A,24.0,2001.0,32,21,1752,19.5,5,4,9,5,0,0,6,1,38,15,44,49,3,90,7,17,0,39.5,0.13,0.33,1.09,-0.1,0.98,,,,,,,,,,,,,,,MF,FW,True,Midfielder,True,True,True,0.2568493150684931,0.2054794520547945,0.4623287671232876,0.2568493150684931,0.0,0.0,0.3082191780821918,0.0513698630136986,1.952054794520548,0.7705479452054794,2.260273972602739,2.517123287671233,0.1541095890410959,4.623287671232877,0.3595890410958904,0.8732876712328766,0.0,0.9006562052242106,0.7824515622195889,1.0959863790877509,0.7388324803464686,0.9658631378036916,1.1602053796723222,1.9269562067072108,-0.4069719477897116,-1.0730144779446817,2.144917634971671,0.06808996354027909,0.9811836568385325
Noahkai Banks,us USA,DF,Augsburg,de Bundesliga,18.0,2006.0,23,20,1725,19.2,1,1,2,1,0,0,8,0,9,5,29,18,3,4,18,29,0,55.6,0.11,0.2,1.09,-0.47,0.0,,,,,,,,,,,,,,,DF,,False,Defender,True,True,True,0.0521739130434782,0.0521739130434782,0.1043478260869565,0.0521739130434782,0.0,0.0,0.417391304347826,0.0,0.4695652173913044,0.2608695652173913,1.5130434782608695,0.9391304347826088,0.1565217391304348,0.208695652173913,0.9391304347826088,1.5130434782608695,0.0,0.16008947652278885,0.026559311580667756,0.19957453311781806,-0.31702543705895164,0.7303756311387355,-0.6520091391126046,0.3783334730362933,1.1865361148698623,-0.393197223575783,1.2132745067463155,1.226841871744829,1.880814459451038
Tommaso Barbieri,it ITA,MF,Cremonese,it Serie A,22.0,2002.0,29,18,1707,19.0,0,1,1,0,0,0,8,0,16,2,40,26,1,78,14,26,0,12.5,0.0,0.0,0.86,-0.32,0.68,,,,,,,,,,,,,,,MF,,False,Midfielder,True,True,True,0.0,0.0527240773286467,0.0527240773286467,0.0,0.0,0.0,0.421792618629174,0.0,0.843585237258348,0.1054481546572935,2.10896309314587,1.3708260105448151,0.0527240773286467,4.1124780316344465,0.7381370826010545,1.3708260105448151,0.0,-1.0341415412128914,-0.6588875936753015,-1.0585089693537577,-0.7226622537222862,-1.094419432609203,0.8937862144613279,0.19098799333996183,0.779437171087618,-0.11455085191020924,1.839658909024846,-0.5446605429259211,1.9260466904518585
Valentín Barco,ar ARG,MF,Strasbourg,fr Ligue 1,21.0,2004.0,27,24,2168,24.1,2,4,6,2,0,0,5,1,27,10,24,61,2,103,14,33,0,37.0,0.07,0.2,1.81,0.5,0.6,,,,,,,,,,,,,,,MF,,False,Midfielder,True,True,True,0.0830258302583025,0.1660516605166051,0.2490774907749077,0.0830258302583025,0.0,0.0,0.2075645756457564,0.0415129151291512,1.1208487084870848,0.4151291512915129,0.9963099630996308,2.532287822878229,0.0830258302583025,4.275830258302583,0.5811808118081181,1.3699261992619929,0.0,-0.40872352428340797,0.41042655245261034,-0.3620743105955437,-0.357095964151583,-0.1351192361263539,0.9789846141988409,1.9499215854227798,0.7772915187290774,-0.5119558307733587,-0.40503808908808736,-0.3615237796858106,0.14379762232907
Bradley Barcola,fr FRA,FW,Paris Saint-Germain,fr Ligue 1,22.0,2002.0,29,21,1743,19.4,11,1,12,11,0,0,2,0,66,30,20,10,6,26,12,16,0,45.5,0.17,0.37,2.31,1.34,0.04,,,,,,,,,,,,,,,FW,,False,Forward,True,True,True,0.5679862306368331,0.0516351118760757,0.6196213425129088,0.5679862306368331,0.0,0.0,0.1032702237521514,0.0,3.4079173838209984,1.5490533562822717,1.032702237521515,0.5163511187607573,0.3098106712564544,1.342512908777969,0.6196213425129088,0.8261617900172116,0.0,0.9998210023503592,-0.650686789482991,1.3877346561080783,1.191742274444387,1.360741295604752,0.1380004017002305,-1.374602240661182,1.004313846703248,1.7294961312836776,-0.5974114183978085,-0.6270829856563013,-0.42133914924480864
Melvin Bard,fr FRA,"DF,MF",Nice,fr Ligue 1,24.0,2000.0,29,26,2394,26.6,2,1,3,2,0,0,4,0,15,5,26,27,3,77,41,29,0,33.3,0.13,0.4,0.9,-0.98,-1.38,,,,,,,,,,,,,,,DF,MF,True,Defender,True,True,True,0.075187969924812,0.037593984962406,0.112781954887218,0.075187969924812,0.0,0.0,0.150375939849624,0.0,0.5639097744360901,0.18796992481203,0.9774436090225564,1.0150375939849623,0.112781954887218,2.894736842105263,1.5413533834586466,1.0902255639097744,0.0,0.5877538033226147,-0.20560239431150598,0.6502717360965241,-0.028754544988389603,0.184046247983591,1.1570605982826476,0.5485409090581874,0.10267735754181682,1.2422622341283192,-0.17311119005260572,0.6582119458233424,-0.4621703940056547
Nicolò Barella,it ITA,MF,Inter,it Serie A,28.0,1997.0,34,31,2517,28.0,3,8,11,3,0,0,7,0,35,5,33,22,4,102,9,31,0,14.3,0.09,0.6,2.26,1.29,-0.51,,,,,,,,,,,,,,,MF,,False,Midfielder,True,True,True,0.1072705601907032,0.2860548271752086,0.3933253873659118,0.1072705601907032,0.0,0.0,0.2502979737783075,0.0,1.2514898688915377,0.1787842669845053,1.1799761620977354,0.7866507747318237,0.1430274135876043,3.6471990464839097,0.3218116805721096,1.1084624553039333,0.0,-0.22609251814786088,1.5427288576677878,-0.1587054293133469,-0.1848482314711121,-0.8672458322611059,0.651114132330156,-0.693694942442525,0.15381600824552616,-1.1686647573799287,-0.034504852437124214,0.001111866698060858,0.4993139120678256
Harvey Barnes,eng ENG,"FW,MF",Newcastle United,eng Premier League,27.0,1997.0,37,19,1966,21.8,7,1,8,7,0,0,1,0,58,21,17,23,3,74,3,5,0,36.2,0.12,0.33,1.24,0.18,0.55,,,,,,,,,,,,,,,FW,MF,True,Forward,True,True,True,0.3204476093591047,0.0457782299084435,0.3662258392675483,0.3204476093591047,0.0,0.0,0.0457782299084435,0.0,2.655137334689725,0.9613428280773144,0.7782299084435402,1.0528992878942014,0.1373346897253306,3.3875890132248223,0.1373346897253306,0.2288911495422177,0.0,-0.2746241734231495,-0.7099774891612254,-0.06419318311350937,0.20816156329827043,-0.15159319466841498,1.5537943389606022,-0.5655252417638528,-0.8167110061984428,-0.6403865081085945,-1.0417539873207065,-1.161956547392136,-0.9944317917047699
Ander Barrenetxea,es ESP,MF,Real Sociedad,es La Liga,23.0,2001.0,30,22,1763,19.6,3,5,8,3,0,0,5,0,35,11,37,30,5,72,17,18,0,31.4,0.09,0.27,1.27,0.1,0.32,,,,,,,,,,,,,,,MF,,False,Midfielder,True,True,True,0.153148043108338,0.2552467385138967,0.4083947816222348,0.153148043108338,0.0,0.0,0.2552467385138967,0.0,1.7867271695972773,0.5615428247305729,1.888825865002836,1.5314804310833807,0.2552467385138967,3.6755530346001137,0.867838910947249,0.9188882586500284,0.0,0.11949396137059189,1.2520359469572013,0.2261226303522622,0.5208513444294453,0.3184270493235228,0.665902509954079,0.4342852365219565,-0.2982346938673513,0.21384731970811732,1.3955480160235074,0.6793394262620509,0.5404846720464596
Pablo Barrios,es ESP,MF,Atlético Madrid,es La Liga,22.0,2003.0,23,20,1661,18.5,1,1,2,1,0,0,0,0,23,6,12,23,0,30,26,16,0,26.1,0.04,0.17,1.96,0.76,0.55,,,,,,,,,,,,,,,MF,,False,Midfielder,True,True,True,0.0541842263696568,0.0541842263696568,0.1083684527393136,0.0541842263696568,0.0,0.0,0.0,0.0,1.2462372065021072,0.325105358217941,0.650210716435882,1.2462372065021072,0.0,1.625526791089705,1.408789885611078,0.8669476219145094,0.0,-0.6259819202908201,-0.6451102062018775,-0.6040025454561632,-0.19177376079368033,-0.413986339120126,-0.4033143530754411,0.002309011128849449,-0.4220901642790081,1.5835065857331476,-1.1032682194459458,-0.8633126317738823,-1.5830153866876162
Thierno Barry,fr FRA,FW,Everton,eng Premier League,22.0,2002.0,38,21,1914,21.3,8,0,8,8,0,0,3,0,38,14,46,8,13,4,5,4,0,36.8,0.21,0.57,1.29,-0.47,-0.89,,,,,,,,,,,,,,,FW,,False,Forward,True,True,True,0.3761755485893417,0.0,0.3761755485893417,0.3761755485893417,0.0,0.0,0.1410658307210031,0.0,1.786833855799373,0.658307210031348,2.1630094043887147,0.3761755485893417,0.6112852664576802,0.1880877742946708,0.2351097178683385,0.1880877742946708,0.0,0.012289452180714366,-1.1734021059287691,0.26267680579237895,-0.9263618001240339,-0.9313839163897332,-0.6612012039850105,-1.585977166823318,-0.9411168540214074,-0.1599350164015171,1.3762553925183532,0.30783438125284407,-0.04458435569840401
Davide Bartesaghi,it ITA,"MF,DF",Milan,it Serie A,19.0,2005.0,31,27,2441,27.1,2,0,2,2,0,0,3,0,22,7,18,14,4,139,15,35,1,31.8,0.09,0.29,1.77,0.26,-0.75,,,,,,,,,,,,,,,MF,DF,True,Midfielder,True,True,True,0.0737402703809914,0.0,0.0737402703809914,0.0737402703809914,0.0,0.0,0.1106104055714871,0.0,0.8111429741909053,0.2580909463334699,0.6636624334289225,0.5161818926669398,0.1474805407619828,5.124948791478902,0.5530520278574356,1.2904547316673496,0.0368701351904957,-0.4786699063488514,-1.1563710848352395,-0.43996315198882135,-0.7654367226499208,-0.6215771799746211,1.4218530200336668,-1.1032967022466118,0.5877871802790202,-0.5831764244769023,-1.0761303559570004,0.02802553399993215,-0.6628030302235006
Marc Bartra,es ESP,DF,Real Betis,es La Liga,34.0,1991.0,25,21,1978,22.0,1,0,1,1,0,0,3,0,16,5,15,11,0,2,29,18,1,31.3,0.06,0.2,1.56,0.0,-0.69,,,,,,,,,,,,,,,DF,,False,Defender,True,True,True,0.0455005055611729,0.0,0.0455005055611729,0.0455005055611729,0.0,0.0,0.1365015166835187,0.0,0.7280080889787665,0.2275025278058645,0.6825075834175935,0.5005055611729019,0.0,0.0910010111223458,1.3195146612740145,0.8190091001011123,0.0455005055611729,0.03607925385336386,-0.8042256269931214,0.06888544591687193,0.4726497649394977,0.48031413748267876,-0.731277399844462,-0.6051997785969844,-0.59256361842702,0.63981386001792,-0.9365450720491391,-0.807986293660309,-0.5839145617606614
Federico Baschirotto,it ITA,DF,Cremonese,it Serie A,28.0,1996.0,29,29,2540,28.2,2,0,2,2,0,0,2,0,12,5,45,9,1,8,24,13,0,41.7,0.17,0.4,0.86,-0.6,0.22,,,,,,,,,,,,,,,DF,,False,Defender,True,True,True,0.0708661417322834,0.0,0.0708661417322834,0.0708661417322834,0.0,0.0,0.0708661417322834,0.0,0.4251968503937008,0.1771653543307086,1.594488188976378,0.3188976377952756,0.0354330708661417,0.2834645669291338,0.8503937007874016,0.4606299212598425,0.0,0.5074423765267001,-0.8042256269931214,0.5656349470171069,-0.4525934987971795,0.10307390993783991,-0.6016516905788342,-1.0124211701519459,-1.5112390062172394,-0.6341799546013721,1.4240919256834854,-0.34734605936583934,-1.1598465484862068
Toma Bašić,hr CRO,MF,Lazio,it Serie A,28.0,1996.0,23,23,1735,19.3,2,3,5,2,0,0,0,1,30,12,20,19,0,48,9,16,0,40.0,0.07,0.17,1.52,0.1,0.16,,,,,,,,,,,,,,,MF,,False,Midfielder,True,True,True,0.1037463976945245,0.1556195965417867,0.2593659942363112,0.1037463976945245,0.0,0.0,0.0,0.0518731988472622,1.5561959654178676,0.622478386167147,1.037463976945245,0.9855907780979828,0.0,2.489913544668588,0.4668587896253602,0.829971181556196,0.0,-0.25263937366066,0.31199373258841695,-0.18826669835213838,0.2169006055576512,0.5071874081903056,0.04751738433845676,-0.39241749103256335,-0.5102626377518962,-0.8014131463658494,-0.32201285072318103,-0.8633126317738823,-1.5830153866876162
Calvin Bassey,ng NGA,DF,Fulham,eng Premier League,25.0,1999.0,30,28,2534,28.2,1,0,1,1,0,0,5,0,12,1,28,40,1,14,22,32,0,8.3,0.08,1.0,1.27,-0.14,-0.14,,,,,,,,,,,,,,,DF,,False,Defender,True,True,True,0.0355169692186266,0.0,0.0355169692186266,0.0355169692186266,0.0,0.0,0.1775848460931334,0.0,0.4262036306235202,0.0355169692186266,0.9944751381215468,1.4206787687450673,0.0355169692186266,0.4972375690607734,0.781373322809787,1.1365430149960536,0.0,-0.1494422459426866,-0.8042256269931214,-0.12662775406445642,-0.4495172700876498,-0.9584769349345694,-0.457673902643883,1.4581144595156768,0.22140831305022324,-0.8216188925992745,-0.12902554012323916,-0.3462553563643534,-0.22341988117479075
Alessandro Bastoni,it ITA,DF,Inter,it Serie A,26.0,1999.0,28,28,2239,24.9,1,4,5,1,0,0,6,0,17,8,45,20,0,85,21,39,0,47.1,0.06,0.13,2.39,1.65,0.66,,,,,,,,,,,,,,,DF,,False,Defender,True,True,True,0.0401965163019205,0.160786065207682,0.2009825815096025,0.0401965163019205,0.0,0.0,0.241179097811523,0.0,0.6833407771326485,0.321572130415364,1.8088432335864224,0.80393032603841,0.0,3.4167038856632423,0.8441268423403305,1.5676641357748995,0.0,-0.06248342058546914,1.756031664726017,-0.034985555015303385,0.33616827373739283,1.1852968737695069,1.5086094821784093,0.07517282124736593,1.32655165339891,-0.6511988891004437,1.9789441296369403,-0.807986293660309,0.3346018222695531
Martin Baturina,hr CRO,"MF,FW",Como,it Serie A,22.0,2003.0,29,17,1569,17.4,6,3,9,6,0,0,0,0,28,9,15,44,0,77,5,14,0,32.1,0.21,0.67,1.76,0.98,0.05,,,,,,,,,,,,,,,MF,FW,True,Midfielder,True,True,True,0.3441682600382409,0.1720841300191204,0.5162523900573613,0.3441682600382409,0.0,0.0,0.0,0.0,1.6061185468451245,0.5162523900573613,0.8604206500956023,2.523900573613767,0.0,4.416826003824092,0.2868068833652007,0.8030592734225622,0.0,1.5584134505712792,0.4673465430997789,1.8284324076783827,0.2827225213595264,0.17813066900631783,1.0525227111886957,1.937219820870749,-0.5744356485399433,-1.2572950530912266,-0.6791849231181102,-0.8633126317738823,-1.5830153866876162
Christoph Baumgartner,at AUT,MF,RB Leipzig,de Bundesliga,25.0,1999.0,33,32,2780,30.9,13,8,21,13,0,1,10,0,81,35,63,33,4,6,22,40,0,43.2,0.16,0.37,1.97,0.84,3.09,,,,,,,,,,,,,,,MF,,False,Midfielder,True,True,True,0.420863309352518,0.2589928057553957,0.6798561151079137,0.420863309352518,0.0,0.0323741007194244,0.3237410071942446,0.0,2.6223021582733814,1.1330935251798562,2.039568345323741,1.0683453237410072,0.1294964028776978,0.1942446043165467,0.7122302158273381,1.2949640287769786,0.0,2.1361428812944063,1.2873823523158827,2.471763408783207,1.6225400988647851,2.0889221885151605,-1.1498175038015004,-0.26709287968212014,0.5985398616060302,-0.18014566880160615,1.6996600379349291,-0.08066642218615551,1.1103159827715037
Sheraldo Becker,sr SUR,FW,Mainz 05,de Bundesliga,30.0,1995.0,14,11,946,10.5,3,3,6,3,0,0,2,0,29,15,13,8,10,31,3,0,0,51.7,0.1,0.2,1.57,0.76,1.48,,,,,,,,,,,,,,,FW,,False,Forward,True,True,False,0.2854122621564482,0.2854122621564482,0.5708245243128964,0.2854122621564482,0.0,0.0,0.1902748414376321,0.0,2.758985200845666,1.427061310782241,1.236786469344609,0.7610993657505286,0.9513742071881608,2.9492600422832984,0.2854122621564482,0.0,0.0,-0.45500260889112143,1.7158985174274417,-0.26969160472448866,0.34384895055374065,1.0468235264060857,1.2503418179345247,-1.005539053883972,-1.5145796836109684,0.08724397090120284,-0.24105317633077844,1.3625005522794116,0.44594171756840273
Hannes Behrens,de GER,"DF,MF",Heidenheim,de Bundesliga,20.0,2005.0,16,15,1318,14.6,1,2,3,1,0,0,0,0,9,4,5,27,1,59,18,18,1,44.4,0.11,0.25,0.81,-0.41,0.88,,,,,,,,,,,,,,,DF,MF,True,Defender,True,True,False,0.0682852807283763,0.1365705614567526,0.2048558421851289,0.0682852807283763,0.0,0.0,0.0,0.0,0.6145675265553869,0.2731411229135053,0.3414264036418816,1.843702579666161,0.0682852807283763,4.0288315629742035,1.229135053110774,1.229135053110774,0.0682852807283763,0.4594828972618742,1.370439045297906,0.5150924962994683,0.12603080618758675,0.8223419633344929,1.920882257665374,2.406665281199668,0.45876034559953205,0.39436956853231414,-1.8194244307779346,0.0797422307008091,-1.7816770450708828
Maximilian Beier,de GER,"MF,FW",Dortmund,de Bundesliga,22.0,2002.0,32,24,2026,22.5,9,6,15,9,0,0,3,0,50,20,31,24,3,28,11,16,0,40.0,0.18,0.45,2.16,1.33,0.81,,,,,,,,,,,,,,,MF,FW,True,Midfielder,True,True,True,0.399802566633761,0.2665350444225074,0.6663376110562685,0.399802566633761,0.0,0.0,0.1332675222112537,0.0,2.2211253701875617,0.8884501480750246,1.3770977295162885,1.0661401776900297,0.1332675222112537,1.243830207305035,0.4886475814412636,0.7107601184600197,0.0,1.9774962540309606,1.3585479262506883,2.2951023489311093,1.0935966025127664,1.331089314442835,-0.6023929869394067,-0.27043238290411653,-0.7945283538853635,-0.7462450775317221,0.36317361419277167,-0.05787465201553542,-0.47430938366248976
Rafik Belghali,dz ALG,MF,Hellas Verona,it Serie A,23.0,2002.0,26,22,1920,21.3,2,0,2,2,0,0,6,0,21,6,20,10,6,60,17,13,0,28.6,0.1,0.33,0.58,-0.61,0.77,,,,,,,,,,,,,,,MF,,False,Midfielder,True,True,True,0.09375,0.0,0.09375,0.09375,0.0,0.0,0.28125,0.0,0.984375,0.28125,0.9375,0.46875,0.28125,2.8125,0.796875,0.609375,0.0,-0.327940363763349,-1.1563710848352395,-0.2721181671726069,-0.537033793734691,-0.5498372767383234,0.21576639037783404,-1.1751282067024789,-1.0362870678485336,0.03417044928066917,-0.5236829246294098,0.8364971046744621,0.7568162405299943
Haris Belkebla,dz ALG,MF,Angers,fr Ligue 1,31.0,1994.0,33,33,2875,31.9,0,0,0,0,0,0,7,0,5,0,24,54,0,5,30,44,0,0.0,0.0,,1.0,-0.59,-0.59,,,,,,,,,,,,,,,MF,,False,Midfielder,True,True,True,0.0,0.0,0.0,0.0,0.0,0.0,0.2191304347826086,0.0,0.1565217391304348,0.0,0.7513043478260869,1.6904347826086956,0.0,0.1565217391304348,0.9391304347826088,1.377391304347826,0.0,-1.0341415412128914,-1.1563710848352395,-1.0585089693537577,-1.6285416059391569,-1.421066648876647,-1.1694923366025254,0.6750078720289402,0.7950924961561803,0.39435368864631165,-0.8993191496217339,-0.8633126317738823,0.2400186463445387
Yassin Belkhdim,fr FRA,MF,Angers,fr Ligue 1,23.0,2002.0,27,26,2135,23.7,2,2,4,2,0,0,5,0,33,14,29,29,2,42,32,43,0,42.4,0.06,0.14,1.22,-0.63,-0.24,,,,,,,,,,,,,,,MF,,False,Midfielder,True,True,True,0.0843091334894613,0.0843091334894613,0.1686182669789227,0.0843091334894613,0.0,0.0,0.2107728337236534,0.0,1.3911007025761124,0.5901639344262295,1.2224824355971895,1.2224824355971895,0.0843091334894613,1.7704918032786887,1.3489461358313817,1.8126463700234192,0.0,-0.3990566415861371,-0.36086352566894975,-0.3513097467833556,-0.0007741656456935837,0.4070867877414746,-0.3277060353417495,-0.033665537559021616,1.8329835251554882,1.4319853754231346,0.051248471710920805,-0.35376779274487075,0.17048840888530045
Stefan Bell,de GER,DF,Mainz 05,de Bundesliga,33.0,1991.0,18,13,1039,11.5,2,1,3,2,0,0,4,0,12,5,15,8,1,1,19,6,0,41.7,0.17,0.4,1.06,-0.26,0.01,,,,,,,,,,,,,,,DF,,False,Defender,True,True,False,0.1732435033686236,0.0866217516843118,0.2598652550529355,0.1732435033686236,0.0,0.0,0.3464870067372473,0.0,1.039461020211742,0.4331087584215591,1.2993262752646777,0.6929740134744947,0.0866217516843118,0.0866217516843118,1.645813282001925,0.519730510105871,0.0,2.4098946764190896,0.5750852671741425,2.5705483256427653,1.4242978211373876,2.021182165370314,-0.7342268653073325,-0.17362570672286998,-1.3597395341990752,1.5259444308944836,0.6600733384653038,0.31812169008170615,1.2586491557473625
Armel Bella Kotchap,de GER,DF,Hellas Verona,it Serie A,23.0,2001.0,19,14,1347,15.0,0,0,0,0,0,0,3,0,3,0,22,17,0,1,29,12,0,0.0,0.0,,0.58,-0.94,0.02,,,,,,,,,,,,,,,DF,,False,Defender,True,True,False,0.0,0.0,0.0,0.0,0.0,0.0,0.2004454342984409,0.0,0.2004454342984409,0.0,1.469933184855234,1.135857461024499,0.0,0.0668151447661469,1.9376391982182628,0.8017817371937639,0.0,-0.809444991619996,-0.8042256269931214,-0.8221765122714052,-1.1393240664243818,-1.2246505919904345,-0.7475667698890085,0.8194565908647605,-0.6367245385750088,2.318457329528506,1.10168468457669,-0.807986293660309,-0.022824638250083275
Raoul Bellanova,it ITA,MF,Atalanta,it Serie A,25.0,2000.0,24,15,1377,15.3,0,1,1,0,0,0,2,0,13,5,5,12,2,84,10,9,0,38.5,0.0,0.0,1.38,-0.46,-1.43,,,,,,,,,,,,,,,MF,,False,Midfielder,True,True,True,0.0,0.065359477124183,0.065359477124183,0.0,0.0,0.0,0.130718954248366,0.0,0.8496732026143791,0.326797385620915,0.326797385620915,0.7843137254901962,0.130718954248366,5.490196078431373,0.6535947712418301,0.5882352941176471,0.0,-1.0341415412128914,-0.5396649705215033,-1.0585089693537577,-0.7146353943008977,-0.4087449383310279,1.6123523171141927,-0.6972342016534601,-1.0866959265183855,-0.3286075142469293,-1.7557311598053482,-0.07327760539266204,-0.4955119433911235
Jean-Ricner Bellegarde,ht HAI,"MF,FW",Wolves,eng Premier League,27.0,1998.0,26,15,1248,13.9,1,1,2,1,0,0,5,0,21,7,20,41,0,25,9,15,0,33.3,0.05,0.14,0.46,-1.44,-0.57,,,,,,,,,,,,,,,MF,FW,True,Midfielder,True,True,False,0.0721153846153846,0.0721153846153846,0.1442307692307692,0.0721153846153846,0.0,0.0,0.360576923076923,0.0,1.5144230769230769,0.5048076923076923,1.442307692307692,2.956730769230769,0.0,1.8028846153846156,0.6490384615384616,1.0817307692307694,0.0,-0.4909098662517051,-0.47591890582080465,-0.45359296767594953,0.16182389536565728,0.14267837803829275,-0.31081115848139484,2.5927037658908674,0.09007274744671608,-0.34014384950906024,0.4947299849718991,-0.8633126317738823,1.4167687507708584
Héctor Bellerín,es ESP,DF,Real Betis,es La Liga,30.0,1995.0,27,20,1822,20.2,2,3,5,2,0,0,2,0,7,5,15,4,2,29,14,16,0,71.4,0.29,0.4,1.56,0.3,0.01,,,,,,,,,,,,,,,DF,,False,Defender,True,True,True,0.0987925356750823,0.1481888035126234,0.2469813391877058,0.0987925356750823,0.0,0.0,0.0987925356750823,0.0,0.3457738748627881,0.2469813391877058,0.7409440175631175,0.1975850713501646,0.0987925356750823,1.432491767288694,0.6915477497255763,0.7903402854006586,0.0,1.026391405247518,1.555440705125079,1.1125332059463902,-0.6952713248886849,0.6262935544957443,0.17222711046352754,-1.2844416371122982,-0.666053754063751,-1.0655585886324965,-0.7852839513425562,0.4763454243506174,-0.9148002825433975
Jobe Bellingham,eng ENG,MF,Dortmund,de Bundesliga,19.0,2005.0,32,20,1786,19.8,0,1,1,0,0,0,2,1,19,6,15,20,0,5,41,23,0,31.6,0.0,0.0,2.16,1.21,0.36,,,,,,,,,,,,,,,MF,,False,Midfielder,True,True,True,0.0,0.0503919372900335,0.0503919372900335,0.0,0.0,0.0,0.1007838745800671,0.0503919372900335,0.9574468085106382,0.3023516237402015,0.7558790593505039,1.007838745800672,0.0,0.251959686450168,2.0660694288913772,1.1590145576707729,0.0,-1.0341415412128914,-0.6808927425004055,-1.0585089693537577,-0.5725380706017082,-0.4844706833080126,-1.1197154798572941,-0.358724865642483,0.27436043766453483,3.247703636828242,-0.8900900008881436,-0.8633126317738823,-0.7445538853330421
Jude Bellingham,eng ENG,MF,Real Madrid,es La Liga,22.0,2003.0,28,22,1916,21.3,6,4,10,6,0,0,3,0,51,26,33,55,4,16,14,37,0,51.0,0.12,0.23,2.21,1.08,-0.06,,,,,,,,,,,,,,,MF,,False,Midfielder,True,True,True,0.2818371607515658,0.1878914405010438,0.4697286012526096,0.2818371607515658,0.0,0.0,0.1409185803757829,0.0,2.395615866388309,1.221294363256785,1.5501043841336115,2.5835073068893526,0.1878914405010438,0.7515657620041752,0.6576200417536534,1.7379958246346554,0.0,1.0888849630195534,0.6164980579831629,1.3055886405436476,1.3236587992340731,2.362142315732357,-0.8591396737936522,2.027489069811541,1.6549749562060558,-0.31841574214003493,0.7122019931062676,0.2722596347469322,-0.41065716010676745
Jeanuël Belocian,fr FRA,DF,Wolfsburg,de Bundesliga,20.0,2005.0,14,14,1254,13.9,0,1,1,0,0,0,3,0,3,0,18,8,0,4,16,17,0,0.0,0.0,,0.71,-0.65,0.1,,,,,,,,,,,,,,,DF,,False,Defender,True,True,False,0.0,0.0717703349282296,0.0717703349282296,0.0,0.0,0.0,0.2153110047846889,0.0,0.2153110047846889,0.0,1.291866028708134,0.5741626794258373,0.0,0.2870813397129186,1.1483253588516746,1.2200956937799043,0.0,-0.809444991619996,0.3386005444899619,-0.8221765122714052,-1.0939021427921123,-1.2246505919904345,-0.5992157658377295,-0.44003763349322067,0.4355886954899704,0.17491433348892776,0.6407626931223649,-0.807986293660309,0.10761656895433008
Fran Beltrán,es ESP,MF,Girona,es La Liga,26.0,1999.0,17,11,1012,11.2,1,0,1,1,0,0,3,0,10,3,10,9,0,8,11,14,0,30.0,0.1,0.33,1.0,-0.09,0.47,,,,,,,,,,,,,,,MF,,False,Midfielder,True,True,False,0.0889328063241106,0.0,0.0889328063241106,0.0889328063241106,0.0,0.0,0.266798418972332,0.0,0.8893280632411067,0.266798418972332,0.8893280632411067,0.8003952569169961,0.0,0.7114624505928854,0.9782608695652174,1.245059288537549,0.0,-0.36422738078644856,-1.1563710848352395,-0.3125255996957496,-0.6623512610953487,-0.594604003369937,-0.8800560581375181,-0.6728801113696773,0.4795391048459715,0.493429880563508,-0.6208663135185241,-0.8633126317738823,0.6365877379456899
Lucas Beltrán,ar ARG,FW,Valencia,es La Liga,24.0,2001.0,27,16,1365,15.2,1,2,3,1,0,0,1,0,34,9,26,39,4,10,4,10,0,26.5,0.03,0.11,1.07,-0.26,-0.04,,,,,,,,,,,,,,,FW,,False,Forward,True,True,True,0.0659340659340659,0.1318681318681318,0.1978021978021978,0.0659340659340659,0.0,0.0,0.0659340659340659,0.0,2.241758241758242,0.5934065934065934,1.7142857142857144,2.571428571428571,0.2637362637362637,0.6593406593406593,0.2637362637362637,0.6593406593406593,0.0,-1.5849795269141882,0.1615323945327565,-1.557032148000296,-0.33195862541781196,-1.0983903528090297,-0.33495565443611924,1.724310389292293,0.49569111462057,-0.019268560703347322,0.5927240831639521,-0.7699665468131667,-0.7935140541791681
Ramy Bensebaini,dz ALG,DF,Dortmund,de Bundesliga,30.0,1995.0,21,15,1530,17.0,5,2,7,3,2,2,6,0,17,7,31,16,1,11,18,14,0,41.2,0.18,0.43,2.05,1.29,0.47,,,,,,,,,,,,,,,DF,,False,Defender,True,True,True,0.2941176470588235,0.1176470588235294,0.411764705882353,0.1764705882352941,0.1176470588235294,0.1176470588235294,0.3529411764705882,0.0,1.0,0.411764705882353,1.823529411764706,0.9411764705882352,0.0588235294117647,0.6470588235294117,1.0588235294117647,0.823529411764706,0.0,4.656067941537865,1.0691129599869933,2.6337461412509713,1.303724214617052,1.8612241327526675,-0.356768116651549,0.3829213210356669,-0.580976173297224,-0.06814617053391471,2.016958902485874,-0.043263290321776934,1.3152826830175064
Nabil Bentaleb,dz ALG,MF,Lille,fr Ligue 1,30.0,1994.0,26,13,1287,14.3,2,2,4,1,1,1,3,0,18,6,14,18,0,24,15,12,0,33.3,0.06,0.17,2.0,0.77,0.57,,,,,,,,,,,,,,,MF,,False,Midfielder,True,True,False,0.1398601398601398,0.1398601398601398,0.2797202797202797,0.0699300699300699,0.0699300699300699,0.0699300699300699,0.2097902097902098,0.0,1.2587412587412588,0.4195804195804196,0.9790209790209792,1.2587412587412588,0.0,1.6783216783216783,1.048951048951049,0.8391608391608392,0.0,0.01939867689365143,0.163293747192755,-0.47192375560558025,-0.1752874203413752,-0.12133052260968404,-0.3757785184055855,0.02124531819211462,-0.48834936450226735,0.6724136771505184,-0.4399173606362282,-0.8633126317738823,0.16231356601549654
Rodrigo Bentancur,uy URU,MF,Tottenham Hotspur,eng Premier League,28.0,1997.0,26,23,1883,20.9,1,1,2,1,0,0,7,0,13,3,19,8,1,7,36,36,0,23.1,0.08,0.33,1.35,0.14,0.85,,,,,,,,,,,,,,,MF,,False,Midfielder,True,True,True,0.0477960701009028,0.0477960701009028,0.0955921402018056,0.0477960701009028,0.0,0.0,0.3345724907063196,0.0,0.6213489113117365,0.1433882103027084,0.9081253319171536,0.3823685608072225,0.0477960701009028,0.3345724907063196,1.7206585236325014,1.7206585236325014,0.0,-0.6741027040638947,-0.7053863161629004,-0.6575874770043659,-1.015676363096633,-0.976892353999966,-1.0766277371064605,-1.3059454350566209,1.6136331532122958,2.373141487702038,-0.5829441871788523,-0.574444275075279,1.2004274412292433
Lucas Beraldo,br BRA,"DF,MF",Paris Saint-Germain,fr Ligue 1,21.0,2003.0,20,18,1567,17.4,2,1,3,2,0,0,2,0,14,4,15,7,0,2,18,21,0,28.6,0.14,0.5,2.3,1.32,-0.01,,,,,,,,,,,,,,,DF,MF,True,Defender,True,True,True,0.1148691767708998,0.0574345883854499,0.1723037651563497,0.1148691767708998,0.0,0.0,0.1148691767708998,0.0,0.8040842373962986,0.2297383535417996,0.8615188257817485,0.4020421186981493,0.0,0.1148691767708998,1.0338225909380985,1.206126356094448,0.0,1.3251395106726724,0.11032703353003613,1.427371098828036,0.7051013218343376,0.497070012935063,-0.7152020037098855,-0.8259854101714734,0.3997794535667861,-0.1360413269176534,-0.4731793390947804,-0.807986293660309,-0.7737322707728109
Domenico Berardi,it ITA,FW,Sassuolo,it Serie A,30.0,1994.0,26,24,1958,21.8,8,4,12,6,2,3,2,1,40,21,31,34,12,58,24,17,0,52.5,0.15,0.29,1.27,0.0,0.25,,,,,,,,,,,,,,,FW,,False,Forward,True,True,True,0.3677221654749745,0.1838610827374872,0.5515832482124616,0.2757916241062308,0.0919305413687436,0.1378958120531154,0.0919305413687436,0.0459652706843718,1.838610827374872,0.965270684371808,1.424923391215526,1.5628192032686414,0.5515832482124616,2.665985699693565,1.1031664964249233,0.7814096016343207,0.0,-0.031232537533299794,0.6878702057463923,-0.32612107073703894,-0.8587101260633406,-0.14148578249538077,1.0542326873511232,0.20339821850150838,0.8678684202175734,4.105562852174408,0.08745893921540418,0.12268958104264524,-0.5343755584434625
Yuri Berchiche,es ESP,DF,Athletic Club,es La Liga,35.0,1990.0,32,31,2705,30.1,0,6,6,0,0,0,5,0,24,5,26,34,3,64,34,29,0,20.8,0.0,0.0,1.38,-0.13,1.25,,,,,,,,,,,,,,,DF,,False,Defender,True,True,True,0.0,0.199630314232902,0.199630314232902,0.0,0.0,0.0,0.166358595194085,0.0,0.798521256931608,0.166358595194085,0.8650646950092422,1.131238447319778,0.099815157116451,2.129390018484288,1.131238447319778,0.9648798521256932,0.0,-0.809444991619996,2.3745633246662963,-0.8221765122714052,0.6881035702802525,0.022085169524470337,0.6415935300878841,0.809099326966441,-0.21863600880216955,0.12851133418571398,-0.4640009530232757,0.4896398007292889,-0.3219270808148029
Álex Berenguer,es ESP,MF,Athletic Club,es La Liga,30.0,1995.0,31,25,2154,23.9,2,3,5,2,0,0,4,0,44,20,28,38,6,199,13,17,1,45.5,0.05,0.1,0.97,-0.29,0.28,,,,,,,,,,,,,,,MF,,False,Midfielder,True,True,True,0.0835654596100278,0.1253481894150417,0.2089136490250696,0.0835654596100278,0.0,0.0,0.1671309192200557,0.0,1.8384401114206128,0.8356545961002785,1.1699164345403898,1.5877437325905293,0.2506963788300835,8.314763231197771,0.5431754874651811,0.7103064066852367,0.0417827298050139,-0.40465859752527744,0.02636473607007291,-0.35754780863518365,0.5890338142707269,1.167544298980953,3.0855406921691473,0.519491146842492,-0.7956102560111152,-0.6081833025455267,-0.05479962323318447,0.6518381082357837,-0.19258619316925898
Sander Berge,no NOR,MF,Fulham,eng Premier League,27.0,1998.0,35,34,2905,32.3,0,1,1,0,0,0,5,0,14,3,35,14,1,13,26,41,1,21.4,0.0,0.0,1.46,-0.06,0.29,,,,,,,,,,,,,,,MF,,False,Midfielder,True,True,True,0.0,0.0309810671256454,0.0309810671256454,0.0,0.0,0.0,0.1549053356282272,0.0,0.4337349397590362,0.0929432013769363,1.0843373493975903,0.4337349397590362,0.0309810671256454,0.4027538726333907,0.8055077452667814,1.270223752151463,0.0309810671256454,-1.0341415412128914,-0.8640460179126874,-1.0585089693537577,-1.2630415971398965,-1.1331560818360995,-1.0410668834189258,-1.2281554909684163,0.5395452325033739,0.05602810385505779,-0.22744922114813407,-0.676070251166836,-0.294295729700292
Lucas Bergvall,se SWE,MF,Tottenham Hotspur,eng Premier League,19.0,2006.0,23,11,965,10.7,1,3,4,1,0,0,2,0,12,5,24,7,3,19,3,14,0,41.7,0.08,0.2,1.17,-0.37,-0.19,,,,,,,,,,,,,,,MF,,False,Midfielder,True,True,False,0.0932642487046632,0.2797927461139896,0.3730569948186528,0.0932642487046632,0.0,0.0,0.1865284974093264,0.0,1.1191709844559583,0.466321243523316,2.238341968911917,0.6528497409326425,0.2797927461139896,1.7720207253886011,0.2797927461139896,1.305699481865285,0.0,-0.33159943722163693,1.4836423433824228,-0.27619273091447827,-0.3593080094176417,0.02345873497964064,-0.3269086068662107,-0.8963250509021122,0.624139174127072,-1.2750544777512207,2.1006714080767326,0.8276898003405325,-0.031209955165056126
Adrian Bernabe,es ESP,MF,Parma,it Serie A,24.0,2001.0,32,31,2470,27.4,3,1,4,3,0,0,0,0,50,12,15,61,1,81,17,23,0,24.0,0.06,0.25,1.28,-0.47,0.0,,,,,,,,,,,,,,,MF,,False,Midfielder,True,True,True,0.1093117408906882,0.0364372469635627,0.145748987854251,0.1093117408906882,0.0,0.0,0.0,0.0,1.8218623481781375,0.437246963562753,0.5465587044534413,2.2226720647773277,0.0364372469635627,2.951417004048583,0.6194331983805669,0.8380566801619433,0.0,-0.21071668653488296,-0.8125636680700518,-0.1415836615473962,0.5671763680984049,-0.06660479097739098,0.2882202937171114,1.481035263221831,-0.49098229587955994,-0.41510281049904446,-1.3123786365762884,-0.6430943663230849,-1.5830153866876162
Federico Bernardeschi,it ITA,"MF,FW",Bologna,it Serie A,31.0,1994.0,29,12,1217,13.5,4,2,6,3,1,1,3,0,39,13,13,11,2,48,6,6,0,33.3,0.08,0.23,1.66,0.52,0.68,,,,,,,,,,,,,,,MF,FW,True,Midfielder,True,True,False,0.295809367296631,0.1479046836483155,0.4437140509449466,0.2218570254724733,0.0739523418241577,0.0739523418241577,0.2218570254724733,0.0,2.8841413311421524,0.9613804437140512,0.9613804437140512,0.8134757600657354,0.1479046836483155,3.5497124075595727,0.4437140509449466,0.4437140509449466,0.0,1.1941349759656146,0.23919887311055293,0.8024651557750132,1.9677697624252324,1.55700581463644,0.6002687548195331,-0.6530708191954995,-1.4313152396927211,-0.86001440096763,-0.47550586129224215,0.03058895518334054,0.262702248586752
Bernardo,br BRA,DF,Hoffenheim,de Bundesliga,30.0,1995.0,29,26,2312,25.7,0,0,0,0,0,0,9,0,10,0,42,11,2,16,39,42,0,0.0,0.0,,1.76,0.39,0.03,,,,,,,,,,,,,,,DF,,False,Defender,True,True,True,0.0,0.0,0.0,0.0,0.0,0.0,0.3503460207612456,0.0,0.3892733564013841,0.0,1.6349480968858132,0.4282006920415225,0.0778546712802768,0.6228373702422145,1.518166089965398,1.6349480968858132,0.0,-0.809444991619996,-0.8042256269931214,-0.8221765122714052,-0.5623581527828961,-1.2246505919904345,-0.37308145477229504,-0.7673297610133084,1.4990285234712306,1.179292401235926,1.528821297068907,0.20414709311127754,1.292510920310974
Lorenzo Bernasconi,it ITA,MF,Atalanta,it Serie A,21.0,2003.0,23,17,1572,17.5,0,3,3,0,0,0,3,0,9,1,8,5,3,113,14,16,0,11.1,0.0,0.0,1.91,0.74,0.65,,,,,,,,,,,,,,,MF,,False,Midfielder,True,True,True,0.0,0.1717557251908396,0.1717557251908396,0.0,0.0,0.0,0.1717557251908396,0.0,0.5152671755725191,0.0572519083969465,0.4580152671755725,0.2862595419847328,0.1717557251908396,6.469465648854962,0.8015267175572519,0.9160305343511452,0.0,-1.0341415412128914,0.4642478453365437,-1.0585089693537577,-1.155542990148319,-1.2437171583650293,2.1231026265129804,-1.451494242528277,-0.30504910373196814,0.04594835218431175,-1.4910085999431946,0.17473911567548775,-0.15411057617304577
Antoine Bernede,fr FRA,MF,Hellas Verona,it Serie A,26.0,1999.0,32,29,2301,25.6,1,2,3,1,0,0,2,0,21,4,55,20,1,25,16,39,0,19.0,0.05,0.25,0.56,-0.78,0.5,,,,,,,,,,,,,,,MF,,False,Midfielder,True,True,True,0.0391134289439374,0.0782268578878748,0.1173402868318122,0.0391134289439374,0.0,0.0,0.0782268578878748,0.0,0.8213820078226858,0.1564537157757496,2.1512385919165578,0.7822685788787483,0.0391134289439374,0.9778357235984354,0.6258148631029987,1.5254237288135593,0.0,-0.7395074124203835,-0.41825346692127646,-0.7304189345454549,-0.7519367635064688,-0.9364192797601527,-0.7411257413869393,-0.7003313995444376,1.1480844254184468,-0.3989447728410558,1.9249466618938347,-0.626920143436868,-0.9322147602559474
Nicolò Bertola,it ITA,"DF,MF",Udinese,it Serie A,22.0,2003.0,28,18,1763,19.6,0,1,1,0,0,0,3,0,13,4,19,12,1,8,24,21,0,30.8,0.0,0.0,1.46,-0.05,0.06,,,,,,,,,,,,,,,DF,MF,True,Defender,True,True,True,0.0,0.0510493477027793,0.0510493477027793,0.0,0.0,0.0,0.153148043108338,0.0,0.6636415201361315,0.2041973908111174,0.9699376063528078,0.6125921724333523,0.0510493477027793,0.4083947816222348,1.2251843448667046,1.0720363017583665,0.0,-0.809444991619996,0.008652432587018394,-0.8221765122714052,0.2759769647165926,0.3056592139756769,-0.5175102144410996,-0.3538667697543544,0.05605068822863193,0.38364061312369385,-0.19254027385031638,-0.14432991526668845,-0.4378459662350252
Jan-Niklas Beste,de GER,MF,Freiburg,de Bundesliga,26.0,1999.0,28,20,1704,18.9,2,2,4,2,0,0,5,0,24,14,17,36,5,106,17,24,0,58.3,0.08,0.14,1.54,0.42,1.35,,,,,,,,,,,,,,,MF,,False,Midfielder,True,True,True,0.1056338028169014,0.1056338028169014,0.2112676056338028,0.1056338028169014,0.0,0.0,0.2640845070422535,0.0,1.267605633802817,0.7394366197183099,0.897887323943662,1.9014084507042253,0.2640845070422535,5.598591549295775,0.897887323943662,1.267605633802817,0.0,-0.23842190465002677,-0.1596524000817009,-0.17243482605105262,-0.1635999207719005,0.8694894468860818,1.6688873325517428,0.9945092692489049,0.5333021769683386,0.2899283126584679,-0.6035986257852469,0.7327528484593049,0.614009615394647
Beto,gw GNB,FW,Everton,eng Premier League,27.0,1998.0,37,17,1568,17.4,9,1,10,9,0,0,3,0,43,17,32,12,9,2,1,5,0,39.5,0.21,0.53,1.32,0.34,0.78,,,,,,,,,,,,,,,FW,,False,Forward,True,True,True,0.5165816326530612,0.0573979591836734,0.5739795918367347,0.5165816326530612,0.0,0.0,0.1721938775510204,0.0,2.4681122448979593,0.9757653061224488,1.8367346938775508,0.6887755102040816,0.5165816326530612,0.1147959183673469,0.0573979591836734,0.2869897959183674,0.0,0.735165969633293,-0.5923480264868107,1.0862230516102336,-0.03620499640511054,-0.11448034755049209,-0.7119407168309309,-1.1145983543540663,-0.6395734209878656,-1.033183341414056,0.8065363053059994,0.014144387592700659,0.2657067547634819
Sam Beukema,nl NED,DF,Napoli,it Serie A,26.0,1998.0,24,18,1681,18.7,2,0,2,2,0,0,2,0,8,4,19,5,1,6,14,17,0,50.0,0.25,0.5,2.04,0.54,-0.09,,,,,,,,,,,,,,,DF,,False,Defender,True,True,True,0.1070791195716835,0.0,0.1070791195716835,0.1070791195716835,0.0,0.0,0.1070791195716835,0.0,0.4283164782867341,0.214158239143367,1.0172516359309935,0.2676977989292088,0.0535395597858417,0.3212373587150505,0.7495538370017846,0.9101725163593098,0.0,1.1803788722066613,-0.8042256269931214,1.274814032994998,-0.4430614394625217,0.380308472803292,-0.5762114200524613,-1.127227117175941,-0.35887373986302423,-0.9080312073713794,-0.07006919491147637,-0.11195643339382903,-0.8420878354783317
Matteo Bianchetti,it ITA,DF,Cremonese,it Serie A,32.0,1993.0,27,25,2192,24.4,0,2,2,0,0,0,4,0,7,1,28,15,0,6,19,30,0,14.3,0.0,0.0,1.15,-0.37,0.8,,,,,,,,,,,,,,,DF,,False,Defender,True,True,True,0.0,0.0821167883211678,0.0821167883211678,0.0,0.0,0.0,0.1642335766423357,0.0,0.2874087591240876,0.0410583941605839,1.1496350364963503,0.6158759124087592,0.0,0.2463503649635036,0.7801094890510949,1.2317518248175183,0.0,-0.809444991619996,0.5033510327147128,-0.8221765122714052,-0.8736066153051731,-0.9169480158136265,-0.6266483957132454,-0.34650360443964884,0.4654682234685097,-0.8250510913857252,0.2726016375112813,-0.807986293660309,-0.3405735219640597
Mika Biereth,dk DEN,FW,Monaco,fr Ligue 1,22.0,2003.0,32,12,1074,11.9,2,2,4,2,0,0,0,0,19,7,16,14,9,9,0,7,0,36.8,0.11,0.29,1.56,-0.34,-0.79,,,,,,,,,,,,,,,FW,,False,Forward,True,True,False,0.1675977653631284,0.1675977653631284,0.3351955307262569,0.1675977653631284,0.0,0.0,0.0,0.0,1.5921787709497206,0.5865921787709497,1.340782122905028,1.1731843575418994,0.7541899441340782,0.7541899441340782,0.0,0.5865921787709497,0.0,-1.0615670160911188,0.5232325245460749,-0.9607278029352849,-1.1806976941286336,-1.115925642360474,-0.26929206271353806,-0.3841437950246105,0.27388749302798404,-1.3152281092294456,-0.059462918453691366,0.7510029503425254,-1.4507590990632495
Pedro Bigas,es ESP,DF,Elche,es La Liga,34.0,1990.0,28,25,2063,22.9,1,3,4,1,0,0,5,1,10,3,24,19,0,26,30,22,0,30.0,0.1,0.33,1.29,0.0,0.53,,,,,,,,,,,,,,,DF,,False,Defender,True,True,True,0.0436257876878332,0.1308773630634997,0.174503150751333,0.0436257876878332,0.0,0.0,0.2181289384391662,0.0436257876878332,0.4362578768783325,0.1308773630634997,1.047018904507998,0.8288899660688318,0.0,1.1342704798836645,1.3087736306349975,0.9597673291323316,0.0,0.0012418515919786547,1.2797840953138886,0.03217179276805673,-0.418796403640675,-0.24382066424506849,-0.02862725770991051,0.131140089397691,-0.2317415387012518,0.6106443968104996,0.0069825703300281875,-0.807986293660309,0.13234314557996332
Jaka Bijol,si SVN,DF,Leeds United,eng Premier League,26.0,1999.0,25,21,1890,21.0,1,2,3,1,0,0,4,0,15,6,19,10,0,1,22,13,0,40.0,0.07,0.17,1.28,0.14,0.73,,,,,,,,,,,,,,,DF,,False,Defender,True,True,True,0.0476190476190476,0.0952380952380952,0.1428571428571428,0.0476190476190476,0.0,0.0,0.1904761904761905,0.0,0.7142857142857142,0.2857142857142857,0.9047619047619048,0.4761904761904761,0.0,0.0476190476190476,1.0476190476190477,0.6190476190476191,0.0,0.0754475785103242,0.7122865624669711,0.11037404502828342,0.43072088935831426,0.916568604770085,-0.7604954913677003,-0.6597217540602005,-1.1051483387332384,-0.09857423003722342,-0.3612458050763853,-0.807986293660309,-0.11030195372159303
Tom Bischof,de GER,"DF,MF",Bayern Munich,de Bundesliga,20.0,2005.0,26,14,1302,14.5,3,3,6,3,0,0,2,0,30,9,15,9,1,26,15,18,0,30.0,0.1,0.33,2.65,2.76,0.41,,,,,,,,,,,,,,,DF,MF,True,Defender,True,True,False,0.2073732718894009,0.2073732718894009,0.4147465437788018,0.2073732718894009,0.0,0.0,0.1382488479262673,0.0,2.0737327188940093,0.6221198156682028,1.036866359447005,0.6221198156682028,0.0691244239631336,1.7972350230414746,1.036866359447005,1.2442396313364057,0.0,3.044119426689464,2.4978573661861128,3.2389307533885305,4.584527033734566,3.4376815299881165,0.4178845443014042,-0.3325028332907042,0.49747968276556126,-0.12777535165733367,-0.019297016479214835,0.09065133699096108,-0.5685822207044628
Antonio Blanco,es ESP,MF,Alavés,es La Liga,25.0,2000.0,36,36,3110,34.6,2,3,5,2,0,0,9,0,40,13,71,43,2,30,51,49,0,32.5,0.05,0.15,1.08,-0.46,-1.62,,,,,,,,,,,,,,,MF,,False,Midfielder,True,True,True,0.0578778135048231,0.0868167202572347,0.1446945337620578,0.0578778135048231,0.0,0.0,0.2604501607717042,0.0,1.157556270096463,0.3762057877813505,2.054662379421222,1.2443729903536975,0.0578778135048231,0.8681672025723474,1.4758842443729905,1.4180064308681672,0.0,-0.5981588207295729,-0.3372029310635211,-0.573020113987903,-0.30869778520193725,-0.2556923118684713,-0.7983247320807407,-0.0005141832039486258,0.8919416284958657,1.7533859546230353,1.7301111570780725,-0.5135125573922297,0.5837740301569878
Ludovic Blas,fr FRA,"MF,FW",Rennes,fr Ligue 1,27.0,1997.0,32,15,1546,17.2,5,4,9,3,2,2,1,0,47,14,24,27,5,93,15,10,0,29.8,0.06,0.21,1.78,-0.17,-0.89,,,,,,,,,,,,,,,MF,FW,True,Midfielder,True,True,True,0.2910737386804657,0.2328589909443726,0.5239327296248383,0.1746442432082794,0.1164294954721863,0.1164294954721863,0.0582147477360931,0.0,2.736093143596378,0.815006468305304,1.3971539456662354,1.571798188874515,0.2910737386804657,5.4139715394566625,0.8732212160413971,0.5821474773609314,0.0,1.1584623732488182,1.04079403653608,0.40643638011694977,1.7725712158625395,1.1035825019510954,1.5725964541312625,0.4953429982005878,-1.1012126797885156,0.2274750316266604,0.4036355757597328,0.8958695016784793,-1.098703536293286
Daley Blind,nl NED,DF,Girona,es La Liga,35.0,1990.0,31,30,2606,29.0,0,0,0,0,0,0,1,0,5,1,19,20,0,13,38,34,0,20.0,0.0,0.0,1.13,-0.52,-0.41,,,,,,,,,,,,,,,DF,,False,Defender,True,True,True,0.0,0.0,0.0,0.0,0.0,0.0,0.0345356868764389,0.0,0.1726784343821949,0.0345356868764389,0.6561780506523407,0.6907137375287797,0.0,0.4489639293937068,1.3123561013046814,1.1742133537989254,0.0,-0.809444991619996,-0.8042256269931214,-0.8221765122714052,-1.2241664578320781,-0.9658309269944398,-0.4901865763001813,-0.1786939476828107,0.3179731113172704,0.6203733278510101,-1.0046983516252834,-0.807986293660309,-1.4786360893293105
Lamare Bogarde,nl NED,"MF,DF",Aston Villa,eng Premier League,21.0,2004.0,28,11,1053,11.7,0,0,0,0,0,0,5,0,0,0,17,20,0,2,4,19,0,,,,1.61,-0.09,-0.39,,,,,,,,,,,,,,,MF,DF,True,Midfielder,True,True,False,0.0,0.0,0.0,0.0,0.0,0.0,0.4273504273504273,0.0,0.0,0.0,1.4529914529914532,1.709401709401709,0.0,0.1709401709401709,0.3418803418803419,1.6239316239316235,0.0,-1.0341415412128914,-1.1563710848352395,-1.0585089693537577,-1.8349123592067662,-1.421066648876647,-1.1619722229072917,0.7037316443652709,1.3829822329142614,-1.1178519680423735,0.5162836973444144,-0.8633126317738823,1.972284331781687
Jayden Bogle,eng ENG,"MF,DF",Leeds United,eng Premier League,25.0,2000.0,34,32,2793,31.0,1,2,3,1,0,0,6,0,18,4,39,29,10,67,30,43,0,22.2,0.06,0.25,1.24,-0.19,-0.05,,,,,,,,,,,,,,,MF,DF,True,Midfielder,True,True,True,0.0322234156820623,0.0644468313641246,0.0966702470461868,0.0322234156820623,0.0,0.0,0.1933404940923737,0.0,0.5800214822771214,0.1288936627282492,1.2567132116004298,0.9344790547798068,0.322234156820623,2.158968850698174,0.966702470461869,1.385606874328679,0.0,-0.7914085908542946,-0.5482763340940902,-0.7882135271432654,-1.0701657439830792,-1.0217921782940997,-0.12509096574655723,-0.46982178115981793,0.8146830007905329,0.4641646251636916,0.12030657981542647,1.0841958381991583,0.025461779176261315
Federico Bonazzoli,it ITA,FW,Cremonese,it Serie A,28.0,1997.0,35,31,2510,27.9,10,1,11,7,3,3,4,0,75,32,26,80,4,26,12,16,0,42.7,0.09,0.22,0.83,-0.79,-0.49,,,,,,,,,,,,,,,FW,,False,Forward,True,True,True,0.3585657370517928,0.0358565737051792,0.3944223107569721,0.250996015936255,0.1075697211155378,0.1075697211155378,0.1434262948207171,0.0,2.6892430278884465,1.1474103585657371,0.9322709163346614,2.8685258964143427,0.1434262948207171,0.9322709163346614,0.4302788844621513,0.5737051792828686,0.0,-0.07837413495759345,-0.8104169280144305,-0.47155871439275765,0.2527239849634596,0.32720772920998453,-0.14600767235036732,2.1723123132726343,0.23459618226061738,0.7990963334854437,-0.7727778773687287,-1.1430655778488226,-0.02105473847875323
Warren Bondo,fr FRA,MF,Cremonese,it Serie A,21.0,2003.0,27,22,1762,19.6,0,0,0,0,0,0,5,0,8,2,39,33,0,3,9,16,0,25.0,0.0,0.0,0.85,-0.72,-0.12,,,,,,,,,,,,,,,MF,,False,Midfielder,True,True,True,0.0,0.0,0.0,0.0,0.0,0.0,0.2553916004540295,0.0,0.4086265607264472,0.1021566401816118,1.9920544835414304,1.6855845629965946,0.0,0.1532349602724177,0.4597048808172531,0.8172531214528944,0.0,-1.0341415412128914,-1.1563710848352395,-1.0585089693537577,-1.2961464880200446,-1.1046155715959847,-1.1712065972814631,0.6676626333701127,-0.5405895920562694,-0.8195264652177309,1.603804267586201,-0.8633126317738823,0.5416898366654919
Rahim Bonkano,ne NIG,DF,Oviedo,es La Liga,23.0,2002.0,27,18,1713,19.0,0,0,0,0,0,0,2,0,3,0,10,8,9,68,29,19,0,0.0,0.0,,0.78,-1.21,-0.63,,,,,,,,,,,,,,,DF,,False,Defender,True,True,True,0.0,0.0,0.0,0.0,0.0,0.0,0.1050788091068301,0.0,0.1576182136602452,0.0,0.5253940455341506,0.4203152364273205,0.4728546409807355,3.5726795096322244,1.5236427320490369,0.9982486865148862,0.0,-0.809444991619996,-0.8042256269931214,-0.8221765122714052,-1.2701831375249522,-1.2246505919904345,1.613660284136081,-0.7850114025878513,-0.1330977613746397,1.194165341750463,-1.34322919242588,5.3392616666266655,-0.8596399981794185
Ange-Yoan Bonny,fr FRA,FW,Inter,it Serie A,21.0,2003.0,33,10,1142,12.7,5,4,9,5,0,0,1,0,22,9,17,24,9,6,1,9,0,40.9,0.23,0.56,2.18,1.89,0.71,,,,,,,,,,,,,,,FW,,False,Forward,True,True,False,0.3940455341506129,0.3152364273204904,0.7092819614711033,0.3940455341506129,0.0,0.0,0.0788091068301226,0.0,1.733800350262697,0.7092819614711033,1.339754816112084,1.8914185639229424,0.7092819614711033,0.4728546409807355,0.0788091068301226,0.7092819614711033,0.0,0.10429253748574414,2.017816095699924,0.3674924882461773,-0.995655258619025,-0.8002124109703862,-0.46405880790982307,0.6989030023257559,0.6479576855899466,-0.9279722458892257,-0.0612567328974961,0.6117366454107745,-0.6651728588997015
Gennaro Borrelli,it ITA,FW,Cagliari,it Serie A,25.0,2000.0,27,13,1275,14.2,5,1,6,5,0,0,4,0,30,12,43,49,5,2,3,6,0,40.0,0.17,0.42,1.26,-0.56,-0.35,,,,,,,,,,,,,,,FW,,False,Forward,True,True,False,0.3529411764705882,0.0705882352941176,0.4235294117647058,0.3529411764705882,0.0,0.0,0.2823529411764706,0.0,2.1176470588235294,0.8470588235294116,3.0352941176470587,3.4588235294117644,0.3529411764705882,0.1411764705882353,0.2117647058823529,0.4235294117647058,0.0,-0.10733201660677497,-0.4588195203875995,0.1263965294786348,-0.49412201658763083,-0.4456761376645534,-0.6936776185458836,3.062439733021538,-0.2232763238057686,-0.2746488246776078,2.899380644390516,-0.49332890153075704,1.3637961519697597
Sven Botman,nl NED,DF,Newcastle United,eng Premier League,25.0,2000.0,25,21,1835,20.4,1,1,2,1,0,0,2,0,15,4,13,19,1,2,25,14,1,26.7,0.07,0.25,1.36,-0.1,-0.1,,,,,,,,,,,,,,,DF,,False,Defender,True,True,True,0.0490463215258855,0.0490463215258855,0.0980926430517711,0.0490463215258855,0.0,0.0,0.0980926430517711,0.0,0.7356948228882834,0.1961852861035422,0.6376021798365122,0.9318801089918256,0.0490463215258855,0.0980926430517711,1.2261580381471389,0.6866485013623979,0.0490463215258855,0.10197024410006052,-0.023242510350186166,0.1383251516503441,0.4961366698613534,0.2456143605535731,-0.7265011303068394,0.3620759898668485,-0.9318590673634954,0.38628487616263996,-1.052781488092948,-0.17036983856060722,-0.9209416438038102
Ayyoub Bouaddi,fr FRA,MF,Lille,fr Ligue 1,17.0,2007.0,30,28,2321,25.8,0,1,1,0,0,0,7,1,16,5,37,24,0,20,27,40,0,31.3,0.0,0.0,1.63,0.12,-1.35,,,,,,,,,,,,,,,MF,,False,Midfielder,True,True,True,0.0,0.0387763894872899,0.0387763894872899,0.0,0.0,0.0,0.2714347264110297,0.0387763894872899,0.6204222317966394,0.1938819474364498,1.4347264110297284,0.9306333476949592,0.0,0.7755277897457992,1.046962516156829,1.5510555794915983,0.0,-1.0341415412128914,-0.7904924465715543,-1.0585089693537577,-1.0168981713299858,-0.820477680577932,-0.8466419781105697,-0.4756457723621283,1.209205064724721,0.6673788172556996,0.4794352998027776,-0.8633126317738823,0.6751590402694918
Hicham Boudaoui,dz ALG,MF,Nice,fr Ligue 1,25.0,1999.0,25,18,1694,18.8,1,2,3,1,0,0,5,0,21,9,19,40,2,19,18,16,0,42.9,0.05,0.11,0.92,-0.69,-0.03,,,,,,,,,,,,,,,MF,,False,Midfielder,True,True,True,0.0531286894923258,0.1062573789846517,0.1593860684769775,0.0531286894923258,0.0,0.0,0.2656434474616292,0.0,1.115702479338843,0.4781582054309327,1.009445100354191,2.125147579693034,0.1062573789846517,1.009445100354191,0.9563164108618656,0.8500590318772137,0.0,-0.6339330817373542,-0.15376858258020437,-0.6128565667009218,-0.36388116339426047,0.060126144369145124,-0.7246394750456685,1.3333428543593164,-0.46236198986924887,0.43786767140097194,-0.37853890226255127,-0.22111769002244178,0.6269790664104805
Sofiane Boufal,ma MAR,"MF,FW",Le Havre,fr Ligue 1,31.0,1993.0,17,13,1019,11.3,1,4,5,1,0,1,2,0,19,4,24,32,6,59,3,17,0,21.1,0.05,0.25,1.0,-0.53,-0.27,,,,,,,,,,,,,,,MF,FW,True,Midfielder,True,True,False,0.0883218842001962,0.353287536800785,0.4416094210009814,0.0883218842001962,0.0,0.0883218842001962,0.1766437684003925,0.0,1.6781157998037293,0.353287536800785,2.1197252208047104,2.8263002944062805,0.5299313052011776,5.21099116781158,0.2649656526005888,1.5014720314033363,0.0,-0.36882934263432404,2.177110051219774,-0.3176501174460991,0.377649445944003,-0.32668627955667257,1.4667294990549775,2.3951780778622647,1.0909702093373763,-1.3125958945708673,1.8613707210862598,2.339469207265197,-0.1134449829395589
Jarrod Bowen,eng ENG,"MF,FW",West Ham United,eng Premier League,28.0,1996.0,38,38,3403,37.8,9,11,20,8,1,1,4,0,79,28,19,49,17,148,27,28,0,35.4,0.1,0.29,1.03,-0.48,4.82,,,,,,,,,,,,,,,MF,FW,True,Midfielder,True,True,True,0.2380252718189832,0.2909197766676462,0.5289450484866294,0.2115780193946518,0.0264472524243314,0.0264472524243314,0.1057890096973259,0.0,2.089332941522186,0.7405230678812813,0.5024977960622979,1.2959153687922422,0.449603291213635,3.9141933588010582,0.7140758154569496,0.7405230678812813,0.0,0.7588582158144505,1.5886325923643385,0.7162431201999414,0.9198309458714473,0.8728549421781224,0.7903683599119583,0.0775422969047373,-0.7235568692618826,-0.17547270812223836,-1.4012683238731898,1.853985330694232,-0.7029141575255411
Kieron Bowie,sct SCO,FW,Hellas Verona,it Serie A,22.0,2002.0,14,14,1200,13.3,4,0,4,4,0,0,1,0,33,11,34,27,3,6,0,3,0,33.3,0.12,0.36,0.5,-0.82,0.19,,,,,,,,,,,,,,,FW,,False,Forward,True,True,False,0.3,0.0,0.3,0.3,0.0,0.0,0.075,0.0,2.475,0.825,2.55,2.025,0.225,0.45,0.0,0.225,0.0,-0.37989807762969635,-1.1734021059287691,-0.1841278144076814,-0.0272054711529686,-0.5024393196008561,-0.47988093896324896,0.9003344368681059,-0.8285747737144558,-1.3152281092294456,2.0519924992834286,-0.890093437346126,-0.7031428605076064
Lucas Boyé,ar ARG,FW,Alavés,es La Liga,29.0,1996.0,29,22,1958,21.8,11,1,12,8,3,3,4,1,63,21,58,39,10,10,7,25,0,33.3,0.13,0.38,1.21,-0.32,-0.01,,,,,,,,,,,,,,,FW,,False,Forward,True,True,True,0.5056179775280899,0.0459652706843718,0.5515832482124616,0.3677221654749745,0.1378958120531154,0.1378958120531154,0.1838610827374872,0.0459652706843718,2.895812053115424,0.965270684371808,2.665985699693565,1.7926455566905006,0.459652706843718,0.459652706843718,0.3217568947906026,1.149131767109295,0.0,0.678719919676557,-0.7080840280099787,0.21309382671621754,0.5226266065432719,-0.14148578249538077,-0.47319842783431276,0.5499602365853463,1.9890204690780633,0.26583592118001165,2.254518974153577,-0.1624006422898731,0.38200798217632453
Enzo Boyomo,cm CMR,DF,Osasuna,es La Liga,23.0,2001.0,30,29,2542,28.2,1,2,3,1,0,0,7,0,11,4,33,5,0,10,17,36,0,36.4,0.09,0.25,1.07,-0.25,-0.35,,,,,,,,,,,,,,,DF,,False,Defender,True,True,True,0.035405192761605,0.07081038552321,0.1062155782848151,0.035405192761605,0.0,0.0,0.2478363493312352,0.0,0.3894571203776554,0.1416207710464201,1.168371361132966,0.1770259638080251,0.0,0.3540519276160503,0.6018882769472856,1.2745869394177811,0.0,-0.1515193592256985,0.3233149072632016,-0.12881673520751435,-0.5617966598146795,-0.16330669430426073,-0.5541105513960178,-1.330541544135791,0.5752724973765766,-1.3090472053489282,0.3211001043307857,-0.807986293660309,0.39301733519574744
Domagoj Bradarić,hr CRO,MF,Hellas Verona,it Serie A,25.0,1999.0,29,23,1966,21.8,0,1,1,0,0,0,2,0,13,6,8,10,2,108,9,20,0,46.2,0.0,0.0,0.45,-1.01,-0.14,,,,,,,,,,,,,,,MF,,False,Midfielder,True,True,True,0.0,0.0457782299084435,0.0457782299084435,0.0,0.0,0.0,0.091556459816887,0.0,0.595116988809766,0.2746693794506612,0.3662258392675483,0.4577822990844354,0.091556459816887,4.944048830111902,0.4120040691759918,0.9155645981688708,0.0,-1.0341415412128914,-0.7244258562441844,-1.0585089693537577,-1.0502626233596752,-0.5702220941942557,1.3275023794858778,-1.1917378423904117,-0.3061601556686485,-0.9403023981975531,-1.676187114000925,-0.30996663415082054,-0.8213204520898191
Conor Bradley,nir NIR,DF,Liverpool,eng Premier League,22.0,2003.0,15,12,929,10.3,0,1,1,0,0,0,5,0,6,0,18,20,1,23,12,15,0,0.0,0.0,,1.47,-0.19,-0.63,,,,,,,,,,,,,,,DF,,False,Defender,True,True,False,0.0,0.0968783638320775,0.0968783638320775,0.0,0.0,0.0,0.4843918191603875,0.0,0.581270182992465,0.0,1.743810548977395,1.9375672766415504,0.0968783638320775,2.2282023681377825,1.16254036598493,1.4531754574811624,0.0,-0.809444991619996,0.7384051792929796,-0.8221765122714052,0.024290385403089684,-1.2246505919904345,0.7081444199659442,2.617139096489777,1.0330693945546452,0.2135180896369187,1.8106087939793536,0.4514606332589098,2.4687251651688333
Julian Brandt,de GER,"MF,FW",Dortmund,de Bundesliga,29.0,1996.0,29,17,1606,17.8,7,4,11,7,0,0,0,0,38,18,8,5,7,25,5,8,0,47.4,0.18,0.39,2.14,1.34,0.6,,,,,,,,,,,,,,,MF,FW,True,Midfielder,True,True,True,0.3922789539227895,0.224159402241594,0.6164383561643836,0.3922789539227895,0.0,0.0,0.0,0.0,2.1295143212951433,1.0087173100871731,0.448318804483188,0.2801992528019925,0.3922789539227895,1.400996264009963,0.2801992528019925,0.448318804483188,0.0,1.9208222897092282,0.9587081664973005,2.2319930173569102,0.9728092839422173,1.7036414355048872,-0.5204210616254128,-1.4606720270305866,-1.4203349369576446,-1.2740252243105177,-1.5105705102188658,1.50753033811671,-1.5830153866876162
Lilian Brassier,fr FRA,DF,Rennes,fr Ligue 1,25.0,1999.0,27,25,2250,25.0,0,1,1,0,0,0,2,0,11,2,27,21,0,23,38,13,0,18.2,0.0,0.0,1.78,0.48,0.81,,,,,,,,,,,,,,,DF,,False,Defender,True,True,True,0.0,0.04,0.04,0.0,0.0,0.0,0.08,0.0,0.44,0.08,1.08,0.8400000000000001,0.0,0.92,1.5199999999999998,0.52,0.0,-0.809444991619996,-0.1672905074198823,-0.8221765122714052,-0.40736230289007336,-0.625109216897489,-0.1729401007994845,0.15605223746661473,-1.3590487191416967,1.1842727586222759,0.09235323914646515,-0.807986293660309,-1.079699506704181
Gleison Bremer,br BRA,DF,Juventus,it Serie A,28.0,1997.0,26,25,2171,24.1,4,3,7,4,0,0,5,0,23,9,21,10,0,1,30,14,0,39.1,0.17,0.44,2.12,1.08,1.01,,,,,,,,,,,,,,,DF,,False,Defender,True,True,True,0.1658222017503454,0.1243666513127591,0.2901888530631045,0.1658222017503454,0.0,0.0,0.2072777521879318,0.0,0.9534776600644864,0.3730999539382773,0.8705665591893137,0.4145555043758636,0.0,0.0414555504375863,1.243666513127591,0.5803777061262091,0.0,2.271986528502169,1.1761115711272674,2.425212807482462,1.1615746634982296,1.5714601509004327,-0.7646466548976192,-0.7979265114518016,-1.2042754625905783,0.4338327171403172,-0.4497595272069682,-0.807986293660309,0.03712703291746174
Abel Bretones,es ESP,"MF,DF",Osasuna,es La Liga,24.0,2000.0,28,17,1624,18.0,1,2,3,1,0,0,5,1,11,3,16,19,1,34,16,12,0,27.3,0.09,0.33,1.18,-0.17,-0.02,,,,,,,,,,,,,,,MF,DF,True,Midfielder,True,True,True,0.0554187192118226,0.1108374384236453,0.1662561576354679,0.0554187192118226,0.0,0.0,0.2770935960591133,0.0554187192118226,0.6096059113300493,0.1662561576354679,0.8866995073891626,1.0529556650246306,0.0554187192118226,1.8842364532019704,0.8866995073891626,0.6650246305418719,0.0,-0.616682717104788,-0.11055295748300462,-0.5936474114141617,-1.0311592715111813,-0.9060542121446332,-0.2683810885697963,-0.2903991885073253,-0.9035872859014042,0.2616013526784419,-0.6261692343218709,-0.5283747526707606,0.7222374480095373
Sascha Britschgi,ch SUI,"MF,DF",Parma,it Serie A,18.0,2006.0,29,22,2095,23.3,0,2,2,0,0,0,7,1,13,3,18,23,0,48,8,18,0,23.1,0.0,0.0,1.31,-0.39,0.22,,,,,,,,,,,,,,,MF,DF,True,Midfielder,True,True,True,0.0,0.0859188544152744,0.0859188544152744,0.0,0.0,0.0,0.3007159904534606,0.0429594272076372,0.558472553699284,0.1288782816229117,0.7732696897374702,0.9880668257756564,0.0,2.0620525059665873,0.3436754176610979,0.7732696897374702,0.0,-1.0341415412128914,-0.3456748371884478,-1.0585089693537577,-1.09857757129489,-1.0218398244123077,-0.17563889917825354,-0.38866773069639776,-0.6454706441152168,-1.113306931076949,-0.8550056652845647,-0.8633126317738823,0.9187616276166545
Brian Brobbey,nl NED,FW,Sunderland,eng Premier League,23.0,2002.0,31,22,1927,21.4,7,1,8,7,0,0,6,0,36,18,33,37,8,2,0,2,0,50.0,0.19,0.39,1.29,-0.47,-0.71,,,,,,,,,,,,,,,FW,,False,Forward,True,True,True,0.3269330565646082,0.0467047223663725,0.3736377789309807,0.3269330565646082,0.0,0.0,0.2802283341982356,0.0,1.6813700051894136,0.8406850025947068,1.5412558380902956,1.7280747275557862,0.3736377789309807,0.0934094447327451,0.0,0.0934094447327451,0.0,-0.24123404277959912,-0.7005983713335487,-0.02615305305676347,-1.0641606290155026,-0.4620776631975751,-0.7267464444248375,0.4525919560505305,-1.2297826270893237,-1.3152281092294456,0.2905908808324536,-0.42914567221645883,1.3426176096033984
David Brooks,wls WAL,MF,Bournemouth,eng Premier League,28.0,1997.0,31,13,1204,13.4,1,3,4,1,0,0,7,0,48,13,11,13,2,59,4,13,0,27.1,0.02,0.08,1.52,0.07,-0.05,,,,,,,,,,,,,,,MF,,False,Midfielder,True,True,False,0.074750830564784,0.2242524916943521,0.2990033222591362,0.074750830564784,0.0,0.0,0.5232558139534884,0.0,3.5880398671096345,0.9717607973421928,0.8222591362126247,0.9717607973421928,0.1495016611295681,4.410299003322259,0.2990033222591362,0.9717607973421928,0.0,-0.47105754590428656,0.9595865216681193,-0.43148640283058143,2.895845772176973,1.5891610820996211,1.0491184723289964,-0.41336180230556696,-0.17215704901825807,-1.2264143146768665,-0.756173009830278,0.040240716504307335,2.7701597337172412
Nathaniel Brown,de GER,"MF,DF",Eintracht Frankfurt,de Bundesliga,22.0,2003.0,33,29,2656,29.5,4,4,8,4,0,0,3,0,18,9,27,33,1,45,25,57,0,50.0,0.22,0.44,1.33,-0.1,0.12,,,,,,,,,,,,,,,MF,DF,True,Midfielder,True,True,True,0.1355421686746988,0.1355421686746988,0.2710843373493976,0.1355421686746988,0.0,0.0,0.1016566265060241,0.0,0.6099397590361446,0.3049698795180723,0.9149096385542168,1.118222891566265,0.0338855421686747,1.5248493975903614,0.8471385542168676,1.9314759036144575,0.0,-0.013127790683432622,0.12255108295092745,0.07844158801658069,-1.0307191000502307,-0.47636010077485025,-0.45582390859753374,-0.19155761144718766,2.116339461985028,0.16143511096145607,-0.5692573405496062,-0.6585162779849251,-0.7372931117896847
Brugui,es ESP,"MF,FW",Levante,es La Liga,28.0,1996.0,19,10,1005,11.2,1,1,2,1,0,0,1,1,28,9,11,8,6,11,4,6,0,32.1,0.04,0.11,0.95,-0.72,-0.49,,,,,,,,,,,,,,,MF,FW,True,Midfielder,True,True,False,0.0895522388059701,0.0895522388059701,0.1791044776119403,0.0895522388059701,0.0,0.0,0.0895522388059701,0.0895522388059701,2.5074626865671643,0.8059701492537313,0.9850746268656716,0.7164179104477612,0.5373134328358209,0.9850746268656716,0.3582089552238806,0.5373134328358209,0.0,-0.35956131200735875,-0.31139166253671763,-0.3073296956284797,1.4711265737370278,1.075590656355564,-0.7373502007236574,-0.8000565489504872,-1.2081220675842452,-1.0765087824030166,-0.4277045651318025,2.3840850736796715,-0.8379943710561387
Jacob Bruun Larsen,dk DEN,"MF,FW",Burnley,eng Premier League,26.0,1998.0,28,10,1030,11.4,0,1,1,0,0,0,0,0,17,4,1,0,4,42,6,3,0,23.5,0.0,0.0,0.61,-1.49,-0.73,,,,,,,,,,,,,,,MF,FW,True,Midfielder,True,True,False,0.0,0.087378640776699,0.087378640776699,0.0,0.0,0.0,0.0,0.0,1.4854368932038835,0.3495145631067961,0.087378640776699,0.0,0.3495145631067961,3.6699029126213594,0.5242718446601942,0.2621359223300971,0.0,-1.0341415412128914,-0.3319008718158078,-1.0585089693537577,0.1236061972892365,-0.3383738368989246,0.6629556180706301,-1.8850095928432544,-1.8642988523229709,-0.6560463266311527,-2.238741114418467,1.2490722834240602,-1.5830153866876162
Tajon Buchanan,ca CAN,MF,Villarreal,es La Liga,26.0,1999.0,34,21,1819,20.2,7,1,8,7,0,0,8,0,27,11,18,36,8,33,22,19,0,40.7,0.26,0.64,1.76,0.84,0.34,,,,,,,,,,,,,,,MF,,False,Midfielder,True,True,True,0.3463441451346893,0.0494777350192413,0.3958218801539307,0.3463441451346893,0.0,0.0,0.3958218801539307,0.0,1.3358988455195162,0.5442550852116547,0.8905992303463441,1.7811984606926885,0.3958218801539307,1.6327652556349643,1.088510170423309,0.9400769653655856,0.0,1.5748039851537514,-0.6895187926911965,1.8466840986271833,-0.07355669978970336,0.26487474195727195,-0.3995390412331012,0.8124616226625402,-0.2477089898596579,0.7725752810998637,-0.6183018260712028,1.528942962128131,1.7099856939484932
Ante Budimir,hr CRO,FW,Osasuna,es La Liga,34.0,1991.0,37,35,2938,32.6,17,0,17,11,6,8,3,0,103,41,52,36,22,4,6,16,0,39.8,0.11,0.27,1.14,-0.12,0.25,,,,,,,,,,,,,,,FW,,False,Forward,True,True,True,0.5207624234172906,0.0,0.5207624234172906,0.3369639210347175,0.1837985023825731,0.2450646698434309,0.0918992511912865,0.0,3.1552076242341727,1.2559564329475834,1.592920353982301,1.1027910142954391,0.673927842069435,0.1225323349217154,0.1837985023825731,0.4901293396868618,0.0,0.7566906456328921,-1.1734021059287691,0.03268257954244248,0.8615522736137075,0.6065254616535567,-0.7065848419908802,-0.4902920183764468,-0.020219090235311585,-0.4120704592610367,0.38080400458068314,0.5020982853415382,-0.5346874657071186
Emi Buendía,ar ARG,MF,Aston Villa,eng Premier League,28.0,1996.0,36,21,1755,19.5,6,2,8,6,0,0,6,0,49,13,41,45,1,10,13,27,0,26.5,0.12,0.46,1.78,-0.15,-0.69,,,,,,,,,,,,,,,MF,,False,Midfielder,True,True,True,0.3076923076923077,0.1025641025641025,0.4102564102564102,0.3076923076923077,0.0,0.0,0.3076923076923077,0.0,2.5128205128205128,0.6666666666666667,2.102564102564102,2.3076923076923075,0.0512820512820512,0.5128205128205129,0.6666666666666667,1.3846153846153846,0.0,1.2836469386215041,-0.18861687468137692,1.5224659711382242,1.478190759491181,0.6440696406364166,-0.9836602486904098,1.609791077388255,0.8123187358803107,-0.2955101661845395,1.826749409593294,-0.5533758137320194,0.9768004106102827
Hugo Bueno,es ESP,"MF,DF",Wolves,eng Premier League,22.0,2002.0,35,26,2366,26.3,1,2,3,1,0,0,3,0,16,6,17,24,3,166,33,35,0,37.5,0.06,0.17,0.57,-0.91,0.54,,,,,,,,,,,,,,,MF,DF,True,Midfielder,True,True,True,0.0380388841927303,0.0760777683854607,0.114116652578191,0.0380388841927303,0.0,0.0,0.114116652578191,0.0,0.6086221470836856,0.228233305156382,0.6466610312764158,0.9129332206255284,0.114116652578191,6.314454775993237,1.2552831783601015,1.331360946745562,0.0,-0.7476017566179802,-0.43853142345737395,-0.7394323970401888,-1.0324563448103135,-0.7140673274457169,2.042254764325191,-0.5024510859384812,0.6853304302216565,1.1948357193686834,-1.1104294518251407,-0.17361806415325254,-0.633633154173286
Santiago Bueno,uy URU,DF,Wolves,eng Premier League,26.0,1998.0,29,28,2553,28.4,3,1,4,3,0,0,4,0,10,7,29,11,2,6,27,30,0,70.0,0.3,0.43,0.66,-0.85,0.92,,,,,,,,,,,,,,,DF,,False,Defender,True,True,True,0.1057579318448883,0.0352526439482961,0.1410105757931845,0.1057579318448883,0.0,0.0,0.1410105757931845,0.0,0.3525264394829612,0.2467685076380728,1.0223266745005877,0.3877790834312573,0.0705052878965922,0.2115158636897767,0.9518213866039954,1.0575793184488838,0.0,1.155827578939704,-0.2428844522811014,1.24894047162567,-0.6746387851026603,0.6246985379966177,-0.6501097046119247,-0.8579675669031704,0.01899140707547592,-0.3587323510079342,-0.05693259558109541,0.10860297003569849,-0.5443488340837471
Adam Buksa,pl POL,FW,Udinese,it Serie A,29.0,1996.0,25,6,922,10.2,3,0,3,3,0,0,3,0,12,6,24,15,3,1,3,8,0,50.0,0.25,0.5,1.24,-0.29,-0.29,,,,,,,,,,,,,,,FW,,False,Forward,True,True,False,0.2928416485900217,0.0,0.2928416485900217,0.2928416485900217,0.0,0.0,0.2928416485900217,0.0,1.1713665943600868,0.5856832971800434,2.3427331887201737,1.4642082429501084,0.2928416485900217,0.0976138828633405,0.2928416485900217,0.7809110629067245,0.0,-0.4167526354108143,-1.1734021059287691,-0.22611483704451504,-1.7305299331559978,-1.1182644348638178,-0.7238357370912865,0.054699808139289076,0.866348420151331,0.12375083632759717,1.690077049732467,-0.6797064379897678,1.4683498584208232
Marius Bülter,de GER,"FW,MF",Köln,de Bundesliga,32.0,1993.0,32,18,1597,17.7,5,4,9,5,0,0,3,0,42,17,17,25,6,62,8,5,0,40.5,0.12,0.29,0.91,0.06,0.98,,,,,,,,,,,,,,,FW,MF,True,Forward,True,True,True,0.2817783343769567,0.2254226675015654,0.5072010018785222,0.2817783343769567,0.0,0.0,0.169067000626174,0.0,2.366938008766437,0.9580463368816532,0.9580463368816532,1.408891671884784,0.3381340012523481,3.494051346274264,0.4508453350031308,0.2817783343769567,0.0,-0.4737117771969682,1.1086086556616919,-0.29100626213645153,-0.16839902471224785,-0.16007593760532848,1.6274975744295643,-0.028713700435544123,-0.6554627018996193,0.9001567169923755,-0.7277705611610441,-0.5392481447663579,0.2345373685637472
Alessandro Buongiorno,it ITA,DF,Napoli,it Serie A,26.0,1999.0,33,28,2521,28.0,0,1,1,0,0,0,3,0,8,3,50,26,1,6,40,22,0,37.5,0.0,0.0,2.0,0.46,-0.44,,,,,,,,,,,,,,,DF,,False,Defender,True,True,True,0.0,0.0357001190003966,0.0357001190003966,0.0,0.0,0.0,0.10710035700119,0.0,0.2856009520031733,0.10710035700119,1.7850059500198334,0.9282030940103132,0.0357001190003966,0.21420071400238,1.4280047600158663,0.7854026180087268,0.0,-0.809444991619996,-0.23575913788570954,-0.8221765122714052,-0.8791303910031192,-0.42201190062244925,-0.6483014369397186,0.35383097979409756,-0.6787110560887416,0.9344408888362147,1.9172419693390734,-0.34387435589436216,-0.8419014829972541
Wouter Burger,nl NED,MF,Hoffenheim,de Bundesliga,24.0,2001.0,30,30,2430,27.0,4,5,9,4,0,0,7,1,36,13,57,12,1,89,19,42,0,36.1,0.11,0.31,1.9,0.63,1.2,,,,,,,,,,,,,,,MF,,False,Midfielder,True,True,True,0.1481481481481481,0.1851851851851852,0.3333333333333333,0.1481481481481481,0.0,0.0,0.2592592592592593,0.037037037037037,1.3333333333333337,0.4814814814814815,2.111111111111111,0.4444444444444444,0.037037037037037,3.2962962962962963,0.7037037037037037,1.5555555555555554,0.0,0.0818306898184839,0.5909629057203469,0.18418266866089997,-0.07693927581601821,0.07042067132723218,0.4680964080587027,-1.2119368711690377,1.21993551947599,-0.20173434667443582,1.8439923794913065,-0.6394693742992034,0.5738664425170951
Jonathan Burkardt,de GER,FW,Eintracht Frankfurt,de Bundesliga,25.0,2000.0,22,15,1336,14.8,13,1,14,9,4,4,1,0,41,21,12,15,2,5,1,4,0,51.2,0.22,0.43,1.36,1.21,2.36,,,,,,,,,,,,,,,FW,,False,Forward,True,True,False,0.875748502994012,0.0673652694610778,0.9431137724550898,0.6062874251497006,0.2694610778443114,0.2694610778443114,0.0673652694610778,0.0,2.7619760479041915,1.4146706586826348,0.8083832335329341,1.0104790419161678,0.1347305389221557,0.3368263473053892,0.0673652694610778,0.2694610778443114,0.0,2.5843258414988224,-0.4914464198771289,1.6123887739246296,0.34775678456202597,1.0149391043515004,-0.5582303808222744,-0.6294919968155469,-0.6930169172678396,-0.9842055074820424,-0.9891022668749718,-1.170032404697172,-0.7792475075462052
Oliver Burke,sct SCO,"FW,MF",Union Berlin,de Bundesliga,28.0,1997.0,29,21,1664,18.5,6,2,8,6,0,0,4,0,34,15,10,8,8,39,4,7,0,44.1,0.18,0.4,1.0,-0.49,-0.16,,,,,,,,,,,,,,,FW,MF,True,Forward,True,True,True,0.3245192307692308,0.1081730769230769,0.4326923076923077,0.3245192307692308,0.0,0.0,0.2163461538461538,0.0,1.8389423076923077,0.8112980769230769,0.5408653846153847,0.4326923076923077,0.4326923076923077,2.109375,0.2163461538461538,0.3786057692307692,0.0,-0.253661552572606,-0.07833864851892346,-0.04031125129366616,-0.8582770146296216,-0.5376979883805212,0.6688944340084432,-1.5007538588838243,-0.3602444986889522,-0.25213629207913063,-1.456224050416034,-0.2460088327864287,0.7058262044626434
Dan Burn,eng ENG,DF,Newcastle United,eng Premier League,33.0,1992.0,29,25,2199,24.4,1,2,3,1,0,0,11,1,10,3,36,13,3,14,20,26,0,30.0,0.1,0.33,1.21,-0.08,-0.08,,,,,,,,,,,,,,,DF,,False,Defender,True,True,True,0.0409276944065484,0.0818553888130968,0.1227830832196452,0.0409276944065484,0.0,0.0,0.4502046384720327,0.0409276944065484,0.4092769440654843,0.1227830832196452,1.4733969986357434,0.5320600272851297,0.1227830832196452,0.572987721691678,0.8185538881309686,1.0641200545702594,0.0,-0.04889612506869792,0.49918866954147323,-0.02066648348722569,-0.5012369578653717,-0.30448136009471394,-0.40665558273079805,-0.5344448612948556,0.03575804321813982,-0.7206474710833823,1.1106506723550338,0.7882295250408553,2.168742253377472
Marnon Busch,de GER,"DF,MF",Heidenheim,de Bundesliga,30.0,1994.0,29,20,1915,21.3,1,5,6,1,0,0,4,0,12,3,18,8,1,61,34,24,0,25.0,0.08,0.33,0.76,-0.8,0.3,,,,,,,,,,,,,,,DF,MF,True,Defender,True,True,True,0.0469973890339425,0.2349869451697128,0.2819843342036554,0.0469973890339425,0.0,0.0,0.1879895561357702,0.0,0.5639686684073107,0.1409921671018277,0.8459530026109662,0.3759791122715404,0.0469973890339425,2.866840731070496,1.597911227154047,1.1279373368146215,0.0,0.06389545618486235,2.937560323502408,0.09819975576849557,-0.02857459377389311,-0.168017620220883,1.1382723494452185,-0.8844267686086853,0.19934836870276842,1.3958566140541357,-0.5134710490863522,-0.1970065573115086,-0.1321214718854223
Leandro Cabrera,uy URU,DF,Espanyol,es La Liga,34.0,1991.0,37,37,3330,37.0,3,0,3,3,0,0,4,0,40,12,38,9,1,20,23,23,0,30.0,0.08,0.25,1.22,-0.32,-0.32,,,,,,,,,,,,,,,DF,,False,Defender,True,True,True,0.081081081081081,0.0,0.081081081081081,0.081081081081081,0.0,0.0,0.1081081081081081,0.0,1.0810810810810811,0.3243243243243243,1.027027027027027,0.2432432432432432,0.027027027027027,0.5405405405405406,0.6216216216216216,0.6216216216216216,0.0,0.6972639791424401,-0.8042256269931214,0.7656798420496852,1.551468401514802,1.2059225502782631,-0.4285090128659497,-1.182061829291393,-1.0985500959991308,-1.2554572761528908,-0.044765860884473166,-0.456627075910173,-0.8330587499807455
Noah Cadiou,gp GLP,MF,Lorient,fr Ligue 1,26.0,1998.0,28,20,1879,20.9,3,1,4,3,0,0,2,0,19,9,27,13,0,3,24,16,0,47.4,0.16,0.33,1.43,-0.1,-0.02,,,,,,,,,,,,,,,MF,,False,Midfielder,True,True,True,0.1436934539648749,0.0478978179882916,0.1915912719531665,0.1436934539648749,0.0,0.0,0.0957956359765832,0.0,0.9100585417775412,0.4310803618946248,1.2932410856838743,0.6226716338477913,0.0,0.1436934539648749,1.1495476317189994,0.7663650878126662,0.0,0.048274313526162106,-0.7044262634355514,0.14681594298350342,-0.6350185436407026,-0.08570710030912604,-1.176183089399563,-0.9420271874109098,-0.6619350691425101,0.9271189058529932,0.19399891670675182,-0.8633126317738823,-0.7860530442611824
Moisés Caicedo,ec ECU,MF,Chelsea,eng Premier League,23.0,2001.0,33,32,2795,31.1,3,1,4,3,0,0,11,1,27,7,54,55,0,8,59,47,0,25.9,0.11,0.43,1.33,0.16,0.02,,,,,,,,,,,,,,,MF,,False,Midfielder,True,True,True,0.0966010733452593,0.0322003577817531,0.1288014311270125,0.0966010733452593,0.0,0.0,0.3542039355992845,0.0322003577817531,0.8694096601073346,0.2254025044722719,1.7388193202146691,1.7710196779964222,0.0,0.257602862254025,1.899821109123435,1.513416815742397,0.0,-0.306463762660233,-0.8525412746706548,-0.24820288338534546,-0.6886132735253218,-0.7228363112774181,-1.116772210838361,0.7970467354739509,1.1194532425896135,2.826771681260994,1.0929206906779179,-0.8633126317738823,1.3637493102018257
Arturo Calabresi,it ITA,DF,Pisa,it Serie A,29.0,1996.0,26,17,1514,16.8,0,0,0,0,0,0,8,0,4,1,33,25,1,17,19,13,0,25.0,0.0,0.0,0.62,-0.89,0.52,,,,,,,,,,,,,,,DF,,False,Defender,True,True,True,0.0,0.0,0.0,0.0,0.0,0.0,0.47556142668428,0.0,0.23778071334214,0.059445178335535,1.961690885072655,1.4861294583883753,0.059445178335535,1.0105680317040953,1.1294583883751652,0.7727873183619551,0.0,-0.809444991619996,-0.8042256269931214,-0.8221765122714052,-1.025245686783239,-0.7791525424662842,-0.11194182350369963,1.6048752418597327,-0.7110493334757235,0.12367722043658158,2.3745861190780033,-0.035181673377644516,2.3912409505039607
Riccardo Calafiori,it ITA,DF,Arsenal,eng Premier League,23.0,2002.0,26,22,1699,18.9,1,2,3,1,0,0,5,0,32,8,26,10,4,21,13,19,0,25.0,0.03,0.13,2.38,1.27,0.23,,,,,,,,,,,,,,,DF,,False,Defender,True,True,True,0.0529723366686286,0.1059446733372572,0.1589170100058858,0.0529723366686286,0.0,0.0,0.264861683343143,0.0,1.6951147733961154,0.4237786933490288,1.3772807533843436,0.5297233666862861,0.2118893466745144,1.1124190700412009,0.6886403766921718,1.0064743967039431,0.0,0.17492637833074298,0.8827714525122202,0.21521051144631811,3.4276554947565407,1.9512601648291703,-0.043344353044711376,-0.539684380380563,-0.11201183355312189,-1.0734541541120397,0.8618563852390546,1.9466368849340507,0.5424098609401212
Fernando Calero,es ESP,DF,Espanyol,es La Liga,29.0,1995.0,28,24,2148,23.9,0,0,0,0,0,0,5,0,12,1,15,9,0,2,31,18,0,8.3,0.0,0.0,1.29,-0.54,-0.62,,,,,,,,,,,,,,,DF,,False,Defender,True,True,True,0.0,0.0,0.0,0.0,0.0,0.0,0.2094972067039106,0.0,0.5027932960893855,0.0418994413407821,0.6284916201117318,0.3770949720670391,0.0,0.0837988826815642,1.2988826815642458,0.7541899441340782,0.0,-0.809444991619996,-0.8042256269931214,-0.8221765122714052,-0.2154966558751083,-0.9106449835269507,-0.7361280896462015,-0.8819246642387215,-0.758722164346966,0.5837835037824386,-1.0763639241944174,-0.807986293660309,0.056602123138007436
Duje Ćaleta-Car,hr CRO,DF,Real Sociedad,es La Liga,28.0,1996.0,27,24,2150,23.9,1,0,1,1,0,0,6,1,13,3,30,8,1,1,29,14,1,23.1,0.08,0.33,1.3,0.08,0.37,,,,,,,,,,,,,,,DF,,False,Defender,True,True,True,0.041860465116279,0.0,0.041860465116279,0.041860465116279,0.0,0.0,0.2511627906976744,0.041860465116279,0.5441860465116278,0.1255813953488372,1.255813953488372,0.3348837209302325,0.041860465116279,0.041860465116279,1.213953488372093,0.586046511627907,0.041860465116279,-0.03156268578450625,-0.8042256269931214,-0.0023995107381916403,-0.08902062521432934,-0.28351006132127604,-0.7643739416964233,-0.9765754047323713,-1.1897439484847148,0.3531409277287576,0.5474428767906745,-0.2637880633775405,0.4222059242199244
Hakan Çalhanoğlu,tr TUR,MF,Inter,it Serie A,31.0,1994.0,22,20,1639,18.2,9,4,13,5,4,5,7,0,50,17,28,11,0,86,19,17,0,34.0,0.1,0.29,2.27,1.48,0.12,,,,,,,,,,,,,,,MF,,False,Midfielder,True,True,True,0.4942037827943868,0.2196461256863941,0.7138499084807809,0.2745576571079927,0.2196461256863941,0.2745576571079927,0.3843807199511898,0.0,2.7455765710799267,0.9334960341671752,1.537522879804759,0.6040268456375839,0.0,4.722391702257474,1.043319097010372,0.9334960341671752,0.0,2.6886029207541893,0.9161226782154371,1.2445269369729803,1.7850749235533148,1.470628155536093,1.2118943282899999,-0.9702631086886981,-0.2634016032073969,0.658153872616199,0.6868197205578175,-0.8633126317738823,1.6148020904127183
Dominic Calvert-Lewin,eng ENG,FW,Leeds United,eng Premier League,28.0,1997.0,35,30,2721,30.2,14,1,15,10,4,5,3,0,73,34,45,37,26,9,5,4,0,46.6,0.14,0.29,1.23,0.26,2.2,,,,,,,,,,,,,,,FW,,False,Forward,True,True,True,0.4630650496141124,0.0330760749724366,0.496141124586549,0.330760749724366,0.1323042998897464,0.165380374862183,0.0992282249173098,0.0,2.414553472987872,1.1245865490628446,1.4884233737596473,1.2238147739801544,0.8599779492833517,0.2976846747519294,0.165380374862183,0.1323042998897464,0.0,0.45963744513145915,-0.8385646209728735,-0.0037018725906048564,-0.10618476675666211,0.2684760362180711,-0.5853279262754338,-0.30779667888228096,-1.1111956866119166,-0.5025743129513658,0.19833836360094625,1.0790672210938133,-0.46163066878014963
Dani Calvo,es ESP,DF,Oviedo,es La Liga,31.0,1994.0,20,17,1611,17.9,0,0,0,0,0,0,3,0,3,0,11,6,1,1,10,15,0,0.0,0.0,,0.95,-0.84,0.11,,,,,,,,,,,,,,,DF,,False,Defender,True,True,True,0.0,0.0,0.0,0.0,0.0,0.0,0.1675977653631284,0.0,0.1675977653631284,0.0,0.6145251396648045,0.3351955307262569,0.0558659217877094,0.0558659217877094,0.558659217877095,0.8379888268156425,0.0,-0.809444991619996,-0.8042256269931214,-0.8221765122714052,-1.2396905011507222,-1.2246505919904345,-0.7549411571517706,-0.9758762302873581,-0.5439106585759509,-1.4264445474120664,-1.1125157790366866,-0.08171305026617362,-0.31105371050377123
Adama Camara,fr FRA,"MF,DF",Paris FC,fr Ligue 1,28.0,1996.0,29,26,2159,24.0,1,0,1,1,0,0,8,0,17,5,26,18,0,14,38,30,0,29.4,0.06,0.2,1.38,-0.29,-0.69,,,,,,,,,,,,,,,MF,DF,True,Midfielder,True,True,True,0.0416859657248726,0.0,0.0416859657248726,0.0416859657248726,0.0,0.0,0.333487725798981,0.0,0.7086614173228346,0.2084298286243631,1.0838351088466882,0.7503473830477072,0.0,0.5836035201482168,1.5840666975451598,1.2505789717461788,0.0,-0.7201289750472776,-1.1563710848352395,-0.7088400624089202,-0.9005565865384556,-0.7754126445129057,-0.9467424846908978,-0.7486732933979002,0.49270111061438854,2.027298206099543,-0.22846245503612364,-0.8633126317738823,1.191402846604224
Lamine Camara,sn SEN,MF,Monaco,fr Ligue 1,21.0,2004.0,24,22,1847,20.5,3,4,7,3,0,0,6,0,25,4,28,48,0,101,38,33,0,16.0,0.12,0.75,1.88,0.63,1.15,,,,,,,,,,,,,,,MF,,False,Midfielder,True,True,True,0.1461829994585815,0.1949106659447753,0.3410936654033568,0.1461829994585815,0.0,0.0,0.292365998917163,0.0,1.2181916621548456,0.1949106659447753,1.3643746616134271,2.338927991337304,0.0,4.921494315105576,1.8516513264753651,1.6080129940443963,0.0,0.06702759308850656,0.6827286864912679,0.1676986702140356,-0.2287512448473259,-0.8172910146930769,1.315738789698402,1.6570948222479132,1.3450233337380542,2.7048083384879433,0.3375057474002223,-0.8633126317738823,0.8492946968304197
Mahdi Camara,fr FRA,MF,Rennes,fr Ligue 1,27.0,1998.0,32,31,2653,29.5,3,1,4,3,0,0,5,1,29,12,39,28,4,28,27,33,0,41.4,0.1,0.25,1.72,0.44,1.33,,,,,,,,,,,,,,,MF,,False,Midfielder,True,True,True,0.1017715793441387,0.0339238597813795,0.1356954391255183,0.1017715793441387,0.0,0.0,0.1696192989068978,0.0339238597813795,0.9837919336600076,0.4070863173765549,1.3230305314738031,0.949868073878628,0.1356954391255183,0.949868073878628,0.9159442140972484,1.1194873727855257,0.0,-0.26751531013310176,-0.8362789930862711,-0.2048318075438391,-0.5378025549333443,-0.16003355840881328,-0.7557126193814936,-0.44651644098015264,0.18010556545456485,0.33564740380129304,0.2540969631997521,-0.043200885579430325,-0.1718843638650848
Ousmane Camara,ml MLI,DF,Angers,fr Ligue 1,22.0,2003.0,32,31,2718,30.2,1,0,1,1,0,0,3,0,13,5,22,7,1,3,34,29,0,38.5,0.08,0.2,1.13,-0.33,2.04,,,,,,,,,,,,,,,DF,,False,Defender,True,True,True,0.0331125827814569,0.0,0.0331125827814569,0.0331125827814569,0.0,0.0,0.0993377483443708,0.0,0.4304635761589404,0.1655629139072847,0.728476821192053,0.2317880794701986,0.0331125827814569,0.0993377483443708,1.1258278145695364,0.9602649006622516,0.0,-0.19412234351613172,-0.8042256269931214,-0.17371420421533115,-0.43650095692519947,0.016122121364170648,-0.7256625421596598,-1.2077478657009908,-0.23046605523237257,0.1138176555024287,-0.8175549501249263,-0.3775130798604737,-0.9100161944499789
Eduardo Camavinga,fr FRA,MF,Real Madrid,es La Liga,22.0,2002.0,29,16,1528,17.0,1,0,1,1,0,0,2,0,13,2,34,31,2,2,15,37,0,15.4,0.08,0.5,2.24,1.06,-0.08,,,,,,,,,,,,,,,MF,,False,Midfielder,True,True,True,0.0589005235602094,0.0,0.0589005235602094,0.0589005235602094,0.0,0.0,0.1178010471204188,0.0,0.7657068062827226,0.1178010471204188,2.0026178010471205,1.825916230366492,0.1178010471204188,0.1178010471204188,0.8835078534031413,2.1793193717277486,0.0,-0.5904549375796712,-1.1563710848352395,-0.564441449658794,-0.8253433927961765,-1.0561538228501242,-1.1896875984809234,0.8801828222810224,2.707336632234126,0.25352025353888236,1.62511499458173,-0.15135043849708907,-0.6029811972770991
Nicolò Cambiaghi,it ITA,"MF,FW",Bologna,it Serie A,24.0,2000.0,28,17,1518,16.9,3,4,7,3,0,0,3,1,24,6,32,71,5,63,9,20,0,25.0,0.13,0.5,1.36,0.06,-0.04,,,,,,,,,,,,,,,MF,FW,True,Midfielder,True,True,True,0.1778656126482213,0.2371541501976284,0.4150197628458498,0.1778656126482213,0.0,0.0,0.1778656126482213,0.0592885375494071,1.4229249011857708,0.3557312252964427,1.897233201581028,4.209486166007905,0.2964426877470356,3.735177865612648,0.533596837944664,1.1857707509881423,0.0,0.30568677963999485,1.0813214564296212,0.43345776996225904,0.04118539777150189,-0.31911645486770013,0.6970005873448933,4.48989360601778,0.3381621374130834,-0.6324359366773636,1.4125092078537127,0.9283181839819485,-0.1032799702654124
Andrea Cambiaso,it ITA,"MF,DF",Juventus,it Serie A,25.0,2000.0,36,35,2769,30.8,3,4,7,3,0,0,3,1,26,13,29,21,2,123,20,39,2,50.0,0.12,0.23,1.75,0.62,-0.49,,,,,,,,,,,,,,,MF,DF,True,Midfielder,True,True,True,0.0975081256771397,0.1300108342361863,0.2275189599133261,0.0975081256771397,0.0,0.0,0.0975081256771397,0.0325027085590465,0.8450704225352113,0.4225352112676056,0.9425785482123512,0.6825568797399784,0.0650054171180931,3.99783315276273,0.6500541711809318,1.267605633802817,0.0650054171180931,-0.2996311074625552,0.0703596040921923,-0.24059437553587654,-0.7207040669168558,-0.1121774512979449,0.8339917420063251,-0.8513361551691458,0.5333021769683386,-0.33757212639817236,-0.5134373219171227,-0.47043497510109816,-0.7718061551495502
Matteo Cancellieri,it ITA,FW,Lazio,it Serie A,23.0,2002.0,30,21,1725,19.2,4,2,6,4,0,0,6,0,41,17,39,67,3,21,24,28,0,41.5,0.1,0.24,1.37,0.1,0.16,,,,,,,,,,,,,,,FW,,False,Forward,True,True,True,0.208695652173913,0.1043478260869565,0.3130434782608696,0.208695652173913,0.0,0.0,0.3130434782608696,0.0,2.139130434782609,0.8869565217391304,2.0347826086956524,3.4956521739130437,0.1565217391304348,1.0956521739130434,1.2521739130434784,1.4608695652173913,0.0,-0.8499757770750249,-0.11706263165051796,-0.7196697987913285,-0.46605188610524634,-0.3430088172928052,-0.032899806369989286,3.117974745310698,2.939481180644649,4.837762442903162,1.1523543341618343,-1.1024546656610987,1.6697260705603043
João Cancelo,pt POR,DF,Barcelona,es La Liga,31.0,1994.0,16,11,954,10.6,2,2,4,2,0,0,1,0,13,4,11,14,4,31,11,19,0,30.8,0.15,0.5,2.44,1.98,0.59,,,,,,,,,,,,,,,DF,,False,Defender,True,True,False,0.1886792452830188,0.1886792452830188,0.3773584905660377,0.1886792452830188,0.0,0.0,0.0943396226415094,0.0,1.2264150943396226,0.3773584905660377,1.0377358490566038,1.3207547169811322,0.3773584905660377,2.924528301886792,1.0377358490566038,1.7924528301886793,0.0,2.6967331164435366,2.200185314390081,2.8728351298594363,1.9955381704824664,1.6033747622215722,1.1771253793163925,1.234053688089375,1.9027788819983174,-0.12541407497646298,-0.017046366269054317,4.097783916435935,-0.9538733441667538
Simone Canestrelli,it ITA,DF,Pisa,it Serie A,24.0,2000.0,37,36,3201,35.6,1,0,1,1,0,0,4,0,16,3,42,22,1,12,33,25,0,18.8,0.06,0.33,0.49,-1.12,0.93,,,,,,,,,,,,,,,DF,,False,Defender,True,True,True,0.0281162136832239,0.0,0.0281162136832239,0.0281162136832239,0.0,0.0,0.1124648547328959,0.0,0.4498594189315839,0.0843486410496719,1.1808809746954076,0.6185567010309279,0.0281162136832239,0.3373945641986879,0.9278350515463918,0.7029053420805998,0.0,-0.2869685912618891,-0.8042256269931214,-0.27156090674300587,-0.3772367335967025,-0.592519338963665,-0.5653294158632135,-0.3404924434017338,-0.8901860005873343,-0.4238721445210508,0.35348089885957246,-0.44246733236447955,-0.7948295215937958
Jaydee Canvot,fr FRA,DF,Crystal Palace,eng Premier League,19.0,2006.0,20,14,1336,14.8,0,0,0,0,0,0,3,0,7,1,12,7,0,5,12,22,0,14.3,0.0,0.0,1.4,-0.67,-0.67,,,,,,,,,,,,,,,DF,,False,Defender,True,True,False,0.0,0.0,0.0,0.0,0.0,0.0,0.2020958083832335,0.0,0.4715568862275449,0.0673652694610778,0.8083832335329341,0.4715568862275449,0.0,0.3368263473053892,0.8083832335329341,1.4820359281437128,0.0,-0.809444991619996,-0.8042256269931214,-0.8221765122714052,-0.3109398697499692,-0.719797263412917,-0.5657121143824309,-0.6701117024584123,1.1070508244006847,-0.7482679616176037,-0.6107193746990804,-0.807986293660309,-0.008343069032246934
Nicolás Capaldo,ar ARG,"DF,MF",Hamburger SV,de Bundesliga,26.0,1998.0,26,24,2001,22.2,1,3,4,1,0,0,10,0,22,6,31,46,2,21,35,46,0,27.3,0.05,0.17,1.04,-0.31,0.28,,,,,,,,,,,,,,,DF,MF,True,Defender,True,True,True,0.0449775112443778,0.1349325337331334,0.1799100449775112,0.0449775112443778,0.0,0.0,0.4497751124437781,0.0,0.9895052473763118,0.2698650674662669,1.394302848575712,2.068965517241379,0.0899550224887556,0.944527736131934,1.5742128935532234,2.068965517241379,0.0,0.0263605843651641,1.3443561106977147,0.05864335444344322,1.2716573758331853,0.7977903284880172,-0.1564204787886873,2.9117747786217376,2.6115962882672377,1.331498947338676,0.905917615755081,0.3614551807104596,2.1649732830777393
Maxence Caqueret,fr FRA,MF,Como,it Serie A,25.0,2000.0,30,17,1485,16.5,2,6,8,2,0,0,3,0,18,4,26,23,2,36,14,23,0,22.2,0.11,0.5,1.9,1.27,0.58,,,,,,,,,,,,,,,MF,,False,Midfielder,True,True,True,0.1212121212121212,0.3636363636363636,0.4848484848484848,0.1212121212121212,0.0,0.0,0.1818181818181818,0.0,1.0909090909090908,0.2424242424242424,1.5757575757575757,1.393939393939394,0.1212121212121212,2.1818181818181817,0.8484848484848484,1.393939393939394,0.0,-0.12107335218722054,2.2747574784375475,-0.04176126552358306,-0.39657074552342747,-0.6701079981446241,-0.11317361092254156,0.22599121604406178,0.8345523786218936,0.16484385686506084,0.7639554467885803,-0.1307346982203871,-0.07039696101158537
Antonio Caracciolo,it ITA,DF,Pisa,it Serie A,35.0,1990.0,35,34,3073,34.1,2,0,2,2,0,0,10,0,25,6,41,11,2,3,57,44,1,24.0,0.08,0.33,0.49,-1.14,0.41,,,,,,,,,,,,,,,DF,,False,Defender,True,True,True,0.0585746827204685,0.0,0.0585746827204685,0.0585746827204685,0.0,0.0,0.292873413602343,0.0,0.7321835340058575,0.1757240481614058,1.2007809957696065,0.3221607549625773,0.0585746827204685,0.0878620240807029,1.669378457533355,1.2886430198503092,0.0292873413602342,0.27903334065875635,-0.8042256269931214,0.32492440103572734,0.4854078858152969,0.0922723764044181,-0.7333915321535267,-1.0051042475807184,0.6113040971584449,1.589940479666891,0.40499156226302213,-0.04649836973713798,0.7882049290994372
Sergi Cardona,es ESP,DF,Villarreal,es La Liga,26.0,1999.0,31,20,1970,21.9,1,4,5,1,0,0,4,0,18,5,28,23,1,75,37,31,0,27.8,0.06,0.2,1.94,0.37,-0.75,,,,,,,,,,,,,,,DF,,False,Defender,True,True,True,0.0456852791878172,0.182741116751269,0.2284263959390862,0.0456852791878172,0.0,0.0,0.182741116751269,0.0,0.8223350253807107,0.2284263959390862,1.2791878172588833,1.0507614213197969,0.0456852791878172,3.426395939086295,1.6903553299492386,1.4162436548223352,0.0,0.039512854850208896,2.105630249229798,0.07250397163540186,0.7608668169307813,0.48723785212013243,1.5151371559187035,0.6286448296823507,0.9383977726175425,1.6469074625110873,0.6079454875483046,-0.2140643672095716,-0.1781750538779098
Igor Carioca,br BRA,DF,Lorient,fr Ligue 1,28.0,1996.0,17,13,1213,13.5,1,0,1,1,0,0,1,0,8,1,9,18,1,21,13,19,0,12.5,0.13,1.0,1.53,-0.07,0.02,,,,,,,,,,,,,,,DF,,False,Defender,True,True,False,0.0741962077493817,0.0,0.0741962077493817,0.0741962077493817,0.0,0.0,0.0741962077493817,0.0,0.5935696619950536,0.0741962077493817,0.6677658697444353,1.3355317394888706,0.0741962077493817,1.5581203627370157,0.964550700741962,1.4097279472382522,0.0,0.569324140734749,-0.8042256269931214,0.6308495003389922,0.061871586641824045,-0.6686043867311076,0.25683895149893554,1.267188363915868,0.9216952950604235,-0.3241632977315817,-0.9747035970163623,0.15658600238911738,-1.1306261541701907
Diego Carlos,br BRA,DF,Como,it Serie A,32.0,1993.0,27,21,1949,21.7,1,0,1,1,0,0,8,0,8,2,39,7,2,2,22,18,0,25.0,0.13,0.5,2.0,0.83,-0.27,,,,,,,,,,,,,,,DF,,False,Defender,True,True,True,0.0461775269368907,0.0,0.0461775269368907,0.0461775269368907,0.0,0.0,0.3694202154951256,0.0,0.3694202154951256,0.0923550538737814,1.800923550538738,0.323242688558235,0.0923550538737814,0.0923550538737814,1.0159055926115956,0.8311954848640329,0.0,0.04866016874239768,-0.8042256269931214,0.08214393580269004,-0.6230196558808749,-0.53251714203706,-0.7303654414672252,-1.0026782162919972,-0.5613248288744731,-0.18469859650720993,1.9584442454302748,0.39265628726114193,1.4598816236311762
David Carmo,ao ANG,DF,Oviedo,es La Liga,26.0,1999.0,22,20,1786,19.8,1,0,1,1,0,0,8,1,10,3,20,4,0,2,21,18,0,30.0,0.1,0.33,0.59,-1.06,-0.34,,,,,,,,,,,,,,,DF,,False,Defender,True,True,True,0.0503919372900335,0.0,0.0503919372900335,0.0503919372900335,0.0,0.0,0.4031354983202687,0.0503919372900335,0.503919372900336,0.1511758118701007,1.007838745800672,0.2015677491601343,0.0,0.1007838745800671,1.0582306830907051,0.9070548712206048,0.0,0.12697547733090134,-0.8042256269931214,0.1646771009964609,-0.21205591507351057,-0.09169866537302694,-0.7246885648359841,-1.275511236005742,-0.3668655653537029,-0.06975616584358131,-0.0944342050463298,-0.807986293660309,1.7557237641678145
Carmona,es ESP,"DF,MF",Sevilla,es La Liga,23.0,2002.0,35,29,2565,28.5,1,3,4,1,0,0,13,0,20,3,49,44,3,48,45,40,0,15.0,0.05,0.33,1.11,-0.53,-0.63,,,,,,,,,,,,,,,DF,MF,True,Defender,True,True,True,0.0350877192982456,0.1052631578947368,0.1403508771929824,0.0350877192982456,0.0,0.0,0.456140350877193,0.0,0.7017543859649122,0.1052631578947368,1.719298245614035,1.543859649122807,0.1052631578947368,1.6842105263157896,1.5789473684210529,1.4035087719298245,0.0,-0.15741888731344433,0.8719194245154016,-0.13503399636637156,0.39243126982942245,-0.4357803616049803,0.3417616622781425,1.7343242668162333,0.9057529534693799,1.3443563811460009,1.7471593632935567,0.5604653965244323,2.2208264631603107
Sergio Carreira,es ESP,MF,Celta Vigo,es La Liga,24.0,2000.0,34,29,2694,29.9,2,1,3,2,0,0,2,0,16,7,20,36,2,32,27,18,0,43.8,0.13,0.29,1.47,0.07,-0.31,,,,,,,,,,,,,,,MF,,False,Midfielder,True,True,True,0.0668151447661469,0.0334075723830734,0.1002227171492204,0.0668151447661469,0.0,0.0,0.0668151447661469,0.0,0.5345211581291759,0.2338530066815144,0.6681514476614699,1.2026726057906458,0.0668151447661469,1.0690423162583518,0.9020044543429844,0.6013363028953229,0.0,-0.5308355795562026,-0.8411504762940322,-0.49805227292175785,-1.1301570028363108,-0.6966591531120426,-0.6935558006604942,-0.0636658137025567,-1.0554558088184678,0.30035266914358116,-1.0670740952948237,-0.45949740114027465,-1.0271533817064475
Álvaro Carreras,es ESP,DF,Real Madrid,es La Liga,22.0,2003.0,28,26,2332,25.9,2,3,5,2,0,0,5,1,9,3,22,33,5,30,38,18,0,33.3,0.22,0.67,2.25,1.27,0.53,,,,,,,,,,,,,,,DF,,False,Defender,True,True,True,0.0771869639794168,0.1157804459691252,0.192967409948542,0.0771869639794168,0.0,0.0,0.192967409948542,0.0385934819897084,0.3473413379073756,0.1157804459691252,0.8490566037735848,1.2735849056603774,0.192967409948542,1.1578044596912522,1.4665523156089193,0.6946826758147513,0.0,0.6249005980423585,1.0393901779465713,0.6894191595093939,-0.6904819233131773,-0.356960994675387,-0.012776938351454922,1.1282843149905954,-0.9112641255634332,1.0391246517260722,-0.5054374618740513,1.7006462001389064,-0.08844220231243671
Dani Carvajal,es ESP,DF,Real Madrid,es La Liga,33.0,1992.0,17,10,977,10.9,0,1,1,0,0,0,0,0,5,1,7,9,0,11,6,12,0,20.0,0.0,0.0,2.35,0.92,-0.26,,,,,,,,,,,,,,,DF,,False,Defender,True,True,False,0.0,0.0921187308085977,0.0921187308085977,0.0,0.0,0.0,0.0,0.0,0.4605936540429888,0.0921187308085977,0.6448311156601843,0.8290685772773797,0.0,1.0133060388945752,0.5527123848515865,1.105424769703173,0.0,-0.809444991619996,0.6626157435696085,-0.8221765122714052,-0.34443815328442295,-0.5342882102303902,-0.11009775425873233,0.13154059122348935,0.14163926465232493,-1.4425943874942766,-1.0340695842919465,-0.807986293660309,-1.7816770450708828
Cesare Casadei,it ITA,MF,Torino,it Serie A,22.0,2003.0,33,19,1997,22.2,6,0,6,6,0,0,5,0,35,17,52,16,2,4,9,16,0,48.6,0.17,0.35,1.18,-0.36,0.34,,,,,,,,,,,,,,,MF,,False,Midfielder,True,True,True,0.2704056084126189,0.0,0.2704056084126189,0.2704056084126189,0.0,0.0,0.2253380070105158,0.0,1.5773660490736103,0.7661492238357537,2.343515272909364,0.7210816224336504,0.0901352028042063,0.1802704056084126,0.4056084126189284,0.7210816224336504,0.0,1.0027732219865895,-1.1563710848352395,1.2096988526609782,0.24481293348759572,0.9522371991115757,-1.1571059221587587,-0.7929937599817312,-0.7699161271134956,-0.9564958624410355,2.3128509215203135,-0.31855638173535433,0.2916619310630984
Marc Casado,es ESP,MF,Barcelona,es La Liga,21.0,2003.0,24,10,989,11.0,0,1,1,0,0,0,1,0,11,0,25,20,0,1,7,9,0,0.0,0.0,,2.63,1.37,-0.26,,,,,,,,,,,,,,,MF,,False,Midfielder,True,True,False,0.0,0.0910010111223458,0.0910010111223458,0.0,0.0,0.0,0.0910010111223458,0.0,1.0010111223458038,0.0,2.275025278058645,1.820020222446916,0.0,0.0910010111223458,0.6370070778564206,0.8190091001011123,0.0,-1.0341415412128914,-0.2977216213266298,-1.0585089693537577,-0.5150994022627521,-1.421066648876647,-1.2036654929150308,0.8712538275617785,-0.5364023587996714,-0.37060667685390497,2.174677323935781,-0.8633126317738823,-0.8259414527041629
Casemiro,br BRA,MF,Manchester Utd,eng Premier League,33.0,1992.0,34,33,2571,28.6,9,2,11,9,0,0,11,1,52,18,46,36,5,19,30,45,0,34.6,0.17,0.5,1.97,0.84,1.37,,,,,,,,,,,,,,,MF,,False,Midfielder,True,True,True,0.3150525087514585,0.0700116686114352,0.3850641773628938,0.3150525087514585,0.0,0.0,0.3850641773628938,0.0350058343057176,1.820303383897316,0.6301050175029171,1.6102683780630105,1.2602100350058345,0.1750291715285881,0.6651108518086348,1.0501750291715286,1.575262543757293,0.0,1.3390899536000391,-0.4957687360137581,1.5842045782328393,0.5651209051656658,0.5308124578976602,-0.904231315017954,0.023469652977453726,1.2669279794751191,0.6755127303529885,0.8335784876497148,0.19452306574356273,1.620488046920314
Matty Cash,pl POL,DF,Aston Villa,eng Premier League,27.0,1997.0,35,34,3014,33.5,3,3,6,3,0,0,9,0,30,10,42,30,4,131,24,32,0,33.3,0.1,0.3,1.77,0.39,1.72,,,,,,,,,,,,,,,DF,,False,Defender,True,True,True,0.0895819508958195,0.0895819508958195,0.179163901791639,0.0895819508958195,0.0,0.0,0.2687458526874585,0.0,0.8958195089581952,0.298606502986065,1.254147312541473,0.8958195089581952,0.119442601194426,3.911745189117452,0.7166556071665562,0.955540809555408,0.0,0.8552334664552914,0.622221638142699,0.9321571505982814,0.985399511744009,1.0131863256590796,1.8420236696438665,0.28121692021344274,-0.24257587211282822,-0.9973730719483319,0.5431288220210827,0.744802286443147,0.5764923563766464
Josué Casimir,ht HAI,"MF,FW",Auxerre,fr Ligue 1,23.0,2001.0,31,16,1522,16.9,1,0,1,1,0,1,6,1,22,12,34,32,3,54,11,17,0,54.5,0.05,0.08,0.97,-0.71,-0.83,,,,,,,,,,,,,,,MF,FW,True,Midfielder,True,True,True,0.0591327201051248,0.0,0.0591327201051248,0.0591327201051248,0.0,0.0591327201051248,0.354796320630749,0.0591327201051248,1.3009198423127464,0.709592641261498,2.0105124835742445,1.8922470433639949,0.1773981603153745,3.1931668856767415,0.6504599211563732,1.0052562417871225,0.0,-0.5887058445298688,-1.1563710848352395,-0.5624937459017838,-0.11967580938070838,0.7770416224841694,0.41430797229706856,0.9806351091599812,-0.09228521283922046,-0.33654478891366535,1.6410419440425683,0.20884068425135466,1.3686775990271094
Cristian Cásseres Jr.,ve VEN,MF,Toulouse,fr Ligue 1,25.0,2000.0,31,29,2585,28.7,2,3,5,2,0,1,6,0,26,6,40,43,1,99,37,43,0,23.1,0.08,0.33,1.23,-0.1,-0.86,,,,,,,,,,,,,,,MF,,False,Midfielder,True,True,True,0.06963249516441,0.104448742746615,0.1740812379110251,0.06963249516441,0.0,0.034816247582205,0.2088974854932301,0.0,0.9052224371373307,0.2088974854932301,1.3926499032882012,1.4970986460348163,0.034816247582205,3.4468085106382977,1.288201160541586,1.4970986460348163,0.0,-0.5096130070917617,-0.17083415708667365,-0.4744198628981258,-0.6413948499801659,-0.7739639817564997,0.5465979385517021,0.3822169928349825,1.0805416174649343,1.2781823097722513,0.39454899690390666,-0.6528913104340487,0.15488663430186558
Timothy Castagne,be BEL,"DF,MF",Fulham,eng Premier League,29.0,1995.0,30,20,1845,20.5,0,0,0,0,0,0,4,0,14,6,18,11,1,48,28,24,0,42.9,0.0,0.0,1.2,-0.34,-0.51,,,,,,,,,,,,,,,DF,MF,True,Defender,True,True,True,0.0,0.0,0.0,0.0,0.0,0.0,0.1951219512195122,0.0,0.6829268292682927,0.2926829268292683,0.8780487804878049,0.5365853658536586,0.048780487804878,2.341463414634146,1.3658536585365857,1.170731707317073,0.0,-0.809444991619996,-0.8042256269931214,-0.8221765122714052,0.33490345122016063,0.9687934632276586,0.7844266201087964,-0.5242976461576514,0.30904819848554366,0.7656568746360243,-0.4303920008420637,-0.1738257543064049,-0.06953670759112264
Valentín Castellanos,ar ARG,FW,West Ham United,eng Premier League,26.0,1998.0,18,17,1384,15.4,6,0,6,6,0,0,6,0,50,22,32,16,9,9,6,9,0,44.0,0.12,0.27,1.39,0.33,1.39,,,,,,,,,,,,,,,FW,,False,Forward,True,True,True,0.3901734104046242,0.0,0.3901734104046242,0.3901734104046242,0.0,0.0,0.3901734104046242,0.0,3.2514450867052025,1.4306358381502888,2.0809248554913293,1.0404624277456649,0.5852601156069365,0.5852601156069365,0.3901734104046242,0.5852601156069365,0.0,0.0843570243823701,-1.1734021059287691,0.34478070196130417,0.9872959246116186,1.0560217298849912,-0.3862411711262304,-0.5842791543919306,0.2698261513799602,0.6020241852844174,1.2329248407915865,0.2271265342432141,2.438573933885182
Castrin,es ESP,DF,Sevilla,es La Liga,22.0,2003.0,19,13,1277,14.2,1,0,1,1,0,0,4,0,11,3,13,13,1,1,22,15,0,27.3,0.09,0.33,1.21,0.28,1.04,,,,,,,,,,,,,,,DF,,False,Defender,True,True,False,0.0704776820673453,0.0,0.0704776820673453,0.0704776820673453,0.0,0.0,0.2819107282693813,0.0,0.7752545027407988,0.211433046202036,0.9162098668754894,0.9162098668754894,0.0704776820673453,0.0704776820673453,1.5505090054815975,1.0571652310101802,0.0,0.5002237300294203,-0.8042256269931214,0.558027523199551,0.617011732062313,0.35988514876030225,-0.7451000223876982,0.326938438145888,0.017929928170479295,1.267126196322915,-0.3316130664531653,0.10824408622062562,0.6920104433004223
Jonny Castro,es ESP,DF,Alavés,es La Liga,31.0,1994.0,34,34,2994,33.3,0,0,0,0,0,0,7,0,9,3,37,30,1,23,40,41,0,33.3,0.0,0.0,1.06,-0.39,-0.6,,,,,,,,,,,,,,,DF,,False,Defender,True,True,True,0.0,0.0,0.0,0.0,0.0,0.0,0.2104208416833667,0.0,0.2705410821643286,0.0901803607214428,1.1122244488977957,0.9018036072144288,0.0300601202404809,0.691382765531062,1.2024048096192386,1.2324649298597194,0.0,-0.809444991619996,-0.8042256269931214,-0.8221765122714052,-0.9251459985685824,-0.5488148735740388,-0.3269155952465078,0.2946351278212572,0.4672962092719746,0.3217781310570841,0.17576534882951184,-0.4171959813330039,0.06470676075335714
Santiago Castro,ar ARG,FW,Bologna,it Serie A,20.0,2004.0,35,26,2359,26.2,7,2,9,7,0,0,3,0,63,20,35,50,12,4,1,8,0,31.7,0.11,0.35,1.43,0.0,-0.25,,,,,,,,,,,,,,,FW,,False,Forward,True,True,True,0.2670623145400593,0.0763035184400169,0.3433658329800763,0.2670623145400593,0.0,0.0,0.1144552776600254,0.0,2.403560830860534,0.7630351844001695,1.3353115727002969,1.907587961000424,0.4578211106401018,0.1526070368800339,0.0381517592200084,0.3052140737600678,0.0,-0.5494767644580029,-0.40096226144806446,-0.377322485332007,-0.12054772812028972,-0.6618911642041224,-0.6857643059702822,0.723285318796161,-0.5840092250824225,-1.1277562160821246,-0.06901522750119926,-0.16808069336941,-0.30984411016951724
Danilo Cataldi,it ITA,MF,Lazio,it Serie A,30.0,1994.0,27,24,1985,22.1,3,3,6,1,2,2,6,0,26,7,22,12,0,48,21,22,0,26.9,0.04,0.14,1.37,-0.09,-0.28,,,,,,,,,,,,,,,MF,,False,Midfielder,True,True,True,0.1360201511335012,0.1360201511335012,0.2720403022670025,0.0453400503778337,0.0906801007556675,0.0906801007556675,0.2720403022670025,0.0,1.1788413098236776,0.3173803526448362,0.9974811083123424,0.544080604534005,0.0,2.17632241813602,0.9521410579345088,0.9974811083123424,0.0,-0.009527238414563472,0.1270611359355632,-0.678188984419801,-0.28063389001242767,-0.43791612313869005,-0.11603999530312899,-1.0610465129095785,-0.11082547099846969,0.4272958985532884,-0.40267538855515606,-0.8633126317738823,0.6801970688578809
Catena,es ESP,DF,Osasuna,es La Liga,30.0,1994.0,35,35,3071,34.1,3,2,5,3,0,0,11,1,19,4,46,14,3,1,32,29,0,21.1,0.16,0.75,1.09,-0.23,-0.75,,,,,,,,,,,,,,,DF,,False,Defender,True,True,True,0.0879192445457505,0.058612829697167,0.1465320742429176,0.0879192445457505,0.0,0.0,0.3223705633344187,0.0293064148485835,0.5568218821230869,0.1172256593943341,1.348095083034842,0.4102898078801693,0.0879192445457505,0.0293064148485835,0.9378052751546728,0.8498860306089222,0.0,0.8243358200501156,0.12908861529915266,0.8995954381972473,-0.05041168244253639,-0.3461301791222304,-0.772829192682953,-0.8074915283884017,-0.5134131605244487,-0.3967959652896951,0.7863100711938698,0.3349894749244711,1.047034136071394
Santi Cazorla,es ESP,MF,Oviedo,es La Liga,40.0,1984.0,28,6,940,10.4,0,1,1,0,0,0,2,1,7,1,6,19,0,71,4,10,0,14.3,0.0,0.0,0.68,-1.15,-0.35,,,,,,,,,,,,,,,MF,,False,Midfielder,True,True,False,0.0,0.0957446808510638,0.0957446808510638,0.0,0.0,0.0,0.1914893617021276,0.0957446808510638,0.6702127659574468,0.0957446808510638,0.5744680851063829,1.819148936170213,0.0,6.797872340425532,0.3829787234042553,0.9574468085106382,0.0,-1.0341415412128914,-0.2529622343990537,-1.0585089693537577,-0.9512503571832256,-1.1244779264465794,2.2943872496589304,0.8699343397541381,-0.20628958823272314,-1.0137930390278884,-1.2560734851512028,-0.8633126317738823,0.010061465886075588
Zeki Çelik,tr TUR,"MF,DF",Roma,it Serie A,28.0,1997.0,34,32,2723,30.3,1,2,3,1,0,0,2,1,22,4,35,18,3,75,24,40,0,18.2,0.05,0.25,1.79,0.76,0.11,,,,,,,,,,,,,,,MF,DF,True,Midfielder,True,True,True,0.0330517811237605,0.0661035622475211,0.0991553433712816,0.0330517811237605,0.0,0.0,0.0661035622475211,0.0330517811237605,0.7271391847227323,0.1322071244950422,1.1568123393316196,0.5949320602276901,0.0991553433712816,2.478883584282042,0.7932427469702534,1.3220712449504224,0.0,-0.7851686692512463,-0.5326440782909759,-0.7812650581918393,-0.8761940232408242,-1.0115280530863224,0.04176457035318412,-0.9840363756186785,0.6631785957788141,0.02497377665829053,-0.08123618498256827,-0.2640407452551862,-1.0330733222662905
Julian Chabot,de GER,DF,Stuttgart,de Bundesliga,27.0,1998.0,27,26,2294,25.5,0,0,0,0,0,0,3,0,18,7,35,40,0,1,40,20,1,38.9,0.0,0.0,1.81,0.71,0.24,,,,,,,,,,,,,,,DF,,False,Defender,True,True,True,0.0,0.0,0.0,0.0,0.0,0.0,0.1176983435047951,0.0,0.7061900610287707,0.2746294681778553,1.3731473408892765,1.5693112467306014,0.0,0.039232781168265,1.5693112467306014,0.7846556233653007,0.039232781168265,-0.809444991619996,-0.8042256269931214,-0.8221765122714052,0.40598452661122736,0.8334960204145112,-0.7661437073752263,1.7913946567110162,-0.6806259150823514,1.318187523933098,0.8511571593966725,-0.807986293660309,-0.7489071270292011
Fares Chaïbi,dz ALG,MF,Eintracht Frankfurt,de Bundesliga,22.0,2002.0,28,21,1792,19.9,2,9,11,2,0,0,2,0,35,9,14,21,5,91,13,21,0,25.7,0.06,0.22,1.36,0.1,0.53,,,,,,,,,,,,,,,MF,,False,Midfielder,True,True,True,0.1004464285714285,0.4520089285714286,0.5524553571428571,0.1004464285714285,0.0,0.0,0.1004464285714285,0.0,1.7578125,0.4520089285714286,0.703125,1.0546875,0.2511160714285714,4.5703125,0.6529017857142857,1.0546875,0.0,-0.27749742251695364,3.1086059657730947,-0.21594739558823955,0.48272793627908256,-0.020876586511483965,1.132575515623813,-0.2877764740265097,0.02558649847943044,-0.3303621169622904,-0.9965174898014464,0.6543746329121394,-0.7473612341098987
Ilyas Chaira,ma MAR,"MF,FW",Oviedo,es La Liga,24.0,2001.0,36,30,2447,27.2,6,2,8,6,0,0,2,1,81,35,53,41,18,74,4,34,0,43.2,0.07,0.17,0.81,-0.63,0.95,,,,,,,,,,,,,,,MF,FW,True,Midfielder,True,True,True,0.2206783816918676,0.0735594605639558,0.2942378422558234,0.2206783816918676,0.0,0.0,0.0735594605639558,0.0367797302819779,2.9791581528402125,1.2872905598692277,1.9493257049448305,1.507968941561095,0.6620351450756028,2.721700040866367,0.1471189211279117,1.2505108295872498,0.0,0.6281873439973105,-0.46229317767544037,0.7925784930751055,2.093047523686128,2.566579026623649,0.16840853445993795,0.39867911647435234,0.49253862167163653,-1.6109775877226784,1.517602055541164,3.1378741610101244,-0.9710447118125572
Trevoh Chalobah,eng ENG,DF,Chelsea,eng Premier League,26.0,1999.0,34,31,2783,30.9,3,0,3,3,0,0,3,1,16,5,20,18,2,5,37,22,0,31.3,0.19,0.6,1.41,0.49,1.76,,,,,,,,,,,,,,,DF,,False,Defender,True,True,True,0.0970176068990298,0.0,0.0970176068990298,0.0970176068990298,0.0,0.0,0.0970176068990298,0.0323392022996766,0.5174272367948257,0.161696011498383,0.6467840459935321,0.582105641394179,0.0646784045993532,0.161696011498383,1.1965504850880346,0.7114624505928854,0.0,0.9934083582322915,-0.8042256269931214,1.077773778741615,-0.17078247973389854,-0.012857478480618675,-0.6836637644896358,-0.422227044804915,-0.8682505605701321,0.3058795166916306,-1.0290144772306835,0.03285179121784692,-0.9303747842057669
Brendan Chardonnet,fr FRA,DF,Brest,fr Ligue 1,30.0,1994.0,29,29,2546,28.3,1,3,4,1,0,0,6,0,12,6,28,20,0,7,34,18,0,50.0,0.08,0.17,1.34,-0.14,1.26,,,,,,,,,,,,,,,DF,,False,Defender,True,True,True,0.035349567949725,0.1060487038491751,0.1413982717989002,0.035349567949725,0.0,0.0,0.2120974076983503,0.0,0.4241948153967007,0.2120974076983503,0.9897879025923016,0.7069913589945012,0.0,0.2474469756480754,1.2018853102906522,0.6362922230950511,0.0,-0.15255302086339628,0.8844279696759125,-0.12990606714320052,-0.45565522839260314,0.3648640513235408,-0.6259098198453102,-0.14219446274187658,-1.0609432223484494,0.3203673244910516,-0.1411583218293186,-0.807986293660309,0.0794181568047005
Pep Chavarría,es ESP,DF,Rayo Vallecano,es La Liga,27.0,1998.0,33,29,2682,29.8,1,2,3,1,0,0,6,1,18,3,33,35,3,95,32,31,0,16.7,0.06,0.33,1.24,-0.1,-0.1,,,,,,,,,,,,,,,DF,,False,Defender,True,True,True,0.0335570469798657,0.0671140939597315,0.1006711409395973,0.0335570469798657,0.0,0.0,0.2013422818791946,0.0335570469798657,0.6040268456375839,0.1006711409395973,1.1073825503355703,1.174496644295302,0.1006711409395973,3.187919463087248,1.0738255033557047,1.0402684563758389,0.0,-0.1858629791120533,0.2644574595391582,-0.1650100121608875,0.09382363296651998,-0.470194163601661,1.3545213852344247,0.9060976453267162,-0.02538355627857864,-0.027405245225793178,0.1632322260683602,0.5007678395700647,-0.014955052537238087
Walid Cheddira,ma MAR,FW,Lecce,it Serie A,27.0,1998.0,17,11,1000,11.1,3,1,4,3,0,0,2,0,25,10,20,25,10,4,1,3,0,40.0,0.12,0.3,1.24,-0.63,-0.07,,,,,,,,,,,,,,,FW,,False,Forward,True,True,False,0.27,0.09,0.36,0.27,0.0,0.0,0.18,0.0,2.25,0.9,1.8,2.25,0.9,0.36,0.09,0.27,0.0,-0.5343521788760184,-0.26230930936377733,-0.3600916092765938,-0.3211899627229412,-0.309444501017426,-0.5421873998701882,1.2396186525721833,-0.6913737917351533,-0.8729819132949145,0.7423926386633855,1.20318152747289,0.3435198734702938
Chema,es ESP,MF,Stuttgart,de Bundesliga,20.0,2005.0,25,14,1310,14.6,3,0,3,3,0,0,5,0,15,6,20,8,1,0,31,16,0,40.0,0.2,0.5,1.88,0.55,-0.17,,,,,,,,,,,,,,,MF,,False,Midfielder,True,True,False,0.2061068702290076,0.0,0.2061068702290076,0.2061068702290076,0.0,0.0,0.3435114503816793,0.0,1.0305343511450382,0.4122137404580153,1.3740458015267174,0.549618320610687,0.0687022900763358,0.0,2.1297709923664123,1.099236641221374,0.0,0.5184228794395372,-1.1563710848352395,0.6703501988002222,-0.4761736210898716,-0.14415031719299706,-1.2511282100157324,-1.0526601202384978,0.13181651777057685,3.4089926274397926,0.35701657080552807,-0.4480919327941345,1.2747942343415257
Samir Chergui,dz ALG,DF,Paris FC,fr Ligue 1,26.0,1999.0,15,13,1154,12.8,1,0,1,1,0,0,1,0,13,4,14,4,1,6,13,12,0,30.8,0.08,0.25,1.33,-0.16,-0.11,,,,,,,,,,,,,,,DF,,False,Defender,True,True,False,0.0779896013864818,0.0,0.0779896013864818,0.0779896013864818,0.0,0.0,0.0779896013864818,0.0,1.0138648180242635,0.3119584055459272,1.0918544194107451,0.3119584055459272,0.0779896013864818,0.4679376083188908,1.0138648180242635,0.9358752166377816,0.0,0.6398158034807887,-0.8042256269931214,0.7051376586960229,1.3460883274545647,1.1132490509196646,-0.47740765523252565,-1.0279810849417146,-0.2929869932559088,-0.19024073685113413,0.12303808143047221,0.20590122376426134,-1.097340190077348
Sidiki Cherif,fr FRA,"FW,MF",Angers,fr Ligue 1,18.0,2006.0,19,14,1157,12.9,4,0,4,4,0,0,3,0,28,12,15,16,11,6,6,3,0,42.9,0.14,0.33,1.21,-0.23,0.52,,,,,,,,,,,,,,,FW,MF,True,Forward,True,True,False,0.3111495246326707,0.0,0.3111495246326707,0.3111495246326707,0.0,0.0,0.233362143474503,0.0,2.178046672428695,0.933448573898012,1.166810717372515,1.2445980985306828,0.8556611927398443,0.466724286949006,0.466724286949006,0.233362143474503,0.0,-0.3224950840809335,-1.1734021059287691,-0.11873072556270947,-0.4152040179354645,-0.22337248166647583,-0.4683028152856414,-0.2764568834607284,-0.803079344911042,0.9781834513644925,-0.3632401563700275,1.0656803197578981,0.8754452732792869
Rayan Cherki,fr FRA,MF,Manchester City,eng Premier League,21.0,2003.0,33,19,1786,19.8,4,12,16,4,0,0,1,0,55,13,18,34,1,80,7,16,0,23.6,0.07,0.31,2.06,1.06,-0.1,,,,,,,,,,,,,,,MF,,False,Midfielder,True,True,True,0.2015677491601343,0.604703247480403,0.8062709966405375,0.2015677491601343,0.0,0.0,0.0503919372900335,0.0,2.7715565509518476,0.6550951847704367,0.9070548712206048,1.7133258678611425,0.0503919372900335,4.031354983202688,0.3527435610302352,0.8062709966405375,0.0,0.484230531243011,4.549369023182777,0.6322752861757036,1.8193290025447175,0.6082246098553945,0.8514754725192789,0.7096744433980573,-0.566777107655666,-1.090346871528298,-0.5851037640022609,-0.5587554561504393,-1.1637846360103297
Ben Chilwell,eng ENG,"DF,MF",Strasbourg,fr Ligue 1,28.0,1996.0,20,19,1598,17.8,0,2,2,0,0,0,4,0,5,3,14,22,4,30,22,17,0,60.0,0.0,0.0,1.45,0.17,-0.32,,,,,,,,,,,,,,,DF,MF,True,Defender,True,True,True,0.0,0.1126408010012515,0.1126408010012515,0.0,0.0,0.0,0.2252816020025031,0.0,0.2816020025031289,0.1689612015018773,0.7884856070087609,1.2390488110137672,0.2252816020025031,1.6896120150187737,1.2390488110137672,0.9574468085106382,0.0,-0.809444991619996,0.9893964243708173,-0.8221765122714052,-0.8913492277419011,0.04158979658196245,0.34539960714141565,1.0508436600934914,-0.23769000141301438,0.4212924036044144,-0.6622238398749043,2.1207401021042824,0.19510576009191888
Joris Chotard,fr FRA,MF,Brest,fr Ligue 1,23.0,2001.0,33,31,2773,30.8,2,1,3,2,0,0,2,0,25,8,28,12,0,51,48,34,0,32.0,0.08,0.25,1.15,-0.26,0.99,,,,,,,,,,,,,,,MF,,False,Midfielder,True,True,True,0.0649116480346195,0.0324558240173097,0.0973674720519293,0.0649116480346195,0.0,0.0,0.0649116480346195,0.0,0.8113956004327444,0.2596465921384782,0.9087630724846736,0.3894698882077173,0.0,1.6552470248827984,1.557879552830869,1.1034980165885324,0.0,-0.5451742636423467,-0.8501307965517872,-0.5140191243527449,-0.7651036400499373,-0.6167582490662942,-0.3878133929070774,-1.295191088094482,0.1419780152775782,1.960993740281811,-0.5816575918340592,-0.8633126317738823,-1.0429893349677208
Ryan Christie,sct SCO,MF,Bournemouth,eng Premier League,30.0,1995.0,26,9,993,11.0,2,0,2,2,0,0,3,1,25,8,16,22,1,17,11,20,0,32.0,0.08,0.25,1.77,0.18,0.11,,,,,,,,,,,,,,,MF,,False,Midfielder,True,True,False,0.1812688821752265,0.0,0.1812688821752265,0.1812688821752265,0.0,0.0,0.2719033232628399,0.0906344410876132,2.2658610271903323,0.7250755287009063,1.4501510574018126,1.9939577039274925,0.0906344410876132,1.540785498489426,0.9969788519637462,1.812688821752266,0.0,0.3313229710762532,-1.1563710848352395,0.46200496839831545,1.15257966317177,0.8250030315605215,-0.4475122355805862,1.1346671191996816,1.8330847537729364,0.5408228223164471,0.5105534052332922,-0.3155391013977799,0.6790574855469319
Carney Chukwuemeka,at AUT,"MF,FW",Dortmund,de Bundesliga,21.0,2003.0,28,8,919,10.2,2,0,2,2,0,0,2,0,18,2,11,15,0,1,6,15,0,11.1,0.11,1.0,2.32,1.37,0.45,,,,,,,,,,,,,,,MF,FW,True,Midfielder,True,True,False,0.1958650707290533,0.0,0.1958650707290533,0.1958650707290533,0.0,0.0,0.1958650707290533,0.0,1.7627856365614798,0.1958650707290533,1.0772578890097932,1.4689880304679,0.0,0.0979325353645266,0.5875952121871599,1.4689880304679,0.0,0.4412733235347921,-1.1563710848352395,0.5844402582717148,0.4892849164404135,-0.8143345507607308,-1.200050269632061,0.33964589364796793,1.01351021905659,-0.49571490816367336,-0.24173151906436524,-0.8633126317738823,0.04646474543346162
Samuel Chukwueze,ng NGA,MF,Fulham,eng Premier League,26.0,1999.0,23,10,1079,12.0,3,4,7,3,0,0,0,0,25,7,5,12,3,43,6,4,0,28.0,0.12,0.43,1.17,-0.25,-0.21,,,,,,,,,,,,,,,MF,,False,Midfielder,True,True,False,0.2502316960148285,0.3336422613531047,0.5838739573679332,0.2502316960148285,0.0,0.0,0.0,0.0,2.0852641334569046,0.5838739573679332,0.4170528266913809,1.000926784059314,0.2502316960148285,3.586654309545876,0.5004633920296571,0.3336422613531047,0.0,0.850806921303032,1.9917450204845562,1.0404766750222512,0.9144663045762612,0.3876022979165363,0.619536266482458,-0.36919243467055174,-1.6937878263952961,-0.7163280698619475,-1.5736473529447013,0.6490296731291856,-1.5830153866876162
Víctor Chust,es ESP,DF,Elche,es La Liga,25.0,2000.0,31,22,2166,24.1,1,0,1,1,0,0,9,1,9,3,38,10,1,36,20,35,0,33.3,0.11,0.33,1.16,-0.21,0.01,,,,,,,,,,,,,,,DF,,False,Defender,True,True,True,0.0415512465373961,0.0,0.0415512465373961,0.0415512465373961,0.0,0.0,0.3739612188365651,0.0415512465373961,0.3739612188365651,0.1246537396121883,1.5789473684210529,0.4155124653739612,0.0415512465373961,1.4958448753462603,0.8310249307479225,1.454293628808864,0.0,-0.03730881546750068,-0.8042256269931214,-0.00845511185754963,-0.609144567321068,-0.29046216127081775,0.21489592395249849,-0.7957807075570078,1.0359357342829,-0.6867798068899675,1.3838649342821212,-0.2678079949031744,1.4997276529729093
Alessandro Circati,au AUS,DF,Parma,it Serie A,21.0,2003.0,31,31,2664,29.6,1,0,1,1,0,0,6,0,8,1,30,18,0,5,27,25,0,12.5,0.13,1.0,1.1,-0.44,0.16,,,,,,,,,,,,,,,DF,,False,Defender,True,True,True,0.0337837837837837,0.0,0.0337837837837837,0.0337837837837837,0.0,0.0,0.2027027027027027,0.0,0.2702702702702703,0.0337837837837837,1.0135135135135134,0.6081081081081081,0.0,0.1689189189189189,0.9121621621621622,0.8445945945945946,0.0,-0.1816495871356485,-0.8042256269931214,-0.1605696979709518,-0.9259734674626963,-0.971465889670779,-0.678799079882609,-0.36392143521380677,-0.5269773191570645,-0.4664350777824622,-0.07974522313726369,-0.807986293660309,-0.0030177417768754078
Pathé Ciss,sn SEN,"MF,DF",Rayo Vallecano,es La Liga,31.0,1994.0,29,20,1998,22.2,2,1,3,2,0,0,9,2,20,8,30,13,2,1,35,35,0,40.0,0.1,0.25,1.31,0.05,0.3,,,,,,,,,,,,,,,MF,DF,True,Midfielder,True,True,True,0.09009009009009,0.045045045045045,0.1351351351351351,0.09009009009009,0.0,0.0,0.4054054054054054,0.09009009009009,0.9009009009009008,0.3603603603603603,1.351351351351351,0.5855855855855856,0.09009009009009,0.045045045045045,1.576576576576577,1.576576576576577,0.0,-0.3555097790992177,-0.7313438979433405,-0.30281810839889883,-0.6470927082670721,-0.3047767626533697,-1.2276344026020216,-0.9981908041508742,1.270061367188433,2.008333615833959,0.3112321634221136,-0.31882903251114986,1.7897148867792096
Djaoui Cissé,fr FRA,MF,Rennes,fr Ligue 1,21.0,2004.0,24,12,981,10.9,0,0,0,0,0,0,3,0,24,6,18,10,0,27,5,22,0,25.0,0.0,0.0,1.75,0.37,0.15,,,,,,,,,,,,,,,MF,,False,Midfielder,True,True,False,0.0,0.0,0.0,0.0,0.0,0.0,0.2752293577981651,0.0,2.2018348623853212,0.5504587155963303,1.651376146788991,0.9174311926605504,0.0,2.4770642201834865,0.4587155963302752,2.018348623853211,0.0,-1.0341415412128914,-1.1563710848352395,-1.0585089693537577,1.0681624574018078,0.28409175530845127,0.04081565822080331,-0.4956392958093209,2.3234925179997066,-0.8220312812320955,0.9165104298395456,-0.8633126317738823,0.7067281017210544
Alexis Claude-Maurice,fr FRA,"MF,FW",Augsburg,de Bundesliga,27.0,1998.0,29,25,2097,23.3,5,4,9,4,1,2,3,0,71,26,23,42,1,65,8,26,0,36.6,0.06,0.15,1.28,-0.6,-0.41,,,,,,,,,,,,,,,MF,FW,True,Midfielder,True,True,True,0.2145922746781115,0.1716738197424892,0.3862660944206008,0.1716738197424892,0.0429184549356223,0.0858369098712446,0.1287553648068669,0.0,3.047210300429185,1.1158798283261802,0.9871244635193132,1.8025751072961371,0.0429184549356223,2.7896995708154506,0.3433476394849785,1.1158798283261802,0.0,0.5823418406458601,0.46347501799740615,0.38151996740142463,2.182772906482389,2.0355992434413555,0.2038745409707331,0.844834707509255,0.17150316578976335,-1.1141368480881932,-0.4235691683411964,-0.6039234492924946,-0.5118478320243329
Jonathan Clauss,fr FRA,"MF,DF",Nice,fr Ligue 1,32.0,1992.0,30,28,2530,28.1,1,6,7,1,0,0,0,0,23,6,22,17,1,223,47,38,0,26.1,0.04,0.17,0.83,-0.92,-1.43,,,,,,,,,,,,,,,MF,DF,True,Midfielder,True,True,True,0.0355731225296442,0.2134387351778656,0.2490118577075099,0.0355731225296442,0.0,0.0,0.0,0.0,0.8181818181818181,0.2134387351778656,0.782608695652174,0.6047430830039526,0.0355731225296442,7.932806324110673,1.6719367588932808,1.3517786561264822,0.0,-0.7661758770423145,0.8575522023031357,-0.7601156214905548,-0.7561561489442622,-0.759896532471279,2.886326283426359,-0.9691784290632183,0.7340176462251722,2.249780555459268,-0.8361648981344078,-0.648316933883183,-1.5830153866876162
Saúl Coco,gq EQG,DF,Torino,it Serie A,26.0,1999.0,35,35,3088,34.3,1,1,2,1,0,0,3,0,15,4,46,34,0,5,41,34,0,26.7,0.07,0.25,1.2,-0.47,0.35,,,,,,,,,,,,,,,DF,,False,Defender,True,True,True,0.0291450777202072,0.0291450777202072,0.0582901554404145,0.0291450777202072,0.0,0.0,0.0874352331606217,0.0,0.4371761658031088,0.116580310880829,1.3406735751295336,0.9909326424870466,0.0,0.1457253886010362,1.1949481865284974,0.9909326424870466,0.0,-0.26784947427987205,-0.3401375379258334,-0.25141208439044377,-0.41599056114360206,-0.3509665933122434,-0.694420103848557,0.49449011815775357,-0.15185183521926637,0.3015281475865146,0.7670996997962218,-0.807986293660309,-1.014457423313235
Maxime Colin,fr FRA,DF,Metz,fr Ligue 1,33.0,1991.0,22,18,1692,18.8,0,0,0,0,0,0,1,0,7,2,10,7,0,12,24,30,0,28.6,0.0,0.0,0.59,-0.9,0.87,,,,,,,,,,,,,,,DF,,False,Defender,True,True,True,0.0,0.0,0.0,0.0,0.0,0.0,0.0531914893617021,0.0,0.3723404255319149,0.1063829787234042,0.5319148936170213,0.3723404255319149,0.0,0.6382978723404256,1.2765957446808511,1.595744680851064,0.0,-0.809444991619996,-0.8042256269931214,-0.8221765122714052,-0.6140969201268766,-0.4273881251115181,-0.36266868575905287,-0.8925858348541696,1.398533808502379,0.5232587732165666,-1.3263501544867051,-0.807986293660309,-1.3149366605185548
Nathan Collins,ie IRL,DF,Brentford,eng Premier League,24.0,2001.0,35,32,2975,33.1,1,2,3,1,0,0,7,0,20,6,20,17,2,1,36,13,1,30.0,0.05,0.17,1.31,0.06,-0.14,,,,,,,,,,,,,,,DF,,False,Defender,True,True,True,0.0302521008403361,0.0605042016806722,0.0907563025210084,0.0302521008403361,0.0,0.0,0.2117647058823529,0.0,0.6050420168067228,0.1815126050420168,0.6050420168067228,0.5142857142857142,0.0605042016806722,0.0302521008403361,1.0890756302521007,0.3932773109243697,0.0302521008403361,-0.24727794706661654,0.1592056463109366,-0.22973262881042703,0.09692550028879754,0.13565336830448374,-0.7721922657753647,-0.5743003936909004,-1.6838918528995774,0.014009590125018833,-1.1370625846774878,-0.021414061654962523,0.07649879178215069
Nnamdi Collins,de GER,DF,Eintracht Frankfurt,de Bundesliga,21.0,2004.0,23,16,1500,16.7,1,2,3,1,0,0,4,0,4,1,22,19,0,4,24,38,0,25.0,0.25,1.0,1.57,0.36,0.94,,,,,,,,,,,,,,,DF,,False,Defender,True,True,True,0.06,0.12,0.18,0.06,0.0,0.0,0.24,0.0,0.24,0.06,1.32,1.14,0.0,0.24,1.44,2.28,0.0,0.3055196467442078,1.1065797317265957,0.35283718992620283,-1.0184646305711895,-0.7749945606707255,-0.6309254161550589,0.8287454503748517,3.152565732731679,0.9670164137686513,0.7135867127560209,-0.807986293660309,0.32425557002922206
Santiago Colombatto,ar ARG,MF,Oviedo,es La Liga,28.0,1997.0,32,23,2064,22.9,0,1,1,0,0,0,6,0,15,2,44,41,1,67,14,22,0,13.3,0.0,0.0,0.75,-0.96,-0.16,,,,,,,,,,,,,,,MF,,False,Midfielder,True,True,True,0.0,0.0436046511627907,0.0436046511627907,0.0,0.0,0.0,0.2616279069767442,0.0,0.6540697674418604,0.0872093023255814,1.9186046511627908,1.787790697674419,0.0436046511627907,2.921511627906977,0.6104651162790697,0.9593023255813954,0.0,-1.0341415412128914,-0.7449348835706973,-1.0585089693537577,-0.9725345748399389,-1.150918006353136,0.27262277023804987,0.8224449961587733,-0.20186499981603304,-0.43780952020859276,1.455624557486092,-0.599776238526077,0.5935721735148124
Lorenzo Colombo,it ITA,FW,Genoa,it Serie A,23.0,2002.0,38,30,2326,25.8,7,1,8,6,1,2,2,0,66,27,41,55,3,16,1,12,0,40.9,0.09,0.22,1.08,-0.19,0.22,,,,,,,,,,,,,,,FW,,False,Forward,True,True,True,0.2708512467755803,0.0386930352536543,0.3095442820292347,0.232158211521926,0.0386930352536543,0.0773860705073086,0.0773860705073086,0.0,2.5537403267411865,1.0447119518486674,1.586414445399828,2.128116938950989,0.116079105760963,0.6190885640584695,0.0386930352536543,0.4643164230438521,0.0,-0.5299695603539822,-0.7817027092972166,-0.5820510994508803,0.07567646183841442,0.06293759090107545,-0.36282193889303205,1.0558275469027347,-0.09892036826132951,-1.1250964686728977,0.36944382195026526,-1.2278732611332013,-0.6793579930729049
Eray Cömert,ch SUI,DF,Valencia,es La Liga,27.0,1998.0,17,15,1337,14.9,2,1,3,2,0,0,3,1,11,3,9,13,1,1,21,14,0,27.3,0.18,0.67,1.35,-0.07,0.28,,,,,,,,,,,,,,,DF,,False,Defender,True,True,False,0.1346297681376215,0.0673148840688107,0.2019446522064323,0.1346297681376215,0.0,0.0,0.2019446522064323,0.0673148840688107,0.7404637247569185,0.2019446522064323,0.605833956619297,0.87509349289454,0.0673148840688107,0.0673148840688107,1.413612565445026,0.9424083769633508,0.0,1.6923455207903335,0.2676547163425453,1.8143538591517985,0.510708105023382,0.2887765889659535,-0.7472301915623525,0.2347427524246162,-0.27623977703929314,0.8953559440001778,-1.1350126700080911,0.06712679168595352,-0.009669422043494772
Santi Comesaña,es ESP,MF,Villarreal,es La Liga,28.0,1996.0,34,28,2407,26.7,3,6,9,3,0,0,5,1,27,7,43,28,1,12,31,25,0,25.9,0.11,0.43,1.91,0.97,0.97,,,,,,,,,,,,,,,MF,,False,Midfielder,True,True,True,0.1121728292480265,0.2243456584960531,0.3365184877440798,0.1121728292480265,0.0,0.0,0.1869547154133776,0.0373909430826755,1.0095554632322392,0.2617366015787287,1.607810552555048,1.0469464063149148,0.0373909430826755,0.4486913169921063,1.1591192355629414,0.9347735770668882,0.0,-0.18916464422299506,0.9604656066728982,-0.11758437015071968,-0.5038338612925007,-0.6102840175555648,-1.0171076339662395,-0.29949969176605934,-0.2603552278304307,0.9513537007042695,0.8286200029336562,-0.6373304482826194,-0.02766407653050116
Pietro Comuzzo,it ITA,DF,Fiorentina,it Serie A,20.0,2005.0,27,18,1696,18.8,1,0,1,1,0,0,2,0,10,2,24,4,0,1,24,16,1,20.0,0.1,0.5,1.0,-0.37,-0.27,,,,,,,,,,,,,,,DF,,False,Defender,True,True,True,0.053066037735849,0.0,0.053066037735849,0.053066037735849,0.0,0.0,0.1061320754716981,0.0,0.5306603773584906,0.1061320754716981,1.2735849056603774,0.2122641509433962,0.0,0.053066037735849,1.2735849056603774,0.8490566037735848,0.053066037735849,0.17666760127287195,-0.8042256269931214,0.21704551207789335,-0.13034846472896355,-0.42926846111830763,-0.7568269009465505,-1.2515265797319424,-0.5155393276250623,0.5150822247099317,0.5934425032371917,-0.807986293660309,-0.8503978815537374
Francisco Conceição,pt POR,"MF,FW",Juventus,it Serie A,22.0,2002.0,31,27,2078,23.1,3,5,8,3,0,0,3,0,73,23,32,40,3,92,7,26,0,31.5,0.04,0.13,1.68,0.52,-0.49,,,,,,,,,,,,,,,MF,FW,True,Midfielder,True,True,True,0.1299326275264677,0.2165543792107795,0.3464870067372473,0.1299326275264677,0.0,0.0,0.1299326275264677,0.0,3.1616939364773824,0.996150144369586,1.3859480269489894,1.7324350336862366,0.1299326275264677,3.984600577478344,0.3031761308950914,1.1260827718960538,0.0,-0.055383412697645455,0.8869501841975191,0.03138781134004074,2.3337172694784645,1.6647120705353171,0.827090126634248,0.7386136244624024,0.19583267838054996,-1.2158489838404871,0.3810284474225715,-0.07802998163412775,-0.5020537109759199
Copete,es ESP,DF,Valencia,es La Liga,25.0,1999.0,21,19,1759,19.5,0,0,0,0,0,0,5,0,13,0,20,11,2,4,25,15,1,0.0,0.0,,0.9,-0.77,-1.09,,,,,,,,,,,,,,,DF,,False,Defender,True,True,True,0.0,0.0,0.0,0.0,0.0,0.0,0.2558271745309835,0.0,0.6651506537805572,0.0,1.023308698123934,0.5628197839681638,0.1023308698123934,0.2046617396247868,1.2791358726549176,0.7674815235929505,0.0511654349061967,-0.809444991619996,-0.8042256269931214,-0.8221765122714052,0.28058814013104455,-1.2246505919904345,-0.6547260107463228,-0.46547192945690286,-0.7246502995885163,0.530157009705393,-0.054390654136519806,0.522344797991714,0.46313458273622177
Diego Coppola,it ITA,DF,Paris FC,fr Ligue 1,21.0,2003.0,13,13,1170,13.0,0,2,2,0,0,0,1,0,5,3,6,3,0,0,7,9,0,60.0,0.0,0.0,1.69,0.38,0.77,,,,,,,,,,,,,,,DF,,False,Defender,True,True,False,0.0,0.1538461538461538,0.1538461538461538,0.0,0.0,0.0,0.0769230769230769,0.0,0.3846153846153846,0.2307692307692307,0.4615384615384615,0.2307692307692307,0.0,0.0,0.5384615384615385,0.6923076923076923,0.0,-0.809444991619996,1.6455248329039511,-0.8221765122714052,-0.5765906397863826,0.5047956823161385,-0.7925672921629087,-1.2100324410547292,-0.9173521993778697,-1.4812954724664302,-1.5085176351550829,-0.807986293660309,-1.1066986427952084
Félix Correia,pt POR,MF,Lille,fr Ligue 1,24.0,2001.0,34,26,2053,22.8,4,5,9,4,0,0,2,0,37,8,14,28,3,84,21,13,0,21.6,0.11,0.5,1.79,0.61,0.52,,,,,,,,,,,,,,,MF,,False,Midfielder,True,True,True,0.1753531417437895,0.2191914271797369,0.3945445689235266,0.1753531417437895,0.0,0.0,0.0876765708718947,0.0,1.6220165611300534,0.3507062834875791,0.6137359961032635,1.227471992206527,0.1315148563078421,3.6824159766195814,0.9206039941548954,0.5698977106673161,0.0,0.2867608072558087,0.9118323233722972,0.4123827405223346,0.3036837322537265,-0.3346822393909636,0.6694819633198287,-0.02610928505328441,-1.1304229612102918,0.34744572052964556,-1.1768533224997926,-0.06846735803281573,-0.8535988053825655
Thierry Correia,pt POR,"DF,MF",Valencia,es La Liga,26.0,1999.0,24,17,1392,15.5,0,2,2,0,0,0,5,0,5,1,28,25,4,42,18,22,0,20.0,0.0,0.0,0.96,-0.71,-0.8,,,,,,,,,,,,,,,DF,MF,True,Defender,True,True,True,0.0,0.1293103448275862,0.1293103448275862,0.0,0.0,0.0,0.3232758620689655,0.0,0.3232758620689655,0.0646551724137931,1.8103448275862069,1.6163793103448274,0.2586206896551724,2.7155172413793105,1.1637931034482758,1.4224137931034484,0.0,-0.809444991619996,1.254831871627263,-0.8221765122714052,-0.7640142648212075,-0.7401074547924722,1.036354796287978,1.8969358798377594,0.9542144118443195,0.21692015416626498,1.9828309648720959,2.554157945155651,1.0549778782859396
Danny da Costa,de GER,"DF,MF",Mainz 05,de Bundesliga,32.0,1993.0,34,30,2695,29.9,2,3,5,2,0,0,3,0,14,5,22,24,1,48,29,27,1,35.7,0.14,0.4,1.18,-0.5,-1.98,,,,,,,,,,,,,,,DF,MF,True,Defender,True,True,True,0.0667903525046382,0.1001855287569573,0.1669758812615955,0.0667903525046382,0.0,0.0,0.1001855287569573,0.0,0.4675324675324675,0.1669758812615955,0.7346938775510204,0.8014842300556587,0.0333951762523191,1.6029684601113174,0.9684601113172542,0.901669758812616,0.0333951762523191,0.43170302882253114,0.7910664164648981,0.4858164771878985,-0.32323652791059504,0.0267112762462323,0.2870444956446224,0.06968791402830303,-0.38066985567463746,-0.3135464945800807,-0.8014622688019775,-0.3738392824885265,-0.9025771593611918
Samu Costa,pt POR,MF,Mallorca,es La Liga,24.0,2000.0,34,31,2697,30.0,7,2,9,7,0,0,11,0,39,16,64,68,6,30,26,37,0,41.0,0.18,0.44,1.12,-0.33,-0.33,,,,,,,,,,,,,,,MF,,False,Midfielder,True,True,True,0.2335928809788654,0.0667408231368186,0.3003337041156841,0.2335928809788654,0.0,0.0,0.3670745272525027,0.0,1.3014460511679644,0.5339265850945495,2.135706340378198,2.2691879866518354,0.200222469410456,1.0011123470522802,0.867630700778643,1.2347052280311457,0.0,0.7254698464255679,-0.5266311371822815,0.90090748991852,-0.118982013627922,0.2328801013451612,-0.728985526894552,1.5514796090306664,0.45484924512743646,0.21332014256995063,1.8936114708440936,0.34678551208255826,1.470824927663881
David Costas,es ESP,DF,Oviedo,es La Liga,30.0,1995.0,25,22,2066,23.0,1,0,1,1,0,0,3,0,5,1,16,10,3,1,27,22,0,20.0,0.2,1.0,0.92,-0.96,-0.16,,,,,,,,,,,,,,,DF,,False,Defender,True,True,True,0.0435624394966118,0.0,0.0435624394966118,0.0435624394966118,0.0,0.0,0.1306873184898354,0.0,0.217812197483059,0.0435624394966118,0.6969990319457889,0.4356243949661181,0.1306873184898354,0.0435624394966118,1.176185866408519,0.9583736689254598,0.0,6.466837337545414e-05,-0.8042256269931214,0.03093120955648045,-1.0862597193923473,-0.898182031012911,-0.7632276486474471,-0.7506835124399002,-0.23531407138893573,0.2505752339585127,-0.8990343516041186,0.8909868841343966,-0.6349325184553856
Vladimír Coufal,cz CZE,"DF,MF",Hoffenheim,de Bundesliga,32.0,1992.0,34,34,3012,33.5,1,8,9,1,0,0,4,0,26,6,32,42,1,209,39,35,0,23.1,0.04,0.17,1.79,0.42,2.29,,,,,,,,,,,,,,,DF,MF,True,Defender,True,True,True,0.0298804780876494,0.2390438247011952,0.2689243027888446,0.0298804780876494,0.0,0.0,0.1195219123505976,0.0,0.7768924302788844,0.1792828685258964,0.9561752988047808,1.254980079681275,0.0298804780876494,6.245019920318724,1.1653386454183268,1.045816733067729,0.0,-0.25418371753423713,3.0021595497393827,-0.23701032591801477,0.6220164387177988,0.11894312709236146,3.4135024396150544,1.0865665144456584,-0.011161007809190049,0.22111738915665427,-0.2281636326959156,-0.4195313816058754,-0.7329058224114681
Abdoul Coulibaly,de GER,DF,Werder Bremen,de Bundesliga,18.0,2007.0,27,24,2120,23.6,1,0,1,1,0,0,5,1,6,1,18,9,1,13,24,14,1,16.7,0.17,1.0,0.93,-0.81,-0.42,,,,,,,,,,,,,,,DF,,False,Defender,True,True,True,0.0424528301886792,0.0,0.0424528301886792,0.0424528301886792,0.0,0.0,0.2122641509433962,0.0424528301886792,0.2547169811320754,0.0424528301886792,0.7641509433962264,0.3820754716981132,0.0424528301886792,0.5518867924528302,1.018867924528302,0.5943396226415094,0.0424528301886792,-0.020554917305701654,-0.8042256269931214,0.009201107208033606,-0.9734967234399378,-0.906497739641584,-0.4208672235127824,-0.8707568365763365,-1.1684852442233744,-0.1766537789513739,-0.7252134548962996,-0.25608714502448215,0.08088128196340794
Lassana Coulibaly,ml MLI,MF,Lecce,it Serie A,29.0,1996.0,33,31,2689,29.9,3,1,4,3,0,0,4,0,28,8,34,52,1,18,9,28,0,28.6,0.11,0.38,1.12,-0.37,0.99,,,,,,,,,,,,,,,MF,,False,Midfielder,True,True,True,0.1004090740052063,0.0334696913350687,0.1338787653402751,0.1004090740052063,0.0,0.0,0.1338787653402751,0.0,0.9371513573819265,0.2677575306805503,1.137969505392339,1.7404239494235776,0.0334696913350687,0.6024544440312384,0.3012272220156192,0.9371513573819265,0.0,-0.2777788074625456,-0.8405643464901251,-0.2162607319860701,-0.599297213201369,-0.5916329587784291,-0.9369105492397213,0.750712147294158,-0.25468527232036964,-1.2207835180782087,-0.119250235936333,-0.6610295839258092,-0.46922420675509885
Mamadou Coulibaly,fr FRA,MF,Monaco,fr Ligue 1,21.0,2004.0,25,15,1381,15.3,3,3,6,3,0,0,7,1,13,5,31,16,3,15,21,21,0,38.5,0.23,0.6,1.6,-0.2,-0.68,,,,,,,,,,,,,,,MF,,False,Midfielder,True,True,True,0.1955104996379435,0.1955104996379435,0.391020999275887,0.1955104996379435,0.0,0.0,0.4561911658218682,0.0651701665459811,0.8472121650977553,0.3258508327299058,2.0202751629254165,1.0427226647356986,0.1955104996379435,0.9775524981897176,1.3685734974656047,1.3685734974656047,0.0,0.4386024059664582,0.6883884794153359,0.5814660561941887,-0.7178802225844773,-0.4116770794187778,-0.7412734611461366,-0.30589618355689535,0.7740659225899417,1.4816808173190363,1.6607374416251834,0.31830746018152,2.2122220101027152
Soumaïla Coulibaly,fr FRA,DF,Brest,fr Ligue 1,21.0,2003.0,16,15,1338,14.9,0,0,0,0,0,0,3,0,6,2,26,20,1,1,13,12,1,33.3,0.0,0.0,0.88,-0.74,-0.69,,,,,,,,,,,,,,,DF,,False,Defender,True,True,False,0.0,0.0,0.0,0.0,0.0,0.0,0.2017937219730941,0.0,0.4035874439461883,0.1345291479820627,1.748878923766816,1.3452914798206277,0.0672645739910313,0.0672645739910313,0.874439461883408,0.8071748878923767,0.0672645739910313,-0.809444991619996,-0.8042256269931214,-0.8221765122714052,-0.5186212916965907,-0.21645321234983178,-0.7472640757929957,1.2890727341856005,-0.6228996427608086,-0.5688787775395989,1.8237281442959667,0.06647274603173343,-0.010993792464293071
Woyo Coulibaly,ml MLI,DF,Sassuolo,it Serie A,26.0,1999.0,20,9,1054,11.7,0,0,0,0,0,0,2,0,6,1,15,12,0,10,10,14,0,16.7,0.0,0.0,1.55,0.17,0.4,,,,,,,,,,,,,,,DF,,False,Defender,True,True,False,0.0,0.0,0.0,0.0,0.0,0.0,0.1707779886148007,0.0,0.5123339658444023,0.0853889943074003,1.2808349146110056,1.0246679316888043,0.0,0.8538899430740038,0.8538899430740038,1.1954459203036054,0.0,-0.809444991619996,-0.8042256269931214,-0.8221765122714052,-0.18634502840047043,-0.5847226536796537,-0.21746574090158358,0.5701351184294835,0.3724010396654958,-0.6246851943524987,0.6122089542542715,-0.807986293660309,-0.2831481443829528
Yan Couto,br BRA,MF,Dortmund,de Bundesliga,23.0,2002.0,19,11,997,11.1,2,2,4,2,0,0,4,0,9,4,17,13,2,54,9,15,0,44.4,0.22,0.5,2.26,0.99,-0.1,,,,,,,,,,,,,,,MF,,False,Midfielder,True,True,False,0.1805416248746238,0.1805416248746238,0.3610832497492477,0.1805416248746238,0.0,0.0,0.3610832497492477,0.0,0.8124373119358075,0.3610832497492477,1.5346038114343028,1.1735205616850553,0.1805416248746238,4.874623871614844,0.8124373119358075,1.354062186559679,0.0,0.32584467814831297,0.5471481115740174,0.4559046115768429,-0.7637301644626547,-0.3025374649879267,1.2912929228629864,-0.10781406645671918,0.7394628574081439,0.07357340027247904,0.6809307118169016,0.22783905461221604,1.420981085567691
Nicolas Cozza,fr FRA,DF,Nantes,fr Ligue 1,26.0,1999.0,30,26,2391,26.6,0,1,1,0,0,0,2,0,11,3,24,32,0,22,22,27,0,27.3,0.0,0.0,0.7,-0.64,0.17,,,,,,,,,,,,,,,DF,,False,Defender,True,True,True,0.0,0.0376411543287327,0.0376411543287327,0.0,0.0,0.0,0.0752823086574654,0.0,0.4140526976160602,0.1129234629861982,0.903387703889586,1.204516938519448,0.0,0.8281053952321205,0.8281053952321205,1.0163111668757845,0.0,-0.809444991619996,-0.20485129866196874,-0.8221765122714052,-0.4866445873094304,-0.37837198850290205,-0.23483183542315098,0.9734124725736877,-0.08679608669685115,-0.6947084020753862,-0.3648028866653347,-0.807986293660309,-1.1210959236467604
Charlie Cresswell,eng ENG,DF,Toulouse,fr Ligue 1,22.0,2002.0,29,28,2533,28.1,3,2,5,3,0,0,8,0,38,12,31,15,4,2,30,14,0,31.6,0.08,0.25,1.31,0.21,1.07,,,,,,,,,,,,,,,DF,,False,Defender,True,True,True,0.1065929727595736,0.0710619818397157,0.1776549545992893,0.1065929727595736,0.0,0.0,0.284247927358863,0.0,1.3501776549545994,0.4263718910382945,1.1014607185155942,0.5329648637978681,0.1421239636794315,0.0710619818397157,1.0659297275957362,0.4974338728780102,0.0,1.1713449304640609,0.32732117051164505,1.2652935469031843,2.373696114840404,1.970694281185548,-0.7447064919237111,-0.53241593669182,-1.4168951198498676,-0.04884783749322572,0.14790372543646296,1.0396666003119837,0.7125187090942632
Bryan Cristante,it ITA,MF,Roma,it Serie A,30.0,1995.0,37,36,3094,34.4,2,1,3,2,0,0,6,0,44,8,63,9,0,19,28,43,0,18.2,0.05,0.25,1.89,0.84,1.12,,,,,,,,,,,,,,,MF,,False,Midfielder,True,True,True,0.0581771170006464,0.0290885585003232,0.0872656755009696,0.0581771170006464,0.0,0.0,0.1745313510019392,0.0,1.279896574014221,0.2327084680025856,1.832579185520362,0.2617970265029088,0.0,0.552682611506141,0.8144796380090499,1.250808015513898,0.0,-0.5959042235971445,-0.8819029790142909,-0.5705095058153578,-0.14739456422599062,-0.7002045956529535,-0.962869671864702,-1.4885406092455622,0.4932472788052057,0.07874446190555831,1.2820744192855167,-0.8633126317738823,-0.1310190310774639
Pau Cubarsí,es ESP,DF,Barcelona,es La Liga,18.0,2007.0,31,31,2703,30.0,1,0,1,1,0,0,3,0,10,2,25,9,0,0,30,28,0,20.0,0.1,0.5,2.52,1.56,0.06,,,,,,,,,,,,,,,DF,,False,Defender,True,True,True,0.0332963374028856,0.0,0.0332963374028856,0.0332963374028856,0.0,0.0,0.099889012208657,0.0,0.3329633740288568,0.0665926748057713,0.8324084350721421,0.2996670366259711,0.0,0.0,0.9988901220865704,0.932297447280799,0.0,-0.190707678432315,-0.8042256269931214,-0.17011563424831685,-0.7344139592805665,-0.7255872941883161,-0.7925672921629087,-1.0555421531077336,-0.30215830912888186,-0.23090758316010473,-0.5485307938391976,-0.807986293660309,-0.9051790088194522
Cucho,co COL,FW,Real Betis,es La Liga,26.0,1999.0,32,30,2580,28.7,11,3,14,10,1,1,5,0,89,27,22,38,17,23,11,16,0,30.3,0.11,0.37,1.5,0.35,0.24,,,,,,,,,,,,,,,FW,,False,Forward,True,True,True,0.3837209302325581,0.1046511627906976,0.4883720930232558,0.3488372093023256,0.0348837209302325,0.0348837209302325,0.1744186046511628,0.0,3.104651162790698,0.9418604651162792,0.7674418604651163,1.3255813953488371,0.5930232558139534,0.8023255813953488,0.3837209302325581,0.5581395348837209,0.0,0.05113662352283052,-0.11399187736482597,0.10232487491380433,0.7954953153335437,-0.20172646273830203,-0.2359680493663163,-0.1543397530337152,0.18713792233386875,0.5703176873906481,-1.0605913554925817,0.2512011817154045,0.28788331618243207
Marc Cucurella,es ESP,DF,Chelsea,eng Premier League,27.0,1998.0,34,31,2707,30.1,1,4,5,1,0,0,8,1,20,6,45,29,5,41,28,40,0,30.0,0.05,0.17,1.44,0.3,0.68,,,,,,,,,,,,,,,DF,,False,Defender,True,True,True,0.0332471370520871,0.1329885482083487,0.1662356852604359,0.0332471370520871,0.0,0.0,0.2659770964166974,0.0332471370520871,0.6649427410417437,0.1994828223125231,1.4961211673439234,0.9641669745105282,0.1662356852604359,1.3631326191355744,0.930919837458441,1.3298854820834871,0.0,-0.19162195595457238,1.3134012943807798,-0.17107915235400295,0.2799528603378272,0.270326977967963,0.12551318202279146,0.4344731742018894,0.7170257384323355,-0.41549477812220376,1.1694715651111682,1.3531259987444826,0.5521972974855687
Jorge Cuenca,es ESP,DF,Fulham,eng Premier League,25.0,1999.0,15,11,938,10.4,0,0,0,0,0,0,6,0,1,0,10,1,1,2,15,10,0,0.0,0.0,,1.8,-0.19,-0.12,,,,,,,,,,,,,,,DF,,False,Defender,True,True,False,0.0,0.0,0.0,0.0,0.0,0.0,0.5756929637526652,0.0,0.0959488272921108,0.0,0.9594882729211088,0.0959488272921108,0.0959488272921108,0.1918976545842217,1.439232409381663,0.9594882729211088,0.0,-0.809444991619996,-0.8042256269931214,-0.8221765122714052,-1.4586146653061174,-1.2246505919904345,-0.6633227217941589,-1.512341675656758,-0.23245687622138694,0.9649318646176038,-0.21958808928647808,0.4393763876914536,3.2698670743057012
Josh Cullen,ie IRL,MF,Burnley,eng Premier League,29.0,1996.0,18,18,1514,16.8,2,2,4,2,0,0,2,0,11,6,16,18,0,12,24,19,1,54.5,0.18,0.33,0.67,-0.65,0.57,,,,,,,,,,,,,,,MF,,False,Midfielder,True,True,True,0.11889035667107,0.11889035667107,0.23778071334214,0.11889035667107,0.0,0.0,0.11889035667107,0.0,0.6538969616908851,0.35667107001321,0.95112285336856,1.07001321003963,0.0,0.71334214002642,1.42668428005284,1.1294583883751652,0.059445178335535,-0.1385627692821641,-0.034568813487795946,-0.06123661784265517,-0.9727624157340912,-0.3162050937210451,-0.879075682571129,-0.26456700994859145,0.20388203228197765,1.6288142463253061,-0.49619980591399454,-0.8633126317738823,-0.5939187939404098
Matheus Cunha,br BRA,"MF,FW",Manchester Utd,eng Premier League,26.0,1999.0,33,29,2494,27.7,10,2,12,10,0,0,4,0,90,35,28,54,2,49,21,23,0,38.9,0.11,0.29,1.88,0.47,-0.11,,,,,,,,,,,,,,,MF,FW,True,Midfielder,True,True,True,0.3608660785886126,0.0721732157177225,0.4330392943063352,0.3608660785886126,0.0,0.0,0.144346431435445,0.0,3.247794707297514,1.2630312750601442,1.0104250200481155,1.9486768243785084,0.0721732157177225,1.768243785084202,0.7578187650360866,0.8299919807538091,0.0,1.6841949878631328,-0.4753732344663425,1.9684965242064048,2.447239397649205,2.4914309324983424,-0.3288785173865776,1.0660931383145482,-0.5102130408550065,-0.06471787261877494,-0.37656198534572877,-0.427114463639584,-0.38213949140351827
Lucas Da Cunha,fr FRA,MF,Como,it Serie A,24.0,2001.0,36,31,2739,30.4,6,4,10,2,4,4,4,0,42,16,34,19,1,99,18,33,0,38.1,0.05,0.13,1.86,0.92,-0.14,,,,,,,,,,,,,,,MF,,False,Midfielder,True,True,True,0.1971522453450164,0.1314348302300109,0.3285870755750274,0.0657174151150054,0.1314348302300109,0.1314348302300109,0.1314348302300109,0.0,1.380065717415115,0.5257393209200438,1.117196056955093,0.6243154435925521,0.0328587075575027,3.253012048192771,0.5914567360350492,1.0843373493975903,0.0,0.4509693686481394,0.08379586574528562,-0.5072602142651094,-0.015323570812180939,0.20751837680725843,0.44552096634309146,-0.9395377795385632,0.0962882895158515,-0.4859377339520454,-0.16115916162784877,-0.6647222280997422,-0.48955628378928095
Adam Daghim,dk DEN,"MF,FW",Wolfsburg,de Bundesliga,19.0,2005.0,27,12,1364,15.2,2,3,5,2,0,0,3,0,27,9,18,23,4,20,11,20,0,33.3,0.07,0.22,0.67,-0.99,-0.51,,,,,,,,,,,,,,,MF,FW,True,Midfielder,True,True,True,0.1319648093841642,0.1979472140762463,0.3299120234604106,0.1319648093841642,0.0,0.0,0.1979472140762463,0.0,1.781524926686217,0.593841642228739,1.187683284457478,1.5175953079178883,0.2639296187683284,1.3196480938416424,0.7258064516129032,1.3196480938416424,0.0,-0.04007536767687894,0.7113803508172856,0.04843409530006127,0.5139922921712671,0.4184792395092563,-0.5628492186287217,0.4132574168324522,0.6574004509712199,-0.14577135761195448,-0.01895629201175199,0.7318167396732441,0.0637869315887076
Diogo Dalot,pt POR,"DF,MF",Manchester Utd,eng Premier League,26.0,1999.0,34,29,2614,29.0,1,3,4,1,0,0,5,0,24,6,25,14,4,57,26,30,0,25.0,0.04,0.17,1.88,0.62,0.51,,,,,,,,,,,,,,,DF,MF,True,Defender,True,True,True,0.0344299923488905,0.1032899770466717,0.1377199693955623,0.0344299923488905,0.0,0.0,0.1721499617444529,0.0,0.8263198163733741,0.2065799540933435,0.8607498087222647,0.4820198928844682,0.1377199693955623,1.9625095638867636,0.8951798010711552,1.0328997704667178,0.0,-0.16964125881727932,0.8404997200303524,-0.1479146326629861,0.7730423921854782,0.32351477980657445,0.5291982394621062,-0.6466503905759922,-0.04427257323250276,-0.5125541490026695,-0.4751699188411477,0.9824133928093985,-0.2711094653797214
Mikkel Damsgaard,dk DEN,MF,Brentford,eng Premier League,25.0,2000.0,33,24,2054,22.8,4,4,8,4,0,0,0,0,29,11,18,23,4,95,24,34,0,37.9,0.14,0.36,1.42,0.22,0.35,,,,,,,,,,,,,,,MF,,False,Midfielder,True,True,True,0.175267770204479,0.175267770204479,0.3505355404089581,0.175267770204479,0.0,0.0,0.0,0.0,1.2706913339824732,0.4819863680623173,0.7887049659201558,1.0077896786757548,0.175267770204479,4.162609542356377,1.0516066212268744,1.489776046738072,0.0,0.2861177194522701,0.4973861097314881,0.4116666296606619,-0.15953148737746323,0.07198466072749048,0.919932931754687,-0.3587991735649366,1.063080453383476,0.6791374457442322,-0.8238661149820561,0.19596510077425802,-1.5830153866876162
Arnaut Danjuma,nl NED,"MF,FW",Valencia,es La Liga,28.0,1997.0,30,18,1628,18.1,3,2,5,3,0,1,0,0,36,14,21,22,5,49,2,10,0,38.9,0.08,0.21,1.0,-0.5,-0.5,,,,,,,,,,,,,,,MF,FW,True,Midfielder,True,True,True,0.1658476658476658,0.1105651105651105,0.2764127764127764,0.1658476658476658,0.0,0.0552825552825552,0.0,0.0,1.99017199017199,0.773955773955774,1.160933660933661,1.2162162162162162,0.2764127764127764,2.708845208845209,0.1105651105651105,0.5528255528255528,0.0,0.21515783904182692,-0.11312253519148721,0.3326492064949607,0.7890892333236492,0.9764195840347104,0.1617039358178746,-0.043155185559080274,-1.1711325149110012,-1.7035299033497602,-0.07292171753665765,0.8072620477822301,-1.5830153866876162
Kévin Danois,fr FRA,MF,Auxerre,fr Ligue 1,21.0,2004.0,33,32,2830,31.4,3,1,4,3,0,0,3,0,25,8,33,26,3,130,38,48,0,32.0,0.12,0.38,1.03,-0.19,1.37,,,,,,,,,,,,,,,MF,,False,Midfielder,True,True,True,0.0954063604240282,0.0318021201413427,0.127208480565371,0.0954063604240282,0.0,0.0,0.0954063604240282,0.0,0.7950530035335689,0.254416961130742,1.049469964664311,0.8268551236749117,0.0954063604240282,4.134275618374558,1.2084805653710249,1.526501766784452,0.0,-0.31546331115823395,-0.8562988871638567,-0.2582243367453787,-0.786651024146029,-0.6329581002285523,0.9051550188313476,-0.6328089286684307,1.1506550696846394,1.0763339778855312,-0.2977916411973978,-0.2866987282437023,-0.7892915838152119
Kevin Danso,at AUT,DF,Tottenham Hotspur,eng Premier League,26.0,1998.0,24,17,1494,16.6,0,0,0,0,0,0,8,0,11,2,21,13,0,7,25,13,0,18.2,0.0,0.0,1.38,-0.36,-0.22,,,,,,,,,,,,,,,DF,,False,Defender,True,True,True,0.0,0.0,0.0,0.0,0.0,0.0,0.4819277108433735,0.0,0.6626506024096385,0.1204819277108433,1.2650602409638554,0.783132530120482,0.0,0.4216867469879518,1.5060240963855422,0.783132530120482,0.0,-0.809444991619996,-0.8042256269931214,-0.8221765122714052,0.27294920407059065,-0.32172683432033644,-0.508557971867992,0.028537700722563314,-0.6845302386589848,1.1463183369309808,0.5713766404839536,-0.807986293660309,2.447103306535754
Sergi Darder,es ESP,MF,Mallorca,es La Liga,31.0,1993.0,38,30,2680,29.8,1,5,6,1,0,0,3,0,36,13,21,29,2,165,23,13,0,36.1,0.03,0.08,1.11,-0.2,0.28,,,,,,,,,,,,,,,MF,,False,Midfielder,True,True,True,0.0335820895522388,0.167910447761194,0.2014925373134328,0.0335820895522388,0.0,0.0,0.1007462686567164,0.0,1.208955223880597,0.4365671641791044,0.7052238805970149,0.9738805970149256,0.0671641791044776,5.541044776119403,0.7723880597014926,0.4365671641791044,0.0,-0.7811739552608166,0.4279653319744894,-0.7768167417067784,-0.24092930225172285,-0.06871060854253297,1.6388730922521895,-0.41015154880152366,-1.4483574070205796,-0.027829188851593835,-0.992283150411846,-0.4573879185921882,-0.7448667441022037
Jonathan David,ca CAN,FW,Juventus,it Serie A,25.0,2000.0,35,20,1781,19.8,6,4,10,6,0,1,0,0,41,16,30,26,11,8,6,10,0,39.0,0.15,0.38,1.91,0.91,0.42,,,,,,,,,,,,,,,FW,,False,Forward,True,True,True,0.3032004491858506,0.2021336327905671,0.5053340819764177,0.3032004491858506,0.0,0.0505334081976417,0.0,0.0,2.071869736103313,0.8085345311622685,1.516002245929253,1.313868613138686,0.5558674901740596,0.4042672655811342,0.3032004491858506,0.5053340819764177,0.0,-0.3634206608768604,0.8728478582823297,-0.1653557082734349,-0.5539345630113526,-0.5448093218839108,-0.5115414370658767,-0.1720018069265319,0.026138811384006224,0.17465239363814916,0.24649474646677783,0.13597564984477867,-1.4507590990632495
Keinan Davis,eng ENG,FW,Udinese,it Serie A,27.0,1998.0,30,27,2065,22.9,10,4,14,6,4,4,5,0,50,25,41,47,10,5,1,5,0,50.0,0.12,0.24,1.4,0.13,0.53,,,,,,,,,,,,,,,FW,,False,Forward,True,True,True,0.4358353510895884,0.1743341404358353,0.6101694915254237,0.261501210653753,0.1743341404358353,0.1743341404358353,0.2179176755447942,0.0,2.179176755447942,1.089588377723971,1.7869249394673123,2.0484261501210654,0.4358353510895884,0.2179176755447942,0.0435835351089588,0.2179176755447942,0.0,0.3194461580376705,0.5914265556983331,-0.4099409167818309,-0.41372745401615274,0.1784164931741016,-0.6405501420283586,0.9356594278494024,-0.8501681486022395,-1.101065302481489,0.7195618420617769,-0.23626178973921785,0.7214914730112582
Kevin De Bruyne,be BEL,MF,Napoli,it Serie A,34.0,1991.0,18,13,1165,12.9,5,2,7,2,3,3,1,0,27,11,8,6,4,58,5,8,0,40.7,0.07,0.18,2.28,1.08,0.76,,,,,,,,,,,,,,,MF,,False,Midfielder,True,True,False,0.3862660944206008,0.1545064377682403,0.5407725321888412,0.1545064377682403,0.2317596566523605,0.2317596566523605,0.0772532188841201,0.0,2.0858369098712446,0.8497854077253219,0.6180257510729613,0.463519313304721,0.3090128755364806,4.48068669527897,0.3862660944206008,0.6180257510729613,0.0,1.875528546132862,0.30149040771414193,0.23751707372590672,0.9152214987156693,1.2113173768116783,1.0858300546456061,-1.183049629895466,-1.0156588485794567,-1.0054695894284165,-1.1681990529497481,1.0042894820921093,-0.9403148538896466
Maxim De Cuyper,be BEL,"DF,MF",Brighton,eng Premier League,24.0,2000.0,30,17,1415,15.7,2,3,5,2,0,0,2,0,13,6,18,21,1,77,11,10,0,46.2,0.15,0.33,1.4,-0.13,-0.49,,,,,,,,,,,,,,,DF,MF,True,Defender,True,True,True,0.127208480565371,0.1908127208480565,0.3180212014134275,0.127208480565371,0.0,0.0,0.127208480565371,0.0,0.8268551236749117,0.381625441696113,1.1448763250883394,1.3356890459363957,0.0636042402826855,4.897526501766785,0.6996466431095407,0.6360424028268551,0.0,1.5544376338871497,2.2341574522431773,1.669018616062746,0.7746780298754495,1.635352434071319,2.5059550892693614,1.2675410938478575,-1.0615836159463834,-1.043564388958005,0.26028384243668096,0.01888734245838649,-0.6654583444877884
Charles De Ketelaere,be BEL,"MF,FW",Atalanta,it Serie A,24.0,2001.0,31,26,2177,24.2,3,5,8,3,0,0,4,0,46,16,23,36,3,46,5,15,0,34.8,0.07,0.19,1.45,0.54,0.39,,,,,,,,,,,,,,,MF,FW,True,Midfielder,True,True,True,0.1240238860817638,0.2067064768029398,0.3307303628847037,0.1240238860817638,0.0,0.0,0.1653651814423518,0.0,1.9016995865870463,0.6614607257694074,0.9508497932935231,1.4882866329811668,0.1240238860817638,1.9016995865870463,0.2067064768029398,0.6201194304088196,0.0,-0.09989285446292331,0.7940292812878996,-0.018175707855497464,0.6724401552297385,0.6279431744344309,-0.25927297263432236,0.3688719602137231,-1.0106663483843914,-1.4601050473398764,-0.4967506848125369,-0.1137410438131981,-0.20727607440532855
Thibault De Smet,be BEL,DF,Paris FC,fr Ligue 1,27.0,1998.0,17,13,1144,12.7,0,1,1,0,0,0,6,2,4,0,11,13,1,26,10,11,0,0.0,0.0,,1.18,-0.16,-0.11,,,,,,,,,,,,,,,DF,,False,Defender,True,True,False,0.0,0.0786713286713286,0.0786713286713286,0.0,0.0,0.0,0.472027972027972,0.1573426573426573,0.3146853146853147,0.0,0.8653846153846154,1.0227272727272727,0.0786713286713286,2.0454545454545454,0.7867132867132868,0.8653846153846154,0.0,-0.809444991619996,0.4484876763633354,-0.8221765122714052,-0.7902627823322272,-1.2246505919904345,0.5850623329039928,0.5657835580561773,-0.4736838201508112,-0.8071171296077162,-0.4631728478313108,0.21476387688860116,2.360235877984393
Koni De Winter,be BEL,DF,Milan,it Serie A,23.0,2002.0,26,19,1800,20.0,1,1,2,1,0,0,1,0,7,1,27,8,1,5,13,19,0,14.3,0.14,1.0,1.96,0.3,-0.37,,,,,,,,,,,,,,,DF,,False,Defender,True,True,True,0.05,0.05,0.1,0.05,0.0,0.0,0.05,0.0,0.35,0.05,1.35,0.4,0.05,0.25,0.65,0.95,0.0,0.11969220701684058,-0.008056727526572521,0.15700157289326824,-0.6823583503465757,-0.8499372325573435,-0.6241903379880651,-0.8305644747988001,-0.2567792791953606,-1.1783899916608955,0.7912408969572154,-0.15797174082255663,-1.3429410835916942
Alessandro Deiola,it ITA,"MF,DF",Cagliari,it Serie A,29.0,1995.0,20,17,1430,15.9,0,2,2,0,0,0,3,0,22,7,22,11,7,2,13,20,0,31.8,0.0,0.0,1.45,0.13,0.8,,,,,,,,,,,,,,,MF,DF,True,Midfielder,True,True,True,0.0,0.1258741258741259,0.1258741258741259,0.0,0.0,0.0,0.1888111888111888,0.0,1.3846153846153846,0.4405594405594406,1.3846153846153846,0.6923076923076923,0.4405594405594406,0.1258741258741259,0.8181818181818181,1.2587412587412588,0.0,-1.0341415412128914,0.03132726398995629,-1.0585089693537577,-0.009324926454836145,-0.056343716296335854,-1.1854769831449714,-0.8365693917738015,0.5121645588689466,0.08811818635679411,0.37833993816032124,1.7993263959493986,-0.012219329254814825
Romain Del Castillo,fr FRA,"MF,FW",Brest,fr Ligue 1,29.0,1996.0,32,32,2625,29.2,9,3,12,3,6,8,2,1,33,13,28,43,5,198,28,36,0,39.4,0.09,0.23,1.19,-0.1,1.76,,,,,,,,,,,,,,,MF,FW,True,Midfielder,True,True,True,0.3085714285714285,0.1028571428571428,0.4114285714285715,0.1028571428571428,0.2057142857142857,0.2742857142857143,0.0685714285714285,0.0342857142857142,1.1314285714285717,0.4457142857142857,0.96,1.4742857142857144,0.1714285714285714,6.788571428571428,0.96,1.2342857142857142,0.0,1.2902691914210302,-0.18585186265236586,-0.19572591781786705,-0.34314662844376015,-0.04037552960219905,2.2895362425913675,0.3476687781960761,0.4538488901924528,0.4471943243354828,-0.4782908063728944,0.17276187425177514,-1.0125421518612279
Liam Delap,eng ENG,FW,Chelsea,eng Premier League,22.0,2003.0,28,12,1107,12.3,1,0,1,1,0,0,4,0,36,11,25,19,5,6,1,3,0,30.6,0.03,0.09,1.32,0.08,-0.11,,,,,,,,,,,,,,,FW,,False,Forward,True,True,False,0.08130081300813,0.0,0.08130081300813,0.08130081300813,0.0,0.0,0.3252032520325203,0.0,2.9268292682926833,0.8943089430894309,2.032520325203252,1.5447154471544715,0.4065040650406504,0.4878048780487805,0.08130081300813,0.2439024390243902,0.0,-1.5058642899673844,-1.1734021059287691,-1.4668991103355271,0.5631536298046188,-0.32408909429746957,-0.4537088483383829,0.17609902430375712,-0.770942924915562,-0.9157283839046664,1.148404085966727,-0.32722245162393954,1.790937328278292
Fisayo Dele-Bashiru,ng NGA,MF,Lazio,it Serie A,24.0,2001.0,24,11,1187,13.2,1,0,1,1,0,0,0,0,9,2,8,3,2,10,4,15,0,22.2,0.11,0.5,1.33,0.15,0.19,,,,,,,,,,,,,,,MF,,False,Midfielder,True,True,False,0.075821398483572,0.0,0.075821398483572,0.075821398483572,0.0,0.0,0.0,0.0,0.6823925863521483,0.151642796967144,0.6065711878685762,0.227464195450716,0.151642796967144,0.7582139848357202,0.3032855939342881,1.1373209772535806,0.0,-0.4629931584398834,-1.1563710848352395,-0.42250629867650036,-0.9351915098724115,-0.9513220842864811,-0.8556722099096321,-1.5405347163334933,0.2226308329397035,-1.215571829212905,-1.191307803507534,0.05318124465993407,-1.5830153866876162
Enrico Delprato,it ITA,"DF,MF",Parma,it Serie A,25.0,1999.0,35,34,2951,32.8,2,0,2,2,0,0,5,0,18,9,16,10,6,19,24,21,0,50.0,0.11,0.22,1.11,-0.52,-0.33,,,,,,,,,,,,,,,DF,MF,True,Defender,True,True,True,0.0609962724500169,0.0,0.0609962724500169,0.0609962724500169,0.0,0.0,0.1524906811250423,0.0,0.5489664520501525,0.2744832260250762,0.4879701796001355,0.3049813622500847,0.1829888173500508,0.579464588275161,0.7319552694002033,0.6404608607251778,0.0,0.3240331226099631,-0.8042256269931214,0.37234775292440025,-0.07441404045506875,0.8324000426473397,-0.40229336245910324,-1.0436257838459817,-1.0502572645207773,-0.9558237132686167,-1.4400998517179073,1.5709215920217392,-0.44361413307064723
Olivier Deman,be BEL,"DF,MF",Werder Bremen,de Bundesliga,25.0,2000.0,16,14,1254,13.9,1,2,3,1,0,0,3,0,10,3,19,12,3,63,10,26,0,30.0,0.1,0.33,0.88,-0.43,0.42,,,,,,,,,,,,,,,DF,MF,True,Defender,True,True,False,0.0717703349282296,0.1435406698564593,0.2153110047846889,0.0717703349282296,0.0,0.0,0.2153110047846889,0.0,0.7177033492822966,0.2153110047846889,1.3636363636363638,0.8612440191387559,0.2153110047846889,4.521531100478469,0.7177033492822966,1.8660287081339713,0.0,0.5242447671888589,1.481426715973047,0.5833422702616174,0.4411635128661941,0.3889476065252673,2.252719247458663,0.20368792909839392,2.091384560547892,-0.9945277141681448,0.826538253412304,1.9911194362630253,0.10761656895433008
Pape Demba Diop,sn SEN,MF,Toulouse,fr Ligue 1,21.0,2003.0,16,14,1271,14.1,1,2,3,1,0,0,2,0,29,11,15,17,0,15,31,20,0,37.9,0.03,0.09,1.13,-0.28,-0.53,,,,,,,,,,,,,,,MF,,False,Midfielder,True,True,False,0.07081038552321,0.1416207710464201,0.2124311565696302,0.07081038552321,0.0,0.0,0.1416207710464201,0.0,2.053501180173092,0.7789142407553109,1.0621557828481512,1.2037765538945713,0.0,1.0621557828481512,2.1951219512195124,1.4162077104642017,0.0,-0.5007401798033241,0.17990636506250185,-0.4645395200273186,0.8725874918848057,0.9917794486268146,-0.6971475584115531,-0.061993979654040264,0.8876524750357994,3.574457799939747,-0.2721989230115523,-0.8633126317738823,-0.4048153540996774
Ousmane Dembélé,fr FRA,FW,Paris Saint-Germain,fr Ligue 1,28.0,1997.0,22,11,1063,11.8,10,7,17,8,2,3,0,0,45,18,3,4,8,49,0,3,0,40.0,0.18,0.44,2.23,2.46,1.73,,,,,,,,,,,,,,,FW,,False,Forward,True,True,False,0.8466603951081844,0.5926622765757291,1.4393226716839136,0.6773283160865475,0.1693320790216368,0.2539981185324553,0.0,0.0,3.80997177798683,1.5239887111947317,0.2539981185324553,0.3386641580432737,0.6773283160865475,4.148635936030104,0.0,0.2539981185324553,0.0,2.434566589483437,4.826268238337405,2.0290762659285004,1.7170656373435664,1.296243340517714,2.0806625650063095,-1.642541712251727,-0.7401620995321209,-1.3152281092294456,-1.9571324926542435,0.5126436588653,-1.4507590990632495
Jessy Deminguet,fr FRA,MF,Metz,fr Ligue 1,27.0,1998.0,31,25,1995,22.2,2,0,2,2,0,0,4,0,17,7,28,32,0,19,22,21,0,41.2,0.12,0.29,0.52,-1.31,-0.04,,,,,,,,,,,,,,,MF,,False,Midfielder,True,True,True,0.0902255639097744,0.0,0.0902255639097744,0.0902255639097744,0.0,0.0,0.1804511278195488,0.0,0.7669172932330828,0.3157894736842105,1.263157894736842,1.443609022556391,0.0,0.8571428571428572,0.9924812030075189,0.9473684210526316,0.0,-0.35448928020882076,-1.1563710848352395,-0.3016817311643798,-0.8237473901887798,-0.4428441959494065,-0.804074617514836,0.30121157830908846,-0.2303220895275857,0.5294350129644944,0.13330826066226178,-0.8633126317738823,-0.08177003188133031
Ermedin Demirović,ba BIH,FW,Stuttgart,de Bundesliga,27.0,1998.0,25,17,1497,16.6,12,3,15,11,1,1,5,0,41,22,37,26,8,1,2,10,0,53.7,0.27,0.5,1.92,1.2,1.09,,,,,,,,,,,,,,,FW,,False,Forward,True,True,True,0.721442885771543,0.1803607214428857,0.9018036072144288,0.6613226452905812,0.0601202404809619,0.0601202404809619,0.3006012024048096,0.0,2.464929859719439,1.3226452905811623,2.224448897795591,1.56312625250501,0.4809619238476954,0.0601202404809619,0.1202404809619238,0.6012024048096193,0.0,1.7898879939869738,0.6524351617365444,1.9351956468391416,-0.04036309368816452,0.7781335147272733,-0.7497923611285802,0.2038612272097033,0.31843276768231826,-0.7243848280877877,1.4835369285213014,-0.0963176045501374,1.5456987708992473
Rav van den Berg,nl NED,DF,Köln,de Bundesliga,21.0,2004.0,14,12,1131,12.6,0,1,1,0,0,0,0,1,1,0,10,3,1,1,14,8,0,0.0,0.0,,0.93,-0.32,0.15,,,,,,,,,,,,,,,DF,,False,Defender,True,True,False,0.0,0.0795755968169761,0.0795755968169761,0.0,0.0,0.0,0.0,0.0795755968169761,0.0795755968169761,0.0,0.7957559681697614,0.2387267904509283,0.0795755968169761,0.0795755968169761,1.1140583554376655,0.636604774535809,0.0,-0.809444991619996,0.4628866798501919,-0.8221765122714052,-1.5086432615811882,-1.2246505919904345,-0.7389725056881575,-1.1921891197574286,-1.0601420225773828,0.08185528460374886,-0.6434047077147196,0.22651962597537076,-1.7816770450708828
Sepp van den Berg,nl NED,DF,Brentford,eng Premier League,23.0,2001.0,32,30,2763,30.7,0,2,2,0,0,0,2,0,23,7,15,11,0,0,26,9,0,30.4,0.0,0.0,1.34,0.07,-0.07,,,,,,,,,,,,,,,DF,,False,Defender,True,True,True,0.0,0.0651465798045602,0.0651465798045602,0.0,0.0,0.0,0.0651465798045602,0.0,0.749185667752443,0.2280130293159609,0.4885993485342019,0.3583061889250814,0.0,0.0,0.8469055374592834,0.2931596091205212,0.0,-0.809444991619996,0.2331279879470065,-0.8221765122714052,0.5373581033557173,0.48413997219955657,-0.7925672921629087,-0.9240549539000537,-1.9405353019601412,-0.6436527747878648,-1.4384712650412517,-0.807986293660309,-1.2100340985181945
Branco van den Boomen,nl NED,MF,Angers,fr Ligue 1,30.0,1995.0,15,14,1238,13.8,0,1,1,0,0,1,3,0,13,5,19,9,0,69,7,15,0,38.5,0.0,0.0,0.93,-0.87,-0.53,,,,,,,,,,,,,,,MF,,False,Midfielder,True,True,False,0.0,0.0726978998384491,0.0726978998384491,0.0,0.0,0.0726978998384491,0.2180936995153473,0.0,0.9450726978998384,0.3634894991922455,1.381260096930533,0.654281098546042,0.0,5.016155088852989,0.5088852988691438,1.0904684975767367,0.0,-1.0341415412128914,-0.4704225231147106,-1.0585089693537577,-0.5888530856402228,-0.29508361541839373,1.3651103018332136,-0.8941573834318974,0.11090836908396465,-0.6950042470377609,0.37157088858808085,-0.8633126317738823,0.2313936295715968
Leander Dendoncker,be BEL,MF,Oviedo,es La Liga,30.0,1995.0,19,15,1330,14.8,1,0,1,1,0,0,2,0,9,4,12,3,1,5,11,25,0,44.4,0.11,0.25,0.79,-1.22,-0.53,,,,,,,,,,,,,,,MF,,False,Midfielder,True,True,False,0.0676691729323308,0.0,0.0676691729323308,0.0676691729323308,0.0,0.0,0.1353383458646616,0.0,0.6090225563909775,0.2706766917293233,0.81203007518797,0.2030075187969925,0.0676691729323308,0.3383458646616541,0.744360902255639,1.6917293233082706,0.0,-0.5244023454598384,-1.1563710848352395,-0.4908885407117243,-1.0319284132218947,-0.582590260653298,-1.0746596866601155,-1.5775722406499562,1.5446497918215714,-0.09879246961823186,-0.7768093986162443,-0.454335853079544,-0.45708137058290194
Kiernan Dewsbury-Hall,eng ENG,MF,Everton,eng Premier League,26.0,1998.0,31,30,2626,29.2,8,4,12,8,0,0,6,0,39,15,32,48,2,112,14,26,0,38.5,0.21,0.53,1.23,-0.03,0.19,,,,,,,,,,,,,,,MF,,False,Midfielder,True,True,True,0.2741812642802742,0.1370906321401371,0.4112718964204113,0.2741812642802742,0.0,0.0,0.2056359482102056,0.0,1.3366336633663365,0.5140898705255141,1.0967250571210967,1.6450875856816451,0.0685453160700685,3.8385376999238385,0.4798172124904798,0.8910891089108911,0.0,1.0312145299266688,0.13716177032091417,1.2413696904905824,-0.07258785729277446,0.17143182266332013,0.7509092034688609,0.6063334592029705,-0.36452338388701805,-0.7686031048250028,-0.20245791919646508,-0.449040647262481,0.12775259665503846
Giovanni Di Lorenzo,it ITA,"DF,MF",Napoli,it Serie A,31.0,1993.0,26,26,2276,25.3,2,1,3,2,0,0,1,0,25,9,33,23,1,38,9,26,0,36.0,0.08,0.22,2.0,0.55,-0.08,,,,,,,,,,,,,,,DF,MF,True,Defender,True,True,True,0.0790861159929701,0.039543057996485,0.1186291739894551,0.0790861159929701,0.0,0.0,0.039543057996485,0.0,0.9885764499121266,0.3558875219683655,1.304920913884007,0.9094903339191563,0.039543057996485,1.5026362038664325,0.3558875219683655,1.0281195079086116,0.0,0.6601920536755269,-0.1745665676610539,0.726611320150749,1.2688194243716455,1.442465586751249,0.21946993679660784,0.3118711574337597,-0.05652638098301464,-1.977112516073333,0.6745549083947876,-0.29391503043185896,-1.4346978136725796
Boulaye Dia,sn SEN,"FW,MF",Lazio,it Serie A,28.0,1996.0,27,14,1253,13.9,1,2,3,1,0,0,1,0,12,7,19,14,4,0,3,7,0,58.3,0.08,0.14,1.44,0.22,0.3,,,,,,,,,,,,,,,FW,MF,True,Forward,True,True,False,0.071827613727055,0.1436552274541101,0.2154828411811652,0.071827613727055,0.0,0.0,0.071827613727055,0.0,0.8619313647246608,0.5027932960893855,1.3647246608140462,1.005586592178771,0.2873104549082202,0.0,0.2154828411811652,0.5027932960893855,0.0,-1.554636772663576,0.28085614876395487,-1.5224637801704408,-2.134837304970257,-1.3315623111687755,-0.7914132434979451,-0.6368694678023215,0.018392182079562377,-0.2563784781012785,-0.017656059375637707,-0.6968594887448496,-0.7347658937426024
Bafodé Diakité,fr FRA,DF,Bournemouth,eng Premier League,24.0,2001.0,18,15,1277,14.2,0,0,0,0,0,0,1,0,1,0,8,4,2,1,10,15,0,0.0,0.0,,1.28,-0.42,-0.84,,,,,,,,,,,,,,,DF,,False,Defender,True,True,False,0.0,0.0,0.0,0.0,0.0,0.0,0.0704776820673453,0.0,0.0704776820673453,0.0,0.5638214565387627,0.2819107282693813,0.1409553641346906,0.0704776820673453,0.7047768206734535,1.0571652310101802,0.0,-0.809444991619996,-0.8042256269931214,-0.8221765122714052,-1.5364420459839072,-1.2246505919904345,-0.7451000223876982,-1.0953573135003463,0.017929928170479295,-1.0296323436331831,-1.243760884008308,1.0244744661015603,-1.1632551729780567
Amad Diallo,ci CIV,MF,Manchester Utd,eng Premier League,23.0,2002.0,32,27,2341,26.0,2,3,5,2,0,0,2,0,53,23,24,38,12,46,15,23,0,43.4,0.04,0.09,2.03,0.73,0.73,,,,,,,,,,,,,,,MF,,False,Midfielder,True,True,True,0.0768902178556172,0.1153353267834259,0.1922255446390431,0.0768902178556172,0.0,0.0,0.0768902178556172,0.0,2.037590773173857,0.8842375053395984,0.9226826142674072,1.4609141392567278,0.4613413071337036,1.7684750106791969,0.5766766339171294,0.8842375053395984,0.0,-0.4549419424503453,-0.06811266611245226,-0.413540861627227,0.851609941446971,1.3180397923613119,-0.32875791878150357,0.3274186828009562,-0.3808614312567055,-0.5233601710429211,-0.5535759257594658,1.9249271751298527,-0.9433348051330372
Habib Diallo,sn SEN,FW,Metz,fr Ligue 1,30.0,1995.0,25,21,1909,21.2,4,1,5,4,0,1,0,0,38,12,27,29,11,4,2,5,0,31.6,0.11,0.33,0.56,-1.51,-0.57,,,,,,,,,,,,,,,FW,,False,Forward,True,True,True,0.1885804085908853,0.0471451021477213,0.2357255107386066,0.1885804085908853,0.0,0.0471451021477213,0.0,0.0,1.7915138816134102,0.5657412257726558,1.2729177579884756,1.3672079622839184,0.5185961236249346,0.1885804085908853,0.0942902042954426,0.2357255107386066,0.0,-0.9535385060406047,-0.6961402952608846,-0.8376549519773985,-0.9202468889708159,-1.1695806542431053,-0.6608601562125827,-0.09156981030028268,-0.7958736491463142,-0.8519005074122314,-0.1779631355680712,0.020391622434591607,-1.4507590990632495
Grady Diangana,cd COD,"MF,FW",Elche,es La Liga,27.0,1998.0,20,13,926,10.3,1,0,1,1,0,0,3,0,16,2,15,19,5,12,4,6,0,12.5,0.06,0.5,1.05,0.0,0.29,,,,,,,,,,,,,,,MF,FW,True,Midfielder,True,True,False,0.0971922246220302,0.0,0.0971922246220302,0.0971922246220302,0.0,0.0,0.2915766738660907,0.0,1.5550755939524838,0.1943844492440604,1.4578833693304538,1.8466522678185744,0.4859611231101511,1.1663066954643628,0.3887688984881209,0.5831533477321814,0.0,-0.3020107308980313,-1.1563710848352395,-0.24324420683334252,0.21542341839799337,-0.8189210785002681,-0.6428263454896747,0.9115857599013986,-1.0988141233626734,-0.9991326218607836,0.5261527837871209,2.0737236299079216,0.8427279849418721
Assane Diao,sn SEN,MF,Como,it Serie A,19.0,2005.0,17,13,1075,11.9,2,1,3,2,0,0,2,0,31,10,15,39,3,27,4,5,0,32.3,0.06,0.2,1.71,0.59,-0.53,,,,,,,,,,,,,,,MF,,False,Midfielder,True,True,False,0.1674418604651162,0.0837209302325581,0.2511627906976744,0.1674418604651162,0.0,0.0,0.1674418604651162,0.0,2.5953488372093023,0.8372093023255813,1.255813953488372,3.265116279069767,0.2511627906976744,2.26046511627907,0.3348837209302325,0.4186046511627906,0.0,0.22716660827838359,-0.36641357840731903,0.34602157965815733,1.5870026891608051,1.1723603193490602,-0.07215431723429849,3.0597269833633747,-1.4911900644394611,-1.1355670423541215,0.11849239179028627,0.6546569933334763,-0.18999934815806277
Habib Diarra,sn SEN,MF,Sunderland,eng Premier League,21.0,2004.0,20,15,1405,15.6,2,2,4,1,1,1,6,0,26,8,19,27,3,32,4,7,0,30.8,0.04,0.13,1.4,-0.13,0.05,,,,,,,,,,,,,,,MF,,False,Midfielder,True,True,True,0.1281138790035587,0.1281138790035587,0.2562277580071174,0.0640569395017793,0.0640569395017793,0.0640569395017793,0.3843416370106762,0.0,1.665480427046263,0.5124555160142349,1.217081850533808,1.729537366548043,0.1921708185053381,2.0498220640569396,0.2562277580071174,0.4483985765124555,0.0,-0.06908370441351695,0.05246068656691673,-0.5211885635929718,0.3609899620393273,0.1663690754465619,-0.182017839337432,0.7342253578711799,-1.4201447159123979,-1.334719781680851,0.04035318300641465,0.2981232023829938,1.6144769437449908
Rúben Dias,pt POR,DF,Manchester City,eng Premier League,28.0,1997.0,26,24,2141,23.8,2,0,2,2,0,0,3,0,10,4,15,9,0,9,23,6,0,40.0,0.2,0.5,2.12,1.35,0.64,,,,,,,,,,,,,,,DF,,False,Defender,True,True,True,0.0840728631480616,0.0,0.0840728631480616,0.0840728631480616,0.0,0.0,0.1261092947220924,0.0,0.4203643157403082,0.1681457262961233,0.6305464736104623,0.3783278841662774,0.0,0.3783278841662774,0.966837926202709,0.2522185894441849,0.0,0.7528594993153657,-0.8042256269931214,0.8242695907612066,-0.46735936467361894,0.03547840750431294,-0.5377605049015856,-0.8791600922344881,-2.0454842201682046,-0.3179518696883562,-1.0710449917911877,-0.807986293660309,-0.6751033916436915
Krépin Diatta,sn SEN,"MF,DF",Monaco,fr Ligue 1,26.0,1999.0,18,10,1013,11.3,0,1,1,0,0,0,2,0,7,1,8,10,4,39,15,16,0,14.3,0.0,0.0,1.72,0.36,0.27,,,,,,,,,,,,,,,MF,DF,True,Midfielder,True,True,False,0.0,0.0888450148075024,0.0888450148075024,0.0,0.0,0.0,0.1776900296150049,0.0,0.6219151036525173,0.0888450148075024,0.7107601184600197,0.8884501480750246,0.3553800592300098,3.464955577492596,1.332675222112537,1.4215202369200397,0.0,-1.0341415412128914,-0.3180647478065976,-1.0585089693537577,-1.014929849925297,-1.145851052544699,0.5560627685540316,-0.5395285845606396,0.9003205034739689,1.3907882821827378,-0.9811141920219032,1.2845219809150423,-0.10474071598744791
Brahim Díaz,ma MAR,"MF,FW",Real Madrid,es La Liga,25.0,1999.0,30,13,1257,14.0,1,6,7,1,0,0,2,0,15,7,19,37,3,20,2,10,0,46.7,0.07,0.14,2.33,0.79,-0.5,,,,,,,,,,,,,,,MF,FW,True,Midfielder,True,True,False,0.071599045346062,0.4295942720763723,0.5011933174224343,0.071599045346062,0.0,0.0,0.1431980906921241,0.0,1.0739856801909309,0.5011933174224343,1.360381861575179,2.649164677804296,0.2147971360381861,1.431980906921241,0.1431980906921241,0.7159904534606205,0.0,-0.49479935318460166,2.897110153398722,-0.4579241084994186,-0.41888392091469623,0.13148211292911652,-0.504260633045261,2.1269214868258537,-0.7820563157544376,-1.6209049230791341,0.3294505628886322,0.43487141515564054,-0.39169299892367765
Junior Diaz,ci CIV,DF,Brest,fr Ligue 1,22.0,2003.0,20,17,1562,17.4,0,0,0,0,0,0,4,0,7,1,8,11,0,1,25,18,0,14.3,0.0,0.0,1.25,-0.12,0.49,,,,,,,,,,,,,,,DF,,False,Defender,True,True,True,0.0,0.0,0.0,0.0,0.0,0.0,0.2304737516005121,0.0,0.4033290653008963,0.057618437900128,0.4609475032010243,0.6338028169014085,0.0,0.057618437900128,1.440460947503201,1.0371318822023048,0.0,-0.809444991619996,-0.8042256269931214,-0.8221765122714052,-0.5194107706543958,-0.7928426233735567,-0.7537608238511649,-0.3063059145041175,-0.033423904784652014,0.9682682108900874,-1.5100473147414355,-0.807986293660309,0.24066541501244393
Luis Díaz,co COL,MF,Bayern Munich,de Bundesliga,28.0,1997.0,32,27,2447,27.2,15,14,29,15,0,0,7,1,88,37,35,38,26,45,17,13,0,42.0,0.17,0.41,2.66,2.54,0.04,,,,,,,,,,,,,,,MF,,False,Midfielder,True,True,True,0.551695954229669,0.5149162239476911,1.06661217817736,0.551695954229669,0.0,0.0,0.2574581119738455,0.0367797302819779,3.236616264814058,1.3608500204331837,1.2872905598692277,1.3976297507151614,0.9562729873314264,1.6550878626890069,0.6252554147936249,0.4781364936657131,0.0,3.121680671812613,3.7021742652833587,3.5692096867184,2.432500846899094,2.794444493795095,-0.3878964059426897,0.23157994262184467,-1.349232922188451,-0.40036126638055275,0.1819941624193346,4.916179402247462,0.558881975375092
Pedro Díaz,es ESP,MF,Rayo Vallecano,es La Liga,27.0,1998.0,34,21,1870,20.8,0,1,1,0,0,0,2,0,44,6,20,13,0,38,9,25,0,13.6,0.0,0.0,1.32,-0.34,-0.57,,,,,,,,,,,,,,,MF,,False,Midfielder,True,True,True,0.0,0.0481283422459893,0.0481283422459893,0.0,0.0,0.0,0.0962566844919786,0.0,2.1176470588235294,0.2887700534759358,0.962566844919786,0.625668449197861,0.0,1.8288770053475936,0.4331550802139037,1.2032085561497323,0.0,-1.0341415412128914,-0.7022511279314883,-1.0585089693537577,0.9571625379432446,-0.5265423737399725,-0.2972545019523224,-0.9374887694168503,0.3797435984227558,-0.8867491565717722,-0.4731123828997806,-0.8633126317738823,-0.7822173966238352
Bamba Dieng,sn SEN,FW,Lorient,fr Ligue 1,25.0,2000.0,22,15,1212,13.5,10,1,11,9,1,2,2,0,45,24,15,13,9,2,2,2,0,53.3,0.2,0.38,1.55,0.52,1.01,,,,,,,,,,,,,,,FW,,False,Forward,True,True,False,0.7425742574257425,0.0742574257425742,0.8168316831683169,0.6683168316831682,0.0742574257425742,0.1485148514851485,0.1485148514851485,0.0,3.3415841584158414,1.7821782178217822,1.113861386138614,0.9653465346534652,0.6683168316831682,0.1485148514851485,0.1485148514851485,0.1485148514851485,0.0,1.8986822278853532,-0.42167537608966754,1.976219766161146,1.1050714320224697,1.9606331670728192,-0.6885973014072863,-0.6975486516128118,-1.0617711622271317,-0.5854489080173481,-0.4556967387751494,0.48469771116537275,0.029669096096439678
Lucas Digne,fr FRA,DF,Aston Villa,eng Premier League,32.0,1993.0,31,21,1852,20.6,0,6,6,0,0,0,3,0,14,5,14,12,3,108,13,26,0,35.7,0.0,0.0,1.77,0.29,0.23,,,,,,,,,,,,,,,DF,,False,Defender,True,True,True,0.0,0.2915766738660907,0.2915766738660907,0.0,0.0,0.0,0.1457883369330453,0.0,0.6803455723542117,0.2429805615550755,0.6803455723542117,0.5831533477321814,0.1457883369330453,5.248380129589633,0.6317494600431965,1.263498920086393,0.0,-0.809444991619996,3.8386599638485235,-0.8221765122714052,0.327016390677471,0.5963106579543911,2.742257750125383,-0.41987776166259777,0.5468492767753598,-1.2279530616936474,-0.9421413788945017,1.0873045191495514,-0.5024253215354524
Kevin Diks,id IDN,DF,Gladbach,de Bundesliga,28.0,1996.0,30,28,2464,27.4,5,0,5,1,4,4,6,0,23,13,15,22,1,5,24,30,0,56.5,0.04,0.08,1.2,-0.11,1.1,,,,,,,,,,,,,,,DF,,False,Defender,True,True,True,0.1826298701298701,0.0,0.1826298701298701,0.036525974025974,0.1461038961038961,0.1461038961038961,0.2191558441558441,0.0,0.8400974025974026,0.4748376623376623,0.5478896103896104,0.8035714285714285,0.036525974025974,0.1826298701298701,0.8766233766233766,1.0957792207792207,0.0,2.584319126777539,-0.8042256269931214,-0.10686784616084878,0.8151399672421337,2.3339097208075876,-0.6695646470676496,0.07436806161347127,0.11691369765144173,-0.5629479108661298,-1.2850000345260202,-0.33313800019117207,0.14135395491906644
Federico Dimarco,it ITA,MF,Inter,it Serie A,27.0,1997.0,35,30,2698,30.0,7,16,23,7,0,0,3,0,65,22,41,23,5,295,30,31,0,33.8,0.11,0.32,2.23,1.53,0.54,,,,,,,,,,,,,,,MF,,False,Midfielder,True,True,True,0.2335063009636767,0.5337286879169755,0.7672349888806522,0.2335063009636767,0.0,0.0,0.1000741289844329,0.0,2.168272794662713,0.7338769458858414,1.36767976278725,0.7672349888806522,0.1667902149740548,9.840622683469237,1.000741289844329,1.03409933283914,0.0,0.7248176553997558,3.8796812170773762,0.9001812421574842,1.0239115486423458,0.8522672206021515,3.8813718002567907,-0.7230984730516814,-0.023507184018273498,0.55034911609785,0.34417354932608507,0.14472872416286725,-0.750458543793285
Junior Dina Ebimbe,cm CMR,MF,Brest,fr Ligue 1,24.0,2000.0,27,15,1165,12.9,5,0,5,5,0,0,3,0,27,9,22,15,3,4,6,16,0,33.3,0.19,0.56,1.04,-0.46,-0.18,,,,,,,,,,,,,,,MF,,False,Midfielder,True,True,False,0.3862660944206008,0.0,0.3862660944206008,0.3862660944206008,0.0,0.0,0.2317596566523605,0.0,2.0858369098712446,0.6952789699570815,1.6995708154506437,1.158798283261803,0.2317596566523605,0.3090128755364806,0.463519313304721,1.2360515021459226,0.0,1.875528546132862,-1.1563710848352395,2.181556138345403,0.9152214987156693,0.7327020994138009,-1.089958674521847,-0.1301096854737833,0.45805951408578194,-0.8098685238408176,1.0137396786939157,0.5373889536256118,0.34508621170629455
Eren Dinkçi,de GER,"MF,FW",Heidenheim,de Bundesliga,23.0,2001.0,14,13,1131,12.6,3,1,4,3,0,0,3,0,25,9,9,4,0,22,5,13,0,36.0,0.12,0.33,0.93,-0.16,1.19,,,,,,,,,,,,,,,MF,FW,True,Midfielder,True,True,False,0.2387267904509283,0.0795755968169761,0.3183023872679045,0.2387267904509283,0.0,0.0,0.2387267904509283,0.0,1.9893899204244032,0.7161803713527851,0.7161803713527851,0.3183023872679045,0.0,1.750663129973475,0.3978779840848807,1.0344827586206895,0.0,0.7641426241758629,-0.40552730109517354,0.9439715879245033,0.7880580901494553,0.7974484631997207,-0.3380479282499757,-1.402968121087184,-0.022592882932909498,-0.97606889875654,-0.9701792248979643,-0.8633126317738823,0.4030485939745458
Sinaly Diomande,ci CIV,DF,Auxerre,fr Ligue 1,24.0,2001.0,24,24,2131,23.7,2,2,4,2,0,0,4,1,9,4,31,26,2,0,33,17,0,44.4,0.22,0.5,1.13,-0.08,0.69,,,,,,,,,,,,,,,DF,,False,Defender,True,True,True,0.0844673862036602,0.0844673862036602,0.1689347724073205,0.0844673862036602,0.0,0.0,0.1689347724073205,0.0422336931018301,0.3801032379164711,0.1689347724073205,1.3092444861567338,1.0980760206475833,0.0844673862036602,0.0,1.3937118723603945,0.7179727827311122,0.0,0.7601908202488963,0.5407804912985605,0.8319957573638939,-0.590377556539106,0.041391729885799367,-0.7925672921629087,0.7347388624799325,-0.8515618625239275,0.8413115460049172,0.6857463576505712,0.2901143117906094,-0.2993218490830099
Yan Diomandé,ci CIV,"FW,MF",RB Leipzig,de Bundesliga,18.0,2006.0,33,28,2472,27.5,12,8,20,12,0,0,2,0,53,26,19,34,7,45,16,19,0,49.1,0.23,0.46,1.97,0.73,0.88,,,,,,,,,,,,,,,FW,MF,True,Forward,True,True,True,0.4368932038834951,0.2912621359223301,0.7281553398058251,0.4368932038834951,0.0,0.0,0.0728155339805825,0.0,1.9296116504854368,0.9466019417475728,0.691747572815534,1.2378640776699028,0.2548543689320388,1.6383495145631066,0.5825242718446603,0.691747572815534,0.0,0.32489248145546307,1.7751182713042137,0.6188137738291041,-0.7398086562206367,-0.18952539044131417,0.34280631184682236,-0.28661131451088234,0.594496900213261,1.5472068159131511,-1.1927636602334168,-0.7975106179744114,-0.7249180907568
Sofiane Diop,ma MAR,"MF,FW",Nice,fr Ligue 1,25.0,2000.0,33,26,2130,23.7,8,2,10,6,2,2,5,0,54,17,22,46,7,37,18,9,0,31.5,0.11,0.35,0.97,-0.59,0.28,,,,,,,,,,,,,,,MF,FW,True,Midfielder,True,True,True,0.3380281690140845,0.0845070422535211,0.4225352112676056,0.2535211267605634,0.0845070422535211,0.0845070422535211,0.2112676056338028,0.0,2.2816901408450705,0.7183098591549296,0.9295774647887324,1.943661971830986,0.2957746478873239,1.5633802816901408,0.76056338028169,0.380281690140845,0.0,1.5121612957882753,-0.35899613703240885,1.0680689745727343,1.173450029975992,0.8040449870071468,-0.4357276434119847,1.0584985772953976,-1.5825733947807852,-0.0577686519335725,-0.5396660648605773,0.9242807060872871,0.1746046149781945
El Hadji Malick Diouf,sn SEN,"DF,MF",West Ham United,eng Premier League,20.0,2004.0,32,30,2707,30.1,0,5,5,0,0,0,6,0,18,4,28,25,2,109,32,19,0,22.2,0.0,0.0,1.09,-0.3,0.96,,,,,,,,,,,,,,,DF,MF,True,Defender,True,True,True,0.0,0.1662356852604359,0.1662356852604359,0.0,0.0,0.0,0.1994828223125231,0.0,0.5984484669375693,0.1329885482083487,0.930919837458441,0.8311784263021795,0.0664942741041743,3.6239379386775026,1.0639083856667897,0.6316956039896564,0.0,-0.809444991619996,1.8428080247242553,-0.8221765122714052,0.0767788319251914,-0.22799887868483631,1.6481832367698062,0.13627152828763572,-1.0727262752948448,-0.054337204483004484,-0.29353670761174294,0.05645862330160687,-0.031271288153543964
Axel Disasi,fr FRA,DF,West Ham United,eng Premier League,27.0,1998.0,14,14,1254,13.9,0,0,0,0,0,0,1,0,5,3,5,4,1,0,12,10,1,60.0,0.0,0.0,1.36,0.0,0.79,,,,,,,,,,,,,,,DF,,False,Defender,True,True,False,0.0,0.0,0.0,0.0,0.0,0.0,0.0717703349282296,0.0,0.3588516746411483,0.2153110047846889,0.3588516746411483,0.2870813397129186,0.0717703349282296,0.0,0.8612440191387559,0.7177033492822966,0.0717703349282296,-0.809444991619996,-0.8042256269931214,-0.8221765122714052,-0.6553119554611674,0.3889476065252673,-0.7925672921629087,-1.0837631960848355,-0.8522525328884131,-0.604713698282454,-1.7743195906468416,0.1250489496474686,-1.1519125070624787
Djené,tg TOG,"DF,MF",Getafe,es La Liga,33.0,1991.0,34,32,2578,28.6,0,0,0,0,0,0,10,2,4,0,35,26,0,11,38,24,0,0.0,0.0,,1.32,-0.17,-0.07,,,,,,,,,,,,,,,DF,MF,True,Defender,True,True,True,0.0,0.0,0.0,0.0,0.0,0.0,0.3491078355314197,0.0698215671062839,0.1396431342125678,0.0,1.221877424359969,0.9076803723816912,0.0,0.3840186190845616,1.3266097750193948,0.8378588052754072,0.0,-0.809444991619996,-0.8042256269931214,-0.8221765122714052,-1.3251062019785955,-1.2246505919904345,-0.533927750451357,0.3078126612941672,-0.5442439580418487,0.6590820910009454,0.45959909398780074,-0.807986293660309,1.281646192565034
Berat Djimsiti,al ALB,DF,Atalanta,it Serie A,32.0,1993.0,34,29,2525,28.1,0,0,0,0,0,0,4,0,16,2,17,8,0,2,42,30,0,12.5,0.0,0.0,1.44,0.25,-0.55,,,,,,,,,,,,,,,DF,,False,Defender,True,True,True,0.0,0.0,0.0,0.0,0.0,0.0,0.1425742574257426,0.0,0.5702970297029704,0.0712871287128713,0.6059405940594059,0.2851485148514852,0.0,0.0712871287128713,1.497029702970297,1.0693069306930694,0.0,-0.809444991619996,-0.8042256269931214,-0.8221765122714052,-0.009238212182969744,-0.6904058023036513,-0.7445548537447354,-1.0880971899715908,0.049054171215723065,1.1218922239613347,-1.1347366418941924,-0.807986293660309,-0.5306279667935926
Ritsu Doan,jp JPN,MF,Eintracht Frankfurt,de Bundesliga,27.0,1998.0,31,28,2364,26.3,5,5,10,5,0,0,5,0,41,15,26,35,3,111,17,23,0,36.6,0.12,0.33,1.32,0.23,1.52,,,,,,,,,,,,,,,MF,,False,Midfielder,True,True,True,0.1903553299492385,0.1903553299492385,0.3807106598984771,0.1903553299492385,0.0,0.0,0.1903553299492385,0.0,1.5609137055837563,0.5710659898477157,0.9898477157360408,1.33248730964467,0.1142131979695431,4.225888324873097,0.6472081218274112,0.8756345177664975,0.0,0.39976947898922455,0.6397463420048929,0.5382236239074615,0.22312085072719895,0.3479270001351775,0.9529367733167331,0.13292734237925452,-0.40137575568129247,-0.34477817288147244,-0.4180752044894622,-0.1730345662111031,0.000627000600106082
Dodô,br BRA,"DF,MF",Fiorentina,it Serie A,26.0,1998.0,36,36,3134,34.8,1,2,3,1,0,0,7,0,25,4,22,53,2,153,31,18,0,16.0,0.04,0.25,1.08,-0.2,0.43,,,,,,,,,,,,,,,DF,MF,True,Defender,True,True,True,0.0287172941927249,0.0574345883854499,0.0861518825781748,0.0287172941927249,0.0,0.0,0.2010210593490746,0.0,0.7179323548181238,0.1148691767708998,0.6317804722399489,1.5220165922144226,0.0574345883854499,4.393746011486917,0.8902361199744736,0.5169112954690491,0.0,-0.27579886604682985,0.11032703353003613,-0.25978960949654595,0.4418632419461733,-0.3637902895276858,2.166654991165228,1.685345346378105,-1.3669663577777222,-0.5259797250675071,-1.0678508198952485,-0.061319927924537346,-0.01777369004925748
Danilho Doekhi,nl NED,DF,Union Berlin,de Bundesliga,27.0,1998.0,34,34,3060,34.0,5,0,5,5,0,0,4,0,45,11,28,15,1,6,42,31,0,24.4,0.11,0.45,1.15,-0.41,,,,,,,,,,,,,,,,DF,,False,Defender,True,True,True,0.1470588235294117,0.0,0.1470588235294117,0.1470588235294117,0.0,0.0,0.1176470588235294,0.0,1.3235294117647058,0.3235294117647058,0.823529411764706,0.4411764705882353,0.0294117647058823,0.1764705882352941,1.2352941176470589,0.911764705882353,0.0,1.9233114749589335,-0.8042256269931214,2.0577590323305737,2.2922720976306223,1.199965263164859,-0.6737129715689014,-0.7382340338113952,-0.3547922936912725,0.4110957666431994,-0.5715139042206092,-0.4256247919910436,-0.7493571357080864
Josh Doig,sct SCO,DF,Sassuolo,it Serie A,23.0,2002.0,30,22,1917,21.3,0,0,0,0,0,0,5,0,11,4,16,19,0,39,22,20,0,36.4,0.0,0.0,1.1,-0.52,-0.94,,,,,,,,,,,,,,,DF,,False,Defender,True,True,True,0.0,0.0,0.0,0.0,0.0,0.0,0.2347417840375587,0.0,0.5164319248826291,0.1877934272300469,0.7511737089201878,0.892018779342723,0.0,1.8309859154929575,1.0328638497652582,0.9389671361502347,0.0,-0.809444991619996,-0.8042256269931214,-0.8221765122714052,-0.17382366686545894,0.18272352794605692,0.4406160341880578,0.27269450349201785,-0.28506111328067424,-0.13864498445355272,-0.7588046734437794,-0.807986293660309,0.278116201310284
Jeremy Doku,be BEL,"MF,FW",Manchester City,eng Premier League,23.0,2002.0,30,19,1784,19.8,5,5,10,5,0,0,0,0,39,15,23,61,3,62,12,16,0,38.5,0.13,0.33,1.87,1.26,0.33,,,,,,,,,,,,,,,MF,FW,True,Midfielder,True,True,True,0.2522421524663677,0.2522421524663677,0.5044843049327354,0.2522421524663677,0.0,0.0,0.0,0.0,1.967488789237668,0.7567264573991032,1.1603139013452914,3.0773542600896864,0.1513452914798206,3.12780269058296,0.6053811659192826,0.8071748878923767,0.0,0.8659513129114378,1.2236858641838608,1.0573407226134641,0.7591818908078877,0.9230482537376766,0.3802164576865301,2.7753776237939443,-0.5646217263736155,-0.4506818137147114,-0.07417203756002992,0.05138319053015936,-1.5830153866876162
Tyrhys Dolan,eng ENG,MF,Espanyol,es La Liga,23.0,2001.0,36,28,2415,26.8,2,5,7,2,0,0,7,1,34,12,37,46,5,105,15,35,0,35.3,0.06,0.17,1.11,-0.26,0.19,,,,,,,,,,,,,,,MF,,False,Midfielder,True,True,True,0.0745341614906832,0.1863354037267081,0.2608695652173913,0.0745341614906832,0.0,0.0,0.2608695652173913,0.0372670807453416,1.267080745341615,0.4472049689440994,1.3788819875776397,1.7142857142857144,0.1863354037267081,3.9130434782608696,0.5590062111801242,1.3043478260869563,0.0,-0.47268967342692,0.6018159118728661,-0.4333038595451411,-0.164291975611832,-0.03575783355111378,0.789768625314447,0.711128047900153,0.6209160722788607,-0.5681007471207424,0.3667732254337047,0.26285530955835434,0.58726322406495
Nicolás Domínguez,ar ARG,MF,Nottingham Forest,eng Premier League,27.0,1998.0,27,17,1175,13.1,1,1,2,1,0,0,3,0,18,5,16,11,0,14,6,30,0,27.8,0.06,0.2,1.26,-0.31,-0.35,,,,,,,,,,,,,,,MF,,False,Midfielder,True,True,False,0.076595744680851,0.076595744680851,0.1531914893617021,0.076595744680851,0.0,0.0,0.2297872340425532,0.0,1.3787234042553191,0.3829787234042553,1.225531914893617,0.8425531914893618,0.0,1.0723404255319149,0.4595744680851064,2.2978723404255317,0.0,-0.4571601536796488,-0.4336440044862913,-0.41601095225256274,-0.017093383615482623,-0.23471175915637657,-0.6918356304614195,-0.6090355609034094,2.9900330839840374,-0.8198566633601843,0.057400575037331175,-0.8633126317738823,0.3286768364008145
Jean-Luc Dompé,fr FRA,"FW,MF",Hamburger SV,de Bundesliga,29.0,1995.0,20,12,1138,12.6,3,0,3,2,1,1,0,0,25,12,2,9,4,82,0,5,0,48.0,0.08,0.17,1.05,0.16,0.91,,,,,,,,,,,,,,,FW,MF,True,Forward,True,True,False,0.2372583479789103,0.0,0.2372583479789103,0.1581722319859402,0.0790861159929701,0.0790861159929701,0.0,0.0,1.9771528998242531,0.9490333919156416,0.1581722319859402,0.7117750439367311,0.3163444639718805,6.48506151142355,0.0,0.3954305799648506,0.0,-0.7029215934172598,-1.1734021059287691,-1.0160128903257395,-0.6776913672629781,-0.18326862665356636,3.69815599584214,-1.0799166709583266,-0.3089471530371328,-1.3152281092294456,-2.1244572495410545,-0.6068207268170148,-1.4507590990632495
Patrick Dorgu,dk DEN,MF,Manchester Utd,eng Premier League,20.0,2004.0,26,15,1449,16.1,4,4,8,4,0,0,5,0,25,11,23,47,7,57,16,30,0,44.0,0.16,0.36,1.73,0.12,-0.65,,,,,,,,,,,,,,,MF,,False,Midfielder,True,True,True,0.2484472049689441,0.2484472049689441,0.4968944099378882,0.2484472049689441,0.0,0.0,0.3105590062111801,0.0,1.5527950310559009,0.6832298136645963,1.4285714285714284,2.919254658385093,0.4347826086956521,3.5403726708074537,0.9937888198757764,1.8633540372670807,0.0,0.8373646847403471,1.1878782441089009,1.0255080633416314,0.21241654225761403,0.6953773745373623,0.5953974981401443,2.535949433060374,1.953898908074671,0.5327458297369987,0.46701806906438054,1.7644125646680027,1.0006496261130577
Niklas Dorsch,de GER,MF,Heidenheim,de Bundesliga,27.0,1998.0,32,27,2258,25.1,0,1,1,0,0,0,2,0,14,3,30,27,1,33,19,31,0,21.4,0.0,0.0,0.81,-0.92,-0.02,,,,,,,,,,,,,,,MF,,False,Midfielder,True,True,True,0.0,0.0398582816651904,0.0398582816651904,0.0,0.0,0.0,0.0797165633303808,0.0,0.5580159433126661,0.1195748449955712,1.195748449955713,1.0761736049601418,0.0398582816651904,1.3153232949512843,0.7573073516386182,1.2356067316209034,0.0,-1.0341415412128914,-0.7802841408981207,-1.0585089693537577,-1.099179602871843,-1.0506591213067666,-0.5651048716562966,-0.25523762395318345,0.45699893289032995,-0.0660127443010882,-0.0026854055204521424,-0.6224184264313359,-0.919821302799543
Fodé Doucouré,ml MLI,"MF,FW",Le Havre,fr Ligue 1,24.0,2001.0,26,15,1239,13.8,3,1,4,3,0,0,2,0,20,8,14,4,2,78,9,26,0,40.0,0.15,0.38,0.96,0.0,0.59,,,,,,,,,,,,,,,MF,FW,True,Midfielder,True,True,False,0.2179176755447942,0.072639225181598,0.2905569007263922,0.2179176755447942,0.0,0.0,0.1452784503631961,0.0,1.452784503631961,0.5811138014527845,1.0169491525423728,0.2905569007263922,0.1452784503631961,5.665859564164649,0.6537530266343826,1.8886198547215496,0.0,0.6073914620596526,-0.4709761539151312,0.7694212245782149,0.08055468080736526,0.37905215069890447,1.7039718082105326,-1.444986263903694,2.014146719862052,-0.3282068199604596,-0.36340002118126197,0.014716610620742542,-0.37438565188594525
Désiré Doué,fr FRA,"FW,MF",Paris Saint-Germain,fr Ligue 1,20.0,2005.0,23,16,1348,15.0,7,4,11,7,0,1,0,0,55,19,24,28,0,56,12,20,0,34.5,0.13,0.37,2.35,1.34,0.02,,,,,,,,,,,,,,,FW,MF,True,Forward,True,True,False,0.4673590504451038,0.2670623145400593,0.7344213649851633,0.4673590504451038,0.0,0.0667655786350148,0.0,0.0,3.672106824925816,1.268545994065282,1.602373887240356,1.8694362017804151,0.0,3.7388724035608303,0.8011869436201781,1.3353115727002969,0.0,0.4817449797681838,1.5301373497536985,0.7975099729915932,1.5369316012059648,0.6389217291729596,1.7969857259297972,0.6657551423308654,2.5566660724514203,2.6216816468643036,0.3973111323635041,-1.5878517589524646,-1.4507590990632495
Guela Doué,ci CIV,"DF,MF",Strasbourg,fr Ligue 1,22.0,2002.0,24,23,2061,22.9,2,6,8,2,0,0,3,0,12,5,42,24,0,52,27,38,0,41.7,0.17,0.4,1.63,0.61,0.88,,,,,,,,,,,,,,,DF,MF,True,Defender,True,True,True,0.0873362445414847,0.2620087336244541,0.3493449781659388,0.0873362445414847,0.0,0.0,0.131004366812227,0.0,0.5240174672489083,0.2183406113537117,1.834061135371179,1.0480349344978166,0.0,2.2707423580786026,1.1790393013100435,1.6593886462882097,0.0,0.8135020802347399,3.3678384750149934,0.8881782216406877,-0.15064595388167432,0.4116522876300491,0.7367954357133992,0.6225311990815844,1.5616798506846268,0.2583243194208001,2.0442199826489778,-0.807986293660309,-0.6321505084441887
Ismaël Doukouré,fr FRA,"DF,MF",Strasbourg,fr Ligue 1,22.0,2003.0,25,25,2072,23.0,0,2,2,0,0,0,4,2,7,3,21,17,0,3,24,11,2,42.9,0.0,0.0,1.56,0.48,0.48,,,,,,,,,,,,,,,DF,MF,True,Defender,True,True,True,0.0,0.0868725868725868,0.0868725868725868,0.0,0.0,0.0,0.1737451737451737,0.0868725868725868,0.304054054054054,0.1303088803088803,0.9121621621621622,0.7384169884169883,0.0,0.1303088803088803,1.0424710424710424,0.4777992277992278,0.0868725868725868,-0.809444991619996,0.5790794106900703,-0.8221765122714052,-0.8227467229219674,-0.2480810259003328,-0.7048032426895346,-0.07172843732895481,-1.46722690876739,-0.11255468980901434,-0.3420904400331906,-0.807986293660309,-0.2571119279617338
Kamory Doumbia,ml MLI,MF,Brest,fr Ligue 1,22.0,2003.0,24,22,1750,19.4,5,4,9,5,0,0,6,0,43,14,29,21,2,20,20,30,0,32.6,0.12,0.36,1.33,0.26,1.43,,,,,,,,,,,,,,,MF,,False,Midfielder,True,True,True,0.2571428571428571,0.2057142857142857,0.4628571428571428,0.2571428571428571,0.0,0.0,0.3085714285714285,0.0,2.2114285714285713,0.72,1.491428571428571,1.08,0.1028571428571428,1.0285714285714285,1.0285714285714285,1.542857142857143,0.0,0.9028674026487102,0.7846673595305088,1.0984486594859697,1.080811569102745,0.8092805437974614,-0.7146638990146568,-0.24944287917490768,1.1896554155517403,0.6208135558856177,0.5938277962571855,-0.2416679281584881,0.984114170031133
Anastasios Douvikas,gr GRE,FW,Como,it Serie A,25.0,1999.0,38,25,2273,25.3,14,1,15,13,1,1,0,0,65,30,36,42,7,4,4,10,0,46.2,0.2,0.43,1.87,1.11,0.48,,,,,,,,,,,,,,,FW,,False,Forward,True,True,True,0.5543334799824021,0.0395952485701715,0.5939287285525737,0.5147382314122305,0.0395952485701715,0.0395952485701715,0.0,0.0,2.5736911570611527,1.1878574571051477,1.4254289485261769,1.6630004399472065,0.277166739991201,0.1583809942806863,0.1583809942806863,0.3959524857017158,0.0,0.9295302246213502,-0.7725693753678409,1.075410655683479,0.10174417165181028,0.4312888018078465,-0.6817670298473701,0.3544644954559593,-0.30735590904605414,-0.5369681955743095,0.0883417095934894,-0.7283166509464163,-1.4507590990632495
Domingos Duarte,pt POR,DF,Getafe,es La Liga,30.0,1995.0,34,34,2923,32.5,1,1,2,1,0,0,11,0,13,4,32,24,3,0,33,18,1,30.8,0.08,0.25,1.29,-0.28,-0.82,,,,,,,,,,,,,,,DF,,False,Defender,True,True,True,0.0307902839548409,0.0307902839548409,0.0615805679096818,0.0307902839548409,0.0,0.0,0.3386931235032501,0.0,0.4002736914129319,0.1231611358193636,0.9852890865549092,0.738966814916182,0.0923708518645227,0.0,1.0160793705097504,0.5542251111871366,0.0307902839548409,-0.23727702803932382,-0.3139402971813571,-0.21919308657985165,-0.5287465011287515,-0.30164813290105613,-0.7925672921629087,-0.07049555548133923,-1.2713154769548454,-0.18422666712009184,-0.15280338480448394,0.3928616657388907,1.1902600186608767
Denzel Dumfries,nl NED,MF,Inter,it Serie A,29.0,1996.0,20,15,1325,14.7,3,1,4,3,0,0,2,0,23,5,20,13,2,34,7,9,0,21.7,0.13,0.6,2.1,1.49,0.12,,,,,,,,,,,,,,,MF,,False,Midfielder,True,True,False,0.2037735849056604,0.0679245283018867,0.2716981132075471,0.2037735849056604,0.0,0.0,0.1358490566037735,0.0,1.562264150943396,0.3396226415094339,1.3584905660377358,0.8830188679245283,0.1358490566037735,2.309433962264151,0.4754716981132076,0.6113207547169811,0.0,0.5008466784510196,-0.5154621645257952,0.6507782082173474,0.22490138567182646,-0.3690160862945206,-0.046614002296336,-0.5477537892150465,-1.0316473025140322,-0.779605717466887,0.32563501130224803,-0.04227245718751266,-0.4528325629749598
Lewis Dunk,eng ENG,DF,Brighton,eng Premier League,33.0,1991.0,33,31,2838,31.5,1,0,1,1,0,0,10,0,23,3,14,12,1,5,30,22,0,13.0,0.04,0.33,1.36,0.13,-0.18,,,,,,,,,,,,,,,DF,,False,Defender,True,True,True,0.0317124735729386,0.0,0.0317124735729386,0.0317124735729386,0.0,0.0,0.3171247357293869,0.0,0.7293868921775898,0.095137420718816,0.4439746300211416,0.3805496828752643,0.0317124735729386,0.1585623678646934,0.9513742071881608,0.6976744186046512,0.0,-0.2201402144718984,-0.8042256269931214,-0.20113332929169872,0.4768627141605732,-0.5116653414834967,-0.685774297971676,-0.8741781291945421,-0.9035950403320694,-0.3599467580751593,-1.5539811354192397,-0.3957149070824546,1.0010034717104397
Pablo Durán,es ESP,"FW,MF",Celta Vigo,es La Liga,24.0,2001.0,30,17,1425,15.8,2,2,4,2,0,0,1,0,37,15,15,12,19,15,7,11,0,40.5,0.05,0.13,1.37,-0.44,-0.98,,,,,,,,,,,,,,,FW,MF,True,Forward,True,True,True,0.1263157894736842,0.1263157894736842,0.2526315789473684,0.1263157894736842,0.0,0.0,0.0631578947368421,0.0,2.3368421052631576,0.9473684210526316,0.9473684210526316,0.7578947368421053,1.2000000000000002,0.9473684210526316,0.4421052631578948,0.6947368421052632,0.0,-1.274106032213667,0.10532462609227174,-1.2028655741750702,-0.20772226422225043,-0.18755303664894382,-0.13555576026700575,-1.0103714094653808,0.6036109153677369,0.8572093444840408,-0.7464156239362431,2.1335259562813422,-0.8211875297532344
Hugo Duro,es ESP,FW,Valencia,es La Liga,25.0,1999.0,36,22,1979,22.0,10,0,10,9,1,2,4,0,36,14,22,38,6,1,3,9,0,38.9,0.25,0.64,1.31,-0.23,0.02,,,,,,,,,,,,,,,FW,,False,Forward,True,True,True,0.4547751389590702,0.0,0.4547751389590702,0.4092976250631632,0.045477513895907,0.090955027791814,0.1819100555836281,0.0,1.637190500252653,0.6366851945426983,1.0005053057099544,1.7281455280444669,0.2728650833754421,0.045477513895907,0.136432541687721,0.4092976250631632,0.0,0.4169570884768974,-1.1734021059287691,0.45695301480144424,-1.1218854703339323,-0.9870230758116004,-0.7599294330346106,0.4526987182206349,-0.26666777071180475,-0.6448195251952906,-0.6536315482815587,-0.7416567251701441,0.36255972108181717
Paulo Dybala,ar ARG,"MF,FW",Roma,it Serie A,31.0,1993.0,22,15,1354,15.0,2,6,8,2,0,1,0,0,43,18,11,40,3,98,5,6,0,41.9,0.05,0.11,1.95,0.66,-0.12,,,,,,,,,,,,,,,MF,FW,True,Midfielder,True,True,True,0.1329394387001477,0.3988183161004431,0.5317577548005908,0.1329394387001477,0.0,0.0664697193500738,0.0,0.0,2.8581979320531756,1.1964549483013294,0.7311669128508124,2.658788774002954,0.1994091580502215,6.514032496307237,0.3323485967503692,0.3988183161004431,0.0,-0.03273366772461862,2.6067204339683716,0.05660945028273378,1.9335639144576684,2.28519714988018,2.146347023982956,2.1414963492255454,-1.5383717316444352,-1.1419858427373386,-0.9399449642786474,0.3418700469487249,-1.5830153866876162
Adam Dźwigała,pl POL,DF,St Pauli,de Bundesliga,29.0,1995.0,19,14,1288,14.3,1,1,2,1,0,0,5,0,4,2,20,6,0,2,25,27,0,50.0,0.25,0.5,0.95,-0.77,0.25,,,,,,,,,,,,,,,DF,,False,Defender,True,True,False,0.0698757763975155,0.0698757763975155,0.139751552795031,0.0698757763975155,0.0,0.0,0.3493788819875776,0.0,0.2795031055900621,0.139751552795031,1.3975155279503106,0.4192546583850932,0.0,0.139751552795031,1.746894409937888,1.8866459627329193,0.0,0.4890386710712345,0.30843277288248977,0.5462400663748768,-0.8977624316875903,-0.17731511531409397,-0.6984435289595801,-0.7873895480904041,2.1442351877107138,1.800450885757596,0.9142335489528962,-0.807986293660309,1.2840245491159932
Aron Dønnum,no NOR,MF,Toulouse,fr Ligue 1,27.0,1998.0,28,28,2419,26.9,4,4,8,1,3,3,10,1,40,14,42,38,0,140,29,29,0,35.0,0.03,0.07,1.29,0.15,0.57,,,,,,,,,,,,,,,MF,,False,Midfielder,True,True,True,0.1488218272013228,0.1488218272013228,0.2976436544026457,0.0372054568003307,0.1116163704009921,0.1116163704009921,0.3720545680033071,0.0372054568003307,1.4882182720132284,0.52087639520463,1.56262918561389,1.4138073584125672,0.0,5.208763952046301,1.0789582472095909,1.0789582472095909,0.0,0.08690538785128459,0.24785267607425138,-0.7464233264873233,0.12727338910039282,0.19245447025509746,1.4655678667776444,0.2560795321187537,0.08346150737069838,0.7483903165637354,0.7374698717699204,-0.8633126317738823,1.5122558853654442
Simon Ebonog,cm CMR,MF,Le Havre,fr Ligue 1,20.0,2004.0,30,21,1759,19.5,1,0,1,1,0,0,8,0,22,4,29,34,0,16,24,21,0,18.2,0.05,0.25,1.07,-0.72,-0.85,,,,,,,,,,,,,,,MF,,False,Midfielder,True,True,True,0.0511654349061967,0.0,0.0511654349061967,0.0511654349061967,0.0,0.0,0.4093234792495736,0.0,1.1256395679363276,0.2046617396247868,1.4837976122797043,1.739624786810688,0.0,0.8186469584991471,1.2279704377487208,1.0744741330301306,0.0,-0.6487219105411685,-1.1563710848352395,-0.6293246770888886,-0.35077931268302526,-0.7870850705156157,-0.8241526355975938,0.7495018845455929,0.07276887620592025,1.1256813042534073,0.5784328895862522,-0.8633126317738823,1.8223109155733743
Enzo Ebosse,cm CMR,DF,Torino,it Serie A,26.0,1999.0,13,13,1115,12.4,0,1,1,0,0,0,3,0,0,0,16,9,0,7,10,6,0,,,,1.38,0.0,0.74,,,,,,,,,,,,,,,DF,,False,Defender,True,True,False,0.0,0.0807174887892376,0.0807174887892376,0.0,0.0,0.0,0.242152466367713,0.0,0.0,0.0,1.2914798206278026,0.726457399103139,0.0,0.5650224215246636,0.8071748878923767,0.484304932735426,0.0,-0.809444991619996,0.4810694573474944,-0.8221765122714052,-1.751787423788529,-1.2246505919904345,-0.41202027465563906,-0.09854555253094258,-1.4505500721709264,-0.751549471082445,0.6397630040086968,-0.807986293660309,0.34314285805702577
Éderson,br BRA,MF,Atalanta,it Serie A,26.0,1999.0,30,26,2230,24.8,2,1,3,1,1,1,3,0,35,11,34,40,2,12,28,35,0,31.4,0.03,0.09,1.53,0.48,0.26,,,,,,,,,,,,,,,MF,,False,Midfielder,True,True,True,0.0807174887892376,0.0403587443946188,0.1210762331838565,0.0403587443946188,0.0403587443946188,0.0403587443946188,0.1210762331838565,0.0,1.4125560538116593,0.4439461883408071,1.3721973094170403,1.6143497757847534,0.0807174887892376,0.484304932735426,1.1300448430493273,1.4125560538116593,0.0,-0.42611182789310653,-0.7755619729921838,-0.7199730186390024,0.02751428182939578,-0.04585257267624398,-0.9985329066295757,0.5597837011303578,0.8789448872796944,0.8777388761167595,0.35328737203047483,-0.37547485987839374,-0.5757336099481964
Andrias Edmundsson,fo FRO,DF,Hellas Verona,it Serie A,24.0,2000.0,15,15,1319,14.7,0,0,0,0,0,0,3,0,4,1,13,7,0,4,28,20,1,25.0,0.0,0.0,0.47,-0.89,0.1,,,,,,,,,,,,,,,DF,,False,Defender,True,True,False,0.0,0.0,0.0,0.0,0.0,0.0,0.2047005307050796,0.0,0.2729340409401061,0.0682335102350265,0.8870356330553449,0.4776345716451858,0.0,0.2729340409401061,1.9105382865807432,1.3646702047005308,0.0682335102350265,-0.809444991619996,-0.8042256269931214,-0.8221765122714052,-0.9178342851789695,-0.713290435068855,-0.6087440821464002,-0.6564836433562843,0.8061934982411202,2.2448592669713987,-0.4071297773531059,-0.807986293660309,0.014512638012982205
Odsonne Édouard,fr FRA,FW,Lens,fr Ligue 1,27.0,1998.0,29,26,1796,20.0,12,3,15,11,1,1,2,0,60,31,21,17,12,1,4,4,0,51.7,0.18,0.35,2.0,0.85,-0.14,,,,,,,,,,,,,,,FW,,False,Forward,True,True,True,0.6013363028953229,0.1503340757238307,0.7516703786191538,0.5512249443207127,0.0501113585746102,0.0501113585746102,0.1002227171492204,0.0,3.006681514476615,1.5534521158129175,1.052338530066815,0.8518930957683741,0.6013363028953229,0.0501113585746102,0.2004454342984409,0.2004454342984409,0.0,1.1715228502565243,0.34846782151832145,1.2894220045391143,0.6674883942273008,1.3720604662395404,-0.7567214501199165,-0.8686284784175166,-0.9034394520773271,-0.33026998910799593,-0.5631238370905824,0.276981171843986,-0.4517173548908988
Marcus Edwards,eng ENG,"MF,FW",Burnley,eng Premier League,26.0,1998.0,23,11,1067,11.9,1,3,4,1,0,0,0,0,23,6,7,18,1,19,3,6,0,26.1,0.04,0.17,0.48,-0.34,0.92,,,,,,,,,,,,,,,MF,FW,True,Midfielder,True,True,False,0.0843486410496719,0.2530459231490159,0.3373945641986879,0.0843486410496719,0.0,0.0,0.0,0.0,1.9400187441424557,0.5060918462980318,0.5904404873477038,1.5182755388940956,0.0843486410496719,1.6026241799437675,0.2530459231490159,0.5060918462980318,0.0,-0.398759038540389,1.2312699256896384,-0.35097835070904915,0.7229631909002027,0.14665630754845255,-0.4152594967642907,0.4142875678901288,-1.2825717572814785,-1.3427760193076868,-1.2238503219788173,-0.3535290182186155,-1.5830153866876162
Maximilian Eggestein,de GER,MF,Freiburg,de Bundesliga,28.0,1996.0,34,34,3060,34.0,3,1,4,3,0,0,4,0,44,13,18,20,1,14,31,34,0,29.5,0.07,0.23,1.38,-0.18,,,,,,,,,,,,,,,,MF,,False,Midfielder,True,True,True,0.088235294117647,0.0294117647058823,0.1176470588235294,0.088235294117647,0.0,0.0,0.1176470588235294,0.0,1.2941176470588234,0.3823529411764705,0.5294117647058824,0.5882352941176471,0.0294117647058823,0.411764705882353,0.911764705882353,1.0,0.0,-0.3694816094956755,-0.8788533333940586,-0.3183764496538516,-0.12864436650398206,-0.23665024753827268,-1.036367170480988,-0.9941780494509087,-0.10481902720996866,0.3250651099852655,-1.3469713439877793,-0.685554750838108,-0.6042622877207727
Kingsley Ehizibue,nl NED,"MF,DF",Udinese,it Serie A,30.0,1995.0,32,20,1811,20.1,2,0,2,2,0,0,5,0,9,2,34,24,2,32,13,31,0,22.2,0.22,1.0,1.5,0.1,0.38,,,,,,,,,,,,,,,MF,DF,True,Midfielder,True,True,True,0.0993926007730535,0.0,0.0993926007730535,0.0993926007730535,0.0,0.0,0.2484815019326339,0.0,0.447266703478741,0.0993926007730535,1.6896742131419105,1.1927112092766428,0.0993926007730535,1.5902816123688572,0.6460519050248481,1.5405853119823305,0.0,-0.2854357097920629,-1.1563710848352395,-0.22478708079063872,-1.2452002398473632,-1.1131777487283716,-0.4216969174685142,-0.07875148829510792,1.1842381026464635,-0.34770565269264847,0.9937740012567723,-0.262606816574026,0.48420195375864383
Chidera Ejuke,ng NGA,"MF,FW",Sevilla,es La Liga,27.0,1998.0,27,6,932,10.4,1,1,2,1,0,0,0,0,23,3,5,16,2,27,7,13,0,13.0,0.04,0.33,1.07,0.19,0.77,,,,,,,,,,,,,,,MF,FW,True,Midfielder,True,True,False,0.0965665236051502,0.0965665236051502,0.1931330472103004,0.0965665236051502,0.0,0.0,0.0,0.0,2.221030042918455,0.2896995708154506,0.482832618025751,1.5450643776824031,0.1931330472103004,2.6072961373390555,0.6759656652360515,1.255364806866953,0.0,-0.30672401937645305,-0.24520765199187605,-0.24849269242896735,1.0934709154328641,-0.523663003755627,0.10873974571392561,0.4548569503160393,0.5041132129190713,-0.2719655934749214,-1.4409413944052063,0.3039386893923626,-1.5830153866876162
Hjalmar Ekdal,se SWE,DF,Burnley,eng Premier League,26.0,1998.0,19,17,1539,17.1,0,0,0,0,0,0,0,0,6,1,5,7,2,1,12,17,0,16.7,0.0,0.0,0.53,-1.23,-0.46,,,,,,,,,,,,,,,DF,,False,Defender,True,True,True,0.0,0.0,0.0,0.0,0.0,0.0,0.0,0.0,0.3508771929824561,0.0584795321637426,0.2923976608187134,0.4093567251461988,0.1169590643274853,0.0584795321637426,0.7017543859649122,0.9941520467836256,0.0,-0.809444991619996,-0.8042256269931214,-0.8221765122714052,-0.6796780769795533,-0.7863893528874049,-0.7531808701337056,-0.8095837897958144,-0.14359915854263633,-1.037840382599888,-1.9463339983227113,0.7125155843227365,-1.7816770450708828
Jeff Ekhator,it ITA,"FW,MF",Genoa,it Serie A,18.0,2006.0,30,9,956,10.6,3,0,3,3,0,0,3,0,20,5,20,19,10,9,2,8,0,25.0,0.15,0.6,1.03,-0.19,0.1,,,,,,,,,,,,,,,FW,MF,True,Forward,True,True,False,0.2824267782426778,0.0,0.2824267782426778,0.2824267782426778,0.0,0.0,0.2824267782426778,0.0,1.8828451882845187,0.4707112970711297,1.8828451882845187,1.788702928870293,0.9414225941422594,0.8472803347280335,0.1882845188284518,0.7531380753138075,0.0,-0.4703732833806801,-1.1734021059287691,-0.28720284069072644,-0.8009136100546955,-1.4141177722397364,-0.20484614290960498,0.5440150304173808,0.7816710608125043,-0.39002686250448554,0.8870513680373148,1.3316391264297054,1.3645321758324773
Hugo Ekitike,fr FRA,FW,Liverpool,eng Premier League,23.0,2002.0,28,21,1803,20.0,11,4,15,11,0,0,0,0,65,19,35,12,10,7,4,7,0,29.2,0.17,0.58,1.68,0.5,0.5,,,,,,,,,,,,,,,FW,,False,Forward,True,True,True,0.5490848585690515,0.1996672212978369,0.7487520798668885,0.5490848585690515,0.0,0.0,0.0,0.0,3.2445923460898505,0.9484193011647254,1.7470881863560732,0.5990016638935108,0.4991680532445923,0.3494176372712146,0.1996672212978369,0.3494176372712146,0.0,0.902507854515308,0.847879750011312,1.2768694175322082,0.9783421492086624,-0.1848488444277909,-0.5495135061997896,-1.249971016737268,-0.4492365068443379,-0.33409400843181714,0.6500015669657317,-0.03985770103490816,-1.4507590990632495
Jurgen Ekkelenkamp,nl NED,MF,Udinese,it Serie A,25.0,2000.0,31,27,2186,24.3,5,3,8,5,0,0,1,0,33,15,22,19,3,32,18,27,0,45.5,0.15,0.33,1.35,-0.04,0.1,,,,,,,,,,,,,,,MF,,False,Midfielder,True,True,True,0.2058554437328454,0.1235132662397072,0.3293687099725526,0.2058554437328454,0.0,0.0,0.041171088746569,0.0,1.3586459286367796,0.6175663311985361,0.9057639524245196,0.7822506861848124,0.1235132662397072,1.3174748398902103,0.7410795974382433,1.111619396157365,0.0,0.5165289307714652,0.009051128444744054,0.6682411909708186,-0.04356512990535254,0.4919713137326636,-0.5639827064461936,-0.7003584964839,0.16134391739409046,-0.10710055992270279,-0.5877080990534369,-0.11682711165018135,-1.240496575749998
Jacques Ekomie,ga GAB,"DF,MF",Angers,fr Ligue 1,21.0,2003.0,32,25,2239,24.9,0,0,0,0,0,0,3,0,12,3,30,31,6,65,31,32,0,25.0,0.0,0.0,1.13,-0.56,-0.01,,,,,,,,,,,,,,,DF,MF,True,Defender,True,True,True,0.0,0.0,0.0,0.0,0.0,0.0,0.1205895489057615,0.0,0.482358195623046,0.1205895489057615,1.205895489057615,1.2460920053595357,0.241179097811523,2.6127735596248325,1.2460920053595357,1.286288521661456,0.0,-0.809444991619996,-0.8042256269931214,-0.8221765122714052,-0.277936343181996,-0.32092029233045644,0.9671561235098641,1.0666366902054651,0.6052685357631381,0.44041963685010665,0.41823028905911497,2.3274121746950844,-0.7235376114006649
Caleb Ekuban,gh GHA,"FW,MF",Genoa,it Serie A,31.0,1994.0,31,6,994,11.0,4,1,5,4,0,0,0,0,29,10,16,29,6,5,5,1,0,34.5,0.14,0.4,1.1,-0.18,0.12,,,,,,,,,,,,,,,FW,MF,True,Forward,True,True,False,0.3621730382293763,0.090543259557344,0.4527162977867203,0.3621730382293763,0.0,0.0,0.0,0.0,2.625754527162978,0.9054325955734408,1.4486921529175052,2.625754527162978,0.5432595573440644,0.4527162977867203,0.4527162977867203,0.090543259557344,0.0,-0.05980205291397808,-0.2568097552597639,0.18054564377135304,0.16977005337982973,-0.295464997055648,-0.4780004622759168,1.806230119442171,-1.2385213697693136,0.9093503411454593,0.12896236189810165,0.09687658295418806,-1.4507590990632495
Anthony Elanga,se SWE,"FW,MF",Newcastle United,eng Premier League,23.0,2002.0,32,14,1319,14.7,0,1,1,0,0,0,0,0,17,4,8,25,2,83,3,11,0,23.5,0.0,0.0,1.13,-0.55,-0.8,,,,,,,,,,,,,,,FW,MF,True,Forward,True,True,False,0.0,0.0682335102350265,0.0682335102350265,0.0,0.0,0.0,0.0,0.0,1.159969673995451,0.2729340409401061,0.5458680818802123,1.7058377558756632,0.136467020470053,5.663381349507203,0.2047005307050796,0.750568612585292,0.0,-1.9244390900929182,-0.4826569986012549,-1.9437657630968073,-1.7454211235509351,-1.9230509144655425,3.1293117415482694,0.41906016273442254,0.7738369983789142,-0.3093610980060997,-1.447488674895044,-1.1646473182511223,-1.4507590990632495
Daniel Elfadli,ly LBY,DF,Hamburger SV,de Bundesliga,28.0,1997.0,21,15,1253,13.9,0,0,0,0,0,0,6,1,4,1,20,15,0,0,20,14,0,25.0,0.0,0.0,1.14,-0.43,-0.03,,,,,,,,,,,,,,,DF,,False,Defender,True,True,False,0.0,0.0,0.0,0.0,0.0,0.0,0.4309656823623304,0.071827613727055,0.2873104549082202,0.071827613727055,1.4365522745411012,1.077414205905826,0.0,0.0,1.4365522745411012,1.005586592178771,0.0,-0.809444991619996,-0.8042256269931214,-0.8221765122714052,-0.8739069849808602,-0.686355263195891,-0.7925672921629087,0.6884086540027744,-0.11428764703392025,0.9576534108779123,1.0152791059654496,-0.807986293660309,1.999925815244549
Unai Elgezabal,es ESP,"DF,MF",Levante,es La Liga,32.0,1993.0,12,11,958,10.6,1,0,1,1,0,0,2,0,3,1,11,6,0,0,4,4,1,33.3,0.33,1.0,0.42,-0.85,-0.66,,,,,,,,,,,,,,,DF,MF,True,Defender,True,True,False,0.0939457202505219,0.0,0.0939457202505219,0.0939457202505219,0.0,0.0,0.1878914405010438,0.0,0.2818371607515658,0.0939457202505219,1.033402922755741,0.5636743215031316,0.0,0.0,0.3757828810020876,0.3757828810020876,0.0939457202505219,0.9363242751298009,-0.8042256269931214,1.0176152970150372,-0.8906306989769351,-0.520596263201746,-0.7925672921629087,-0.463555790790409,-1.7287373772544945,-1.9230826037831203,-0.028262028172300682,-0.807986293660309,-0.13298240903217878
Mikael Ellertsson,is ISL,MF,Genoa,it Serie A,23.0,2002.0,36,31,2767,30.7,1,1,2,1,0,0,1,1,26,6,28,42,1,32,14,26,0,23.1,0.04,0.17,0.97,-0.49,-1.18,,,,,,,,,,,,,,,MF,,False,Midfielder,True,True,True,0.0325262016624503,0.0325262016624503,0.0650524033249006,0.0325262016624503,0.0,0.0,0.0325262016624503,0.0325262016624503,0.845681243223708,0.1951572099747018,0.9107336465486086,1.3661004698229129,0.0325262016624503,1.0408384531984098,0.4553668232743043,0.845681243223708,0.0,-0.789127760818399,-0.8494667409935283,-0.7856737073031959,-0.7198987121699892,-0.8165272941583307,-0.7082658786810696,0.1838315700910474,-0.47280108163094026,-0.8305101975493752,-0.57768210156991,-0.6667318165720499,-1.3124168609522946
Elif Elmas,mk MKD,"MF,FW",Napoli,it Serie A,25.0,1999.0,33,20,1783,19.8,1,3,4,1,0,0,3,0,27,9,18,13,2,41,7,13,0,33.3,0.04,0.11,1.91,0.25,-0.68,,,,,,,,,,,,,,,MF,FW,True,Midfielder,True,True,True,0.0504767246214245,0.1514301738642736,0.2019068984856982,0.0504767246214245,0.0,0.0,0.1514301738642736,0.0,1.3628715647784633,0.4542905215928211,0.9085810431856424,0.6561974200785193,0.1009534492428491,2.0695457094784073,0.3533370723499719,0.6561974200785193,0.0,-0.653909836024131,0.2724640011042126,-0.6351016950442211,-0.037993713957390235,-0.013808885691917952,-0.17173072503740414,-0.8912552799955957,-0.9246362828539886,-1.0888441322475835,-0.5820248227437381,-0.2531734106146338,-0.3232069951402777
Nico Elvedi,ch SUI,DF,Gladbach,de Bundesliga,28.0,1996.0,33,33,2966,33.0,0,2,2,0,0,0,5,0,9,0,18,16,1,1,40,32,0,0.0,0.0,,1.15,-0.27,1.64,,,,,,,,,,,,,,,DF,,False,Defender,True,True,True,0.0,0.0606877950101146,0.0606877950101146,0.0,0.0,0.0,0.1517194875252865,0.0,0.2730950775455158,0.0,0.5461901550910316,0.4855023600809171,0.0303438975050573,0.0303438975050573,1.2137559002022926,0.971004720161834,0.0,-0.809444991619996,0.16212907229196769,-0.8221765122714052,-0.9173422359569308,-1.2246505919904345,-0.7721304400041279,-0.6388416170852365,-0.2029354161046295,0.35260433668429314,-1.2893990283526044,-0.4135067942982209,-0.4503811403801564
Breel Embolo,ch SUI,FW,Rennes,fr Ligue 1,28.0,1997.0,31,20,1872,20.8,9,3,12,9,0,0,3,0,41,18,48,58,14,7,4,14,0,43.9,0.22,0.5,1.77,0.14,-0.31,,,,,,,,,,,,,,,FW,,False,Forward,True,True,True,0.4326923076923077,0.1442307692307692,0.5769230769230769,0.4326923076923077,0.0,0.0,0.1442307692307692,0.0,1.971153846153846,0.8653846153846154,2.3076923076923075,2.7884615384615383,0.6730769230769231,0.3365384615384615,0.1923076923076923,0.6730769230769231,0.0,0.3032642932674981,0.28668250395102496,0.5941735859740476,-0.6855297172327363,-0.39851903267131666,-0.5584296824143049,2.0515808781887777,0.5375717562503939,-0.3702576050958322,1.6288910058523376,0.4994594595280358,-0.013035563379320924
Emersonn,br BRA,FW,Toulouse,fr Ligue 1,21.0,2004.0,28,19,1589,17.7,6,2,8,6,0,0,5,1,51,19,41,10,5,8,7,8,0,37.3,0.12,0.32,1.14,0.11,0.17,,,,,,,,,,,,,,,FW,,False,Forward,True,True,True,0.3398363750786658,0.1132787916928886,0.4531151667715544,0.3398363750786658,0.0,0.0,0.2831969792322215,0.0566393958464443,2.888609188168659,1.0761485210824415,2.3222152297042165,0.5663939584644431,0.2831969792322215,0.4531151667715544,0.3964757709251101,0.4531151667715544,0.0,-0.17480169397347242,-0.026652204651246535,0.0495308433477658,0.5132153594800638,0.14383219058317778,-0.4777243276669106,-1.2991411490146494,-0.1330719984826866,0.6329930182354491,1.6542499613757933,-0.7096159860055313,1.3722097060556036
Julio Enciso,py PAR,"MF,FW",Strasbourg,fr Ligue 1,21.0,2004.0,27,22,1883,20.9,3,6,9,2,1,1,2,0,61,22,20,31,5,61,7,10,0,36.1,0.03,0.09,1.41,0.24,-0.22,,,,,,,,,,,,,,,MF,FW,True,Midfielder,True,True,True,0.1433882103027084,0.2867764206054168,0.4301646309081253,0.0955921402018056,0.0477960701009028,0.0477960701009028,0.0955921402018056,0.0,2.915560276155072,1.051513542219862,0.9559214020180564,1.481678173127987,0.238980350504514,2.915560276155072,0.3345724907063196,0.4779607010090281,0.0,0.04597497023409819,1.5495375271987957,-0.2566659846549743,2.0091950071561673,1.8362115135523485,0.2695187681936366,0.3588640185799506,-1.3496521100066423,-1.1363550608253226,-0.4865190820136574,0.5810291517191343,-0.7877460072827993
Endrick,br BRA,"FW,MF",Lyon,fr Ligue 1,19.0,2006.0,16,14,1215,13.5,5,7,12,4,1,1,4,1,50,26,21,21,4,52,2,9,0,52.0,0.08,0.15,1.69,0.44,0.1,,,,,,,,,,,,,,,FW,MF,True,Forward,True,True,False,0.3703703703703704,0.5185185185185186,0.8888888888888888,0.2962962962962963,0.074074074074074,0.074074074074074,0.2962962962962963,0.074074074074074,3.703703703703704,1.925925925925926,1.5555555555555554,1.5555555555555554,0.2962962962962963,3.851851851851852,0.1481481481481481,0.6666666666666667,0.0,-0.01759833396548359,4.075692195268715,-0.20585173970013976,1.5782160116180337,2.3305340050373937,1.8752007212434874,0.1924451473126856,0.5180274568231429,-0.5872508319709584,0.31556009149833375,-0.6689930638330064,1.5027865347368217
Yannik Engelhardt,de GER,MF,Gladbach,de Bundesliga,24.0,2001.0,31,29,2487,27.6,2,2,4,2,0,0,7,0,21,5,41,34,0,6,36,23,0,23.8,0.1,0.4,1.19,-0.04,1.53,,,,,,,,,,,,,,,MF,,False,Midfielder,True,True,True,0.0723763570566948,0.0723763570566948,0.1447527141133896,0.0723763570566948,0.0,0.0,0.2533172496984318,0.0,0.7599517490952955,0.180940892641737,1.4837153196622437,1.2303980699638115,0.0,0.2171290711700844,1.3027744270205066,0.8323281061519904,0.0,-0.48894400976813013,-0.47345647332738683,-0.4514038868496124,-0.83293131951783,-0.8605652433996395,-1.1378818234956019,-0.021677993033451068,-0.5046424139178419,1.3150810499612489,0.578266870198545,-0.8633126317738823,0.5244324802072154
Christian Eriksen,dk DEN,MF,Wolfsburg,de Bundesliga,33.0,1992.0,31,27,2410,26.8,3,9,12,0,3,4,4,0,38,14,13,5,3,131,18,20,0,36.8,0.0,0.0,0.77,-0.63,0.33,,,,,,,,,,,,,,,MF,,False,Midfielder,True,True,True,0.1120331950207468,0.3360995850622407,0.4481327800829875,0.0,0.1120331950207468,0.1493775933609958,0.1493775933609958,0.0,1.4190871369294604,0.5228215767634855,0.4854771784232365,0.1867219917012448,0.1120331950207468,4.8921161825726145,0.6721991701244814,0.7468879668049793,0.0,-0.1902164826839784,2.014931352795522,-1.0585089693537577,0.03612538307425739,0.19848006779542351,1.3004162567269362,-1.6022352647539828,-0.7083793974428247,-0.28150215995066513,-1.43560618559191,-0.18620999816790332,-0.34028323613220535
Carlos Espí,es ESP,FW,Levante,es La Liga,20.0,2005.0,25,13,1343,14.9,11,0,11,11,0,0,3,0,57,24,31,25,10,1,9,7,0,42.1,0.19,0.46,1.28,0.27,1.05,,,,,,,,,,,,,,,FW,,False,Forward,True,True,False,0.7371556217423678,0.0,0.7371556217423678,0.7371556217423678,0.0,0.0,0.201042442293373,0.0,3.819806403574088,1.6083395383469845,2.077438570364855,1.6753536857781086,0.6701414743112435,0.0670141474311243,0.6031273268801192,0.4690990320178704,0.0,1.8707845444034572,-1.1734021059287691,2.3799909239278505,1.7299155369126824,1.5133003082991978,-0.7450197506409538,0.37309232355879174,-0.0843386205355888,1.648447068291612,1.226837322770636,0.4903561981773601,0.55327549423557
Alfonso Espino,uy URU,"DF,MF",Rayo Vallecano,es La Liga,33.0,1992.0,30,15,1486,16.5,2,0,2,2,0,0,3,0,20,9,24,30,10,49,15,33,0,45.0,0.1,0.22,1.5,-0.48,-0.72,,,,,,,,,,,,,,,DF,MF,True,Defender,True,True,True,0.1211305518169582,0.0,0.1211305518169582,0.1211305518169582,0.0,0.0,0.1816958277254374,0.0,1.2113055181695829,0.5450874831763123,1.4535666218034993,1.816958277254374,0.6056527590847914,2.9676985195154777,0.908479138627187,1.9986541049798117,0.0,1.441493040070858,-0.8042256269931214,1.5499911233899824,1.9493706846435344,2.8603806481280536,1.2062008583379256,2.3466962454784195,2.431358797533764,-0.47643708067269447,1.0593202811780278,7.065675853768726,-0.18734717159334716
Francesco Esposito,it ITA,FW,Inter,it Serie A,20.0,2005.0,35,15,1571,17.5,7,3,10,7,0,0,1,0,57,23,29,50,2,4,5,5,0,40.4,0.12,0.3,2.31,1.09,-0.62,,,,,,,,,,,,,,,FW,,False,Forward,True,True,True,0.4010184595798854,0.1718650541056652,0.5728835136855506,0.4010184595798854,0.0,0.0,0.057288351368555,0.0,3.2654360280076387,1.3176320814767664,1.6613621896880968,2.864417568427753,0.1145767027371101,0.2291534054742202,0.2864417568427753,0.2864417568427753,0.0,0.1401924351602746,0.5664313693703877,0.40839190224193517,1.0055764569022054,0.7652332029722907,-0.632771713499373,2.166117242878033,-0.6412443431952937,0.09230274988745794,0.5003125625818701,-1.23253243541009,-0.8796964088870745
Sebastiano Esposito,it ITA,"FW,MF",Cagliari,it Serie A,23.0,2002.0,36,34,2675,29.7,7,5,12,6,1,1,6,0,57,16,46,56,5,139,21,35,0,28.1,0.11,0.38,1.17,-0.24,0.49,,,,,,,,,,,,,,,FW,MF,True,Forward,True,True,True,0.2355140186915888,0.1682242990654205,0.4037383177570093,0.2018691588785046,0.0336448598130841,0.0336448598130841,0.2018691588785046,0.0,1.9177570093457943,0.5383177570093458,1.5476635514018693,1.8841121495327104,0.1682242990654205,4.676635514018692,0.7065420560747664,1.177570093457944,0.0,-0.7119022204956225,0.5295750839123363,-0.759710320988237,-0.7552979035458913,-1.240148485961817,2.446193510171047,0.6878854419879833,2.075726386875452,2.156611185957528,0.301779601445427,-1.0661632942000623,0.5615163841519385
Maxime Estève,fr FRA,DF,Burnley,eng Premier League,23.0,2002.0,34,34,2932,32.6,0,0,0,0,0,0,1,0,10,1,13,12,0,6,37,27,2,10.0,0.0,0.0,0.56,-1.11,-0.92,,,,,,,,,,,,,,,DF,,False,Defender,True,True,True,0.0,0.0,0.0,0.0,0.0,0.0,0.0306957708049113,0.0,0.3069577080491132,0.0306957708049113,0.3990450204638472,0.3683492496589358,0.0,0.1841746248294679,1.135743519781719,0.8287858117326057,0.0613915416098226,-0.809444991619996,-0.8042256269931214,-0.8221765122714052,-0.8138745743461611,-0.9946082840165043,-0.6685242427025875,-0.9015352912584235,-0.5675018266722222,0.14074577889048892,-1.670280207974236,-0.807986293660309,-1.5123302747221317
Nahuel Estévez,ar ARG,MF,Parma,it Serie A,29.0,1995.0,32,9,1049,11.7,0,1,1,0,0,0,2,0,9,1,11,13,0,43,5,10,0,11.1,0.0,0.0,1.06,-0.34,0.19,,,,,,,,,,,,,,,MF,,False,Midfielder,True,True,False,0.0,0.0857959961868446,0.0857959961868446,0.0,0.0,0.0,0.1715919923736892,0.0,0.7721639656816015,0.0857959961868446,0.9437559580552908,1.11534795042898,0.0,3.689227836034318,0.428979980934223,0.8579599618684461,0.0,-1.0341415412128914,-0.34683407872464395,-1.0585089693537577,-0.816829758482382,-1.1552960110460813,0.6730347739132926,-0.19591146147302027,-0.4435217625971701,-0.8973202871969509,-0.5110619829470294,-0.8633126317738823,-0.15547273519164825
Pervis Estupiñán,ec ECU,MF,Milan,it Serie A,27.0,1998.0,19,13,1034,11.5,1,1,2,1,0,0,5,1,9,1,17,8,5,20,11,9,0,11.1,0.11,1.0,1.79,0.96,0.69,,,,,,,,,,,,,,,MF,,False,Midfielder,True,True,False,0.0870406189555125,0.0870406189555125,0.1740812379110251,0.0870406189555125,0.0,0.0,0.4352030947775629,0.0870406189555125,0.7833655705996132,0.0870406189555125,1.4796905222437136,0.6963249516441006,0.4352030947775629,1.7408123791102517,0.9574468085106382,0.7833655705996132,0.0,-0.37848087356147925,-0.3350903117114346,-0.3283975862842179,-0.8020606685299005,-1.1514405375765857,-0.3431857107392502,-0.8304855995045396,-0.6213964287803542,0.4407297784798926,0.5701471332927478,1.76695388497404,2.0376138237071393
Karl Etta Eyong,cm CMR,FW,Levante,es La Liga,21.0,2003.0,30,15,1416,15.7,6,2,8,6,0,1,3,0,43,21,29,30,6,13,6,11,0,48.8,0.14,0.29,1.07,-0.7,-0.56,,,,,,,,,,,,,,,FW,,False,Forward,True,True,True,0.3813559322033898,0.1271186440677966,0.5084745762711864,0.3813559322033898,0.0,0.0635593220338983,0.1906779661016949,0.0,2.733050847457627,1.3347457627118644,1.8432203389830508,1.906779661016949,0.3813559322033898,0.826271186440678,0.3813559322033898,0.6991525423728814,0.0,0.03896050202134683,0.11345212650765989,0.29306213777920015,0.3099631830205026,0.809271227042456,-0.21939065042576286,0.7220664591252856,0.6170739912087032,0.5586964498151777,0.8178611052075913,-0.40521053589087375,0.4499601515019446
Evanilson,br BRA,FW,Bournemouth,eng Premier League,25.0,1999.0,36,32,2742,30.5,6,1,7,6,0,0,2,0,72,23,26,37,28,3,6,5,0,31.9,0.08,0.26,1.47,0.1,-0.03,,,,,,,,,,,,,,,FW,,False,Forward,True,True,True,0.1969365426695842,0.0328227571115973,0.2297592997811816,0.1969365426695842,0.0,0.0,0.0656455142231947,0.0,2.363238512035011,0.7549234135667395,0.8533916849015317,1.2144420131291027,0.9190371991247266,0.0984682713347921,0.1969365426695842,0.1641137855579869,0.0,-0.9105172000732978,-0.8411290218423396,-0.788642383213355,-0.1732327787818174,-0.6827648940759646,-0.7232442490702216,-0.3219301447237518,-1.0142114050577133,-0.34751214438364464,-0.9105115180229192,1.262218701292245,-0.7963904001086389
Edu Expósito,es ESP,MF,Espanyol,es La Liga,28.0,1996.0,36,32,2523,28.0,1,6,7,1,0,0,9,0,44,13,28,42,2,254,24,29,0,29.5,0.02,0.08,1.17,-0.14,0.66,,,,,,,,,,,,,,,MF,,False,Midfielder,True,True,True,0.0356718192627824,0.2140309155766944,0.2497027348394768,0.0356718192627824,0.0,0.0,0.3210463733650416,0.0,1.5695600475624256,0.4637336504161712,0.9988109393579072,1.4982164090368608,0.0713436385255648,9.060642092746727,0.8561236623067776,1.0344827586206895,0.0,-0.7654324130513532,0.8631397817759731,-0.7592877366570059,0.23452087807841807,0.01544313633755278,3.4745631542327433,0.38390974835342134,-0.022592882932909498,0.1841849295734469,-0.3999925508626465,-0.4321282356871045,1.0878982424787407
Eberechi Eze,eng ENG,"MF,FW",Arsenal,eng Premier League,27.0,1998.0,32,21,1812,20.1,7,2,9,7,0,0,1,0,57,18,14,38,1,8,11,13,0,31.6,0.12,0.39,2.09,1.14,-0.03,,,,,,,,,,,,,,,MF,FW,True,Midfielder,True,True,True,0.347682119205298,0.0993377483443708,0.4470198675496689,0.347682119205298,0.0,0.0,0.0496688741721854,0.0,2.8311258278145695,0.8940397350993378,0.695364238410596,1.8874172185430464,0.0496688741721854,0.3973509933774834,0.5463576158940397,0.6456953642384106,0.0,1.584882693037067,-0.21905947400740905,1.8579072506558079,1.8978698915360048,1.3484042029537857,-1.0438848227636615,0.9733207566507289,-0.9496790460567096,-0.6001263216130559,-1.0121742634826396,-0.56312548184923,-1.1698000882827404
Abde Ezzalzouli,ma MAR,"MF,FW",Real Betis,es La Liga,23.0,2001.0,29,26,2247,25.0,10,8,18,10,0,0,3,0,73,26,28,71,4,55,15,32,0,35.6,0.14,0.38,1.62,0.44,0.44,,,,,,,,,,,,,,,MF,FW,True,Midfielder,True,True,True,0.4005340453938584,0.3204272363150868,0.7209612817089454,0.4005340453938584,0.0,0.0,0.1201602136181575,0.0,2.923898531375167,1.041388518024032,1.1214953271028036,2.843791722296395,0.1602136181575434,2.2029372496662214,0.6008010680907877,1.2817089452603472,0.0,1.9830063464220018,1.8670532833357083,2.301238116066378,2.0201888283356944,1.8048471812038391,-0.10215869657884916,2.421667334558192,0.566932343726383,-0.46227837925190735,-0.1524856958962225,0.10498129909121828,-0.5833543443516548
Alieu Fadera,gm GAM,FW,Sassuolo,it Serie A,23.0,2001.0,28,8,987,11.0,2,1,3,2,0,0,5,0,13,4,36,36,8,24,5,23,0,30.8,0.15,0.5,1.57,0.09,0.28,,,,,,,,,,,,,,,FW,,False,Forward,True,True,False,0.182370820668693,0.0911854103343465,0.2735562310030395,0.182370820668693,0.0,0.0,0.4559270516717325,0.0,1.1854103343465046,0.364741641337386,3.282674772036474,3.282674772036474,0.7294832826747721,2.188449848024316,0.4559270516717325,2.0972644376899696,0.0,-0.9855083834283457,-0.2503091002904796,-0.8740770404894359,-1.7121804142242294,-1.6868056986888347,0.7236374776434343,2.7968197641623243,4.8797923235297755,0.9251274932757777,3.3313402050684804,0.6743839341987856,3.09402046662455
Wout Faes,be BEL,DF,Monaco,fr Ligue 1,27.0,1998.0,14,13,1141,12.7,0,0,0,0,0,0,3,0,5,1,14,3,0,1,14,12,0,20.0,0.0,0.0,1.71,0.32,0.22,,,,,,,,,,,,,,,DF,,False,Defender,True,True,False,0.0,0.0,0.0,0.0,0.0,0.0,0.2366345311130587,0.0,0.3943908851884312,0.0788781770376862,1.1042944785276074,0.2366345311130587,0.0,0.0788781770376862,1.1042944785276074,0.946538124452235,0.0,-0.809444991619996,-0.8042256269931214,-0.8221765122714052,-0.5467214840141982,-0.6335164579154448,-0.7394422233610299,-1.1968806152781908,-0.2656535108725672,0.055339481990249774,0.15523883616829134,-0.807986293660309,0.2947245254704125
Nicolò Fagioli,it ITA,MF,Fiorentina,it Serie A,24.0,2001.0,33,30,2554,28.4,2,3,5,2,0,0,5,0,33,7,23,45,0,84,18,31,0,21.2,0.06,0.29,1.09,-0.39,-0.6,,,,,,,,,,,,,,,MF,,False,Midfielder,True,True,True,0.0704776820673453,0.105716523101018,0.1761942051683633,0.0704776820673453,0.0,0.0,0.1761942051683633,0.0,1.162881754111198,0.2466718872357086,0.8104933437744714,1.58574784651527,0.0,2.9600626468285043,0.6342991386061081,1.0924040720438528,0.0,-0.5032463725742381,-0.158871884275316,-0.4673302926944748,-0.30167624203648835,-0.656950049976943,0.2927295369920619,0.5164685497786323,0.11552385902033505,-0.3774630358582091,-0.7799096427962458,-0.8633126317738823,-0.11718507989506513
Ansu Fati,es ESP,"MF,FW",Monaco,fr Ligue 1,22.0,2002.0,25,10,1093,12.1,11,0,11,8,3,4,1,0,43,24,9,6,3,8,2,9,0,55.8,0.19,0.33,1.64,0.33,0.24,,,,,,,,,,,,,,,MF,FW,True,Midfielder,True,True,False,0.9057639524245196,0.0,0.9057639524245196,0.6587374199451053,0.2470265324794144,0.3293687099725526,0.0823421774931381,0.0,3.5407136322049406,1.9762122598353156,0.7410795974382433,0.4940530649588289,0.2470265324794144,0.6587374199451053,0.1646843549862763,0.7410795974382433,0.0,5.788808535518276,-1.1563710848352395,4.467091543684886,2.8334470868514634,4.700654831473147,-0.907555458230963,-1.1368089004057675,-0.7222297921521716,-1.5665028379344743,-0.9199468420105495,0.6296584084735196,-0.8979777648123785
Abdoulaye Faye,sn SEN,DF,Lorient,fr Ligue 1,20.0,2004.0,17,16,1444,16.0,0,0,0,0,0,0,8,0,8,2,25,15,0,4,28,24,1,25.0,0.0,0.0,1.18,-0.56,-0.9,,,,,,,,,,,,,,,DF,,False,Defender,True,True,True,0.0,0.0,0.0,0.0,0.0,0.0,0.4986149584487535,0.0,0.4986149584487535,0.1246537396121883,1.558171745152355,0.9349030470914128,0.0,0.2493074792243767,1.745152354570637,1.4958448753462603,0.0623268698060941,-0.809444991619996,-0.8042256269931214,-0.8221765122714052,-0.22826361516524757,-0.29046216127081775,-0.6246567561436742,0.36885435634229535,1.1424489185848723,1.7957199784873263,1.330087798408718,-0.807986293660309,2.5935292189875074
Aleix Febas,es ESP,MF,Elche,es La Liga,29.0,1996.0,36,36,3160,35.1,2,2,4,2,0,0,10,0,23,8,34,118,1,22,27,46,0,34.8,0.09,0.25,1.11,-0.2,0.15,,,,,,,,,,,,,,,MF,,False,Midfielder,True,True,True,0.0569620253164556,0.0569620253164556,0.1139240506329113,0.0569620253164556,0.0,0.0,0.2848101265822785,0.0,0.6550632911392404,0.2278481012658227,0.9683544303797468,3.360759493670886,0.0284810126582278,0.6265822784810127,0.7689873417721519,1.310126582278481,0.0,-0.6050572814967144,-0.6188999966010538,-0.5807018996740719,-0.9712246339016601,-0.7152605752456003,-0.924326374991343,3.204570370576178,0.6346958526489019,-0.03643962684175281,-0.4614363489611925,-0.6911800002348097,0.7864343623935086
Robin Fellhauer,de GER,MF,Augsburg,de Bundesliga,27.0,1998.0,34,31,2799,31.1,3,2,5,3,0,0,2,0,30,9,25,33,6,92,22,43,0,30.0,0.1,0.33,1.26,-0.58,-1.27,,,,,,,,,,,,,,,MF,,False,Midfielder,True,True,True,0.0964630225080385,0.0643086816720257,0.1607717041800643,0.0964630225080385,0.0,0.0,0.0643086816720257,0.0,0.964630225080386,0.2893890675241157,0.8038585209003215,1.0610932475884245,0.1929260450160771,2.9581993569131835,0.707395498392283,1.382636655948553,0.0,-0.3075036737406941,-0.5495798598191518,-0.2493608770773332,-0.5630668808694086,-0.5246248511780506,0.29175771479979457,-0.2780755226081871,0.8076003422438334,-0.19238691772005242,-0.7932949167746655,0.30268761616496026,-1.0480056541333933
Kiko Femenía,es ESP,"DF,MF",Getafe,es La Liga,34.0,1991.0,28,25,2008,22.3,1,1,2,1,0,0,6,0,8,3,21,11,5,43,36,24,0,37.5,0.13,0.33,1.25,-0.18,-0.05,,,,,,,,,,,,,,,DF,MF,True,Defender,True,True,True,0.0448207171314741,0.0448207171314741,0.0896414342629482,0.0448207171314741,0.0,0.0,0.2689243027888446,0.0,0.3585657370517928,0.1344621513944223,0.941235059760956,0.4930278884462151,0.2241035856573705,1.9272908366533863,1.613545816733068,1.0756972111553784,0.0,0.023446919508642226,-0.0905284063557769,0.055572767258680406,-0.6561856410933009,-0.21695530267833749,0.5054781513762235,-0.6219670442356219,0.06543512671872169,1.4383155363694444,-0.2668360351865506,2.105425546747944,0.5780582059128003
Lewis Ferguson,sct SCO,MF,Bologna,it Serie A,25.0,1999.0,27,17,1601,17.8,1,0,1,1,0,0,7,1,13,2,34,26,3,25,12,16,0,15.4,0.08,0.5,1.15,-0.39,-0.89,,,,,,,,,,,,,,,MF,,False,Midfielder,True,True,True,0.0562148657089319,0.0,0.0562148657089319,0.0562148657089319,0.0,0.0,0.3935040599625234,0.0562148657089319,0.730793254216115,0.1124297314178638,1.9113054341036853,1.46158650843223,0.1686445971267957,1.4053716427232978,0.6745783885071831,0.8994378513429107,0.0,-0.6106854947721915,-1.1563710848352395,-0.586969200400663,-0.8713762063801698,-1.0727925713197908,-0.5181390280576731,0.3284369278405377,-0.34461532179434784,-0.2754781048026185,1.4408989164226744,0.15593617958802283,1.6907028175393966
Bruno Fernandes,pt POR,MF,Manchester Utd,eng Premier League,30.0,1994.0,35,35,3063,34.0,9,21,30,5,4,6,5,0,85,24,24,35,4,181,21,35,0,28.2,0.06,0.21,1.89,0.59,0.84,,,,,,,,,,,,,,,MF,,False,Midfielder,True,True,True,0.2644466209598433,0.6170421155729677,0.881488736532811,0.1469147894221351,0.1175318315377081,0.1762977473065622,0.1469147894221351,0.0,2.497551420176298,0.7051909892262488,0.7051909892262488,1.0284035259549462,0.1175318315377081,5.318315377081293,0.6170421155729677,1.0284035259549462,0.0,0.9578852864606462,4.665793690747625,0.17383704777635067,1.458058769083934,0.7634066054564661,1.5227057845907115,-0.327581282407077,-0.03708916693865889,-0.42115690574362097,-0.9923495063670209,-0.15297751500800555,-0.3607722905243204
Mateus Fernandes,pt POR,MF,West Ham United,eng Premier League,21.0,2004.0,36,35,3016,33.5,3,4,7,3,0,0,7,0,28,8,49,49,0,51,36,67,0,28.6,0.11,0.38,1.08,-0.3,1.71,,,,,,,,,,,,,,,MF,,False,Midfielder,True,True,True,0.0895225464190981,0.1193633952254641,0.2088859416445623,0.0895225464190981,0.0,0.0,0.2088859416445623,0.0,0.8355437665782494,0.2387267904509283,1.4622015915119362,1.4622015915119362,0.0,1.5218832891246683,1.0742705570291775,1.999336870026525,0.0,-0.35978497919210856,-0.030105409225140982,-0.30757876037440984,-0.7332647704771532,-0.681561611517858,-0.45737091961709175,0.3293684180361934,2.2781578848194295,0.7365213328802367,0.5348644838724435,-0.8633126317738823,0.15479059639177603
Enzo Fernández,ar ARG,MF,Chelsea,eng Premier League,24.0,2001.0,36,35,3115,34.6,10,4,14,8,2,2,10,0,72,31,36,45,1,89,20,24,0,43.1,0.11,0.26,1.36,0.2,0.5,,,,,,,,,,,,,,,MF,,False,Midfielder,True,True,True,0.2889245585874799,0.1155698234349919,0.4044943820224719,0.2311396468699839,0.0577849117174959,0.0577849117174959,0.2889245585874799,0.0,2.0802568218298556,0.8956661316211878,1.0401284109149278,1.3001605136436598,0.0288924558587479,2.571428571428571,0.5778491171749599,0.6934189406099518,0.0,1.1422730024518295,-0.06590004867470736,0.880329348704424,0.9078642652808849,1.3534422986714012,0.09003256748695679,0.08397120210258838,-0.8358794014485447,-0.520391505427068,-0.31663754841924674,-0.6886933330055136,0.820663973535932
Ezequiél Fernández,ar ARG,MF,Leverkusen,de Bundesliga,23.0,2002.0,20,12,984,10.9,0,1,1,0,0,0,4,1,11,1,14,24,1,4,14,17,0,9.1,0.0,0.0,2.05,0.09,-0.78,,,,,,,,,,,,,,,MF,,False,Midfielder,True,True,False,0.0,0.0914634146341463,0.0914634146341463,0.0,0.0,0.0,0.3658536585365854,0.0914634146341463,1.0060975609756098,0.0914634146341463,1.2804878048780488,2.1951219512195124,0.0914634146341463,0.3658536585365854,1.2804878048780488,1.554878048780488,0.0,-1.0341415412128914,-0.293358565109615,-1.0585089693537577,-0.5083930356116138,-1.1377400237910134,-1.0603126522409596,1.439312995913548,1.2183199651507644,1.2586525010621816,0.16827009757357048,-0.3105289776443396,1.4606680308312272
Roberto Férnandez,es ESP,FW,Espanyol,es La Liga,23.0,2002.0,38,25,2382,26.5,7,3,10,6,1,1,3,0,59,23,40,47,9,9,6,5,0,39.0,0.1,0.26,1.21,-0.3,0.04,,,,,,,,,,,,,,,FW,,False,Forward,True,True,True,0.2644836272040302,0.1133501259445843,0.3778337531486146,0.2267002518891687,0.0377833753148614,0.0377833753148614,0.1133501259445843,0.0,2.229219143576826,0.8690176322418135,1.5113350125944585,1.7758186397984883,0.3400503778337531,0.3400503778337531,0.2267002518891687,0.1889168765743073,0.0,-0.5627530589540578,-0.025930069952709817,-0.614064542424924,-0.34834218276718737,-0.3891703202811102,-0.5559984037991823,0.5245864263612393,-0.9385889952007984,-0.20125784239183606,0.2383451356338069,-0.5333051771796609,-0.3208605017499359
Matias Fernandez-Pardo,be BEL,"FW,MF",Lille,fr Ligue 1,20.0,2005.0,29,27,2370,26.3,8,5,13,6,2,2,5,0,68,30,15,40,16,57,8,14,0,44.1,0.09,0.2,1.69,0.23,-0.95,,,,,,,,,,,,,,,FW,MF,True,Forward,True,True,True,0.3037974683544304,0.1898734177215189,0.4936708860759494,0.2278481012658227,0.0759493670886076,0.0759493670886076,0.1898734177215189,0.0,2.5822784810126582,1.139240506329114,0.569620253164557,1.5189873417721518,0.6075949367088608,2.1645569620253164,0.3037974683544304,0.5316455696202531,0.0,-0.3603469255731998,0.7487345956851366,-0.6073318780164589,0.11296434972216583,0.30618454053984434,0.7070965757828719,0.13730284627623623,0.10636018787446179,0.17758605426264262,-1.406014221290509,0.2963901221785765,0.44194023905230156
Zian Flemming,nl NED,FW,Burnley,eng Premier League,26.0,1998.0,29,21,1768,19.6,11,0,11,9,2,2,5,0,52,21,51,26,3,6,6,10,0,40.4,0.17,0.43,0.66,-0.61,0.75,,,,,,,,,,,,,,,FW,,False,Forward,True,True,True,0.5599547511312217,0.0,0.5599547511312217,0.4581447963800905,0.1018099547511312,0.1018099547511312,0.254524886877828,0.0,2.6470588235294117,1.0690045248868778,2.5961538461538463,1.3235294117647058,0.1527149321266968,0.3054298642533937,0.3054298642533937,0.5090497737556561,0.0,0.9584711707264439,-1.1734021059287691,0.7434641359193918,0.19760619887112776,0.125448800586864,-0.579965977976658,-0.15743400032695795,0.037467623847204555,0.1856073973357054,2.1325832599369705,-1.1142601379526873,1.086400081555448
Romano Floriani,it ITA,MF,Cremonese,it Serie A,22.0,2003.0,28,12,1168,13.0,0,1,1,0,0,0,2,0,5,1,21,5,2,29,6,14,0,20.0,0.0,0.0,0.75,-0.77,-0.17,,,,,,,,,,,,,,,MF,,False,Midfielder,True,True,False,0.0,0.0770547945205479,0.0770547945205479,0.0,0.0,0.0,0.1541095890410959,0.0,0.3852739726027397,0.0770547945205479,1.6181506849315068,0.3852739726027397,0.1541095890410959,2.2345890410958904,0.4623287671232876,1.0787671232876712,0.0,-1.0341415412128914,-0.42931259218967915,-1.0585089693537577,-1.326936404031786,-1.1823736702086132,-0.08565030833317278,-1.3015454398508364,0.08300576125852002,-0.8128829238241884,0.8494804701167783,0.06808996354027909,-0.3009158649245419
Phil Foden,eng ENG,MF,Manchester City,eng Premier League,25.0,2000.0,33,23,2086,23.2,7,5,12,7,0,0,4,0,55,19,18,31,3,119,10,16,0,34.5,0.13,0.37,2.0,1.47,0.93,,,,,,,,,,,,,,,MF,,False,Midfielder,True,True,True,0.3020134228187919,0.2157238734419942,0.5177372962607862,0.3020134228187919,0.0,0.0,0.1725790987535954,0.0,2.3729626078619366,0.8197507190795782,0.7766059443911794,1.3374880153403643,0.1294343240651965,5.134228187919463,0.4314477468839885,0.6903163950143816,0.0,1.2408689633225467,0.8791138610181035,1.4748305276056537,1.2937909351787322,1.1182787886118515,1.4266928054678254,0.14050047921326303,-0.8432776019398025,-0.8910720342908944,-0.8482750134723418,-0.08104161212363775,-0.14726060105073155
Wesley Fofana,fr FRA,DF,Chelsea,eng Premier League,24.0,2000.0,25,20,1722,19.1,0,1,1,0,0,0,9,2,8,1,27,17,1,2,38,11,0,12.5,0.0,0.0,1.52,0.16,0.0,,,,,,,,,,,,,,,DF,,False,Defender,True,True,True,0.0,0.0522648083623693,0.0522648083623693,0.0,0.0,0.0,0.470383275261324,0.1045296167247386,0.4181184668989547,0.0522648083623693,1.411149825783972,0.8885017421602788,0.0522648083623693,0.1045296167247386,1.9860627177700347,0.5749128919860628,0.0,-0.809444991619996,0.028006672100831433,-0.8221765122714052,-0.4742215819464742,-0.8329641535586325,-0.7221657782222077,0.2648082133514307,-1.2182840617107409,2.449961290313081,0.9495255581338659,-0.12852857292398304,2.3458041256392526
Youssouf Fofana,fr FRA,MF,Milan,it Serie A,26.0,1999.0,33,28,2203,24.5,2,3,5,2,0,0,4,0,45,18,21,16,0,10,19,19,0,40.0,0.04,0.11,1.88,0.65,0.51,,,,,,,,,,,,,,,MF,,False,Midfielder,True,True,True,0.0817067635043123,0.1225601452564684,0.2042669087607807,0.0817067635043123,0.0,0.0,0.1634135270086246,0.0,1.8384021788470268,0.7353608715388108,0.8579210167952792,0.6536541080344984,0.0,0.4085338175215615,0.7762142532909669,0.7762142532909669,0.0,-0.41865980689463383,5.7856712669528456e-05,-0.37313886486541925,0.588983800938216,0.8568639836774813,-1.0380522807710928,-0.8951069064045516,-0.6384491609953158,-0.018141468986247765,-0.6842277520232741,-0.8633126317738823,-0.22351267091887292
Jonas Föhrenbach,de GER,"DF,MF",Heidenheim,de Bundesliga,29.0,1996.0,27,25,2325,25.8,1,1,2,1,0,0,3,0,6,1,16,18,1,78,33,27,0,16.7,0.17,1.0,0.93,-0.66,1.06,,,,,,,,,,,,,,,DF,MF,True,Defender,True,True,True,0.0387096774193548,0.0387096774193548,0.0774193548387096,0.0387096774193548,0.0,0.0,0.1161290322580645,0.0,0.232258064516129,0.0387096774193548,0.6193548387096774,0.6967741935483871,0.0387096774193548,3.019354838709677,1.2774193548387098,1.0451612903225806,0.0,-0.09011296686889748,-0.18783680159966487,-0.06410315601488464,-1.0421202045459426,-0.9345499266228805,1.2409917930971368,-0.16510452224441488,-0.012841181082705417,0.5254954548725753,-1.1000142343944566,-0.30474922049559805,-0.7626773926030903
Michael Folorunsho,it ITA,"MF,FW",Cagliari,it Serie A,27.0,1998.0,27,24,1999,22.2,2,0,2,2,0,0,3,0,36,9,35,49,13,22,10,10,0,25.0,0.06,0.22,0.96,-0.45,-0.26,,,,,,,,,,,,,,,MF,FW,True,Midfielder,True,True,True,0.0900450225112556,0.0,0.0900450225112556,0.0900450225112556,0.0,0.0,0.1350675337668834,0.0,1.6208104052026011,0.4052026013006503,1.5757878939469734,2.206103051525763,0.5852926463231616,0.990495247623812,0.4502251125562781,0.4502251125562781,0.0,-0.35584926472308603,-1.1563710848352395,-0.3031961428465996,0.30209344001260147,-0.16586875405004786,-0.7345230080762273,1.4559429238212855,-1.4157892344406662,-0.8435287372285785,0.7640166115369565,2.6740603065078155,-0.45933436511237585
Nicolas Fonseca,uy URU,MF,Oviedo,es La Liga,26.0,1998.0,19,12,1018,11.3,0,0,0,0,0,0,6,0,8,1,27,12,0,4,17,25,0,12.5,0.0,0.0,0.84,-0.8,0.14,,,,,,,,,,,,,,,MF,,False,Midfielder,True,True,False,0.0,0.0,0.0,0.0,0.0,0.0,0.5304518664047151,0.0,0.7072691552062867,0.0884086444007858,2.387033398821218,1.0609037328094302,0.0,0.3536345776031434,1.5029469548133596,2.2102161100196462,0.0,-1.0341415412128914,-1.1563710848352395,-1.0585089693537577,-0.9023922560328924,-1.147202799088569,-1.0666856669407063,-0.27836252637140124,2.78101170238805,1.8219073065652123,2.4006455845288825,-0.8633126317738823,2.8300265821314525
Pablo Fornals,es ESP,MF,Real Betis,es La Liga,29.0,1996.0,37,34,2848,31.6,9,6,15,9,0,0,2,0,43,18,32,26,13,140,34,26,0,41.9,0.21,0.5,1.62,0.47,1.1,,,,,,,,,,,,,,,MF,,False,Midfielder,True,True,True,0.2844101123595505,0.1896067415730337,0.4740168539325842,0.2844101123595505,0.0,0.0,0.0632022471910112,0.0,1.3588483146067416,0.5688202247191011,1.0112359550561798,0.821629213483146,0.410814606741573,4.424157303370786,1.074438202247191,0.821629213483146,0.0,1.108266525207068,0.6326829588656345,1.3271709923193957,-0.04329828808961566,0.34097028353793996,1.056346442288754,-0.6407231182594234,-0.530154545991444,0.7369458017083031,-0.37492598277753314,1.619555522588868,-1.0572105266387153
Lyle Foster,za RSA,"FW,MF",Burnley,eng Premier League,24.0,2000.0,26,15,1371,15.2,3,2,5,3,0,0,4,0,20,6,22,13,11,6,4,12,0,30.0,0.15,0.5,0.58,-1.25,-0.46,,,,,,,,,,,,,,,FW,MF,True,Forward,True,True,True,0.1969365426695842,0.1312910284463894,0.3282275711159738,0.1969365426695842,0.0,0.0,0.2625820568927789,0.0,1.3129102844638951,0.3938730853391685,1.4442013129102846,0.8533916849015317,0.7221006564551423,0.3938730853391685,0.2625820568927789,0.787746170678337,0.0,-0.9105172000732978,0.15569023041695096,-0.788642383213355,-1.5455892675110832,-1.61184279535287,-0.5187372657870513,-0.8663687111343786,0.8871880534446551,-0.02494015610171114,0.12112075730140438,0.651489316954093,1.1667156967551937
Dimitri Foulquier,fr FRA,DF,Valencia,es La Liga,32.0,1993.0,15,12,1150,12.8,0,0,0,0,0,0,1,0,6,1,16,7,0,11,8,9,0,16.7,0.0,0.0,1.27,-0.39,-0.23,,,,,,,,,,,,,,,DF,,False,Defender,True,True,False,0.0,0.0,0.0,0.0,0.0,0.0,0.0782608695652174,0.0,0.4695652173913044,0.0782608695652174,1.2521739130434784,0.5478260869565217,0.0,0.8608695652173912,0.6260869565217392,0.7043478260869566,0.0,-0.809444991619996,-0.8042256269931214,-0.8221765122714052,-0.31702543705895164,-0.6381427250516835,-0.21276491083040408,-0.4990924568440167,-0.8864883121272916,-1.243330746916055,0.5380207310837553,-0.807986293660309,-1.0949598879730225
Juan Foyth,ar ARG,DF,Villarreal,es La Liga,27.0,1998.0,13,12,934,10.4,0,0,0,0,0,0,2,0,2,0,8,1,0,0,15,13,0,0.0,0.0,,2.15,1.25,0.78,,,,,,,,,,,,,,,DF,,False,Defender,True,True,False,0.0,0.0,0.0,0.0,0.0,0.0,0.1927194860813704,0.0,0.1927194860813704,0.0,0.7708779443254818,0.0963597430406852,0.0,0.0,1.4453961456102784,1.2526766595289078,0.0,-0.809444991619996,-0.8042256269931214,-0.8221765122714052,-1.1629307911193594,-1.2246505919904345,-0.7925672921629087,-1.5114202748729477,0.519107306813377,0.9816707496634892,-0.7078007959202326,-0.807986293660309,-0.09061766463718009
Alejandro Francés,es ESP,DF,Girona,es La Liga,22.0,2002.0,24,11,1116,12.4,0,2,2,0,0,0,2,1,16,4,15,23,1,24,16,15,0,25.0,0.0,0.0,1.33,-0.48,-0.09,,,,,,,,,,,,,,,DF,,False,Defender,True,True,False,0.0,0.1612903225806451,0.1612903225806451,0.0,0.0,0.0,0.1612903225806451,0.0806451612903225,1.2903225806451613,0.3225806451612903,1.2096774193548387,1.8548387096774197,0.0806451612903225,1.935483870967742,1.2903225806451613,1.2096774193548387,0.0,-0.809444991619996,1.7640611454796158,-0.8221765122714052,2.190808238670285,1.1928549527391843,0.5109962240294283,2.4316359447884595,0.4088823105696814,0.5605368008167079,0.42801971279033796,0.24042427543283887,-0.3663997499767268
Przemysław Frankowski,pl POL,"MF,DF",Rennes,fr Ligue 1,30.0,1995.0,19,15,1210,13.4,1,2,3,1,0,0,5,0,9,3,13,10,1,82,9,25,0,33.3,0.11,0.33,1.68,0.3,0.05,,,,,,,,,,,,,,,MF,DF,True,Midfielder,True,True,False,0.0743801652892562,0.1487603305785124,0.2231404958677686,0.0743801652892562,0.0,0.0,0.371900826446281,0.0,0.6694214876033058,0.2231404958677686,0.9669421487603306,0.743801652892562,0.0743801652892562,6.099173553719008,0.6694214876033058,1.859504132231405,0.0,-0.4738496979471387,0.24727241832180996,-0.4345956056397868,-0.9522936417192629,-0.729843345361944,1.929972146540233,-0.7585862363223546,1.9447185855140938,-0.28853510522924275,-0.4642855247069722,-0.41377617254787386,1.5109768476497198
Morten Frendrup,dk DEN,MF,Genoa,it Serie A,24.0,2001.0,36,35,3081,34.2,1,0,1,1,0,0,5,0,8,3,41,39,0,5,41,71,0,37.5,0.13,0.33,0.97,-0.26,0.0,,,,,,,,,,,,,,,MF,,False,Midfielder,True,True,True,0.0292112950340798,0.0,0.0292112950340798,0.0292112950340798,0.0,0.0,0.1460564751703992,0.0,0.2336903602726387,0.0876338851022395,1.1976630963972736,1.139240506329114,0.0,0.1460564751703992,1.1976630963972736,2.074001947419669,0.0,-0.8140983311020314,-1.1563710848352395,-0.8134797028513547,-1.5267963368013773,-1.1496027744031674,-1.1749506260939633,-0.1597282493112431,2.456201106178837,1.048944718398488,0.0011772548215362906,-0.8633126317738823,-0.36791295126139856
Martin Frese,dk DEN,"MF,DF",Hellas Verona,it Serie A,27.0,1998.0,31,27,2408,26.8,2,0,2,2,0,0,8,0,21,11,46,20,4,74,30,54,1,52.4,0.1,0.18,0.61,-0.9,0.17,,,,,,,,,,,,,,,MF,DF,True,Midfielder,True,True,True,0.074750830564784,0.0,0.074750830564784,0.074750830564784,0.0,0.0,0.2990033222591362,0.0,0.7848837209302325,0.4111295681063123,1.719269102990033,0.7475083056478405,0.1495016611295681,2.76578073089701,1.1212624584717608,2.0182724252491697,0.037375415282392,-0.47105754590428656,-1.1563710848352395,-0.43148640283058143,-0.8000590179665734,-0.14750876269437993,0.19139937043774155,-0.7529728308911873,2.3233108179948285,0.8555023427193762,1.0534795452467516,0.040240716504307335,0.9045132535437302
Remo Freuler,ch SUI,MF,Bologna,it Serie A,33.0,1992.0,29,26,2213,24.6,1,2,3,1,0,0,5,0,8,1,19,24,1,18,22,31,1,12.5,0.13,1.0,1.62,0.16,0.24,,,,,,,,,,,,,,,MF,,False,Midfielder,True,True,True,0.0406687754179846,0.0813375508359692,0.1220063262539539,0.0406687754179846,0.0,0.0,0.2033438770899231,0.0,0.3253502033438771,0.0406687754179846,0.7727067329417081,0.9760506100316312,0.0406687754179846,0.7320379575237235,0.894713059195662,1.2607320379575238,0.0406687754179846,-0.7277912789663662,-0.38890220150038707,-0.7173724261572352,-1.4059446840910845,-1.2950868029280418,-0.8693246447980667,-0.406865251525273,0.5169116877416976,0.28189124215015315,-0.8561413897932999,-0.6175199902630509,0.10868393710279292
Marco Friedl,at AUT,DF,Werder Bremen,de Bundesliga,27.0,1998.0,30,29,2546,28.3,1,0,1,1,0,0,9,1,8,2,17,16,1,15,35,24,0,25.0,0.13,0.5,0.9,-0.71,-0.18,,,,,,,,,,,,,,,DF,,False,Defender,True,True,True,0.035349567949725,0.0,0.035349567949725,0.035349567949725,0.0,0.0,0.3181461115475255,0.035349567949725,0.2827965435978005,0.0706991358994501,0.6009426551453261,0.565593087195601,0.035349567949725,0.5302435192458759,1.237234878240377,0.8483896307934015,0.0,-0.15255302086339628,-0.8042256269931214,-0.12990606714320052,-0.8876992935245783,-0.6948123775524429,-0.4354441371966263,-0.45925332192879115,-0.5172490577025647,0.4163662985524526,-1.147673670862868,-0.3484316215833443,1.0099657577424923
Jeremie Frimpong,nl NED,"DF,MF",Liverpool,eng Premier League,24.0,2000.0,21,12,1040,11.6,0,1,1,0,0,0,1,0,10,2,8,21,4,51,6,9,0,20.0,0.0,0.0,1.48,0.61,0.49,,,,,,,,,,,,,,,DF,MF,True,Defender,True,True,False,0.0,0.0865384615384615,0.0865384615384615,0.0,0.0,0.0,0.0865384615384615,0.0,0.8653846153846154,0.173076923076923,0.6923076923076923,1.8173076923076923,0.3461538461538461,4.413461538461538,0.5192307692307693,0.7788461538461539,0.0,-0.809444991619996,0.5737590066989816,-0.8221765122714052,0.8924053402163008,0.07243411373949493,2.1799335526929826,2.3474797425946035,-0.6955180097643404,-1.5335205553639362,-0.911177756684356,3.692114456754899,-1.0223263425107492
Jorge de Frutos,es ESP,"FW,MF",Rayo Vallecano,es La Liga,28.0,1997.0,36,31,2463,27.4,10,1,11,9,1,1,3,0,62,28,34,39,18,47,11,16,0,45.2,0.15,0.32,1.39,0.33,1.46,,,,,,,,,,,,,,,FW,MF,True,Forward,True,True,True,0.3654080389768575,0.0365408038976857,0.4019488428745432,0.3288672350791717,0.0365408038976857,0.0365408038976857,0.1096224116930572,0.0,2.2655298416565164,1.023142509135201,1.2423873325213155,1.425091352009744,0.6577344701583434,1.7174177831912305,0.4019488428745432,0.584652862362972,0.0,-0.043146748481198566,-0.8034902924634867,-0.014808206677546412,-0.3008987067071494,0.007433715121993995,0.39754480060523983,-0.00428571925397091,0.2679746904603592,0.6598868543433688,-0.23127332348335589,0.4518802408711804,-0.3580191645117619
Chris Führich,de GER,MF,Stuttgart,de Bundesliga,27.0,1998.0,33,20,1698,18.9,7,7,14,7,0,0,2,0,45,23,6,7,5,86,3,9,0,51.1,0.16,0.3,1.79,0.69,0.09,,,,,,,,,,,,,,,MF,,False,Midfielder,True,True,True,0.3710247349823321,0.3710247349823321,0.7420494699646643,0.3710247349823321,0.0,0.0,0.1060070671378091,0.0,2.385159010600707,1.2190812720848057,0.3180212014134275,0.3710247349823321,0.2650176678445229,4.558303886925795,0.1590106007067137,0.4770318021201414,0.0,1.7607182423330003,2.3444712213308994,2.053709046345496,1.3098716459754458,2.355286813395474,1.1263122730720736,-1.3231246794314746,-1.3518671234542778,-1.580868483780628,-1.7734364749781142,0.738392655809952,-0.7011000501627226
Joel Fujita,jp JPN,MF,St Pauli,de Bundesliga,23.0,2002.0,32,31,2665,29.6,1,3,4,1,0,0,6,0,32,7,37,19,3,28,34,36,0,21.9,0.03,0.14,0.69,-0.95,-0.26,,,,,,,,,,,,,,,MF,,False,Midfielder,True,True,True,0.0337711069418386,0.1013133208255159,0.1350844277673546,0.0337711069418386,0.0,0.0,0.2026266416510319,0.0,1.0806754221388368,0.2363977485928705,1.2495309568480302,0.6416510318949343,0.1013133208255159,0.9455909943714822,1.148217636022514,1.2157598499061917,0.0,-0.7797501226944824,-0.20041875529300923,-0.7752312319826868,-0.41006363120525974,-0.6887762948091631,-0.7579433837670887,-0.9132845284374199,0.40967288866994495,0.9237514270706567,0.10581690172345558,-0.25099843027654273,0.10271696763051218
Matteo Gabbia,it ITA,DF,Milan,it Serie A,25.0,1999.0,30,28,2530,28.1,0,0,0,0,0,0,4,0,19,3,25,6,0,1,13,14,0,15.8,0.0,0.0,1.93,0.6,0.5,,,,,,,,,,,,,,,DF,,False,Defender,True,True,True,0.0,0.0,0.0,0.0,0.0,0.0,0.1422924901185771,0.0,0.6758893280632411,0.1067193675889328,0.8893280632411067,0.2134387351778656,0.0,0.0355731225296442,0.4624505928853755,0.4980237154150198,0.0,-0.809444991619996,-0.8042256269931214,-0.8221765122714052,0.313400284382832,-0.4248671370739559,-0.7686085160747886,-1.248892796923554,-1.4153831072849234,-1.6877187250257426,-0.40119588415598856,-0.807986293660309,-0.5331003958020458
Tiago Gabriel,pt POR,DF,Lecce,it Serie A,20.0,2004.0,37,36,3219,35.8,2,0,2,2,0,0,7,0,20,4,29,40,1,2,46,40,1,20.0,0.1,0.5,1.0,-0.5,1.29,,,,,,,,,,,,,,,DF,,False,Defender,True,True,True,0.0559179869524697,0.0,0.0559179869524697,0.0559179869524697,0.0,0.0,0.195712954333644,0.0,0.5591798695246971,0.1118359739049394,0.8108108108108109,1.1183597390493942,0.0279589934762348,0.0559179869524697,1.2861136999068037,1.1183597390493942,0.0279589934762348,0.2296646433885815,-0.8042256269931214,0.2728968355362443,-0.0432068244937027,-0.3865219222426078,-0.7549060908563267,0.780221261484733,0.17479698887786532,0.549106725252453,-0.6044356569291178,-0.44451124081534105,-0.0643508212008065
Gianluca Gaetano,it ITA,"MF,FW",Cagliari,it Serie A,25.0,2000.0,33,21,1912,21.2,2,4,6,2,0,0,4,0,34,11,26,29,0,38,23,15,0,32.4,0.06,0.18,1.21,-0.14,0.46,,,,,,,,,,,,,,,MF,FW,True,Midfielder,True,True,True,0.0941422594142259,0.1882845188284518,0.2824267782426778,0.0941422594142259,0.0,0.0,0.1882845188284518,0.0,1.600418410041841,0.5177824267782427,1.2238493723849373,1.365062761506276,0.0,1.788702928870293,1.0826359832635983,0.7060669456066946,0.0,-0.32498554712130107,0.6202069892442887,-0.2688278290881673,0.2752070060556635,0.18287027054118735,-0.31820779470266924,0.18226005047883623,-0.8057194976218496,0.7577021497987084,0.054006167547304335,-0.8633126317738823,-0.016600908215576457
Roberto Gagliardini,it ITA,MF,Hellas Verona,it Serie A,31.0,1994.0,29,25,2272,25.2,1,0,1,1,0,0,9,0,15,3,45,35,0,16,56,40,0,20.0,0.07,0.33,0.52,-0.75,0.58,,,,,,,,,,,,,,,MF,,False,Midfielder,True,True,True,0.039612676056338,0.0,0.039612676056338,0.039612676056338,0.0,0.0,0.3565140845070422,0.0,0.5941901408450704,0.118838028169014,1.7825704225352117,1.386443661971831,0.0,0.6338028169014085,2.2183098591549295,1.5845070422535212,0.0,-0.7357466775018173,-1.1563710848352395,-0.7262311656152435,-1.051484653690423,-1.0529415620576372,-0.9205604127439428,0.2146395774322786,1.2889720240215972,3.6331683568126985,1.181185366695117,-0.8633126317738823,1.3829683661234389
Cody Gakpo,nl NED,"MF,FW",Liverpool,eng Premier League,26.0,1999.0,36,32,2737,30.4,7,5,12,7,0,0,3,0,87,21,42,44,30,86,12,15,0,24.1,0.08,0.33,1.5,0.3,0.16,,,,,,,,,,,,,,,MF,FW,True,Midfielder,True,True,True,0.2301790281329923,0.1644135915235659,0.3945926196565583,0.2301790281329923,0.0,0.0,0.0986481549141395,0.0,2.8607964925100475,0.690537084398977,1.381074168797954,1.4468396054073804,0.9864815491413956,2.827913774205334,0.3945926196565583,0.4932407745706978,0.0,0.6997539328320205,0.39497038284838254,0.8722715168199113,1.9369900639617268,0.7180131394936616,0.22380563736574172,0.30610401699133505,-1.31321588554251,-0.9843872677812325,0.37119579206447,5.098752939985017,-0.7623217943862262
Javi Galán,es ESP,DF,Osasuna,es La Liga,30.0,1994.0,20,19,1672,18.6,0,1,1,0,0,0,3,0,6,1,30,37,0,86,27,30,0,16.7,0.0,0.0,1.2,-0.22,-0.11,,,,,,,,,,,,,,,DF,,False,Defender,True,True,True,0.0,0.0538277511961722,0.0538277511961722,0.0,0.0,0.0,0.1614832535885167,0.0,0.3229665071770335,0.0538277511961722,1.6148325358851674,1.9916267942583732,0.0,4.6291866028708135,1.4533492822966507,1.6148325358851674,0.0,-0.809444991619996,0.052894001619191104,-0.8221765122714052,-0.7649595022939035,-0.8212510423615093,2.325226069830605,2.738357331802877,1.4474639463586998,1.0032691172460209,1.4767527144270898,-0.807986293660309,-0.3647068345519729
Iñigo Ruiz de Galarreta,es ESP,MF,Athletic Club,es La Liga,31.0,1993.0,34,30,2206,24.5,1,2,3,1,0,0,10,0,20,2,54,41,0,62,24,32,0,10.0,0.05,0.5,1.15,-0.37,0.08,,,,,,,,,,,,,,,MF,,False,Midfielder,True,True,True,0.0407978241160471,0.0815956482320942,0.1223934723481414,0.0407978241160471,0.0,0.0,0.4079782411604714,0.0,0.8159564823209429,0.0815956482320942,2.203082502266546,1.672710788757933,0.0,2.529465095194923,0.9791477787851316,1.3055303717135085,0.0,-0.7268191793128188,-0.38646689679352236,-0.7162899439258774,-0.7590902093529543,-1.1683074475309867,0.06814599088219872,0.6481664142737832,0.6237359211306501,0.49567548781457804,2.029537991204361,-0.8633126317738823,1.8111193400106398
Conor Gallagher,eng ENG,MF,Tottenham Hotspur,eng Premier League,25.0,2000.0,16,14,1184,13.2,1,1,2,1,0,0,2,0,11,4,25,23,1,23,18,14,0,36.4,0.09,0.25,0.81,-0.76,-0.8,,,,,,,,,,,,,,,MF,,False,Midfielder,True,True,False,0.0760135135135135,0.0760135135135135,0.152027027027027,0.0760135135135135,0.0,0.0,0.152027027027027,0.0,0.8361486486486487,0.304054054054054,1.9003378378378375,1.7483108108108107,0.0760135135135135,1.7483108108108107,1.3682432432432434,1.0641891891891893,0.0,-0.46154599192947876,-0.43913770695515947,-0.420894805423095,-0.7324672456783624,-0.4791970573757568,-0.33927480977108304,0.7626561176277458,0.04824382919766596,1.4808446310896242,1.4187725863476044,-0.40390459489595143,-0.3182415341375567
Antonino Gallo,it ITA,DF,Lecce,it Serie A,25.0,2000.0,37,34,3056,34.0,0,4,4,0,0,0,3,0,6,1,7,13,0,134,15,37,0,16.7,0.0,0.0,1.03,-0.53,0.46,,,,,,,,,,,,,,,DF,,False,Defender,True,True,True,0.0,0.1178010471204188,0.1178010471204188,0.0,0.0,0.0,0.0883507853403141,0.0,0.1767015706806282,0.0294502617801047,0.2061518324607329,0.3828534031413613,0.0,3.946335078534031,0.4417539267015706,1.0896596858638743,0.0,-0.809444991619996,1.0715649738442965,-0.8221765122714052,-1.211873718049323,-1.0039424614342947,1.8653202305446994,-0.8690124725697335,0.10122677596802085,-1.7439247505976059,-2.169578979719218,-0.807986293660309,-1.0064237099964009
Idrissa Gana Gueye,sn SEN,MF,Everton,eng Premier League,35.0,1989.0,25,25,2093,23.3,2,3,5,2,0,0,1,1,29,7,21,31,0,19,29,21,0,24.1,0.07,0.29,1.32,0.0,0.2,,,,,,,,,,,,,,,MF,,False,Midfielder,True,True,True,0.0860009555661729,0.1290014333492594,0.2150023889154324,0.0860009555661729,0.0,0.0,0.0430004777830864,0.0430004777830864,1.2470138557095078,0.3010033444816054,0.903010033444816,1.3330148112756808,0.0,0.8170090778786431,1.2470138557095078,0.903010033444816,0.0,-0.3863124629983092,0.0608352975011408,-0.3371184580361234,-0.19074976449229505,-0.4886472539459996,-0.8250068927489916,0.1337261980358164,-0.33609724572838706,1.1738982316431554,-0.5932639308754621,-0.8633126317738823,-1.225277154145985
Ignatius Ganago,cm CMR,FW,Nantes,fr Ligue 1,26.0,1999.0,14,11,929,10.3,3,1,4,2,1,1,1,0,23,7,11,14,3,9,2,3,0,30.4,0.09,0.29,0.64,0.19,1.25,,,,,,,,,,,,,,,FW,,False,Forward,True,True,False,0.2906350914962325,0.0968783638320775,0.38751345532831,0.193756727664155,0.0968783638320775,0.0968783638320775,0.0968783638320775,0.0,2.2282023681377825,0.6781485468245425,1.0656620021528525,1.356297093649085,0.2906350914962325,0.8719052744886975,0.193756727664155,0.2906350914962325,0.0,-0.4281130285031446,-0.1926778900353442,-0.8072934603912362,-0.3496706992582454,-0.8803269137916623,-0.18779844461478787,-0.10802263477770337,-0.6284592402570233,-0.36313726760505144,-0.5398592808414497,-0.6865492983199497,-0.48505459285574504
Omri Gandelman,il ISR,"MF,FW",Lecce,it Serie A,25.0,2000.0,19,10,975,10.8,2,1,3,2,0,0,0,0,10,3,13,3,1,4,4,6,0,30.0,0.2,0.67,1.11,-0.46,0.16,,,,,,,,,,,,,,,MF,FW,True,Midfielder,True,True,False,0.1846153846153846,0.0923076923076923,0.2769230769230769,0.1846153846153846,0.0,0.0,0.0,0.0,0.9230769230769232,0.2769230769230769,1.2000000000000002,0.2769230769230769,0.0923076923076923,0.3692307692307692,0.3692307692307692,0.5538461538461539,0.0,0.3565315466877457,-0.2853922956967627,0.49007599494143134,-0.6178540707054793,-0.5632408055404515,-1.0585512778615,-1.4656335124154733,-1.1686988323946927,-1.048602132096451,0.005891788363271405,-0.3054263592985283,-1.5830153866876162
Ismaëlo Ganiou,fr FRA,DF,Lens,fr Ligue 1,20.0,2005.0,23,22,2014,22.4,3,0,3,3,0,0,4,1,22,4,25,22,0,17,29,27,0,18.2,0.14,0.75,2.09,0.85,-0.18,,,,,,,,,,,,,,,DF,,False,Defender,True,True,True,0.1340615690168818,0.0,0.1340615690168818,0.1340615690168818,0.0,0.0,0.1787487586891757,0.0446871896722939,0.9831181727904666,0.1787487586891757,1.1171797418073486,0.9831181727904666,0.0,0.759682224428997,1.2959285004965242,1.2065541211519364,0.0,1.6817868220040932,-0.8042256269931214,1.8032264966110352,1.2521415951007708,0.11494036526788401,-0.280915375802411,0.47696764906653216,0.40087599391642886,0.5757608215223264,0.1885919897751549,-0.807986293660309,-0.21320687493674373
Aleix García,es ESP,MF,Leverkusen,de Bundesliga,28.0,1997.0,33,31,2667,29.6,3,8,11,3,0,0,6,0,30,5,8,19,2,123,22,20,0,16.7,0.1,0.6,1.7,0.67,0.45,,,,,,,,,,,,,,,MF,,False,Midfielder,True,True,True,0.1012373453318335,0.2699662542182227,0.3712035995500562,0.1012373453318335,0.0,0.0,0.202474690663667,0.0,1.012373453318335,0.1687289088863892,0.2699662542182227,0.641169853768279,0.0674915635545556,4.150731158605174,0.7424071991001124,0.6749156355455568,0.0,-0.27153959481068607,1.3909234615765034,-0.2093130524877233,-0.5001183982520369,-0.8983943596298087,0.9137376119374273,-0.9140132311478856,-0.880001608971539,-0.10373914270943431,-1.8703838459067963,-0.45540928294488375,0.10145282638242922
Álvaro García,es ESP,"MF,FW",Rayo Vallecano,es La Liga,32.0,1992.0,32,23,2101,23.3,4,5,9,4,0,0,3,0,47,19,19,12,15,91,14,15,0,40.4,0.09,0.21,1.19,-0.34,-0.68,,,,,,,,,,,,,,,MF,FW,True,Midfielder,True,True,True,0.1713469776297001,0.2141837220371251,0.3855306996668253,0.1713469776297001,0.0,0.0,0.1285102332222751,0.0,2.0133269871489765,0.8138981437410756,0.8138981437410756,0.5140409328891005,0.6425511661113755,3.8981437410756783,0.5997144217039505,0.6425511661113755,0.0,0.2565831239019311,0.864581602956323,0.37877836066795495,0.8196186293973015,1.100149240033875,0.7819974807724949,-1.1065390009021088,-0.9571765694327576,-0.46502971044887786,-0.7730407057862955,3.020117513372264,-0.513887180057961
Eric García,es ESP,"DF,MF",Barcelona,es La Liga,24.0,2001.0,34,32,2721,30.2,1,1,2,1,0,0,6,0,25,7,33,24,1,14,50,44,0,28.0,0.04,0.14,2.5,1.85,1.47,,,,,,,,,,,,,,,DF,MF,True,Defender,True,True,True,0.0330760749724366,0.0330760749724366,0.0661521499448732,0.0330760749724366,0.0,0.0,0.1984564498346196,0.0,0.826901874310915,0.2315325248070562,1.091510474090408,0.7938257993384785,0.0330760749724366,0.4630650496141124,1.65380374862183,1.4553472987872107,0.0,-0.19480075878416153,-0.2775427828035632,-0.17442915714593224,0.7748208769878606,0.5105160117791152,-0.48068936160752046,0.05251533281171941,1.0386367301362036,1.5476441755384271,0.12214778832178567,-0.37798769200358207,-0.04027741847211928
Fran Garcia,es ESP,"DF,MF",Real Madrid,es La Liga,25.0,1999.0,13,10,929,10.3,1,1,2,1,0,0,2,1,6,2,7,14,1,28,6,12,0,33.3,0.17,0.5,2.08,0.87,-0.32,,,,,,,,,,,,,,,DF,MF,True,Defender,True,True,False,0.0968783638320775,0.0968783638320775,0.193756727664155,0.0968783638320775,0.0,0.0,0.193756727664155,0.0968783638320775,0.581270182992465,0.193756727664155,0.6781485468245425,1.356297093649085,0.0968783638320775,2.71259418729817,0.581270182992465,1.16254036598493,0.0,0.9908208399691382,0.7384051792929796,1.0750469035481987,0.024290385403089684,0.22741409472552593,1.0343860965156948,1.3137507399399082,0.2880503723864957,-1.36503985197984,-0.9478283197336902,0.4514606332589098,-0.08151616097499621
Gonzalo García,es ESP,FW,Real Madrid,es La Liga,21.0,2004.0,30,9,964,10.7,6,1,7,6,0,0,2,0,21,11,9,6,0,3,2,7,0,52.4,0.29,0.55,2.23,1.4,0.41,,,,,,,,,,,,,,,FW,,False,Forward,True,True,False,0.5601659751037344,0.0933609958506224,0.6535269709543569,0.5601659751037344,0.0,0.0,0.1867219917012448,0.0,1.9605809128630705,1.0269709543568464,0.8402489626556017,0.5601659751037344,0.0,0.2800829875518672,0.1867219917012448,0.6535269709543569,0.0,0.9595586510209817,-0.22828509704392297,1.341865261426457,-0.6993442879789225,0.017285316335434373,-0.5975134688912878,-1.3085325110144541,0.4779656978311841,-0.39770488114950564,-0.9334604609848364,-1.5878517589524646,0.41052614215411887
Rubén García,es ESP,"MF,FW",Osasuna,es La Liga,32.0,1993.0,35,28,2229,24.8,2,5,7,2,0,0,6,0,31,10,36,27,1,154,17,31,0,32.3,0.06,0.2,1.17,-0.16,-0.01,,,,,,,,,,,,,,,MF,FW,True,Midfielder,True,True,True,0.0807537012113055,0.2018842530282638,0.2826379542395693,0.0807537012113055,0.0,0.0,0.2422611036339165,0.0,1.2516823687752356,0.4037685060565276,1.4535666218034993,1.0901749663526246,0.0403768506056527,6.218034993270526,0.686406460296097,1.2516823687752356,0.0,-0.42583904650534493,0.7485286895254938,-0.38113331202409906,-0.18459442426053943,-0.17031115724693166,1.9919658190284562,-0.23403377150912247,0.4953322250302656,-0.24553005242141554,0.5174440587103636,-0.6192843160881625,0.43245196380938306
Ulisses Garcia,ch SUI,DF,Sassuolo,it Serie A,29.0,1996.0,13,10,943,10.5,1,2,3,1,0,0,3,0,2,1,11,2,1,34,8,10,0,50.0,0.5,1.0,1.31,0.48,0.8,,,,,,,,,,,,,,,DF,,False,Defender,True,True,False,0.0954400848356309,0.1908801696712619,0.2863202545068929,0.0954400848356309,0.0,0.0,0.2863202545068929,0.0,0.1908801696712619,0.0954400848356309,1.0498409331919407,0.1908801696712619,0.0954400848356309,3.244962884411453,0.7635206786850478,0.9544008483563096,0.0,0.9640936696168064,2.2352314653500125,1.046880278074736,-1.1685508438171563,-0.5093970957236654,1.3929405753875526,-1.299476109954348,-0.2454980683744347,-0.8701013952056917,0.014287314838159437,0.4327625876842865,0.7307027979700697
Víctor García,es ESP,"MF,FW",Levante,es La Liga,27.0,1997.0,21,12,1040,11.6,2,1,3,2,0,0,1,0,19,8,13,11,3,65,7,15,0,42.1,0.11,0.25,1.1,-0.17,0.28,,,,,,,,,,,,,,,MF,FW,True,Midfielder,True,True,False,0.173076923076923,0.0865384615384615,0.2596153846153846,0.173076923076923,0.0,0.0,0.0865384615384615,0.0,1.6442307692307694,0.6923076923076923,1.125,0.951923076923077,0.2596153846153846,5.625,0.6057692307692308,1.2980769230769231,0.0,0.26961447869395533,-0.3398284700179179,0.3932894346729814,0.332972717186151,0.7234979594638418,1.6826609907714005,-0.4434043163727565,0.605962739184998,-0.4496992540328834,-0.14541527249178063,0.7057425095630508,-0.8630671936975827
Alejandro Garnacho,ar ARG,MF,Chelsea,eng Premier League,21.0,2004.0,24,14,1268,14.1,1,4,5,1,0,0,2,0,33,7,9,23,2,61,4,13,0,21.2,0.03,0.14,1.46,0.0,-0.25,,,,,,,,,,,,,,,MF,,False,Midfielder,True,True,False,0.0709779179810725,0.2839116719242902,0.3548895899053627,0.0709779179810725,0.0,0.0,0.1419558359621451,0.0,2.3422712933753944,0.4968454258675079,0.638801261829653,1.6324921135646688,0.1419558359621451,4.329652996845426,0.2839116719242902,0.9227129337539433,0.0,-0.4994781892006199,1.5225068943761637,-0.4631342295320667,1.253325056607816,0.1180136299796976,1.0070565375932912,0.5872587046312444,-0.28911453354703737,-1.2646255753804396,-1.1262859666783143,-0.005364499812572919,-0.40202781459039977
James Garner,eng ENG,"MF,DF",Everton,eng Premier League,24.0,2001.0,38,38,3413,37.9,2,7,9,2,0,0,12,0,45,14,39,42,0,205,57,72,0,31.1,0.04,0.14,1.29,-0.08,-0.08,,,,,,,,,,,,,,,MF,DF,True,Midfielder,True,True,True,0.0527395253442719,0.1845883387049516,0.2373278640492235,0.0527395253442719,0.0,0.0,0.3164371520656314,0.0,1.1866393202461176,0.3691766774099033,1.0284207442133022,1.10753003222971,0.0,5.40580134778787,1.5030764723117491,1.8986229123937888,0.0,-0.6368645823195068,0.5853312989532463,-0.6161209411709831,-0.27035237069244017,-0.27746641823507373,1.5683351883381487,-0.20775102330349085,2.0379995928997614,1.8222352380231264,-0.3402569169271604,-0.8633126317738823,1.0495522806184558
Federico Gatti,it ITA,DF,Juventus,it Serie A,27.0,1998.0,21,12,1093,12.1,2,0,2,2,0,0,3,0,14,6,17,6,0,2,12,10,0,42.9,0.14,0.33,2.0,-0.08,-1.17,,,,,,,,,,,,,,,DF,,False,Defender,True,True,False,0.1646843549862763,0.0,0.1646843549862763,0.1646843549862763,0.0,0.0,0.2470265324794144,0.0,1.152790484903934,0.4940530649588289,1.3998170173833486,0.4940530649588289,0.0,0.1646843549862763,0.9881061299176578,0.8234217749313816,0.0,2.250842213405266,-0.8042256269931214,2.4029297151694218,1.7705773194786547,2.4779150821883227,-0.6816510917915571,-0.619668279962061,-0.5812520914181217,-0.2601937171794555,0.9201908917652373,-0.807986293660309,0.3859114196936345
Jean-Philippe Gbamin,ci CIV,"DF,MF",Metz,fr Ligue 1,29.0,1995.0,31,30,2485,27.6,1,1,2,1,0,0,2,1,14,7,25,8,0,5,27,27,0,50.0,0.07,0.14,0.48,-1.3,-0.05,,,,,,,,,,,,,,,DF,MF,True,Defender,True,True,True,0.0362173038229376,0.0362173038229376,0.0724346076458752,0.0362173038229376,0.0,0.0,0.0724346076458752,0.0362173038229376,0.5070422535211268,0.2535211267605634,0.9054325955734408,0.289738430583501,0.0,0.1810865191146881,0.977867203219316,0.977867203219316,0.0,-0.13642810729552737,-0.22752380846604417,-0.11291270812798032,-0.20251391699133303,0.6753044699238293,-0.6706041060402856,-1.077805172769098,-0.1853440082990206,-0.2879996145507797,-0.3595097401490164,-0.807986293660309,-1.146083700473266
Yann Gboho,fr FRA,"MF,FW",Toulouse,fr Ligue 1,24.0,2001.0,32,31,2691,29.9,8,3,11,8,0,0,1,1,58,16,16,69,5,33,13,19,0,27.6,0.14,0.5,1.31,0.13,0.87,,,,,,,,,,,,,,,MF,FW,True,Midfielder,True,True,True,0.2675585284280936,0.1003344481605351,0.3678929765886288,0.2675585284280936,0.0,0.0,0.0334448160535117,0.0334448160535117,1.939799331103679,0.5351170568561873,0.5351170568561873,2.3076923076923075,0.1672240802675585,1.1036789297658862,0.4347826086956521,0.6354515050167224,0.0,0.981326702121365,-0.2096550096847213,1.1858170658566607,0.7226738992379669,0.2365678310000593,-0.6754906410764511,1.609791077388255,-0.9741061243998856,-0.8826283405086685,-1.335461330833352,0.1473509053191503,-1.3047745391552361
Lutsharel Geertruida,nl NED,"DF,MF",Sunderland,eng Premier League,25.0,2000.0,28,17,1693,18.8,0,0,0,0,0,0,2,0,11,3,15,7,1,9,20,22,0,27.3,0.0,0.0,1.36,-0.37,-0.42,,,,,,,,,,,,,,,DF,MF,True,Defender,True,True,True,0.0,0.0,0.0,0.0,0.0,0.0,0.106320141760189,0.0,0.5847607796810396,0.1594802126402835,0.7974010632014177,0.3721204961606615,0.0531600708800945,0.4784406379208505,1.06320141760189,1.1695215593620791,0.0,-0.809444991619996,-0.8042256269931214,-0.8221765122714052,0.034955944210009186,-0.029463267159548074,-0.4703337826965808,-0.8930789848387074,0.3059460842794892,-0.05625712070435877,-0.6391464239608293,-0.11688989962135207,-0.8487476526756799
Yannick Gerhardt,de GER,MF,Wolfsburg,de Bundesliga,31.0,1994.0,19,12,1068,11.9,1,0,1,1,0,0,1,0,11,1,20,14,0,8,10,8,0,9.1,0.09,1.0,1.16,-1.01,-0.47,,,,,,,,,,,,,,,MF,,False,Midfielder,True,True,False,0.0842696629213483,0.0,0.0842696629213483,0.0842696629213483,0.0,0.0,0.0842696629213483,0.0,0.9269662921348314,0.0842696629213483,1.6853932584269664,1.1797752808988764,0.0,0.6741573033707865,0.8426966292134832,0.6741573033707865,0.0,-0.3993539659773478,-1.1563710848352395,-0.3516408325617122,-0.6127260161190977,-1.1600241403707823,-0.8995130249026679,-0.09834183446647128,-0.8818098961651043,0.15018839171179676,0.9851374855824822,-0.8633126317738823,-0.881942239955748
Willem Geubbels,fr FRA,FW,Paris FC,fr Ligue 1,23.0,2001.0,24,12,1013,11.3,5,0,5,4,1,1,0,0,30,9,19,3,10,9,6,2,0,30.0,0.13,0.44,1.29,-0.27,-0.27,,,,,,,,,,,,,,,FW,,False,Forward,True,True,False,0.4442250740375123,0.0,0.4442250740375123,0.3553800592300098,0.0888450148075024,0.0888450148075024,0.0,0.0,2.665350444225074,0.7996051332675221,1.688055281342547,0.2665350444225074,0.8884501480750246,0.7996051332675221,0.5330700888450148,0.1776900296150049,0.0,0.3626403952919118,-1.1734021059287691,0.14070169833157456,0.2215059891387061,-0.5677870222406552,-0.23785139930993615,-1.7513073555595133,-0.9728186491418569,1.3041965458615583,0.5469222547287846,1.1673637261663454,-1.4507590990632495
Daniele Ghilardi,it ITA,DF,Roma,it Serie A,22.0,2003.0,23,9,1097,12.2,0,0,0,0,0,0,1,0,3,0,23,17,0,3,22,15,0,0.0,0.0,,2.0,0.33,-0.6,,,,,,,,,,,,,,,DF,,False,Defender,True,True,False,0.0,0.0,0.0,0.0,0.0,0.0,0.0820419325432999,0.0,0.2461257976298997,0.0,1.886964448495898,1.3947128532360984,0.0,0.2461257976298997,1.804922515952598,1.2306289881494987,0.0,-0.809444991619996,-0.8042256269931214,-0.8221765122714052,-0.9997471846185136,-1.2246505919904345,-0.6267996435678029,1.399890809082903,0.46258992452616277,1.9580380634017776,2.181158770056991,-0.807986293660309,-1.0617821219509747
Dimitris Giannoulis,gr GRE,MF,Augsburg,de Bundesliga,29.0,1995.0,27,25,1888,21.0,2,5,7,2,0,0,8,0,10,6,16,20,4,99,21,20,0,60.0,0.2,0.33,1.37,-0.33,0.36,,,,,,,,,,,,,,,MF,,False,Midfielder,True,True,True,0.0953389830508474,0.2383474576271186,0.3336864406779661,0.0953389830508474,0.0,0.0,0.3813559322033898,0.0,0.4766949152542372,0.2860169491525424,0.7627118644067796,0.9533898305084744,0.1906779661016949,4.719279661016949,1.0010593220338984,0.9533898305084744,0.0,-0.31597085228115385,1.0925810322463672,-0.2587895095085201,-1.2063997367021293,-0.5350706772105551,1.2102712042039807,-0.4411830447603216,-0.21596368833023186,0.5511543567864511,-0.8763053122153355,0.28910074886906306,1.589637667166771
Morgan Gibbs-White,eng ENG,MF,Nottingham Forest,eng Premier League,25.0,2000.0,37,35,3097,34.4,15,4,19,14,1,1,1,0,83,32,26,41,5,42,12,16,0,38.6,0.17,0.44,1.16,-0.09,-0.09,,,,,,,,,,,,,,,MF,,False,Midfielder,True,True,True,0.4359057152082661,0.1162415240555376,0.5521472392638037,0.4068453341943816,0.0290603810138844,0.0290603810138844,0.0290603810138844,0.0,2.4120116241524054,0.9299321924443008,0.7555699063609945,1.1914756215692606,0.145301905069422,1.220536002583145,0.3487245721666128,0.4649660962221504,0.0,2.2494545050491075,-0.05956214791562078,2.354178270334542,1.3452762748573805,1.45958842722811,-0.6145423711623409,-0.08062267915252654,-1.3806385011994882,-1.1005227388340786,-0.8907136946241065,0.014858365422550007,-1.3412504139043955
Bryan Gil,es ESP,"MF,FW",Girona,es La Liga,24.0,2001.0,29,20,1578,17.5,0,3,3,0,0,0,6,0,27,7,20,37,6,52,9,18,0,25.9,0.0,0.0,1.14,-0.11,0.57,,,,,,,,,,,,,,,MF,FW,True,Midfielder,True,True,True,0.0,0.1711026615969581,0.1711026615969581,0.0,0.0,0.0,0.3422053231939163,0.0,1.5399239543726235,0.3992395437262357,1.1406844106463878,2.1102661596958177,0.3422053231939163,2.9657794676806084,0.5133079847908746,1.0266159695817492,0.0,-1.0341415412128914,0.4580857961723928,-1.0585089693537577,0.19544628748501913,-0.18434054394011676,0.2957112165082819,1.3108062291745333,-0.04135169911778936,-0.683806240125616,-0.11377311147646568,1.2048969334864603,1.2639280380638485
Mario Gila,es ESP,DF,Lazio,it Serie A,24.0,2000.0,31,31,2472,27.5,0,0,0,0,0,0,4,1,12,3,19,25,0,1,26,34,0,25.0,0.0,0.0,1.45,0.11,0.3,,,,,,,,,,,,,,,DF,,False,Defender,True,True,True,0.0,0.0,0.0,0.0,0.0,0.0,0.145631067961165,0.0364077669902912,0.4368932038834951,0.1092233009708737,0.691747572815534,0.9101941747572816,0.0,0.0364077669902912,0.9466019417475728,1.2378640776699028,0.0,-0.809444991619996,-0.8042256269931214,-0.8221765122714052,-0.4168551545822073,-0.40610199128708124,-0.7680463765063782,0.31344938728300803,0.4811364781857381,-0.37290681990382696,-0.912627610758314,-0.807986293660309,-0.5038053126072272
Benedikt Gimber,de GER,DF,Heidenheim,de Bundesliga,28.0,1997.0,21,18,1436,16.0,0,0,0,0,0,0,6,0,4,1,27,31,0,5,15,21,0,25.0,0.0,0.0,0.62,-2.01,-2.06,,,,,,,,,,,,,,,DF,,False,Defender,True,True,True,0.0,0.0,0.0,0.0,0.0,0.0,0.3760445682451254,0.0,0.2506963788300835,0.0626740947075208,1.692200557103064,1.9428969359331476,0.0,0.3133704735376044,0.9401114206128134,1.3161559888579386,0.0,-0.809444991619996,-0.8042256269931214,-0.8221765122714052,-0.9857817205670744,-0.754954180444778,-0.5815098287125477,2.629089848598346,0.6818313179475161,-0.39053315612799,1.6770177334583054,-0.807986293660309,1.5180084590901455
Gvidas Gineitis,lt LTU,MF,Torino,it Serie A,21.0,2004.0,29,23,1756,19.5,0,1,1,0,0,0,5,0,27,5,43,32,1,64,23,28,0,18.5,0.0,0.0,1.31,-0.67,-0.34,,,,,,,,,,,,,,,MF,,False,Midfielder,True,True,True,0.0,0.05125284738041,0.05125284738041,0.0,0.0,0.0,0.2562642369020501,0.0,1.3838268792710706,0.2562642369020501,2.203872437357631,1.6400911161731206,0.05125284738041,3.2801822323462413,1.1788154897494303,1.4350797266514808,0.0,-1.0341415412128914,-0.6727695361962791,-1.0585089693537577,-0.01036455483339642,-0.6272357858804525,0.4596919161835979,0.5987667377085246,0.9326538956844115,1.001223574899937,2.0311316279630063,-0.5535523153368265,0.5489496495015503
Matthias Ginter,de GER,DF,Freiburg,de Bundesliga,31.0,1994.0,32,32,2833,31.5,3,3,6,3,0,0,3,0,19,7,16,19,2,15,22,14,0,36.8,0.16,0.43,1.47,-0.06,1.52,,,,,,,,,,,,,,,DF,,False,Defender,True,True,True,0.0953053300388281,0.0953053300388281,0.1906106600776562,0.0953053300388281,0.0,0.0,0.0953053300388281,0.0,0.6036004235792446,0.2223791034239322,0.5082950935404165,0.6036004235792446,0.063536886692552,0.4765266501941405,0.6989057536180727,0.4447582068478644,0.0,0.9615895557287217,0.7133571676130783,1.0442412991967334,0.09252069540439133,0.4419178262435735,-0.47162286839158674,-0.3740290645087999,-1.5519248335564935,-1.0455764257437152,-1.3874893646848403,0.018011726182933556,-0.9453995328973501
Giovane,br BRA,"FW,MF",Hellas Verona,it Serie A,21.0,2003.0,21,19,1533,17.0,3,4,7,3,0,0,2,0,47,25,21,15,8,56,5,9,0,53.2,0.06,0.12,0.67,-0.65,0.55,,,,,,,,,,,,,,,FW,MF,True,Forward,True,True,True,0.1761252446183953,0.2348336594911937,0.410958904109589,0.1761252446183953,0.0,0.0,0.1174168297455968,0.0,2.759295499021526,1.467710371819961,1.2328767123287672,0.8806262230919765,0.4696673189823874,3.287671232876712,0.2935420743639921,0.5283757338551859,0.0,-1.0176635446154887,1.203878511331483,-0.9107102159211952,0.3442543854491423,1.1514243018802395,1.4846218581254058,-0.8253009381121219,0.09639075058827806,0.12719262115062946,-0.2478801326547845,-0.13134384692357792,-0.2803227177628304
Olivier Giroud,fr FRA,FW,Lille,fr Ligue 1,38.0,1986.0,30,17,1609,17.9,7,1,8,4,3,4,2,0,41,16,27,31,8,2,4,8,0,39.0,0.1,0.25,1.7,-0.5,-1.99,,,,,,,,,,,,,,,FW,,False,Forward,True,True,True,0.3915475450590429,0.0559353635798632,0.4474829086389061,0.223741454319453,0.1678060907395898,0.223741454319453,0.1118707271597265,0.0,2.293349906774394,0.8949658172778122,1.510254816656308,1.7339962709757613,0.4474829086389061,0.1118707271597265,0.223741454319453,0.4474829086389061,0.0,0.09143171548369207,-0.6071542522525785,-0.6314192507121271,-0.26454907248882614,-0.3223987834332189,-0.7139658091822966,0.4615212281172144,-0.1502442506284701,-0.21579691983347055,0.2364589697004145,-0.20014098882177261,-0.3356074691480582
Serge Gnabry,de GER,MF,Bayern Munich,de Bundesliga,30.0,1995.0,21,16,1219,13.5,8,6,14,8,0,0,1,0,50,17,9,6,6,21,4,10,0,34.0,0.16,0.47,2.71,2.51,-0.03,,,,,,,,,,,,,,,MF,,False,Midfielder,True,True,False,0.59064807219032,0.4429860541427399,1.03363412633306,0.59064807219032,0.0,0.0,0.07383100902379,0.0,3.6915504511895,1.25512715340443,0.6644790812141099,0.4429860541427399,0.4429860541427399,1.5504511894995898,0.29532403609516,0.7383100902379,0.0,3.415099675204242,3.0234696997915766,3.8959466178088658,3.0323223876708165,2.4669462997964295,-0.44247097337547264,-1.2141454773107085,-0.7288338432124934,-1.235730072708321,-1.0744828282752603,1.8139922853555852,-0.9687855911916069
Giorgi Gocholeishvili,ge GEO,MF,Hamburger SV,de Bundesliga,24.0,2001.0,24,9,940,10.4,0,2,2,0,0,0,3,1,14,2,13,19,3,20,7,14,0,14.3,0.0,0.0,1.33,-0.29,0.18,,,,,,,,,,,,,,,MF,,False,Midfielder,True,True,False,0.0,0.1914893617021276,0.1914893617021276,0.0,0.0,0.0,0.2872340425531914,0.0957446808510638,1.3404255319148937,0.1914893617021276,1.2446808510638296,1.819148936170213,0.2872340425531914,1.9148936170212765,0.6702127659574468,1.3404255319148937,0.0,-1.0341415412128914,0.650446616037132,-1.0585089693537577,-0.06758835515968488,-0.827889204016512,-0.25239146081160213,0.8699343397541381,0.706945460972066,-0.2865316302739978,0.09603216504287601,0.8726632692797456,0.8065998921729215
Martial Godo,ci CIV,MF,Strasbourg,fr Ligue 1,22.0,2003.0,28,18,1584,17.6,10,1,11,10,0,0,2,0,41,17,15,32,11,31,15,13,0,41.5,0.24,0.59,1.68,1.02,1.45,,,,,,,,,,,,,,,MF,,False,Midfielder,True,True,True,0.5681818181818181,0.0568181818181818,0.625,0.5681818181818181,0.0,0.0,0.1136363636363636,0.0,2.3295454545454546,0.9659090909090908,0.8522727272727273,1.8181818181818183,0.625,1.7613636363636365,0.8522727272727273,0.7386363636363638,0.0,3.24586559484494,-0.6202572468238665,3.707495892350185,1.2365462950128638,1.5710342251337568,-0.3324669451227918,0.8684697230967233,-0.7280558253099537,0.17443456567859444,-0.6956227665101503,2.9140423381113276,-0.6376288706400971
Aleksandr Golovin,ru RUS,MF,Monaco,fr Ligue 1,29.0,1996.0,25,21,1649,18.3,5,5,10,5,0,0,4,1,34,18,29,18,2,37,21,18,0,52.9,0.15,0.28,1.72,0.49,0.68,,,,,,,,,,,,,,,MF,,False,Midfielder,True,True,True,0.272892662219527,0.272892662219527,0.545785324439054,0.272892662219527,0.0,0.0,0.2183141297756216,0.0545785324439054,1.8556701030927836,0.9824135839902972,1.5827774408732564,0.9824135839902972,0.1091570648878108,2.0194057004244996,1.1461491813220133,0.9824135839902972,0.0,1.0215077321393242,1.4185358872994331,1.2305606792026547,0.6117512104607691,1.6221602665367818,-0.19788187474224386,-0.39722907707459454,-0.14675485943374478,0.9185142091348641,0.7781175155652812,-0.20359266129059517,0.23322747737456784
João Gomes,br BRA,MF,Wolves,eng Premier League,24.0,2001.0,35,32,2829,31.4,1,1,2,1,0,0,10,0,19,7,69,49,1,31,36,68,0,36.8,0.05,0.14,0.51,-1.11,-0.2,,,,,,,,,,,,,,,MF,,False,Midfielder,True,True,True,0.0318133616118769,0.0318133616118769,0.0636267232237539,0.0318133616118769,0.0,0.0,0.3181336161187699,0.0,0.6044538706256628,0.2226935312831389,2.1951219512195124,1.5588547189819726,0.0318133616118769,0.9862142099681868,1.1452810180275717,2.1633085896076354,0.0,-0.7944974513042456,-0.856192817104588,-0.7916531298013001,-1.037952133173315,-0.7312279095377129,-0.7367558368837359,0.4757412310565038,2.6691579906968133,0.916316065575933,2.013478156781518,-0.6710400564244766,1.0636658459374648
Rodrigo Gomes,pt POR,"MF,FW",Wolves,eng Premier League,22.0,2003.0,22,9,960,10.7,3,0,3,3,0,0,0,0,20,6,6,8,3,24,11,18,0,30.0,0.15,0.5,0.59,-0.56,0.72,,,,,,,,,,,,,,,MF,FW,True,Midfielder,True,True,False,0.28125,0.0,0.28125,0.28125,0.0,0.0,0.0,0.0,1.875,0.5625,0.5625,0.75,0.28125,2.25,1.03125,1.6875,0.0,1.0844619911357356,-1.1563710848352395,1.3006634371896946,0.6372372893114725,0.3213920954000002,-0.07761252970087926,-0.7491993750180137,1.5345647243139058,0.6275955571180452,-1.2802182289046682,0.8364971046744621,-1.5830153866876162
Toti Gomes,pt POR,DF,Wolves,eng Premier League,26.0,1999.0,19,17,1424,15.8,0,0,0,0,0,0,2,1,5,2,11,11,0,11,13,11,0,40.0,0.0,0.0,0.32,-1.64,-0.97,,,,,,,,,,,,,,,DF,,False,Defender,True,True,True,0.0,0.0,0.0,0.0,0.0,0.0,0.1264044943820224,0.0632022471910112,0.3160112359550561,0.1264044943820224,0.6952247191011236,0.6952247191011236,0.0,0.6952247191011236,0.821629213483146,0.6952247191011236,0.0,-0.809444991619996,-0.8042256269931214,-0.8221765122714052,-0.7862114144609229,-0.27734153724385696,-0.3243280094856753,-0.16857892539191122,-0.9098746424246047,-0.7122957967677606,-0.9036271121531249,-0.807986293660309,-0.6725130975111372
Diego Gómez,py PAR,"MF,FW",Brighton,eng Premier League,22.0,2003.0,32,26,2120,23.6,5,1,6,5,0,0,9,0,42,14,49,11,1,23,19,49,0,33.3,0.12,0.36,1.41,-0.13,-0.75,,,,,,,,,,,,,,,MF,FW,True,Midfielder,True,True,True,0.2122641509433962,0.0424528301886792,0.2547169811320754,0.2122641509433962,0.0,0.0,0.3820754716981132,0.0,1.7830188679245282,0.5943396226415094,2.080188679245283,0.4669811320754716,0.0424528301886792,0.9764150943396226,0.8066037735849056,2.080188679245283,0.0,0.5648045209370156,-0.7558030096418367,0.7219985072828099,0.515962023535106,0.4200218356420745,-0.7418666883696641,-1.1778070043860294,2.4709537281860325,0.05880318960599418,1.7816086157565187,-0.6067375772156418,1.595623805004232
Moi Gómez,es ESP,MF,Osasuna,es La Liga,31.0,1994.0,26,12,1201,13.3,0,2,2,0,0,0,3,0,11,2,20,22,0,36,11,9,0,18.2,0.0,0.0,0.88,0.0,0.24,,,,,,,,,,,,,,,MF,,False,Midfielder,True,True,False,0.0,0.1498751040799334,0.1498751040799334,0.0,0.0,0.0,0.2248126561199001,0.0,0.8243130724396337,0.1498751040799334,1.498751040799334,1.6486261448792674,0.0,2.697751873438801,0.8243130724396337,0.6744379683597003,0.0,-1.0341415412128914,0.2577909791281493,-1.0585089693537577,-0.7480722139797636,-0.9567978743816203,0.1559180677972473,0.6116923014603556,-0.8811406341688179,0.10364219795838378,0.6086003471730693,-0.8633126317738823,0.2872913261591
Sergio Gómez,es ESP,DF,Real Sociedad,es La Liga,24.0,2000.0,35,30,2701,30.0,0,6,6,0,0,0,5,1,12,0,45,15,4,153,32,53,0,0.0,0.0,,1.23,0.07,0.57,,,,,,,,,,,,,,,DF,,False,Defender,True,True,True,0.0,0.1999259533506109,0.1999259533506109,0.0,0.0,0.0,0.166604961125509,0.0333209922251018,0.3998519067012218,0.0,1.4994446501295815,0.4998148833765272,0.1332839689004072,5.098111810440578,1.066271751203258,1.766012587930396,0.0,-0.809444991619996,2.379270898086008,-0.8221765122714052,-0.5300352692242833,-1.2246505919904345,2.6410508625762183,-0.6067484928167433,1.8350015075190538,-0.04791900250792781,1.1780743099254014,0.9247440952444725,-0.31976528893882256
Unai Gómez,es ESP,MF,Athletic Club,es La Liga,22.0,2003.0,26,12,936,10.4,1,1,2,1,0,0,1,0,23,7,12,6,4,23,3,8,0,30.4,0.04,0.14,1.31,-1.44,-1.44,,,,,,,,,,,,,,,MF,,False,Midfielder,True,True,False,0.0961538461538461,0.0961538461538461,0.1923076923076923,0.0961538461538461,0.0,0.0,0.0961538461538461,0.0,2.2115384615384617,0.6730769230769231,1.1538461538461535,0.5769230769230769,0.3846153846153846,2.2115384615384617,0.2884615384615384,0.7692307692307693,0.0,-0.30983264126464316,-0.24910151281599327,-0.2519543004500137,1.0809564569942336,0.6639267203432729,-0.09767262680027838,-1.011309425285377,-0.6551016850641362,-1.2531055538742544,-0.08722024908599219,1.4612135035400928,-0.7830729500320234
Valentín Gómez,ar ARG,DF,Real Betis,es La Liga,22.0,2003.0,28,19,1882,20.9,1,0,1,1,0,0,5,0,11,5,26,11,1,12,23,25,0,45.5,0.09,0.2,1.68,0.05,-0.54,,,,,,,,,,,,,,,DF,,False,Defender,True,True,True,0.0478214665249734,0.0,0.0478214665249734,0.0478214665249734,0.0,0.0,0.2391073326248671,0.0,0.5260361317747078,0.2391073326248671,1.2433581296493093,0.5260361317747078,0.0478214665249734,0.5738575982996812,1.099893730074389,1.1955366631243358,0.0,0.07920907721438473,-0.8042256269931214,0.11433812816239439,-0.14447790092905757,0.5672836454685546,-0.40606971403574393,-0.547952306711953,0.37263365138220667,0.04338835044566866,0.515201315498134,-0.1862933100747865,0.31642266444702144
Nicolás González,es ESP,MF,Manchester City,eng Premier League,23.0,2002.0,25,17,1569,17.4,1,0,1,1,0,0,6,0,14,2,30,18,0,3,24,30,0,14.3,0.07,0.5,2.12,1.26,0.29,,,,,,,,,,,,,,,MF,,False,Midfielder,True,True,True,0.0573613766730401,0.0,0.0573613766730401,0.0573613766730401,0.0,0.0,0.3441682600382409,0.0,0.8030592734225622,0.1147227533460803,1.7208413001912046,1.032504780114723,0.0,0.1720841300191204,1.3766730401529637,1.7208413001912046,0.0,-0.6020490425821966,-1.1563710848352395,-0.5773520731817346,-0.7760949189236199,-1.065689467124877,-1.1613755767220535,-0.32137028723298017,1.6140689945512015,1.5021884311544684,1.0566513390813355,-0.8633126317738823,1.2802584974792495
Nicolás González,ar ARG,"MF,DF",Atlético Madrid,es La Liga,27.0,1998.0,24,18,1448,16.1,5,0,5,5,0,0,4,1,43,21,28,25,2,27,11,16,0,48.8,0.12,0.24,2.0,0.81,0.58,,,,,,,,,,,,,,,MF,DF,True,Midfielder,True,True,True,0.3107734806629834,0.0,0.3107734806629834,0.3107734806629834,0.0,0.0,0.2486187845303867,0.0621546961325966,2.6726519337016574,1.3052486187845302,1.740331491712707,1.5538674033149171,0.1243093922651933,1.6781767955801106,0.6837016574585635,0.9944751381215468,0.0,1.306856837072884,-1.1563710848352395,1.5483113693682886,1.6889252613330437,2.6222077853564563,-0.37585408381404634,0.4681883722642885,-0.11799338181789583,-0.2523784701943954,1.09597138700961,-0.11201551069174151,0.4853440627865142
Urko González,es ESP,MF,Espanyol,es La Liga,24.0,2001.0,35,28,2623,29.1,0,1,1,0,0,0,7,0,18,1,42,42,1,12,29,33,0,5.6,0.0,0.0,1.2,-0.45,-0.56,,,,,,,,,,,,,,,MF,,False,Midfielder,True,True,True,0.0,0.0343118566526877,0.0343118566526877,0.0,0.0,0.0,0.2401829965688143,0.0,0.6176134197483797,0.0343118566526877,1.441097979412886,1.441097979412886,0.0343118566526877,0.4117422798322531,0.9950438429279452,1.1322912695386962,0.0,-1.0341415412128914,-0.8326180084303545,-1.0585089693537577,-1.020601533312844,-1.3147786583755936,-1.0363788670682945,0.29740882036269795,0.21063720224487326,0.5359234817479712,0.49228947693734487,-0.6559397321690522,0.41516335710477686
Anthony Gordon,eng ENG,FW,Newcastle United,eng Premier League,24.0,2001.0,26,24,1795,19.9,6,2,8,3,3,3,3,1,48,20,13,40,5,69,3,13,0,41.7,0.06,0.15,1.31,-0.2,-0.31,,,,,,,,,,,,,,,FW,,False,Forward,True,True,True,0.3008356545961003,0.1002785515320334,0.4011142061281337,0.1504178272980501,0.1504178272980501,0.1504178272980501,0.1504178272980501,0.0501392757660167,2.4066852367688023,1.0027855153203342,0.6518105849582172,2.0055710306406684,0.2506963788300835,3.459610027855154,0.1504178272980501,0.6518105849582172,0.0,-0.3755957349765954,-0.1582569286975808,-1.061496039520087,-0.11646538642073184,-0.04495020925406254,1.603654055988856,0.8710369140635756,0.4727325901839422,-0.5760979767483354,-1.262498958542119,-0.8104051610623939,0.04863837102049097
Leon Goretzka,de GER,MF,Bayern Munich,de Bundesliga,30.0,1995.0,31,25,1947,21.6,5,3,8,5,0,0,4,0,35,11,15,16,2,7,26,19,0,31.4,0.14,0.45,2.65,2.4,-0.35,,,,,,,,,,,,,,,MF,,False,Midfielder,True,True,True,0.2311248073959938,0.1386748844375963,0.3697996918335901,0.2311248073959938,0.0,0.0,0.184899845916795,0.0,1.6178736517719567,0.5084745762711864,0.6933744221879815,0.7395993836671803,0.0924499229583975,0.3235747303543914,1.2018489984591678,0.8782742681047766,0.0,0.7068783107428368,0.1521101469213319,0.880204872695304,0.2982213898998803,0.15403730075196057,-1.0823637567603863,-0.7649502100880093,-0.39508111740834057,1.0595432010970531,-1.0161885734064464,-0.30456675025003016,-0.04475936057639871
Andoni Gorosabel,es ESP,DF,Athletic Club,es La Liga,28.0,1996.0,24,15,1360,15.1,0,1,1,0,0,0,3,0,5,1,13,12,0,55,18,24,0,20.0,0.0,0.0,1.21,-0.46,-0.11,,,,,,,,,,,,,,,DF,,False,Defender,True,True,True,0.0,0.0661764705882353,0.0661764705882353,0.0,0.0,0.0,0.1985294117647058,0.0,0.3308823529411764,0.0661764705882353,0.8602941176470589,0.7941176470588235,0.0,3.6397058823529416,1.1911764705882353,1.588235294117647,0.0,-0.809444991619996,0.24952732818319323,-0.8221765122714052,-0.7407725434337413,-0.7287064397995788,1.6588030700884902,0.05316974608064874,1.3792841166210208,0.2912852823489207,-0.4763494627975768,-0.807986293660309,-0.039637198021164485
Jon Gorrotxategi,es ESP,MF,Real Sociedad,es La Liga,23.0,2002.0,30,26,2210,24.6,1,3,4,1,0,0,7,0,13,1,33,27,0,5,31,29,1,7.7,0.08,1.0,1.2,-0.12,-0.2,,,,,,,,,,,,,,,MF,,False,Midfielder,True,True,True,0.0407239819004524,0.1221719457013574,0.1628959276018099,0.0407239819004524,0.0,0.0,0.2850678733031674,0.0,0.5294117647058824,0.0407239819004524,1.3438914027149322,1.0995475113122173,0.0,0.2036199095022624,1.262443438914027,1.1809954751131222,0.0407239819004524,-0.7273754188818691,-0.0036050403872560205,-0.7169093448768784,-1.1368936349192635,-1.294915789562501,-1.1449276959600896,-0.21983986173294665,0.3267752142442805,1.21296512050514,0.29618225805803106,-0.8633126317738823,0.7885786608089663
Alimami Gory,ml MLI,"MF,DF",Paris FC,fr Ligue 1,28.0,1996.0,24,9,982,10.9,5,1,6,5,0,0,3,0,19,6,12,15,8,10,8,11,0,31.6,0.26,0.83,1.21,-0.64,-0.81,,,,,,,,,,,,,,,MF,DF,True,Midfielder,True,True,False,0.4582484725050916,0.0916496945010183,0.5498981670061099,0.4582484725050916,0.0,0.0,0.2749490835030549,0.0,1.741344195519348,0.5498981670061099,1.09979633401222,1.374745417515275,0.7331975560081466,0.9164969450101832,0.7331975560081466,1.0081466395112015,0.0,2.417758307827641,-0.29160090213665024,2.7853564588229456,0.46101480927453053,0.2823553414549021,-0.7731177496023504,0.1969235966531134,-0.08539289129115238,-0.12705747207474016,-0.19626184080355943,3.5679632595782174,0.7043963873744057
Robin Gosens,de GER,"DF,MF",Fiorentina,it Serie A,31.0,1994.0,26,24,1881,20.9,3,1,4,3,0,0,2,0,18,7,24,25,3,41,23,18,0,38.9,0.17,0.43,1.12,-0.24,-0.01,,,,,,,,,,,,,,,DF,MF,True,Defender,True,True,True,0.1435406698564593,0.0478468899521531,0.1913875598086124,0.1435406698564593,0.0,0.0,0.0956937799043062,0.0,0.8612440191387559,0.3349282296650717,1.1483253588516746,1.1961722488038278,0.1435406698564593,1.961722488038277,1.1004784688995215,0.8612440191387559,0.0,1.857934525997716,-0.04234151267106521,1.9888610527946422,0.8797537001971386,1.285391050145102,0.5286681377258153,0.9547010854552779,-0.48429789620887503,0.044976328193697415,0.26921157254248684,1.0580841929552478,-0.9419909943930102
Amine Gouiri,dz ALG,"FW,MF",Marseille,fr Ligue 1,25.0,2000.0,22,15,1326,14.7,8,3,11,8,0,0,1,0,38,17,17,16,4,37,3,9,0,44.7,0.21,0.47,1.73,0.41,-0.22,,,,,,,,,,,,,,,FW,MF,True,Forward,True,True,False,0.5429864253393666,0.2036199095022624,0.746606334841629,0.5429864253393666,0.0,0.0,0.0678733031674208,0.0,2.5791855203619907,1.1538461538461535,1.1538461538461535,1.0859728506787332,0.2714932126696833,2.51131221719457,0.2036199095022624,0.6108597285067874,0.0,0.8711102537319182,0.8878938139015284,1.2410993024038735,0.1089230943251328,0.34376873111110523,0.9471531618993034,-0.5156526292754554,0.34787708533883943,-0.31467110485267863,-0.38587801048619125,-0.7459110993973047,-0.7741833175649301
Lucas Gourna-Douath,fr FRA,MF,Le Havre,fr Ligue 1,21.0,2003.0,15,14,1272,14.1,0,0,0,0,0,0,5,0,9,2,24,35,2,5,15,12,0,22.2,0.0,0.0,0.87,-0.5,-0.24,,,,,,,,,,,,,,,MF,,False,Midfielder,True,True,False,0.0,0.0,0.0,0.0,0.0,0.0,0.3537735849056603,0.0,0.6367924528301887,0.1415094339622641,1.6981132075471697,2.4764150943396226,0.1415094339622641,0.3537735849056603,1.0613207547169812,0.8490566037735848,0.0,-1.0341415412128914,-1.1563710848352395,-1.0585089693537577,-0.9953143653703833,-0.9827122478007612,-1.06661316594107,1.86530716412688,-0.4647523380076634,0.7037331181235954,1.0107990604571988,-0.008062449913080406,1.3601690500640946
Alberto Grassi,it ITA,MF,Cremonese,it Serie A,30.0,1995.0,30,18,1753,19.5,0,0,0,0,0,0,4,1,13,4,17,30,0,3,35,11,0,30.8,0.0,0.0,0.97,-0.82,-0.34,,,,,,,,,,,,,,,MF,,False,Midfielder,True,True,True,0.0,0.0,0.0,0.0,0.0,0.0,0.2053622361665715,0.0513405590416428,0.6674272675413576,0.2053622361665715,0.8727895037079293,1.540216771249287,0.0,0.1540216771249287,1.7969195664575015,0.5647461494580719,0.0,-1.0341415412128914,-1.1563710848352395,-1.0585089693537577,-0.9549229806127099,-0.7849151392719387,-1.1707962752537344,0.4475156690910676,-1.142707158652351,2.5662304159674947,-0.654231657968409,-0.8633126317738823,0.12547547631212155
Ryan Gravenberch,nl NED,MF,Liverpool,eng Premier League,23.0,2002.0,36,34,2992,33.2,5,3,8,5,0,0,5,0,38,13,38,42,0,8,44,35,0,34.2,0.13,0.38,1.58,0.24,-0.18,,,,,,,,,,,,,,,MF,,False,Midfielder,True,True,True,0.1504010695187165,0.0902406417112299,0.2406417112299465,0.1504010695187165,0.0,0.0,0.1504010695187165,0.0,1.143048128342246,0.3910427807486631,1.143048128342246,1.2633689839572193,0.0,0.2406417112299465,1.3235294117647058,1.052807486631016,0.0,0.09880152421418141,-0.3048961656407062,0.20308055286199161,-0.3278264772223854,-0.20973169296240024,-1.1256185115863364,0.028253608306215306,0.021103497214324887,1.3676315739505376,-0.10900448244644731,-0.8633126317738823,-0.33176852721295874
Archie Gray,eng ENG,"MF,DF",Tottenham Hotspur,eng Premier League,19.0,2006.0,24,18,1478,16.4,2,2,4,2,0,0,5,0,11,5,12,2,0,12,17,8,0,45.5,0.18,0.4,0.83,-0.61,-0.66,,,,,,,,,,,,,,,MF,DF,True,Midfielder,True,True,True,0.121786197564276,0.121786197564276,0.2435723951285521,0.121786197564276,0.0,0.0,0.3044654939106901,0.0,0.6698240866035183,0.3044654939106901,0.7307171853856562,0.121786197564276,0.0,0.7307171853856562,1.0351826792963463,0.4871447902571042,0.0,-0.11674894263161886,-0.007244806878521547,-0.03694581631735116,-0.9517628230649325,-0.4779225383074199,-0.8700135100487978,-1.7005749160651369,-1.327752114827237,0.6375528931629482,-0.9408522568244949,-0.8633126317738823,0.949955251707632
Jack Grealish,eng ENG,MF,Everton,eng Premier League,29.0,1995.0,20,18,1627,18.1,2,6,8,2,0,0,5,1,26,8,13,58,0,39,11,15,0,30.8,0.08,0.25,1.55,0.0,0.15,,,,,,,,,,,,,,,MF,,False,Midfielder,True,True,True,0.1106330669944683,0.331899200983405,0.4425322679778734,0.1106330669944683,0.0,0.0,0.2765826674861708,0.0553165334972341,1.4382298709280887,0.4425322679778734,0.7191149354640444,3.2083589428395825,0.0,2.1573448063921328,0.6084818684695759,0.8297480024585127,0.0,-0.20076338466518348,1.9752981938740959,-0.13050015547065452,0.06136469140833052,-0.05023248005420794,-0.12593800639485292,2.973772900127659,-0.5107948212957825,-0.4428309988015192,-0.9642589546237595,-0.8633126317738823,0.7179868281545323
Mason Greenwood,eng ENG,MF,Marseille,fr Ligue 1,23.0,2001.0,32,29,2462,27.4,16,7,23,10,6,8,4,0,116,48,22,34,1,112,4,13,0,41.4,0.09,0.21,1.75,0.58,0.28,,,,,,,,,,,,,,,MF,,False,Midfielder,True,True,True,0.5848903330625508,0.255889520714866,0.8407798537774167,0.3655564581640942,0.2193338748984565,0.2924451665312754,0.1462225832656377,0.0,4.240454914703493,1.7546709991876523,0.8042242079610074,1.2428919577579205,0.0365556458164094,4.094232331437856,0.1462225832656377,0.4752233956133225,0.0,3.3717277055884773,1.2581009849739015,2.0078402186799735,3.7560418418287957,4.0143854859912045,0.8842699410039844,-0.002757079144236349,-1.3561793739901744,-1.613247067797681,-0.7925571696500642,-0.6423787911307182,-0.36653103135108434
Michael Gregoritsch,at AUT,FW,Augsburg,de Bundesliga,31.0,1994.0,17,11,913,10.1,6,2,8,5,1,1,2,0,29,10,5,18,4,6,5,4,0,34.5,0.17,0.5,1.35,0.49,1.37,,,,,,,,,,,,,,,FW,,False,Forward,True,True,False,0.5914567360350492,0.1971522453450164,0.7886089813800657,0.4928806133625411,0.0985761226725082,0.0985761226725082,0.1971522453450164,0.0,2.8587075575027385,0.9857612267250822,0.4928806133625411,1.774370208105148,0.3943044906900328,0.5914567360350492,0.4928806133625411,0.3943044906900328,0.0,1.1206581962529736,0.8224200114096573,0.9472056750561926,0.47414595642035823,-0.08875820244009758,-0.38195128792112654,0.5224022929786798,-0.3123804986882741,1.106711627542357,-1.540011850075512,-0.36505513839371134,0.5144971687719566
Antoine Griezmann,fr FRA,FW,Atlético Madrid,es La Liga,34.0,1991.0,34,13,1481,16.5,7,4,11,7,0,0,1,0,47,25,4,10,15,80,8,9,0,53.2,0.15,0.28,1.86,0.55,0.13,,,,,,,,,,,,,,,FW,,False,Forward,True,True,True,0.425388251181634,0.2430790006752194,0.6684672518568535,0.425388251181634,0.0,0.0,0.0607697501688048,0.0,2.8561782579338284,1.5192437542201216,0.2430790006752194,0.6076975016880486,0.9115462525320728,4.861580013504389,0.4861580013504389,0.5469277515192438,0.0,0.26565957714054944,1.2873481886424438,0.5513319359222096,0.4708411793190507,1.2840333123777,2.5742294793617027,-1.2368583033772251,0.1529541959484138,1.0736777432190683,-1.97619872628615,1.238988166528988,-0.8449930718743428
Vincenzo Grifo,it ITA,MF,Freiburg,de Bundesliga,32.0,1993.0,33,21,1710,19.0,7,4,11,3,4,4,0,0,30,12,10,12,2,111,16,5,0,40.0,0.1,0.25,1.42,-0.32,-0.32,,,,,,,,,,,,,,,MF,,False,Midfielder,True,True,True,0.368421052631579,0.2105263157894737,0.5789473684210527,0.1578947368421052,0.2105263157894737,0.2105263157894737,0.0,0.0,1.5789473684210529,0.631578947368421,0.5263157894736842,0.631578947368421,0.1052631578947368,5.842105263157894,0.8421052631578948,0.2631578947368421,0.0,1.741105191220398,0.8300717675858481,0.26593869747765353,0.2468978711243825,0.5353782569778339,1.7958949599245877,-0.9285378304641044,-1.8618618996566094,0.14869108412647875,-1.3532172494926318,-0.22712653158268933,-1.5830153866876162
Álex Grimaldo,es ESP,MF,Leverkusen,de Bundesliga,29.0,1995.0,29,29,2521,28.0,8,7,15,5,3,3,5,0,61,21,11,29,8,174,18,25,0,34.4,0.08,0.24,1.79,0.71,0.55,,,,,,,,,,,,,,,MF,,False,Midfielder,True,True,True,0.2856009520031733,0.2499008330027766,0.53550178500595,0.1785005950019833,0.10710035700119,0.10710035700119,0.1785005950019833,0.0,2.177707259024197,0.74970249900833,0.3927013090043634,1.0353034510115031,0.2856009520031733,6.2118207060690205,0.6426021420071399,0.8925029750099167,0.0,1.117236897030855,1.2015941019438572,0.4387841089760806,1.0363506994451195,0.9012901066844534,1.9887246797071467,-0.31713194189845606,-0.3611519379094573,-0.3564402702533817,-1.6227747738591336,0.8627932489511322,-0.09799729721987496
Pascal Groß,de GER,MF,Brighton,eng Premier League,34.0,1991.0,19,18,1636,18.2,1,3,4,1,0,0,2,0,18,9,17,12,4,119,11,17,0,50.0,0.06,0.11,1.47,0.28,0.22,,,,,,,,,,,,,,,MF,,False,Midfielder,True,True,True,0.0550122249388753,0.1650366748166259,0.2200488997555012,0.0550122249388753,0.0,0.0,0.1100244498777506,0.0,0.9902200488997556,0.4951100244498778,0.93520782396088,0.6601466992665037,0.2200488997555012,6.5464547677261615,0.6051344743276283,0.93520782396088,0.0,-0.6197447622693946,0.4008495497797021,-0.5970571538929357,-0.5293272147570361,0.11263786931306702,2.16325726571697,-0.8852744377892527,-0.25931974084547105,-0.45130642378139935,-0.5283072235552981,0.46661185640086145,-0.6676778308078665
Ilia Gruev,bg BUL,MF,Leeds United,eng Premier League,25.0,2000.0,23,15,1323,14.7,0,3,3,0,0,0,3,0,7,1,16,9,0,16,14,13,0,14.3,0.0,0.0,1.52,-0.34,-0.25,,,,,,,,,,,,,,,MF,,False,Midfielder,True,True,False,0.0,0.2040816326530612,0.2040816326530612,0.0,0.0,0.0,0.2040816326530612,0.0,0.4761904761904761,0.0680272108843537,1.08843537414966,0.6122448979591837,0.0,1.08843537414966,0.9523809523809524,0.8843537414965987,0.0,-1.0341415412128914,0.7692622925117328,-1.0585089693537577,-1.2070648294243567,-1.2103384560691917,-0.6834411084272924,-0.9578175782920375,-0.38058425937724977,0.4279032986076902,-0.2191817534075086,-0.8633126317738823,0.11482162172425518
Marco Grüll,at AUT,"MF,FW",Werder Bremen,de Bundesliga,27.0,1998.0,33,23,2006,22.3,3,1,4,3,0,0,5,0,43,13,33,28,2,69,14,20,0,30.2,0.07,0.23,0.94,-0.76,-0.25,,,,,,,,,,,,,,,MF,FW,True,Midfielder,True,True,True,0.1345962113659023,0.044865403788634,0.1794616151545363,0.1345962113659023,0.0,0.0,0.2243270189431705,0.0,1.9292123629112663,0.5832502492522433,1.4805583250249252,1.2562313060817547,0.0897308075772681,3.0957128614157527,0.6281156530408774,0.897308075772682,0.0,-0.02025350977984946,-0.733038921619879,0.07050673866304905,0.7087151954002353,0.38567023452087373,0.3634796053726,0.01744421168955151,-0.3496938955604938,-0.3931192943685362,0.5718978624691075,-0.3210004526477909,0.2832511155796705
Nemanja Gudelj,rs SRB,"DF,MF",Sevilla,es La Liga,33.0,1991.0,34,26,2348,26.1,2,0,2,2,0,0,9,0,31,9,40,11,0,7,23,23,0,29.0,0.06,0.22,1.18,-0.31,0.2,,,,,,,,,,,,,,,DF,MF,True,Defender,True,True,True,0.0766609880749574,0.0,0.0766609880749574,0.0766609880749574,0.0,0.0,0.3449744463373083,0.0,1.18824531516184,0.3449744463373083,1.533219761499148,0.4216354344122657,0.0,0.2683134582623509,0.8816013628620103,0.8816013628620103,0.0,0.615126522473961,-0.8042256269931214,0.6791186779299678,1.8789099659693804,1.3606800821220322,-0.611856080697574,-0.7820511085072921,-0.43211352908183626,-0.5494291721794149,1.2655002672490074,-0.807986293660309,1.2453768629201107
Gabriel Gudmundsson,se SWE,"DF,MF",Leeds United,eng Premier League,26.0,1999.0,32,31,2631,29.2,0,0,0,0,0,0,6,1,18,3,31,56,3,88,28,47,1,16.7,0.0,0.0,1.19,-0.17,0.06,,,,,,,,,,,,,,,DF,MF,True,Defender,True,True,True,0.0,0.0,0.0,0.0,0.0,0.0,0.2052451539338654,0.0342075256556442,0.6157354618015963,0.1026225769669327,1.060433295324971,1.915621436716077,0.1026225769669327,3.0102622576966938,0.9578107183580388,1.6077537058152795,0.0342075256556442,-0.809444991619996,-0.8042256269931214,-0.8221765122714052,0.12959944592528364,-0.45556958061122876,1.23486786871092,2.5679297045916556,1.4293179508782101,-0.3424670969454441,0.041705356178296064,0.5261370759040627,0.019291553931486877
Gonçalo Guedes,pt POR,MF,Real Sociedad,es La Liga,28.0,1996.0,32,22,1823,20.3,8,4,12,8,0,0,3,0,46,18,18,33,13,70,4,16,0,39.1,0.17,0.44,1.31,0.3,0.75,,,,,,,,,,,,,,,MF,,False,Midfielder,True,True,True,0.3949533735600658,0.1974766867800329,0.5924300603400987,0.3949533735600658,0.0,0.0,0.1481075150850246,0.0,2.2709818979703784,0.8886450905101482,0.8886450905101482,1.6291826659352715,0.6417992320351069,3.4558420186505763,0.1974766867800329,0.7899067471201316,0.0,1.9409681915421744,0.7069406417912332,2.2544265000654624,1.1593314279179023,1.3316931884885446,0.5513094777964394,0.5822468320541417,-0.6057986127751361,-1.483474387669092,-0.6222441614727305,3.0155729983002333,-0.3508495270447722
Marc Guéhi,eng ENG,DF,Crystal Palace,eng Premier League,25.0,2000.0,20,20,1800,20.0,2,2,4,2,0,0,4,0,15,4,14,18,0,10,24,19,0,26.7,0.13,0.5,1.35,-0.05,0.45,,,,,,,,,,,,,,,DF,,False,Defender,True,True,True,0.1,0.1,0.2,0.1,0.0,0.0,0.2,0.0,0.75,0.2,0.7,0.9,0.0,0.5,1.2000000000000002,0.95,0.0,1.048829405653677,0.7881121719399763,1.1361796580579417,0.5398463050156568,0.27420284574192927,-0.4558133838132216,0.29059088004826206,-0.2567792791953606,0.31524737920777696,-0.8912664274019986,-0.807986293660309,-0.026733199154128598
Marc Guéhi,eng ENG,DF,Manchester City,eng Premier League,25.0,2000.0,15,15,1350,15.0,1,1,2,1,0,0,2,0,17,5,11,20,0,7,25,12,0,29.4,0.06,0.2,2.33,1.27,0.27,,,,,,,,,,,,,,,DF,,False,Defender,True,True,True,0.0666666666666666,0.0666666666666666,0.1333333333333333,0.0666666666666666,0.0,0.0,0.1333333333333333,0.0,1.1333333333333333,0.3333333333333333,0.7333333333333333,1.3333333333333337,0.0,0.4666666666666667,1.6666666666666663,0.8,0.0,0.4294046065624514,0.25733290562894257,0.48339426794815793,1.7111257664044626,1.273438470896838,-0.47826364436986746,1.26225885424905,-0.6412918745254776,1.582576057520588,-0.8049840005117824,-0.807986293660309,-0.6117144811263803
Mattéo Guendouzi,fr FRA,MF,Lazio,it Serie A,26.0,1999.0,16,16,1428,15.9,2,1,3,2,0,0,5,1,16,8,17,21,0,20,11,8,0,50.0,0.13,0.25,1.25,0.06,0.06,,,,,,,,,,,,,,,MF,,False,Midfielder,True,True,True,0.1260504201680672,0.0630252100840336,0.1890756302521008,0.1260504201680672,0.0,0.0,0.315126050420168,0.0630252100840336,1.0084033613445378,0.5042016806722689,1.0714285714285714,1.3235294117647058,0.0,1.2605042016806722,0.6932773109243697,0.5042016806722689,0.0,-0.08462735304543971,-0.561690188889851,-0.00117679835389139,-0.5053528843734278,0.14080113310802272,-0.5936964563379435,0.11936137978952324,-1.2870789671935725,-0.22813342191467523,-0.25349174453110335,-0.8633126317738823,1.0386446998307144
Javier Guerra,es ESP,"MF,FW",Valencia,es La Liga,22.0,2003.0,36,25,2061,22.9,4,6,10,4,0,0,3,0,31,12,27,20,2,46,23,15,0,38.7,0.13,0.33,1.36,-0.04,0.49,,,,,,,,,,,,,,,MF,FW,True,Midfielder,True,True,True,0.1746724890829694,0.2620087336244541,0.4366812227074235,0.1746724890829694,0.0,0.0,0.131004366812227,0.0,1.3537117903930131,0.5240174672489083,1.1790393013100435,0.8733624454148471,0.0873362445414847,2.0087336244541483,1.004366812227074,0.6550218340611353,0.0,0.281633578343752,1.3158394520206986,0.40667331127487805,-0.050070691572055244,0.20218458305501852,-0.20344802962789663,-0.562377607020558,-0.9274395361127783,0.5595287470778911,-0.036394901133337564,-0.3354726359820627,-0.4931374817245378
Pape Gueye,sn SEN,MF,Villarreal,es La Liga,26.0,1999.0,30,26,2131,23.7,5,2,7,4,1,1,8,0,47,13,35,54,2,14,35,22,0,27.7,0.09,0.31,1.87,0.8,0.31,,,,,,,,,,,,,,,MF,,False,Midfielder,True,True,True,0.2111684655091506,0.0844673862036602,0.2956358517128108,0.1689347724073205,0.0422336931018301,0.0422336931018301,0.337869544814641,0.0,1.984983575786016,0.5490380103237916,1.4781792585640543,2.280619427498827,0.0844673862036602,0.5912717034256217,1.4781792585640543,0.9291412482402628,0.0,0.5565509279367111,-0.3593703157972156,0.3585443766695265,0.7822484136966343,0.279690830285918,-0.9427430476617589,1.568791538788637,-0.2737858436291351,1.759196809210002,0.567098268418798,-0.3528113500625074,1.2278569576000808
Bruno Guimarães,br BRA,MF,Newcastle United,eng Premier League,27.0,1997.0,29,27,2453,27.3,9,5,14,7,2,2,6,0,42,23,45,75,2,82,16,41,0,54.8,0.17,0.3,1.45,0.26,1.09,,,,,,,,,,,,,,,MF,,False,Midfielder,True,True,True,0.330207908683245,0.1834488381573583,0.5136567468406034,0.2568283734203017,0.0733795352629433,0.0733795352629433,0.22013860578883,0.0,1.54097024052181,0.8438646555238484,1.6510395434162248,2.751732572360375,0.0733795352629433,3.008560945780677,0.5870362821035466,1.5042804728903385,0.0,1.4532527405498668,0.5745794235422874,1.0958107170128681,0.19682579465086486,1.1929766364629624,0.31802443223160504,2.2822517037026757,1.09766710146959,-0.49713008958294497,0.9158313569461172,-0.4198237482325289,0.24840602556587418
Daouda Guindo,ml MLI,DF,Brest,fr Ligue 1,22.0,2002.0,25,19,1686,18.7,1,1,2,1,0,0,4,1,21,5,26,15,4,38,30,30,0,23.8,0.05,0.2,1.2,-0.21,0.31,,,,,,,,,,,,,,,DF,,False,Defender,True,True,True,0.0533807829181494,0.0533807829181494,0.1067615658362989,0.0533807829181494,0.0,0.0,0.2135231316725978,0.0533807829181494,1.1209964412811388,0.2669039145907473,1.387900355871886,0.8007117437722421,0.2135231316725978,2.0284697508896796,1.6014234875444842,1.6014234875444842,0.0,0.18251643041221255,0.04577675677899371,0.22320934377628748,1.6734302491572293,0.7755986576523993,0.5736229409995227,0.06795575976190608,1.4130909598361459,1.4053948747366427,0.8893449374960908,1.9678765654332944,0.09192848437760845
Serhou Guirassy,gn GUI,FW,Dortmund,de Bundesliga,29.0,1996.0,33,27,2337,26.0,17,1,18,16,1,3,3,0,84,40,37,36,7,4,0,1,0,47.6,0.19,0.4,2.12,1.16,0.41,,,,,,,,,,,,,,,FW,,False,Forward,True,True,True,0.6546854942233633,0.0385109114249037,0.693196405648267,0.6161745827984596,0.0385109114249037,0.1155327342747111,0.1155327342747111,0.0,3.234916559691913,1.540436456996149,1.4249037227214378,1.386392811296534,0.269576379974326,0.1540436456996149,0.0,0.0385109114249037,0.0,1.446189563549543,-0.7835463949467445,1.6703814999360576,0.9656997885653853,1.3385677367450595,-0.6847697502896622,-0.06264040385296518,-1.3971633532906411,-1.3152281092294456,0.08742459540591571,-0.7518554814609166,-0.2991037893498077
Arda Güler,tr TUR,MF,Real Madrid,es La Liga,20.0,2005.0,33,25,2014,22.4,4,9,13,4,0,0,1,0,49,19,21,32,3,129,8,28,0,38.8,0.08,0.21,2.3,0.98,-0.3,,,,,,,,,,,,,,,MF,,False,Midfielder,True,True,True,0.1787487586891757,0.4021847070506455,0.5809334657398213,0.1787487586891757,0.0,0.0,0.0446871896722939,0.0,2.189672293942403,0.8490566037735848,0.9384309831181727,1.429990069513406,0.1340615690168818,5.7646474677259185,0.3574975173783515,1.2512413108242304,0.0,0.31233935322913514,2.638484364365423,0.44086574781387766,1.0521263564411472,1.2090597575786692,1.7554958765903463,0.2805868502793493,0.49428049668356244,-1.0783101054118815,-0.5218047337051913,-0.053075617379438264,-1.2112447209926636
Gerard Gumbau,es ESP,MF,Rayo Vallecano,es La Liga,30.0,1994.0,28,14,1175,13.1,0,3,3,0,0,0,4,0,20,5,38,5,0,52,11,16,0,25.0,0.0,0.0,1.21,-0.31,-0.35,,,,,,,,,,,,,,,MF,,False,Midfielder,True,True,False,0.0,0.2297872340425532,0.2297872340425532,0.0,0.0,0.0,0.3063829787234042,0.0,1.5319148936170213,0.3829787234042553,2.91063829787234,0.3829787234042553,0.0,3.9829787234042553,0.8425531914893618,1.225531914893617,0.0,-1.0341415412128914,1.011810156211607,-1.0585089693537577,0.18488650256132666,-0.23471175915637657,0.8262442283288587,-1.3050213965069613,0.4329749462106292,0.14982521497833676,3.4569804955253005,-0.8633126317738823,0.965907577430291
Christian Günter,de GER,DF,Freiburg,de Bundesliga,32.0,1993.0,24,18,1547,17.2,0,3,3,0,0,0,3,0,9,0,10,6,5,73,10,12,0,0.0,0.0,,1.33,-0.58,-0.82,,,,,,,,,,,,,,,DF,,False,Defender,True,True,True,0.0,0.1745313510019392,0.1745313510019392,0.0,0.0,0.0,0.1745313510019392,0.0,0.5235940530058177,0.0,0.5817711700064641,0.3490627020038784,0.290885585003232,4.246929541047188,0.5817711700064641,0.6981254040077569,0.0,-0.809444991619996,1.974903045999356,-0.8221765122714052,-0.1519397010293042,-1.2246505919904345,2.0677729507038576,-0.9447817236183848,-0.9024389765467081,-1.363679319386333,-1.19729853880899,2.9736109755961677,-0.25021344326893225
Jon Guridi,es ESP,"MF,FW",Alavés,es La Liga,30.0,1995.0,28,15,1238,13.8,0,0,0,0,0,0,1,0,15,4,15,8,2,12,10,19,0,26.7,0.0,0.0,1.11,-0.73,-0.64,,,,,,,,,,,,,,,MF,FW,True,Midfielder,True,True,False,0.0,0.0,0.0,0.0,0.0,0.0,0.0726978998384491,0.0,1.0904684975767367,0.2907915993537964,1.0904684975767367,0.5815831987075929,0.1453957996768982,0.8723747980613893,0.7269789983844911,1.381260096930533,0.0,-1.0341415412128914,-1.1563710848352395,-1.0585089693537577,-0.39715165893767745,-0.5202802221100444,-0.7961302079550463,-1.0042520733664926,0.8043178571716071,-0.1428025311826259,-0.2150800743394215,0.015425842642062988,-0.9782123812678786
Gorka Guruzeta,es ESP,FW,Athletic Club,es La Liga,28.0,1996.0,35,28,2363,26.3,10,3,13,9,1,1,6,1,84,32,49,30,11,7,11,6,0,38.1,0.11,0.28,1.2,-0.23,0.54,,,,,,,,,,,,,,,FW,,False,Forward,True,True,True,0.3808717731696995,0.1142615319509098,0.4951333051206094,0.3427845958527296,0.0380871773169699,0.0380871773169699,0.2285230639018197,0.0380871773169699,3.199322894625476,1.2187896741430386,1.8662716885315276,1.142615319509099,0.4189589504866695,0.2666102412187897,0.4189589504866695,0.2285230639018197,0.0,0.03646782374104933,-0.0167036760959406,0.0668235138649532,0.9191931862201925,0.5108855700159938,-0.6068405704769656,-0.4302397598858853,-0.8178332664498893,0.7434719141644783,0.8581118307486433,-0.2885980073367685,0.8272082803699412
Malo Gusto,fr FRA,"DF,MF",Chelsea,eng Premier League,22.0,2003.0,34,26,2261,25.1,2,3,5,2,0,0,5,1,12,6,20,20,1,58,30,23,1,50.0,0.17,0.33,1.32,0.28,0.36,,,,,,,,,,,,,,,DF,MF,True,Defender,True,True,True,0.079610791685095,0.1194161875276426,0.1990269792127377,0.079610791685095,0.0,0.0,0.1990269792127377,0.0398053958425475,0.4776647501105706,0.2388323750552853,0.796107916850951,0.796107916850951,0.0398053958425475,2.3087129588677575,1.1941618752764265,0.9155241043785936,0.0398053958425475,0.6699419677310025,1.097283465054363,0.7368863389416952,-0.29227722056958705,0.5652230399765634,0.7623689321496665,0.05763254935071685,-0.34515538654014194,0.2993927587297369,-0.6424936981241042,-0.29050456207784425,-0.03527118336690386
Miguel Gutiérrez,es ESP,"MF,DF",Napoli,it Serie A,24.0,2001.0,28,15,1488,16.5,1,1,2,1,0,0,0,0,15,5,19,28,1,48,7,22,0,33.3,0.07,0.2,1.89,0.36,-0.38,,,,,,,,,,,,,,,MF,DF,True,Midfielder,True,True,True,0.0604838709677419,0.0604838709677419,0.1209677419354838,0.0604838709677419,0.0,0.0,0.0,0.0,0.907258064516129,0.3024193548387097,1.1491935483870968,1.6935483870967742,0.0604838709677419,2.903225806451613,0.4233870967741935,1.3306451612903227,0.0,-0.5785278783422191,-0.585669257274746,-0.5511600647207574,-0.6387109163753605,-0.48426087238382587,0.2630855710356911,0.6797231570847085,0.6836235981563525,-0.9114811741763108,-0.09660654318369949,-0.4977621508172492,-1.5830153866876162
Albert Guðmundsson,is ISL,"FW,MF",Fiorentina,it Serie A,28.0,1997.0,33,27,2250,25.0,5,4,9,2,3,3,4,1,41,15,34,30,6,54,3,4,0,36.6,0.05,0.13,1.0,0.04,0.81,,,,,,,,,,,,,,,FW,MF,True,Forward,True,True,True,0.2,0.16,0.36,0.08,0.12,0.12,0.16,0.04,1.64,0.6000000000000001,1.36,1.2000000000000002,0.24,2.16,0.12,0.16,0.0,-0.8947450817841036,0.44631842129788296,-1.474528976779707,-1.1182145843126445,-1.0814237753511455,0.7039418182685966,-0.34370768738017643,-1.0267539699067818,-0.7255665146500708,-0.025905946233706713,-0.8435762159057034,0.14415554318878906
Joško Gvardiol,hr CRO,DF,Manchester City,eng Premier League,23.0,2002.0,18,16,1372,15.2,2,2,4,2,0,0,2,0,17,6,16,7,0,2,16,13,0,35.3,0.12,0.33,2.17,1.57,0.78,,,,,,,,,,,,,,,DF,,False,Defender,True,True,True,0.1311953352769679,0.1311953352769679,0.2623906705539358,0.1311953352769679,0.0,0.0,0.1311953352769679,0.0,1.1151603498542275,0.3935860058309038,1.0495626822157431,0.4591836734693877,0.0,0.1311953352769679,1.0495626822157431,0.8527696793002916,0.0,1.6285243342492535,1.2848472870590468,1.7470954313093696,1.6555980038795026,1.724988097424567,-0.7042062083393756,-0.6978562899393521,-0.5060211655755239,-0.09329589318460965,0.01356706975283241,-0.807986293660309,-0.6304748137843826
Viktor Gyökeres,se SWE,FW,Arsenal,eng Premier League,27.0,1998.0,36,26,2224,24.7,14,1,15,11,3,3,5,0,55,22,35,31,4,8,1,5,0,40.0,0.2,0.5,2.25,1.5,0.97,,,,,,,,,,,,,,,FW,,False,Forward,True,True,True,0.5665467625899281,0.0404676258992805,0.6070143884892086,0.4451438848920863,0.1214028776978417,0.1214028776978417,0.2023381294964028,0.0,2.2257194244604315,0.8902877697841726,1.41636690647482,1.254496402877698,0.1618705035971223,0.3237410071942446,0.0404676258992805,0.2023381294964028,0.0,0.992409944235109,-0.7637380786963096,0.6672078118465897,-0.3529149078563917,-0.3344366357980143,-0.5672892834010413,-0.26153093489549606,-0.8976687934162632,-1.1163764024243512,0.07251817758363638,-1.0858673549191276,0.5661911848098876
Erling Haaland,no NOR,FW,Manchester City,eng Premier League,25.0,2000.0,35,34,2953,32.8,27,8,35,24,3,4,2,0,126,59,24,25,5,3,4,7,0,46.8,0.19,0.41,2.06,1.13,0.16,,,,,,,,,,,,,,,FW,,False,Forward,True,True,True,0.8228919742634608,0.2438198442262106,1.0667118184896716,0.7314595326786318,0.0914324415848289,0.1219099221131053,0.0609549610565526,0.0,3.8401625465628175,1.7981713511683035,0.7314595326786318,0.7619370132069082,0.1523874026413816,0.0914324415848289,0.1219099221131053,0.2133423636979343,0.0,2.3121955868295663,1.2948479355612186,2.3465807423423075,1.7565128273432036,2.0017877253233856,-0.7281151118620435,-1.0042759402827528,-0.8641178658966998,-0.7161814503272701,-1.1234212907645347,-1.1152758553924655,-0.8431468496445087
Janik Haberer,de GER,MF,Union Berlin,de Bundesliga,31.0,1994.0,28,20,1646,18.3,0,1,1,0,0,0,8,0,11,1,24,21,1,67,10,19,0,9.1,0.0,0.0,1.0,-1.2,-1.71,,,,,,,,,,,,,,,MF,,False,Midfielder,True,True,True,0.0,0.0546780072904009,0.0546780072904009,0.0,0.0,0.0,0.4374240583232077,0.0,0.6014580801944107,0.0546780072904009,1.3122721749696231,1.1482381530984205,0.0546780072904009,3.663426488456865,0.5467800729040098,1.0388821385176186,0.0,-1.0341415412128914,-0.6404510851936759,-1.0585089693537577,-1.0419020223795306,-1.2516903432361468,0.6595777579331171,-0.14610209046196235,-0.012102305595009438,-0.5990566828004773,0.2323927591693747,-0.5328514436429774,2.056090910807573
Albian Hajdari,xk KVX,DF,Hoffenheim,de Bundesliga,22.0,2003.0,30,28,2434,27.0,1,2,3,1,0,0,10,0,19,4,43,23,0,19,42,38,0,21.1,0.05,0.25,1.77,0.55,0.84,,,,,,,,,,,,,,,DF,,False,Defender,True,True,True,0.0369761709120788,0.0739523418241577,0.1109285127362366,0.0369761709120788,0.0,0.0,0.3697617091207889,0.0,0.7025472473294988,0.1479046836483155,1.589975349219392,0.8504519309778144,0.0,0.7025472473294988,1.552999178307313,1.4050944946589976,0.0,-0.12232627446868051,0.373345465069152,-0.09805138766318498,0.39485386695655883,-0.11621337427545754,-0.31939622948586277,0.17948871423515145,0.9098178225498353,1.2738887694000245,1.4124105626915031,-0.807986293660309,1.4628781343150639
Achraf Hakimi,ma MAR,DF,Paris Saint-Germain,fr Ligue 1,26.0,1998.0,18,15,1375,15.3,2,2,4,2,0,0,3,1,27,9,9,17,4,43,11,13,0,33.3,0.07,0.22,2.22,1.11,-0.38,,,,,,,,,,,,,,,DF,,False,Defender,True,True,True,0.1309090909090909,0.1309090909090909,0.2618181818181818,0.1309090909090909,0.0,0.0,0.1963636363636363,0.0654545454545454,1.767272727272727,0.5890909090909091,0.5890909090909091,1.1127272727272728,0.2618181818181818,2.8145454545454545,0.72,0.850909090909091,0.0,1.6232051284473574,1.2802893097920243,1.7414897470688302,3.6481349626300608,3.190154079148528,1.1030510719291478,0.7675915219286487,-0.5107906300498015,-0.9882906899139737,-1.1783515932367172,2.595726273926467,-0.05864126907988845
Lewis Hall,eng ENG,DF,Newcastle United,eng Premier League,20.0,2004.0,30,24,2181,24.2,1,1,2,1,0,0,4,0,25,6,17,40,0,102,29,31,0,24.0,0.04,0.17,1.3,-0.21,-0.42,,,,,,,,,,,,,,,DF,,False,Defender,True,True,True,0.0412654745529573,0.0412654745529573,0.0825309491059147,0.0412654745529573,0.0,0.0,0.1650618982118294,0.0,1.031636863823934,0.2475928473177441,0.7015130674002751,1.6506189821182944,0.0,4.209078404401651,1.1966987620357634,1.2792297111416782,0.0,-0.04261924308890777,-0.14713987777726356,-0.01405154514787946,1.4003910202337346,0.6308763598102906,2.042279914302132,1.973711862551816,0.5871738587437829,0.30628219303775067,-0.8873498935816723,-0.807986293660309,-0.3333052327599444
Dávid Hancko,sk SVK,DF,Atlético Madrid,es La Liga,27.0,1997.0,30,27,2432,27.0,0,2,2,0,0,0,2,0,21,5,15,4,2,29,19,27,0,23.8,0.0,0.0,1.9,0.63,0.54,,,,,,,,,,,,,,,DF,,False,Defender,True,True,True,0.0,0.0740131578947368,0.0740131578947368,0.0,0.0,0.0,0.0740131578947368,0.0,0.777138157894737,0.1850328947368421,0.5550986842105263,0.1480263157894736,0.0740131578947368,1.0731907894736843,0.703125,0.9991776315789472,0.0,-0.809444991619996,0.37431386234880865,-0.8221765122714052,0.6227672623079138,0.16203535985899722,-0.06976490664260995,-1.395567765465149,-0.13071648752463158,-1.0341182001565352,-1.2663395429790396,0.15420630100083696,-1.132232365249716
Hákon Haraldsson,is ISL,MF,Lille,fr Ligue 1,22.0,2003.0,32,29,2460,27.3,8,2,10,8,0,0,6,0,50,17,28,43,0,75,12,15,0,34.0,0.16,0.47,1.81,0.59,0.74,,,,,,,,,,,,,,,MF,,False,Midfielder,True,True,True,0.2926829268292683,0.073170731707317,0.3658536585365854,0.2926829268292683,0.0,0.0,0.2195121951219512,0.0,1.829268292682927,0.6219512195121951,1.024390243902439,1.573170731707317,0.0,2.74390243902439,0.4390243902439024,0.5487804878048781,0.0,1.1705840859466552,-0.4659610690547403,1.396564754528859,0.5769409564207838,0.5055544017056621,0.179988473295064,0.4974215957657868,-1.1807782078110036,-0.8718883739051783,-0.3483881590046548,-0.8633126317738823,0.24319466382368934
Conrad Harder,dk DEN,FW,RB Leipzig,de Bundesliga,20.0,2005.0,29,8,932,10.4,3,3,6,3,0,0,3,0,42,13,21,18,4,13,7,6,0,31.0,0.07,0.23,1.83,-0.39,-1.36,,,,,,,,,,,,,,,FW,,False,Forward,True,True,False,0.2896995708154506,0.2896995708154506,0.5793991416309013,0.2896995708154506,0.0,0.0,0.2896995708154506,0.0,4.0557939914163095,1.255364806866953,2.0278969957081547,1.738197424892704,0.3862660944206008,1.255364806866953,0.6759656652360515,0.5793991416309013,0.0,-0.43292952870139506,1.759300028937084,-0.24454456801074162,2.03825638592877,0.6050030514122167,0.07766829275764518,0.46785627350282327,0.2519565650495789,2.0063634911372046,1.1403311370835536,-0.38998339567978046,1.437028946859835
Jack Harrison,eng ENG,"FW,MF",Fiorentina,it Serie A,28.0,1996.0,15,10,981,10.9,1,3,4,1,0,0,1,0,13,4,9,7,0,56,2,6,0,30.8,0.08,0.25,1.6,0.28,0.72,,,,,,,,,,,,,,,FW,MF,True,Forward,True,True,False,0.091743119266055,0.2752293577981651,0.3669724770642202,0.091743119266055,0.0,0.0,0.091743119266055,0.0,1.1926605504587156,0.3669724770642202,0.8256880733944955,0.6422018348623854,0.0,5.137614678899083,0.1834862385321101,0.5504587155963303,0.0,-1.4521023890338292,1.612814397328086,-1.405650182457931,-1.7027072982352482,-1.6810651688703042,2.765326624788087,-1.1848281895130162,0.16371979014196744,-0.4136048759276492,-0.9588857123806345,-1.5878517589524646,-0.5362438225425856
Abdou Harroui,nl NED,MF,Hellas Verona,it Serie A,27.0,1998.0,23,11,907,10.1,1,0,1,0,1,1,3,0,12,2,22,1,2,28,1,17,0,16.7,0.0,0.0,0.57,-1.39,-0.6,,,,,,,,,,,,,,,MF,,False,Midfielder,True,True,False,0.0992282249173098,0.0,0.0992282249173098,0.0,0.0992282249173098,0.0992282249173098,0.2976846747519294,0.0,1.1907386990077178,0.1984564498346196,2.183020948180816,0.0992282249173098,0.1984564498346196,2.7783902976846746,0.0992282249173098,1.6868798235942668,0.0,-0.28667392230268124,-1.1563710848352395,-1.0585089693537577,-0.2649474225513026,-0.8063072242145445,0.19797604792543128,-1.7347370171662657,1.5330858775900695,-1.7322342983922612,1.9890652607390755,0.33611209956783805,0.8935428957036802
Quilindschy Hartman,nl NED,DF,Burnley,eng Premier League,23.0,2001.0,21,21,1825,20.3,0,5,5,0,0,0,1,0,9,3,13,3,1,74,32,31,0,33.3,0.0,0.0,0.52,-1.08,-0.24,,,,,,,,,,,,,,,DF,,False,Defender,True,True,True,0.0,0.2465753424657534,0.2465753424657534,0.0,0.0,0.0,0.0493150684931506,0.0,0.4438356164383562,0.147945205479452,0.6410958904109588,0.147945205479452,0.0493150684931506,3.649315068493151,1.578082191780822,1.5287671232876712,0.0,-0.809444991619996,3.1220867539378037,-0.8221765122714052,-0.3956425322222163,-0.11590969284594671,1.6652749320660403,-1.3957496399819769,1.226842378585229,1.3420068172146349,-1.04373811327649,-0.16687604976554068,-1.3489511652557935
Haissem Hassan,eg EGY,"MF,FW",Oviedo,es La Liga,23.0,2002.0,37,20,1942,21.6,0,3,3,0,0,0,1,0,34,8,12,25,3,113,6,26,0,23.5,0.0,0.0,0.76,-1.02,-0.29,,,,,,,,,,,,,,,MF,FW,True,Midfielder,True,True,True,0.0,0.1390319258496395,0.1390319258496395,0.0,0.0,0.0,0.0463439752832131,0.0,1.5756951596292483,0.3707518022657054,0.5561277033985582,1.1585993820803295,0.1390319258496395,5.23686920700309,0.2780638516992791,1.2049433573635426,0.0,-1.0341415412128914,0.15547904813594682,-1.0585089693537577,0.24260989948621314,-0.27258714698472725,1.480226514506995,-0.1304109041327899,0.38388033285482054,-1.2794319469970405,-1.293073875166812,-0.0230359340445259,-1.1974612565590714
Jorrel Hato,nl NED,DF,Chelsea,eng Premier League,19.0,2006.0,22,12,1148,12.8,0,0,0,0,0,0,7,0,4,0,15,2,0,7,17,19,0,0.0,0.0,,1.32,-1.1,-1.89,,,,,,,,,,,,,,,DF,,False,Defender,True,True,False,0.0,0.0,0.0,0.0,0.0,0.0,0.5487804878048781,0.0,0.313588850174216,0.0,1.17595818815331,0.156794425087108,0.0,0.5487804878048781,1.3327526132404182,1.489547038327526,0.0,-0.809444991619996,-0.8042256269931214,-0.8221765122714052,-0.7936130424069879,-1.2246505919904345,-0.42295934397422774,-1.3759069400832948,1.126304934204608,0.6757642232375288,0.3407383997621323,-0.807986293660309,3.033717654090943
Ayden Heaven,eng ENG,DF,Manchester Utd,eng Premier League,18.0,2006.0,17,11,924,10.3,0,1,1,0,0,0,2,0,3,0,7,9,0,1,1,13,1,0.0,0.0,,2.0,0.49,-0.02,,,,,,,,,,,,,,,DF,,False,Defender,True,True,False,0.0,0.0974025974025974,0.0974025974025974,0.0,0.0,0.0,0.1948051948051948,0.0,0.2922077922077922,0.0,0.6818181818181819,0.8766233766233766,0.0,0.0974025974025974,0.0974025974025974,1.2662337662337664,0.0974025974025974,-0.809444991619996,0.7467527485910644,-0.8221765122714052,-0.8589431138648203,-1.2246505919904345,-0.7269658814454372,0.23817322709437344,0.5538598287083937,-2.67908113995988,-0.9383295693421161,-0.807986293660309,-0.07231615619092767
Jan Paul van Hecke,nl NED,DF,Brighton,eng Premier League,25.0,2000.0,36,36,3210,35.7,3,3,6,3,0,0,9,0,23,10,27,43,4,23,45,31,1,43.5,0.13,0.3,1.44,0.22,1.08,,,,,,,,,,,,,,,DF,,False,Defender,True,True,True,0.0841121495327102,0.0841121495327102,0.1682242990654205,0.0841121495327102,0.0,0.0,0.2523364485981308,0.0,0.6448598130841121,0.2803738317757009,0.7570093457943925,1.205607476635514,0.1121495327102803,0.6448598130841121,1.2616822429906542,0.869158878504673,0.02803738317757,0.7535895481429051,0.5351239235113521,0.825038958099072,0.2185892402300231,0.8765458160455891,-0.35824916737546186,0.9758577978706721,-0.4640088087657973,0.4827581123893098,-0.7436992860850868,0.6499902734524057,0.4325044427680123
Hwang Hee-chan,kr KOR,"FW,MF",Wolves,eng Premier League,29.0,1996.0,26,18,1446,16.1,2,2,4,1,1,1,5,0,19,6,28,18,9,19,12,4,0,31.6,0.05,0.17,0.38,-1.18,-0.18,,,,,,,,,,,,,,,FW,MF,True,Forward,True,True,True,0.1244813278008298,0.1244813278008298,0.2489626556016597,0.0622406639004149,0.0622406639004149,0.0622406639004149,0.3112033195020747,0.0,1.1825726141078838,0.3734439834024896,1.7427385892116185,1.120331950207469,0.5601659751037344,1.1825726141078838,0.7468879668049793,0.2489626556016597,0.0,-1.2835507031787188,0.08675390591769172,-1.5786956492608892,-1.715888173075646,-1.6644122729807598,0.027274693730163793,-0.46384151756032016,-0.7555147763949105,2.3548648030903148,0.6424065912135567,0.14930588820024573,1.651382969632365
Torbjørn Heggem,no NOR,DF,Bologna,it Serie A,26.0,1999.0,27,23,2113,23.5,0,0,0,0,0,0,0,1,11,2,31,12,0,1,25,19,0,18.2,0.0,0.0,1.3,0.0,-0.21,,,,,,,,,,,,,,,DF,,False,Defender,True,True,True,0.0,0.0,0.0,0.0,0.0,0.0,0.0,0.0425934690014197,0.4685281590156176,0.0851869380028395,1.3203975390440132,0.5111216280170374,0.0,0.0425934690014197,1.0648367250354946,0.8092759110269759,0.0,-0.809444991619996,-0.8042256269931214,-0.8221765122714052,-0.3201941809955686,-0.586236917613186,-0.7638802578501099,-0.5813952582175506,-0.6175138437052526,-0.05181610925764748,0.7146157317610532,-0.807986293660309,-1.7816770450708828
Gauthier Hein,fr FRA,"MF,FW",Metz,fr Ligue 1,28.0,1996.0,29,26,2351,26.1,8,7,15,3,5,5,3,1,44,13,15,17,4,147,9,10,0,29.5,0.07,0.23,0.45,-1.3,-0.03,,,,,,,,,,,,,,,MF,FW,True,Midfielder,True,True,True,0.3062526584432156,0.2679710761378137,0.5742237345810294,0.1148447469162058,0.1914079115270097,0.1914079115270097,0.1148447469162058,0.0382815823054019,1.684389621437686,0.4976605699702254,0.5742237345810294,0.6507868991918332,0.1531263292216078,5.627392598894088,0.3445342407486176,0.3828158230540195,0.0,1.272802330676723,1.372097752200109,-0.09517187438067692,0.3859213531158708,0.12053870548125428,1.6839088806909186,-0.899449046538069,-1.5765306074032432,-1.1111324364280972,-1.256566444615331,0.06214736935494818,-0.6275758451610723
Jordan Henderson,eng ENG,MF,Brentford,eng Premier League,35.0,1990.0,32,22,1919,21.3,1,3,4,1,0,0,6,0,6,1,13,7,1,48,16,14,0,16.7,0.17,1.0,1.41,0.0,-0.18,,,,,,,,,,,,,,,MF,,False,Midfielder,True,True,True,0.0468994267847837,0.1406982803543512,0.1875977071391349,0.0468994267847837,0.0,0.0,0.2813965607087024,0.0,0.2813965607087024,0.0468994267847837,0.6096925482021887,0.3282959874934861,0.0468994267847837,2.2511724856696196,0.7503908285565398,0.6565919749869723,0.0,-0.6808569500969142,0.17120210861449692,-0.6651086722751208,-1.4638966745932944,-1.2757860865607202,-0.07700100511499346,-1.3878336767550825,-0.923695443717986,-0.08352501504601427,-1.1850106854015547,-0.5798633792134499,0.7580355378865429
Ramon Hendriks,nl NED,DF,Stuttgart,de Bundesliga,24.0,2001.0,31,22,2025,22.5,0,3,3,0,0,0,3,0,5,0,17,25,0,20,22,15,0,0.0,0.0,,1.77,0.53,-0.34,,,,,,,,,,,,,,,DF,,False,Defender,True,True,True,0.0,0.1333333333333333,0.1333333333333333,0.0,0.0,0.0,0.1333333333333333,0.0,0.2222222222222222,0.0,0.7555555555555555,1.1111111111111112,0.0,0.8888888888888888,0.9777777777777776,0.6666666666666667,0.0,-0.809444991619996,1.3188914382510082,-0.8221765122714052,-1.0727848374761777,-1.2246505919904345,-0.19389367731902063,0.7639675854281328,-0.9830808481522485,-0.28824246760784894,-0.7474623825849717,-0.807986293660309,-0.6117144811263803
Luis Henrique,br BRA,MF,Inter,it Serie A,23.0,2001.0,30,18,1624,18.0,1,2,3,1,0,0,1,0,15,7,5,0,1,39,7,16,0,46.7,0.07,0.14,2.47,1.16,-0.49,,,,,,,,,,,,,,,MF,,False,Midfielder,True,True,True,0.0554187192118226,0.1108374384236453,0.1662561576354679,0.0554187192118226,0.0,0.0,0.0554187192118226,0.0,0.83128078817734,0.3879310344827586,0.2770935960591133,0.0,0.0554187192118226,2.1613300492610836,0.3879310344827586,0.8866995073891626,0.0,-0.616682717104788,-0.11055295748300462,-0.5936474114141617,-0.7388854214400593,-0.21937096316861446,-0.12385945306304101,-1.8850095928432544,-0.3749906441203071,-1.001254049221787,-1.8560049506314042,-0.5283747526707606,-1.1219648197481862
Rico Henry,jm JAM,DF,Brentford,eng Premier League,28.0,1997.0,25,14,1328,14.8,0,1,1,0,0,0,2,0,5,0,15,17,2,26,7,11,0,0.0,0.0,,1.64,0.41,0.54,,,,,,,,,,,,,,,DF,,False,Defender,True,True,False,0.0,0.0677710843373494,0.0677710843373494,0.0,0.0,0.0,0.1355421686746988,0.0,0.338855421686747,0.0,1.016566265060241,1.1521084337349397,0.1355421686746988,1.7620481927710845,0.4743975903614457,0.7454819277108434,0.0,-0.809444991619996,0.2749189656573212,-0.8221765122714052,-0.7164107390878427,-1.2246505919904345,0.3941859390694223,0.8558963210163287,-0.7810444443141348,-1.6552742124804114,-0.07184325877292821,0.9541013495745618,-0.5923325711815164
Mario Hermoso,es ESP,DF,Roma,it Serie A,30.0,1995.0,27,25,2085,23.2,3,2,5,3,0,0,9,0,20,6,40,19,0,10,30,20,0,30.0,0.15,0.5,1.93,0.65,-0.23,,,,,,,,,,,,,,,DF,,False,Defender,True,True,True,0.1294964028776978,0.0863309352517985,0.2158273381294964,0.1294964028776978,0.0,0.0,0.3884892086330935,0.0,0.8633093525179856,0.2589928057553957,1.7266187050359711,0.8201438848920863,0.0,0.4316546762589928,1.2949640287769786,0.8633093525179856,0.0,1.5969535084466304,0.5704544871937245,1.7138242838385398,0.8860643503745623,0.7163106942816911,-0.5018444935876393,0.11152865790722044,-0.4790035848897449,0.5731416015160368,1.7661081734398363,-0.807986293660309,1.627206684407704
Lucas Hernández,fr FRA,DF,Paris Saint-Germain,fr Ligue 1,29.0,1996.0,25,20,1747,19.4,0,3,3,0,0,0,4,0,11,3,22,19,0,16,21,14,0,27.3,0.0,0.0,2.52,1.55,0.52,,,,,,,,,,,,,,,DF,,False,Defender,True,True,True,0.0,0.1545506582713222,0.1545506582713222,0.0,0.0,0.0,0.206067544361763,0.0,0.5666857469948483,0.1545506582713222,1.1333714939896966,0.9788208357183744,0.0,0.824270177447052,1.081854607899256,0.7212364052661706,0.0,-0.809444991619996,1.6567429231610638,-0.8221765122714052,-0.020272528527209507,-0.06640666472157933,-0.23741488458013904,0.46733168412661413,-0.8431958360497065,-0.005600571406048557,0.23050389999209311,-0.807986293660309,0.02650779903338568
Jorge Herrando,es ESP,DF,Osasuna,es La Liga,24.0,2001.0,28,17,1600,17.8,0,1,1,0,0,0,3,0,3,0,24,9,0,2,22,15,0,0.0,0.0,,1.18,-0.51,-0.65,,,,,,,,,,,,,,,DF,,False,Defender,True,True,True,0.0,0.05625,0.05625,0.0,0.0,0.0,0.1687499999999999,0.0,0.1687499999999999,0.0,1.35,0.50625,0.0,0.1125,1.2375,0.84375,0.0,-0.809444991619996,0.09146438490674605,-0.8221765122714052,-1.2361698348075876,-1.2246505919904345,-0.7167976627842291,-0.5923189618937995,-0.5291423675541935,0.4170862908579133,0.7912408969572154,-0.807986293660309,-0.3009431750786224
Santiago Hidalgo,ar ARG,"MF,FW",Toulouse,fr Ligue 1,20.0,2005.0,29,15,1396,15.5,4,6,10,4,0,0,4,0,34,14,41,30,8,12,8,20,0,41.2,0.12,0.29,1.41,0.84,1.49,,,,,,,,,,,,,,,MF,FW,True,Midfielder,True,True,True,0.2578796561604584,0.3868194842406877,0.6446991404011462,0.2578796561604584,0.0,0.0,0.2578796561604584,0.0,2.1919770773638967,0.9025787965616048,2.6432664756446993,1.9340974212034383,0.5157593123209169,0.7736389684813754,0.5157593123209169,1.2893982808022924,0.0,0.9084175715422962,2.493504213488607,1.1046290538379457,1.0551651668546702,1.3748556915099508,-0.8476271164977314,1.0440138915198303,0.5852680117227175,-0.6775996084291463,2.9175772345023177,2.2538169708821076,0.562388970646582
Isak Hien,se SWE,DF,Atalanta,it Serie A,26.0,1999.0,28,20,1970,21.9,1,0,1,1,0,0,5,0,9,3,36,21,0,0,29,34,1,33.3,0.11,0.33,1.57,0.18,-0.5,,,,,,,,,,,,,,,DF,,False,Defender,True,True,True,0.0456852791878172,0.0,0.0456852791878172,0.0456852791878172,0.0,0.0,0.2284263959390862,0.0,0.4111675126903553,0.1370558375634517,1.6446700507614214,0.9593908629441624,0.0,0.0,1.3248730964467006,1.5532994923857868,0.0456852791878172,0.039512854850208896,-0.8042256269931214,0.07250397163540186,-0.495460303428874,-0.1975175255240946,-0.7925672921629087,0.42376364808593336,1.2897290779953143,0.6543657855148309,1.5539863103039733,-0.807986293660309,0.222700443920333
Omar El Hilali,ma MAR,DF,Espanyol,es La Liga,21.0,2003.0,36,32,2826,31.4,0,2,2,0,0,0,9,0,1,0,44,24,3,57,39,55,0,0.0,0.0,,1.28,-0.38,-0.38,,,,,,,,,,,,,,,DF,,False,Defender,True,True,True,0.0,0.0636942675159235,0.0636942675159235,0.0,0.0,0.0,0.286624203821656,0.0,0.0318471337579617,0.0,1.4012738853503184,0.7643312101910827,0.0955414012738853,1.8152866242038217,1.2420382165605095,1.751592356687898,0.0,-0.809444991619996,0.21000227041649383,-0.8221765122714052,-1.6544781359412177,-1.2246505919904345,0.43004243878818443,-0.013620700311514236,1.7980364372502977,0.4294107451340442,0.9239619548807003,0.4340797308704274,0.73336986786714
James Hill,eng ENG,DF,Bournemouth,eng Premier League,23.0,2002.0,29,22,2106,23.4,0,3,3,0,0,0,5,0,12,2,17,13,2,11,37,20,2,16.7,0.0,0.0,1.76,0.43,0.84,,,,,,,,,,,,,,,DF,,False,Defender,True,True,True,0.0,0.1282051282051282,0.1282051282051282,0.0,0.0,0.0,0.2136752136752136,0.0,0.5128205128205129,0.0854700854700854,0.7264957264957266,0.5555555555555556,0.0854700854700854,0.4700854700854701,1.5811965811965811,0.8547008547008547,0.0854700854700854,-0.809444991619996,1.2372330895877728,-0.8221765122714052,-0.1848583784523334,-0.5841149348398522,-0.4759610535435448,-0.4817605866241586,-0.5010707571401359,1.3504645779761177,-0.8226829598738777,0.30314969409653175,0.09326296125043511
Piero Hincapié,ec ECU,DF,Arsenal,eng Premier League,23.0,2002.0,25,20,1792,19.9,1,2,3,1,0,0,2,0,3,2,18,14,1,33,26,26,1,66.7,0.33,0.5,2.32,1.1,-0.11,,,,,,,,,,,,,,,DF,,False,Defender,True,True,True,0.0502232142857142,0.1004464285714285,0.1506696428571428,0.0502232142857142,0.0,0.0,0.1004464285714285,0.0,0.1506696428571428,0.1004464285714285,0.9040178571428572,0.703125,0.0502232142857142,1.6573660714285714,1.3058035714285714,1.3058035714285714,0.0502232142857142,0.12384014093932476,0.7952208228280694,0.16137290363060874,-1.2914145764841167,-0.47187821812931485,0.3236817120765673,-0.15086404092276873,0.6552937519894713,0.6025785942206622,-0.3631717521051846,-0.1550698901402464,-0.9002878367421564
Jack Hinshelwood,eng ENG,MF,Brighton,eng Premier League,20.0,2005.0,27,20,1741,19.3,4,3,7,4,0,0,0,0,37,15,32,12,2,7,6,13,1,40.5,0.11,0.27,1.33,0.0,-0.32,,,,,,,,,,,,,,,MF,,False,Midfielder,True,True,True,0.2067777139574957,0.1550832854681217,0.3618609994256174,0.2067777139574957,0.0,0.0,0.0,0.0,1.9126938541068352,0.7754164273406089,1.6542217116599656,0.6203331418724871,0.1033888569787478,0.3618609994256174,0.3101665709362435,0.672027570361861,0.0516944284893739,0.5234762195029287,0.30693331391837536,0.6759773490699177,0.6869358750082781,0.9809442565018444,-1.0623950736066807,-0.9455686315173804,-0.8868883684413466,-1.1981495592634144,0.922251150600873,-0.23845437139080358,-1.5830153866876162
Jonas Hofmann,de GER,MF,Leverkusen,de Bundesliga,33.0,1992.0,23,11,1013,11.3,2,2,4,2,0,0,3,0,23,7,4,9,2,37,2,10,0,30.4,0.09,0.29,1.65,0.98,0.54,,,,,,,,,,,,,,,MF,,False,Midfielder,True,True,False,0.1776900296150049,0.1776900296150049,0.3553800592300098,0.1776900296150049,0.0,0.0,0.2665350444225074,0.0,2.043435340572557,0.6219151036525173,0.3553800592300098,0.7996051332675221,0.1776900296150049,3.2872655478775914,0.1776900296150049,0.8884501480750246,0.0,0.3043641455621541,0.5202415892220453,0.43198494988396113,0.859315885575204,0.5054425254469908,0.46338630811455656,-0.6740766853889012,-0.37081613954553055,-1.533573157426523,-1.6980676886697297,0.21060467457058,0.6343966193626367
Lucas Höler,de GER,"FW,MF",Freiburg,de Bundesliga,31.0,1994.0,33,25,2037,22.6,3,1,4,3,0,0,4,0,33,15,30,30,12,8,11,12,0,45.5,0.09,0.2,1.33,-0.66,-1.45,,,,,,,,,,,,,,,FW,MF,True,Forward,True,True,True,0.1325478645066274,0.0441826215022091,0.1767304860088365,0.1325478645066274,0.0,0.0,0.1767304860088365,0.0,1.4580265095729017,0.6627393225331369,1.325478645066274,1.325478645066274,0.5301914580265096,0.353460972017673,0.4860088365243004,0.5301914580265096,0.0,-1.2420203806099042,-0.7261302372174332,-1.1663115884182538,-1.3559807357011944,-0.919978919746745,-0.5467143297740797,-0.1544946932516386,0.10192673146181509,1.0729447701421018,-0.0861848283798702,0.0563504716368459,0.31092865011057785
Franck Honorat,fr FRA,"MF,FW",Gladbach,de Bundesliga,28.0,1996.0,28,24,1977,22.0,2,6,8,2,0,0,0,0,17,5,12,6,10,134,5,13,0,29.4,0.12,0.4,1.18,-0.36,-0.11,,,,,,,,,,,,,,,MF,FW,True,Midfielder,True,True,True,0.0910470409711684,0.2731411229135053,0.3641881638846738,0.0910470409711684,0.0,0.0,0.0,0.0,0.7738998482549317,0.2276176024279211,0.5462822458270107,0.2731411229135053,0.4552352048558422,6.100151745068285,0.2276176024279211,0.5918057663125948,0.0,-0.34830124748344227,1.4208802639053215,-0.2947910431080273,-0.8145410323525007,-0.7159745925178621,1.9304823344898885,-1.4713609550920288,-1.0781819278250544,-1.40715918289612,-1.3129363718057985,1.8880233098724009,-1.5830153866876162
Mathias Honsak,at AUT,"MF,FW",Heidenheim,de Bundesliga,28.0,1996.0,27,15,1249,13.9,2,1,3,2,0,0,1,0,31,8,11,15,9,25,17,12,0,25.8,0.06,0.25,0.63,-1.37,-0.77,,,,,,,,,,,,,,,MF,FW,True,Midfielder,True,True,False,0.144115292233787,0.0720576461168935,0.2161729383506805,0.144115292233787,0.0,0.0,0.0720576461168935,0.0,2.233787029623699,0.5764611689351481,0.7926341072858287,1.0808646917534028,0.6485188150520417,1.8014411529223375,1.2249799839871898,0.8646917534027221,0.0,0.05145194213628475,-0.4764637034020812,0.150354393486762,1.1102907448726087,0.3646396703179954,-0.31156401440736337,-0.2481333782031956,-0.42746941400089666,1.1181096334441516,-0.8159393572257365,3.056184598787553,-0.9835389089377082
Andreas Hountondji,bj BEN,FW,St Pauli,de Bundesliga,23.0,2002.0,21,15,1067,11.9,4,0,4,4,0,1,2,0,21,13,9,6,7,20,0,0,0,61.9,0.19,0.31,0.48,-1.27,-0.54,,,,,,,,,,,,,,,FW,,False,Forward,True,True,False,0.3373945641986879,0.0,0.3373945641986879,0.3373945641986879,0.0,0.0843486410496719,0.1686972820993439,0.0,1.7713214620431117,1.0965323336457358,0.7591377694470478,0.5060918462980318,0.5904404873477038,1.6869728209934394,0.0,0.0,0.0,-0.1873732841361551,-1.1734021059287691,0.03520849972132872,-0.9466302587527793,0.1962851266857326,0.3764679356386852,-1.3900725038221167,-1.5145796836109684,-1.3152281092294456,-1.0750914040790331,0.24319163420381293,0.23085193423903985
Robin Hranáč,cz CZE,DF,Hoffenheim,de Bundesliga,25.0,2000.0,29,26,2251,25.0,1,0,1,1,0,0,5,0,8,3,26,10,0,6,20,15,0,37.5,0.13,0.33,1.97,0.64,0.97,,,,,,,,,,,,,,,DF,,False,Defender,True,True,True,0.0399822301199466,0.0,0.0399822301199466,0.0399822301199466,0.0,0.0,0.1999111505997334,0.0,0.3198578409595735,0.11994669035984,1.039537983118614,0.3998223011994669,0.0,0.2398933807196801,0.7996446023989338,0.5997334517992003,0.0,-0.06646544584198531,-0.8042256269931214,-0.039182041682152335,-0.7744580681012708,-0.32573804603810674,-0.6309972250737652,-0.8309629307223354,-1.1546586092354345,-0.7719994998575661,-0.012381591255501315,-0.807986293660309,-0.027512827695184917
Callum Hudson-Odoi,eng ENG,MF,Nottingham Forest,eng Premier League,24.0,2000.0,30,21,1841,20.5,3,4,7,3,0,0,0,0,30,10,12,12,2,91,8,7,0,33.3,0.1,0.3,1.0,-0.24,-0.36,,,,,,,,,,,,,,,MF,,False,Midfielder,True,True,True,0.1466594242259641,0.1955458989679522,0.3422053231939163,0.1466594242259641,0.0,0.0,0.0,0.0,1.4665942422596414,0.4888647474198804,0.5866376969038566,0.5866376969038566,0.0977729494839761,4.448669201520913,0.3910917979359044,0.3422053231939163,0.0,0.0706164115598849,0.688722493459198,0.17169500146737932,0.09876254240445786,0.09329184696400207,1.0691309297702891,-0.9965974724367652,-1.6733687072023935,-0.993251163278186,-1.2315221759135666,-0.27239561312807004,-1.5830153866876162
Will Hughes,eng ENG,MF,Crystal Palace,eng Premier League,30.0,1995.0,31,19,1571,17.5,0,0,0,0,0,0,7,0,17,0,24,25,0,45,15,16,0,0.0,0.0,,1.26,-0.4,-0.25,,,,,,,,,,,,,,,MF,,False,Midfielder,True,True,True,0.0,0.0,0.0,0.0,0.0,0.0,0.4010184595798854,0.0,0.973901973265436,0.0,1.3749204328453215,1.4322087842138764,0.0,2.577975811584978,0.8593252705283259,0.9166136218968808,0.0,-1.0341415412128914,-1.1563710848352395,-1.0585089693537577,-0.5508422680604372,-1.421066648876647,0.09344736259199245,0.28394690204899375,-0.3036586975527757,0.19229123231104817,0.3587810760608583,-0.8633126317738823,1.7532181237945275
Dean Huijsen,es ESP,DF,Real Madrid,es La Liga,20.0,2005.0,28,24,2034,22.6,2,2,4,2,0,0,7,1,20,5,21,13,1,1,18,18,0,25.0,0.1,0.4,2.39,1.37,0.66,,,,,,,,,,,,,,,DF,,False,Defender,True,True,True,0.0884955752212389,0.0884955752212389,0.1769911504424778,0.0884955752212389,0.0,0.0,0.3097345132743362,0.0442477876106194,0.8849557522123893,0.2212389380530973,0.9292035398230089,0.5752212389380531,0.0442477876106194,0.0442477876106194,0.7964601769911505,0.7964601769911505,0.0,0.835045625436351,0.6049228676379378,0.9108820455421752,0.952205176570392,0.4333731223152772,-0.7627660613355028,-0.43766401416213063,-0.6503659180730912,-0.7806474576644913,-0.29797929736927364,-0.2327521761047769,0.9361563446232047
Trai Hume,nir NIR,"DF,MF",Sunderland,eng Premier League,23.0,2002.0,38,34,3036,33.7,2,1,3,2,0,0,9,0,34,7,30,38,3,88,25,46,1,20.6,0.06,0.29,1.42,-0.24,-0.71,,,,,,,,,,,,,,,DF,MF,True,Defender,True,True,True,0.0592885375494071,0.0296442687747035,0.0889328063241106,0.0592885375494071,0.0,0.0,0.266798418972332,0.0,1.007905138339921,0.2075098814229249,0.8893280632411067,1.1264822134387351,0.0889328063241106,2.608695652173913,0.741106719367589,1.3636363636363638,0.0296442687747035,0.29229872217862407,-0.3321887300761961,0.3389042211254404,1.3278784568178865,0.3304839036804961,0.9644096209658933,0.7984343727971683,0.8035433321695087,-0.9309710811433036,-0.40119588415598856,0.3481660730471548,0.5594041723081861
Bashir Humphreys,eng ENG,"DF,MF",Burnley,eng Premier League,22.0,2003.0,20,17,1578,17.5,0,0,0,0,0,0,6,0,9,3,14,10,2,17,11,17,0,33.3,0.0,0.0,0.5,-1.03,-0.1,,,,,,,,,,,,,,,DF,MF,True,Defender,True,True,True,0.0,0.0,0.0,0.0,0.0,0.0,0.3422053231939163,0.0,0.5133079847908746,0.1711026615969581,0.7984790874524715,0.5703422053231939,0.1140684410646387,0.9695817490494296,0.6273764258555133,0.9695817490494296,0.0,-0.809444991619996,-0.8042256269931214,-0.8221765122714052,-0.18336890217349675,0.057638470708355226,-0.13954640524906692,-0.44860432348968704,-0.2065830848746989,-1.2398289294878473,-0.6363559875020063,0.6749366405703038,1.2210785848247034
Omari Hutchinson,eng ENG,MF,Nottingham Forest,eng Premier League,21.0,2003.0,31,17,1688,18.8,1,5,6,1,0,0,1,0,25,11,23,24,8,133,11,11,0,44.0,0.04,0.09,1.19,0.05,0.26,,,,,,,,,,,,,,,MF,,False,Midfielder,True,True,True,0.0533175355450237,0.2665876777251185,0.3199052132701421,0.0533175355450237,0.0,0.0,0.0533175355450237,0.0,1.3329383886255926,0.5864928909952606,1.2263033175355451,1.2796208530805686,0.4265402843601896,7.091232227488151,0.5864928909952606,0.5864928909952606,0.0,-0.6325105398197868,1.359044553227601,-0.6112724941796435,-0.07746000244024565,0.39571498022696594,2.447392772967098,0.05286566031829354,-1.09085078814376,-0.49850592713828373,0.05895682392381068,1.714597869000858,-1.1394454099638986
Lucas Høgsberg,dk DEN,DF,Strasbourg,fr Ligue 1,19.0,2006.0,24,21,1792,19.9,0,0,0,0,0,0,4,1,4,1,16,13,1,0,13,9,0,25.0,0.0,0.0,1.5,-0.15,-1.14,,,,,,,,,,,,,,,DF,,False,Defender,True,True,True,0.0,0.0,0.0,0.0,0.0,0.0,0.2008928571428571,0.0502232142857142,0.2008928571428571,0.0502232142857142,0.8035714285714285,0.6529017857142857,0.0502232142857142,0.0,0.6529017857142857,0.4520089285714286,0.0,-0.809444991619996,-0.8042256269931214,-0.8221765122714052,-1.1379569607159794,-0.8482644050598751,-0.7925672921629087,-0.26348009219088886,-1.5333382080368658,-1.1705095996879682,-0.623174600993113,-0.1550698901402464,-0.01889862841342932
Pierre Højbjerg,dk DEN,MF,Marseille,fr Ligue 1,29.0,1995.0,32,30,2712,30.1,4,5,9,4,0,0,4,0,46,14,38,46,0,10,26,24,0,30.4,0.09,0.29,1.75,0.46,-0.57,,,,,,,,,,,,,,,MF,,False,Midfielder,True,True,True,0.1327433628318584,0.165929203539823,0.2986725663716814,0.1327433628318584,0.0,0.0,0.1327433628318584,0.0,1.5265486725663715,0.4646017699115044,1.261061946902655,1.5265486725663715,0.0,0.331858407079646,0.8628318584070797,0.7964601769911505,0.0,-0.03421067048787578,0.40927109696788516,0.05496473284964148,0.17781124843640134,0.018132313947722377,-1.0780433014147217,0.4268165142346689,-0.5901715779427006,0.20116972741543518,0.12907983790897698,-0.8633126317738823,-0.4786700759064433
Oscar Højlund,dk DEN,MF,Eintracht Frankfurt,de Bundesliga,20.0,2005.0,24,12,1089,12.1,1,1,2,1,0,0,4,1,7,3,27,5,1,2,7,17,0,42.9,0.14,0.33,1.21,-0.66,-0.84,,,,,,,,,,,,,,,MF,,False,Midfielder,True,True,False,0.0826446280991735,0.0826446280991735,0.1652892561983471,0.0826446280991735,0.0,0.0,0.3305785123966942,0.0826446280991735,0.5785123966942148,0.2479338842975206,2.231404958677686,0.4132231404958678,0.0826446280991735,0.1652892561983471,0.5785123966942148,1.4049586776859504,0.0,-0.4115950486953889,-0.3765691386368792,-0.36527189856045716,-1.0721554428595412,-0.6530407560825326,-1.1649195282662483,-1.2592188392205323,0.8608285018619454,-0.5187121167540433,2.0866764930145605,-0.36382767707831765,1.1671999327233495
Rasmus Højlund,dk DEN,FW,Napoli,it Serie A,22.0,2003.0,33,32,2750,30.6,12,5,17,11,1,1,1,0,60,25,37,53,20,3,0,1,0,41.7,0.18,0.44,1.94,0.62,0.22,,,,,,,,,,,,,,,FW,,False,Forward,True,True,True,0.3927272727272727,0.1636363636363636,0.5563636363636364,0.36,0.0327272727272727,0.0327272727272727,0.0327272727272727,0.0,1.963636363636364,0.8181818181818181,1.210909090909091,1.7345454545454544,0.6545454545454545,0.0981818181818181,0.0,0.0327272727272727,0.0,0.09750550804075396,0.48313025146212474,0.16779977533014376,-0.6953520429029055,-0.5199843031084407,-0.7234425588721932,0.46234935841375174,-1.4147971512623847,-1.3152281092294456,-0.286238524587267,0.441990631175066,-1.1245265586026054
Pablo Ibáñez,es ESP,MF,Alavés,es La Liga,26.0,1998.0,37,28,2236,24.8,1,1,2,1,0,0,7,0,47,13,38,66,3,38,21,37,0,27.7,0.02,0.08,1.16,-0.44,-0.37,,,,,,,,,,,,,,,MF,,False,Midfielder,True,True,True,0.0402504472271914,0.0402504472271914,0.0805008944543828,0.0402504472271914,0.0,0.0,0.2817531305903399,0.0,1.8917710196779964,0.5232558139534884,1.5295169946332736,2.6565295169946332,0.1207513416815742,1.5295169946332736,0.8452593917710197,1.4892665474060824,0.0,-0.7309424668159502,-0.7765838221295084,-0.7208814335335857,0.6593495401926732,0.1998252062644203,-0.4533894649000899,2.1380748996325534,1.0618655225816198,0.15667717100595227,0.6706684278266106,-0.13351954277996006,0.7610019858380761
Arijon Ibrahimović,de GER,"MF,FW",Heidenheim,de Bundesliga,19.0,2005.0,32,25,2169,24.1,2,4,6,1,1,1,2,0,47,19,13,27,5,127,23,18,0,40.4,0.02,0.05,0.78,-0.83,0.28,,,,,,,,,,,,,,,MF,FW,True,Midfielder,True,True,True,0.0829875518672199,0.1659751037344398,0.2489626556016597,0.0414937759336099,0.0414937759336099,0.0414937759336099,0.0829875518672199,0.0,1.950207468879668,0.7883817427385892,0.5394190871369295,1.120331950207469,0.2074688796680498,5.269709543568465,0.9543568464730292,0.7468879668049793,0.0,-0.409011868228511,0.4097041930071113,-0.7104521827728892,0.7363968187817752,1.021106971501872,1.4973548033542325,-0.18836362430762513,-0.7083793974428247,0.4329061579769313,-1.3267822967335048,0.3905811341631169,-0.8926086363790545
Jay Idzes,id IDN,DF,Sassuolo,it Serie A,25.0,2000.0,35,35,3061,34.0,0,0,0,0,0,0,2,0,5,0,33,14,1,1,38,15,0,0.0,0.0,,1.4,0.0,1.0,,,,,,,,,,,,,,,DF,,False,Defender,True,True,True,0.0,0.0,0.0,0.0,0.0,0.0,0.0588043123162365,0.0,0.1470107807905913,0.0,0.9702711532179026,0.4116301862136556,0.0294021561581182,0.0294021561581182,1.117281934008494,0.4410323423717739,0.0,-0.809444991619996,-0.8042256269931214,-0.8221765122714052,-1.3025942721117858,-1.2246505919904345,-0.7727647101626005,-0.8044859836961833,-1.561475779020159,0.09060957082433242,-0.19167689686025632,-0.4257497059086097,-1.2656857150071525
Iglesias,es ESP,DF,Getafe,es La Liga,27.0,1998.0,37,36,3185,35.4,1,2,3,1,0,0,4,0,26,5,63,70,1,108,28,72,1,19.2,0.04,0.2,1.38,-0.17,-0.17,,,,,,,,,,,,,,,DF,,False,Defender,True,True,True,0.0282574568288854,0.0565149136577708,0.0847723704866562,0.0282574568288854,0.0,0.0,0.1130298273155416,0.0,0.7346938775510204,0.141287284144427,1.78021978021978,1.978021978021978,0.0282574568288854,3.0518053375196232,0.7912087912087912,2.034536891679749,0.0282574568288854,-0.2843439060481574,0.0956827052139668,-0.26879486288477655,0.49307826973393876,-0.165805934251716,1.2628474577014293,2.7078511066525874,2.523341353811563,-0.7949086686706371,1.904853098963355,-0.4406311303611083,-0.7898720458086669
Borja Iglesias,es ESP,FW,Celta Vigo,es La Liga,32.0,1993.0,35,21,1900,21.1,14,2,16,10,4,4,7,0,46,26,38,30,22,3,0,5,0,56.5,0.22,0.38,1.34,0.28,0.34,,,,,,,,,,,,,,,FW,,False,Forward,True,True,True,0.6631578947368421,0.0947368421052631,0.7578947368421053,0.4736842105263157,0.1894736842105263,0.1894736842105263,0.331578947368421,0.0,2.1789473684210527,1.231578947368421,1.8,1.4210526315789471,1.0421052631578949,0.1421052631578947,0.0,0.2368421052631578,0.0,1.489809463773151,-0.2143570569129888,0.8346099453597069,-0.4140271705871429,0.5437957495619485,-0.6930346210133042,-0.010375826337574993,-0.7924692521409555,-1.3152281092294456,0.7423926386633855,1.643870993750578,1.8544916398143294
Jonathan Ikone,fr FRA,"MF,FW",Paris FC,fr Ligue 1,27.0,1998.0,23,13,1100,12.2,3,1,4,3,0,0,2,0,25,6,13,18,3,7,5,15,0,24.0,0.12,0.5,1.26,0.33,0.65,,,,,,,,,,,,,,,MF,FW,True,Midfielder,True,True,False,0.2454545454545454,0.0818181818181818,0.3272727272727272,0.2454545454545454,0.0,0.0,0.1636363636363636,0.0,2.0454545454545454,0.4909090909090909,1.0636363636363635,1.4727272727272729,0.2454545454545454,0.5727272727272728,0.409090909090909,1.2272727272727273,0.0,0.8148215415640917,-0.38436715809886246,1.0004051309023456,0.8619781664494942,0.09962461885569965,-0.9524151277537698,0.3453086530681276,0.4371260146161056,-0.9476783655048077,-0.26921195864591413,0.6201576836719452,-0.22165880357918852
Andrej Ilic,rs SRB,FW,Union Berlin,de Bundesliga,25.0,2000.0,32,24,2257,25.1,5,10,15,5,0,1,5,0,71,26,38,32,16,18,2,3,0,36.6,0.07,0.19,1.19,-0.36,0.2,,,,,,,,,,,,,,,FW,,False,Forward,True,True,True,0.1993797075764288,0.3987594151528577,0.5981391227292867,0.1993797075764288,0.0,0.0398759415152857,0.1993797075764288,0.0,2.83119184758529,1.0367744793974305,1.5152857775808597,1.2760301284891449,0.6380150642445724,0.717766947275144,0.0797518830305715,0.1196278245458573,0.0,-0.8979386387438567,2.8633404574960934,-0.774312097596724,0.43819399201916726,0.04251237682457632,-0.2945074852680354,-0.22905958731653348,-1.1498451280612054,-0.9233395882418242,0.2452436973345184,0.39072744276688287,0.5367009945716006
Emirhan İlkhan,tr TUR,MF,Torino,it Serie A,21.0,2004.0,19,13,1001,11.1,1,2,3,1,0,0,2,1,13,3,11,18,0,7,13,19,0,23.1,0.08,0.33,0.95,-1.08,-0.82,,,,,,,,,,,,,,,MF,,False,Midfielder,True,True,False,0.0899100899100899,0.1798201798201798,0.2697302697302697,0.0899100899100899,0.0,0.0,0.1798201798201798,0.0899100899100899,1.168831168831169,0.2697302697302697,0.989010989010989,1.6183816183816186,0.0,0.6293706293706294,1.168831168831169,1.7082917082917082,0.0,-0.3568656867158278,0.5403408420578971,-0.3043279802489578,-0.29383205883176006,-0.5855219962764566,-0.9228720756619274,0.5658895784879348,1.5841437624809613,0.9759438022381676,-0.4197632399762149,-0.8633126317738823,-0.08701914151351967
Tim Iroegbunam,eng ENG,MF,Everton,eng Premier League,22.0,2003.0,29,17,1487,16.5,0,2,2,0,0,0,9,0,12,1,29,20,0,3,22,44,0,8.3,0.0,0.0,1.31,0.06,0.25,,,,,,,,,,,,,,,MF,,False,Midfielder,True,True,True,0.0,0.121049092131809,0.121049092131809,0.0,0.0,0.0,0.5447209145931405,0.0,0.7262945527908541,0.0605245460659045,1.7552118359112303,1.21049092131809,0.0,0.1815736381977135,1.3315400134498991,2.6630800268997983,0.0,-1.0341415412128914,-0.014199841513094422,-1.0585089693537577,-0.8773076533920349,-1.2335794941461402,-1.1564262048793623,-0.0518256501528861,3.8608920616386384,1.387913993871084,1.125991402278811,-0.8633126317738823,2.948736520768146
Jackson Irvine,au AUS,MF,St Pauli,de Bundesliga,32.0,1993.0,24,18,1624,18.0,0,1,1,0,0,0,2,1,19,4,20,12,2,13,28,17,0,21.1,0.0,0.0,0.79,-0.44,1.0,,,,,,,,,,,,,,,MF,,False,Midfielder,True,True,True,0.0,0.0554187192118226,0.0554187192118226,0.0,0.0,0.0,0.1108374384236453,0.0554187192118226,1.0529556650246306,0.2216748768472906,1.1083743842364533,0.6650246305418719,0.1108374384236453,0.7204433497536946,1.5517241379310345,0.9421182266009852,0.0,-1.0341415412128914,-0.6334620211591224,-1.0585089693537577,-0.4466115713689376,-0.7343833999006285,-0.8753719576981686,-0.8778872322100361,-0.24284148367503292,1.9454085552120801,-0.17895624657294953,-0.1934368735676383,-0.6609142528087552
Gustav Isaksen,dk DEN,FW,Lazio,it Serie A,24.0,2001.0,30,18,1593,17.7,5,1,6,5,0,0,0,0,48,19,18,57,1,32,7,8,0,39.6,0.1,0.26,1.27,-0.23,-0.47,,,,,,,,,,,,,,,FW,,False,Forward,True,True,True,0.2824858757062147,0.0564971751412429,0.3389830508474576,0.2824858757062147,0.0,0.0,0.0,0.0,2.711864406779661,1.0734463276836157,1.0169491525423728,3.2203389830508473,0.0564971751412429,1.8079096045197744,0.3954802259887005,0.4519774011299435,0.0,-0.4700690218601292,-0.6014668915125787,-0.2868562068923572,0.28228102750543904,0.1368787329193947,0.4601917464719582,2.7028217673788433,-0.13654094433360495,0.6281010631131264,-0.6249184022551687,-1.412645651832229,-1.4507590990632495
Wilson Isidor,ht HAI,FW,Sunderland,eng Premier League,24.0,2000.0,32,11,1165,12.9,6,0,6,6,0,0,1,0,43,17,14,7,10,0,2,8,0,39.5,0.14,0.35,1.44,0.08,0.36,,,,,,,,,,,,,,,FW,,False,Forward,True,True,False,0.463519313304721,0.0,0.463519313304721,0.463519313304721,0.0,0.0,0.0772532188841201,0.0,3.321888412017167,1.313304721030043,1.0815450643776825,0.5407725321888412,0.7725321888412017,0.0,0.1545064377682403,0.6180257510729613,0.0,0.461976208133519,-1.1734021059287691,0.774988149040898,1.0793370142842234,0.7540977610474844,-0.7914132434979451,-1.3377764624330377,0.3697256482936151,-0.5560071720027829,-0.5121253394069738,0.807884967592904,-0.6806822868170943
Ardian Ismajli,al ALB,DF,Torino,it Serie A,28.0,1996.0,25,21,1906,21.2,0,1,1,0,0,0,5,0,6,4,21,18,1,8,36,14,0,66.7,0.0,0.0,1.4,0.0,1.13,,,,,,,,,,,,,,,DF,,False,Defender,True,True,True,0.0,0.0472193074501574,0.0472193074501574,0.0,0.0,0.0,0.2360965372507869,0.0,0.2833158447009444,0.1888772298006296,0.9916054564533054,0.8499475341028332,0.0472193074501574,0.3777544596012592,1.6998950682056664,0.6610703043022036,0.0,-0.809444991619996,-0.052334746069832856,-0.8221765122714052,-0.8861125629600852,0.1908458339897621,-0.5381467108284127,0.17835769972044496,-0.9974266602666987,1.6728145708167346,-0.13645363308538588,-0.19412155330986083,0.29000378038173785
Hiroki Ito,jp JPN,DF,Bayern Munich,de Bundesliga,26.0,1999.0,16,10,920,10.2,1,2,3,1,0,0,0,0,10,3,10,3,0,7,13,3,0,30.0,0.1,0.33,2.56,1.76,-1.1,,,,,,,,,,,,,,,DF,,False,Defender,True,True,False,0.0978260869565217,0.1956521739130435,0.2934782608695652,0.0978260869565217,0.0,0.0,0.0,0.0,0.9782608695652174,0.2934782608695652,0.9782608695652174,0.2934782608695652,0.0,0.6847826086956522,1.2717391304347827,0.2934782608695652,0.0,1.0084321361477269,2.3112178926585916,1.0936066978333898,1.2373000485647567,0.9747539090298816,-0.33136085246659813,-1.0694193112662178,-1.9397184645532652,0.5100696449732557,-0.17099573336193366,-0.807986293660309,-1.7816770450708828
Alex Iwobi,ng NGA,MF,Fulham,eng Premier League,29.0,1996.0,29,29,2419,26.9,4,3,7,4,0,0,3,0,39,15,8,10,1,88,15,18,0,38.5,0.1,0.27,1.31,-0.15,-0.15,,,,,,,,,,,,,,,MF,,False,Midfielder,True,True,True,0.1488218272013228,0.1116163704009921,0.260438197602315,0.1488218272013228,0.0,0.0,0.1116163704009921,0.0,1.451012815212898,0.5580818520049607,0.2976436544026457,0.3720545680033071,0.0372054568003307,3.274080198429103,0.5580818520049607,0.6696982224059529,0.0,0.08690538785128459,-0.10320326415312146,0.18983360211197933,0.07821874539271428,0.3077059787645078,0.4565093239686757,-1.321565086274305,-0.8924428341730718,-0.5704411756784035,-1.8145466982532747,-0.6384514843313565,-0.6544340050716985
Nicolas Jackson,sn SEN,FW,Bayern Munich,de Bundesliga,24.0,2001.0,23,12,1007,11.2,8,1,9,8,0,0,2,1,38,21,15,10,8,7,4,4,0,55.3,0.21,0.38,2.52,2.32,-0.31,,,,,,,,,,,,,,,FW,,False,Forward,True,True,False,0.714995034756703,0.0893743793445878,0.804369414101291,0.714995034756703,0.0,0.0,0.1787487586891757,0.0893743793445878,3.3962264150943393,1.8768619662363455,1.3406156901688182,0.8937437934458788,0.714995034756703,0.6256206554121152,0.3574975173783515,0.3574975173783515,0.0,1.7566914262047304,-0.2686426257252031,2.2500088911771767,1.176466881124088,2.204279471713723,-0.3582998111756267,-0.8055205622478249,-0.42460167384491093,0.441459858732942,-0.059753532171215436,0.6294537317528814,0.3310472291726419
Jérémy Jacquet,fr FRA,DF,Rennes,fr Ligue 1,20.0,2005.0,19,19,1671,18.6,0,0,0,0,0,0,6,1,11,3,20,17,1,0,22,17,0,27.3,0.0,0.0,1.42,-0.11,-0.82,,,,,,,,,,,,,,,DF,,False,Defender,True,True,True,0.0,0.0,0.0,0.0,0.0,0.0,0.3231597845601436,0.0538599640933572,0.59245960502693,0.1615798922800718,1.0771992818671454,0.9156193895870736,0.0538599640933572,0.0,1.18491921005386,0.9156193895870736,0.0,-0.809444991619996,-0.8042256269931214,-0.8221765122714052,0.05847979465642915,-0.013727706928381362,-0.7925672921629087,0.325614404598242,-0.3449111307880805,0.2742924129427303,0.08510365642032114,-0.10779108414028946,1.0539593307371578
Lee Jae-sung,kr KOR,"MF,FW",Mainz 05,de Bundesliga,32.0,1992.0,28,26,2185,24.3,4,2,6,4,0,0,4,0,30,9,19,22,9,31,25,21,0,30.0,0.13,0.44,1.18,-0.54,-0.95,,,,,,,,,,,,,,,MF,FW,True,Midfielder,True,True,True,0.1647597254004576,0.0823798627002288,0.2471395881006864,0.1647597254004576,0.0,0.0,0.1647597254004576,0.0,1.2356979405034323,0.3707093821510298,0.782608695652174,0.9061784897025172,0.3707093821510298,1.276887871853547,1.0297482837528604,0.8649885583524027,0.0,0.20696258757715055,-0.3790673599748142,0.3235233786442367,-0.20566957025195473,-0.2727185519620602,-0.5851513479606212,-0.5126805424731694,-0.42676166532907367,0.6237932909808721,-0.8361648981344078,1.3771688515081464,-0.2123131062123117
Kristijan Jakić,hr CRO,"MF,DF",Augsburg,de Bundesliga,28.0,1997.0,26,18,1653,18.4,2,1,3,2,0,0,5,0,18,6,17,17,2,4,17,25,0,33.3,0.11,0.33,1.15,-0.16,0.67,,,,,,,,,,,,,,,MF,DF,True,Midfielder,True,True,True,0.1088929219600726,0.0544464609800363,0.1633393829401088,0.1088929219600726,0.0,0.0,0.2722323049001814,0.0,0.9800362976406534,0.3266787658802177,0.925589836660617,0.925589836660617,0.1088929219600726,0.2177858439201452,0.925589836660617,1.3611615245009074,0.0,-0.2138715710355645,-0.64263586438151,-0.14509678533209439,-0.5427542852081224,-0.4091123872277777,-1.1375392754420022,-0.48328373418415527,0.7563916417971286,0.3600696101365492,-0.5477108154185516,-0.20518907985195825,0.6817944158218671
Reece James,eng ENG,"DF,MF",Chelsea,eng Premier League,25.0,1999.0,29,20,1963,21.8,2,4,6,2,0,0,4,0,22,7,26,22,1,126,32,33,0,31.8,0.09,0.29,1.55,0.6,1.03,,,,,,,,,,,,,,,DF,MF,True,Defender,True,True,True,0.0916963830871115,0.1833927661742231,0.2750891492613347,0.0916963830871115,0.0,0.0,0.1833927661742231,0.0,1.0086602139582272,0.3209373408048904,1.1920529801324504,1.0086602139582272,0.0458481915435557,5.776872134488028,1.467142129393785,1.5129903209373408,0.0,0.8945254185137835,2.1160067093080253,0.9735652638838785,1.3301855991574978,1.1805395908200313,3.0982012464875757,0.53424084152445,1.18639985046699,1.0407264115641248,0.3823993311297346,-0.21194645916822952,-0.17245701315536738
Vitaly Janelt,de GER,MF,Brentford,eng Premier League,27.0,1998.0,25,15,1444,16.0,1,4,5,1,0,0,8,0,12,3,20,13,0,61,27,17,0,25.0,0.08,0.33,1.4,0.31,0.4,,,,,,,,,,,,,,,MF,,False,Midfielder,True,True,True,0.0623268698060941,0.2493074792243767,0.3116343490304709,0.0623268698060941,0.0,0.0,0.4986149584487535,0.0,0.7479224376731303,0.1869806094182825,1.2465373961218835,0.8102493074792244,0.0,3.801939058171745,1.6828254847645427,1.059556786703601,0.0,-0.5646449135456062,1.1959954509265742,-0.5357006798150431,-0.8487917237867485,-0.8418559859592022,0.7318207234802799,-0.65795700294895,0.037197595938913905,2.2773502336432263,0.09977761005726407,-0.8633126317738823,2.565162567382386
Bakery Jatta,gm GAM,MF,Hamburger SV,de Bundesliga,27.0,1998.0,15,12,911,10.1,1,1,2,1,0,0,1,0,11,4,13,5,2,19,8,11,0,36.4,0.09,0.25,1.33,0.4,1.15,,,,,,,,,,,,,,,MF,,False,Midfielder,True,True,False,0.0987925356750823,0.0987925356750823,0.1975850713501646,0.0987925356750823,0.0,0.0,0.0987925356750823,0.0,1.0867178924259056,0.3951701427003293,1.2843029637760703,0.4939626783754117,0.1975850713501646,1.8770581778265645,0.7903402854006586,1.0867178924259056,0.0,-0.28995588769855496,-0.2242038846047075,-0.2298205279773532,-0.40209675611386836,-0.19694634554288828,-0.2721250079967549,-1.1369457830791003,0.10196483287646745,0.017624897426586395,0.1759669039676323,0.33084569020958654,-0.7611206328899927
Mikel Jauregizar,es ESP,MF,Athletic Club,es La Liga,21.0,2003.0,36,34,2831,31.5,2,0,2,2,0,0,6,1,39,11,49,34,0,72,48,45,0,28.2,0.05,0.18,1.17,-0.48,-0.48,,,,,,,,,,,,,,,MF,,False,Midfielder,True,True,True,0.0635817732250088,0.0,0.0635817732250088,0.0635817732250088,0.0,0.0,0.1907453196750265,0.0317908866125044,1.2398445778876723,0.3496997527375485,1.5577534440127163,1.0808901448251502,0.0,2.288943836100318,1.525962557400212,1.4305898975626985,0.0,-0.555191961310694,-1.1563710848352395,-0.5251743384149344,-0.20020231257089788,-0.33780017415856206,-0.05730088422739709,-0.2480948317245746,0.9219476369858386,1.880181595405938,0.7276334166877563,-0.8633126317738823,0.0038714816478880136
Finn Jeltsch,de GER,DF,Stuttgart,de Bundesliga,19.0,2006.0,23,17,1511,16.8,0,1,1,0,0,0,3,0,3,0,13,16,3,3,19,14,0,0.0,0.0,,1.91,0.83,0.37,,,,,,,,,,,,,,,DF,,False,Defender,True,True,True,0.0,0.0595632031767041,0.0595632031767041,0.0,0.0,0.0,0.1786896095301125,0.0,0.1786896095301125,0.0,0.7743216412971543,0.9530112508272668,0.1786896095301125,0.1786896095301125,1.1317008603573793,0.8338848444738584,0.0,-0.809444991619996,0.14422177144485754,-0.8221765122714052,-1.2057992422071215,-1.2246505919904345,-0.672218443381419,0.40945857551252385,-0.5544308779188067,0.1297671112652377,-0.698886879954521,1.5150306390490642,-0.21372589220018917
Castrop Jens,kr KOR,MF,Gladbach,de Bundesliga,22.0,2003.0,26,20,1584,17.6,3,1,4,3,0,0,2,2,30,12,31,26,3,21,17,27,0,40.0,0.1,0.25,1.0,-0.57,-0.51,,,,,,,,,,,,,,,MF,,False,Midfielder,True,True,True,0.1704545454545454,0.0568181818181818,0.2272727272727273,0.1704545454545454,0.0,0.0,0.1136363636363636,0.1136363636363636,1.7045454545454546,0.6818181818181819,1.7613636363636365,1.4772727272727275,0.1704545454545454,1.193181818181818,0.9659090909090908,1.534090909090909,0.0,0.2498605996044578,-0.6202572468238665,0.3712924891574249,0.41249641217345084,0.691004556307168,-0.6288092886366438,0.35219235135797766,1.1687518210813055,0.4621558300845947,1.1384022135510823,0.16687508728572,-0.6376288706400971
Mathias Jensen,dk DEN,MF,Brentford,eng Premier League,29.0,1996.0,36,26,2247,25.0,3,1,4,3,0,0,3,0,29,8,20,15,2,124,21,23,0,27.6,0.1,0.38,1.47,0.08,0.0,,,,,,,,,,,,,,,MF,,False,Midfielder,True,True,True,0.1201602136181575,0.0400534045393858,0.1602136181575434,0.1201602136181575,0.0,0.0,0.1201602136181575,0.0,1.1615487316421895,0.3204272363150868,0.8010680907877169,0.6008010680907877,0.0801068090787717,4.966622162883845,0.8411214953271028,0.9212283044058746,0.0,-0.12899717492242355,-0.7784430388138714,-0.05058484372771703,-0.30343380525154234,-0.4284777780826512,1.3392757839146956,-0.9751482701528079,-0.2926547186092327,0.14620023599389337,-0.7989244071594606,-0.37916566634133203,-0.5833543443516548
Oliver Jensen,dk DEN,MF,Parma,it Serie A,23.0,2002.0,34,19,1840,20.4,1,1,2,1,0,0,2,0,15,3,13,20,2,14,17,8,0,20.0,0.07,0.33,1.21,-0.68,-0.46,,,,,,,,,,,,,,,MF,,False,Midfielder,True,True,True,0.0489130434782608,0.0489130434782608,0.0978260869565217,0.0489130434782608,0.0,0.0,0.0978260869565217,0.0,0.733695652173913,0.1467391304347826,0.6358695652173914,0.9782608695652174,0.0978260869565217,0.6847826086956522,0.8315217391304348,0.391304347826087,0.0,-0.665688752978348,-0.6948469981993625,-0.6482181160418534,-0.8675494532648469,-0.9665121938479565,-0.893971263832951,-0.40351800437554913,-1.5562892261876284,0.12189416087402048,-1.132200451981248,-0.2720744625744584,-0.7691609076554042
Moritz Jenz,de GER,DF,Wolfsburg,de Bundesliga,26.0,1999.0,22,20,1787,19.9,1,0,1,1,0,0,8,1,5,1,31,7,0,1,12,22,1,20.0,0.2,1.0,0.68,-1.16,-1.09,,,,,,,,,,,,,,,DF,,False,Defender,True,True,True,0.0503637381085618,0.0,0.0503637381085618,0.0503637381085618,0.0,0.0,0.4029099048684947,0.0503637381085618,0.2518186905428091,0.0503637381085618,1.5612758813654168,0.3525461667599328,0.0,0.0503637381085618,0.604364857302742,1.1080022383883603,0.0503637381085618,0.1264514591613719,-0.8042256269931214,0.16412486058612738,-0.9823524840669224,-0.8472112819850831,-0.7586469208685922,-0.936970713289042,0.14824639247581495,-1.3023215454018937,1.3381227705845415,-0.807986293660309,1.7537442449684653
Igor Jesus,br BRA,FW,Nottingham Forest,eng Premier League,24.0,2001.0,37,28,2298,25.5,6,4,10,5,1,1,2,0,70,21,42,40,11,10,2,16,0,30.0,0.07,0.24,1.19,-0.08,0.0,,,,,,,,,,,,,,,FW,,False,Forward,True,True,True,0.2349869451697128,0.1566579634464752,0.3916449086161879,0.1958224543080939,0.0391644908616188,0.0391644908616188,0.0783289817232376,0.0,2.7415143603133156,0.8224543080939948,1.6449086161879896,1.5665796344647518,0.4308093994778068,0.3916449086161879,0.0783289817232376,0.6266318537859008,0.0,-0.7146158427326922,0.41248613874484585,-0.7951770237435924,0.3210215897928381,-0.5089900575684397,-0.5202798191857639,0.20906868494187036,0.39596488703206034,-0.9303315070235874,0.471582432498614,-0.2518480100108241,-0.6699588499189747
Juan Jesus,br BRA,DF,Napoli,it Serie A,34.0,1991.0,24,19,1675,18.6,0,0,0,0,0,0,10,1,3,0,39,2,0,1,26,22,0,0.0,0.0,,2.21,0.48,-0.19,,,,,,,,,,,,,,,DF,,False,Defender,True,True,True,0.0,0.0,0.0,0.0,0.0,0.0,0.5373134328358209,0.053731343283582,0.1611940298507462,0.0,2.0955223880597016,0.1074626865671641,0.0,0.053731343283582,1.3970149253731343,1.182089552238806,0.0,-0.809444991619996,-0.8042256269931214,-0.8221765122714052,-1.2592571895380773,-1.2246505919904345,-0.7563788124596588,-1.486524025694395,0.33816309467362693,0.8502816613099873,2.7210053252406303,-0.807986293660309,2.9330974663472626
Álex Jiménez,es ESP,"DF,MF",Bournemouth,eng Premier League,20.0,2005.0,31,26,2317,25.7,1,0,1,1,0,0,10,0,21,4,35,20,0,51,27,45,0,19.0,0.05,0.25,1.48,0.12,0.03,,,,,,,,,,,,,,,DF,MF,True,Defender,True,True,True,0.0388433318946914,0.0,0.0388433318946914,0.0388433318946914,0.0,0.0,0.3884333189469141,0.0,0.8157099697885197,0.1553733275787656,1.3595166163141994,0.7768666378938283,0.0,1.981009926629262,1.048769961156668,1.7479499352611136,0.0,-0.08762929997290698,-0.8042256269931214,-0.06148572535020902,0.7406238824637579,-0.060241361123687096,0.5416583783809528,0.014487623476948453,1.788699391142972,-0.09544868918189882,0.8158743994983797,-0.807986293660309,1.62671626810365
Raúl Jiménez,mx MEX,FW,Fulham,eng Premier League,34.0,1991.0,36,27,2189,24.3,9,3,12,5,4,4,5,0,73,18,46,34,20,7,7,20,0,24.7,0.07,0.28,1.44,0.21,0.86,,,,,,,,,,,,,,,FW,,False,Forward,True,True,True,0.3700319780721791,0.1233439926907263,0.4933759707629054,0.2055733211512105,0.1644586569209684,0.1644586569209684,0.2055733211512105,0.0,3.001370488807675,0.7400639561443582,1.8912745545911376,1.397898583828232,0.8222932846048423,0.2878026496116948,0.2878026496116948,0.8222932846048423,0.0,-0.019340536575010878,0.07524037451662784,-0.7379837059777175,0.6605490200895299,-0.721002204602374,-0.5921691930874496,-0.04529050603302437,0.9925191191172633,0.09898996822222993,0.9017701639576658,0.9622014949765937,0.59844027568954
João Pedro,br BRA,"FW,MF",Chelsea,eng Premier League,23.0,2001.0,35,31,2661,29.6,15,5,20,15,0,0,5,0,73,28,38,55,16,18,6,17,0,38.4,0.21,0.54,1.4,0.41,1.12,,,,,,,,,,,,,,,FW,MF,True,Forward,True,True,True,0.5073280721533258,0.1691093573844419,0.6764374295377678,0.5073280721533258,0.0,0.0,0.1691093573844419,0.0,2.468996617812852,0.9470124013528748,1.2852311161217589,1.8602029312288613,0.5411499436302142,0.6087936865839909,0.2029312288613303,0.5749718151071026,0.0,0.6875242906227893,0.5385347534567845,1.0319466642241495,-0.0350494767529193,-0.18846916941383315,-0.36994902090309123,0.6518320180754542,0.23845804179161897,-0.31805517589341165,-0.15646237277458794,0.09033435840212657,0.23495958990099614
Joelinton,br BRA,MF,Newcastle United,eng Premier League,28.0,1996.0,27,23,1951,21.7,2,1,3,2,0,0,10,0,32,11,46,27,1,11,28,23,0,34.4,0.06,0.18,1.48,0.32,0.87,,,,,,,,,,,,,,,MF,,False,Midfielder,True,True,True,0.0922603792926704,0.0461301896463352,0.1383905689390056,0.0922603792926704,0.0,0.0,0.461301896463352,0.0,1.4761660686827267,0.5074320861096874,2.1219887237314197,1.2455151204510506,0.0461301896463352,0.5074320861096874,1.291645310097386,1.0609943618657098,0.0,-0.33916139733635575,-0.7211049036922282,-0.2846133567510877,0.11138280231246207,0.15080797435600257,-0.9864706501292457,0.001215474175597208,0.040625577556885346,1.2869027143442349,1.865937174087289,-0.5845124699781519,2.2547402294560803
Jofre,es ESP,MF,Espanyol,es La Liga,24.0,2001.0,26,9,930,10.3,1,0,1,1,0,0,1,0,23,7,13,27,2,35,6,6,0,30.4,0.04,0.14,1.08,-0.87,-0.76,,,,,,,,,,,,,,,MF,,False,Midfielder,True,True,False,0.0967741935483871,0.0,0.0967741935483871,0.0967741935483871,0.0,0.0,0.0967741935483871,0.0,2.225806451612903,0.6774193548387097,1.2580645161290325,2.6129032258064515,0.1935483870967742,3.3870967741935485,0.5806451612903226,0.5806451612903226,0.0,-0.3051596806198154,-1.1563710848352395,-0.2467507219409569,1.0997685138729492,0.6773782904672724,0.5154545345442617,2.0720066499027454,-1.1047950398696926,-0.5133120695628454,0.12303273870266633,0.306448907287344,-0.7779120310858578
Ísak Jóhannesson,is ISL,MF,Köln,de Bundesliga,22.0,2003.0,31,21,1809,20.1,1,2,3,1,0,0,6,0,14,5,14,5,2,65,8,15,0,35.7,0.07,0.2,0.97,-0.7,-0.7,,,,,,,,,,,,,,,MF,,False,Midfielder,True,True,True,0.0497512437810945,0.099502487562189,0.1492537313432836,0.0497512437810945,0.0,0.0,0.2985074626865672,0.0,0.6965174129353234,0.2487562189054726,0.6965174129353234,0.2487562189054726,0.099502487562189,3.2338308457711444,0.3980099502487562,0.746268656716418,0.0,-0.6593747472098177,-0.21750506005910408,-0.6411871506174922,-0.9165682111668234,-0.6504934065210265,0.43551676998350386,-1.5082897859360436,-0.7098561783829589,-0.9757347674070842,-1.0098478175094472,-0.26194268631952083,0.900387998750644
Brennan Johnson,wls WAL,"MF,FW",Crystal Palace,eng Premier League,24.0,2001.0,18,13,1112,12.4,0,1,1,0,0,0,4,0,17,3,18,11,6,45,2,7,0,17.6,0.0,0.0,1.0,-0.97,-1.05,,,,,,,,,,,,,,,MF,FW,True,Midfielder,True,True,False,0.0,0.0809352517985611,0.0809352517985611,0.0,0.0,0.0,0.3237410071942446,0.0,1.3758992805755397,0.2428057553956834,1.4568345323741008,0.8902877697841726,0.4856115107913669,3.642086330935251,0.1618705035971223,0.5665467625899281,0.0,-1.0341415412128914,-0.39269813572551426,-1.0585089693537577,-0.020816933675396672,-0.6689261837212599,0.6484475315011159,-0.536745665208976,-1.1384134918725028,-1.5736273608744085,0.5240368312913618,2.071610654180094,1.1103159827715037
Curtis Jones,eng ENG,"MF,DF",Liverpool,eng Premier League,24.0,2001.0,34,18,1937,21.5,1,2,3,1,0,0,2,0,22,7,17,29,0,16,18,23,0,31.8,0.05,0.14,1.47,0.0,-0.61,,,,,,,,,,,,,,,MF,DF,True,Midfielder,True,True,True,0.0464636035105833,0.0929272070211667,0.1393908105317501,0.0464636035105833,0.0,0.0,0.0929272070211667,0.0,1.0221992772328343,0.3252452245740836,0.7898812596799174,1.347444501806918,0.0,0.7434176561693341,0.8363448631905007,1.0686628807434175,0.0,-0.6841399251305168,-0.2795468004676458,-0.6687644313600027,-0.48716324777916675,-0.41355307448849793,-0.8633894204434527,0.15557871796306372,0.05891160700614803,0.13410605597997313,-0.8214930276288339,-0.8633126317738823,-0.8099166559600633
Frenkie de Jong,nl NED,MF,Barcelona,es La Liga,28.0,1997.0,25,16,1636,18.2,1,5,6,1,0,0,4,1,7,2,10,26,2,5,17,19,0,28.6,0.14,0.5,2.32,1.21,-0.66,,,,,,,,,,,,,,,MF,,False,Midfielder,True,True,True,0.0550122249388753,0.2750611246943765,0.3300733496332518,0.0550122249388753,0.0,0.0,0.2200488997555012,0.0550122249388753,0.3850855745721271,0.1100244498777506,0.5501222493887531,1.430317848410758,0.1100244498777506,0.2750611246943765,0.93520782396088,1.0452322738386308,0.0,-0.6197447622693946,1.4389966395229965,-0.5970571538929357,-1.3271848030318714,-1.0802434226122661,-1.1076666354051148,0.2810832431070824,0.0030399615544383107,0.38442184544678737,-1.3051894431044628,-0.19835038768651042,0.24765972507188336
Mateo Joseph,es ESP,"MF,FW",Mallorca,es La Liga,21.0,2003.0,29,19,1699,18.9,2,3,5,2,0,0,2,0,33,14,19,31,4,14,13,19,0,42.4,0.06,0.14,1.03,-0.26,0.0,,,,,,,,,,,,,,,MF,FW,True,Midfielder,True,True,True,0.1059446733372572,0.1589170100058858,0.264861683343143,0.1059446733372572,0.0,0.0,0.1059446733372572,0.0,1.748087110064744,0.7416127133608005,1.0064743967039431,1.6421424367274868,0.2118893466745144,0.7416127133608005,0.6886403766921718,1.0064743967039431,0.0,-0.23608017528992423,0.34310681877279126,-0.16982719172703062,0.46990520598033797,0.8762303418118108,-0.8643308109714017,0.6018732855027701,-0.08938045156289365,-0.2398738942209232,-0.3845320814357565,0.4172974109888491,-0.7016191292307178
Abdulai Juma Bah,sl SLE,DF,Nice,fr Ligue 1,19.0,2006.0,26,22,1958,21.8,0,0,0,0,0,0,7,0,7,2,27,7,3,0,30,18,0,28.6,0.0,0.0,1.0,-0.97,-0.8,,,,,,,,,,,,,,,DF,,False,Defender,True,True,True,0.0,0.0,0.0,0.0,0.0,0.0,0.3217568947906026,0.0,0.3217568947906026,0.0919305413687436,1.2410623084780388,0.3217568947906026,0.1378958120531154,0.0,1.3789581205311543,0.8273748723186926,0.0,-0.809444991619996,-0.8042256269931214,-0.8221765122714052,-0.7686554870186026,-0.5356985521747415,-0.7925672921629087,-1.0060098275695561,-0.5711186531782041,0.8012447185636895,0.5092586448272393,0.9846993985377822,1.0416493668993798
Eli Junior Kroupi,fr FRA,"MF,FW",Bournemouth,eng Premier League,19.0,2006.0,33,21,1672,18.6,13,0,13,11,2,2,5,0,52,22,27,12,6,10,9,6,0,42.3,0.21,0.5,1.45,0.54,0.85,,,,,,,,,,,,,,,MF,FW,True,Midfielder,True,True,True,0.6997607655502392,0.0,0.6997607655502392,0.5921052631578947,0.1076555023923444,0.1076555023923444,0.2691387559808612,0.0,2.799043062200957,1.1842105263157894,1.4533492822966507,0.645933014354067,0.3229665071770335,0.5382775119617225,0.4844497607655502,0.3229665071770335,0.0,4.237025142142544,-1.1563710848352395,3.9081697812640357,1.855569412743906,2.2472675496005046,-0.9703828319499781,-0.9067998358645781,-1.7192447833865896,-0.7568737375303021,0.5170055920171777,1.0886219938127335,0.6560579407933502
Vinicius Júnior,br BRA,"FW,MF",Real Madrid,es La Liga,25.0,2000.0,36,32,2815,31.3,16,5,21,12,4,5,8,0,100,46,38,81,13,63,2,15,0,46.0,0.12,0.26,2.22,1.09,-0.1,,,,,,,,,,,,,,,FW,MF,True,Forward,True,True,True,0.5115452930728241,0.1598579040852575,0.6714031971580817,0.3836589698046181,0.127886323268206,0.1598579040852575,0.2557726465364121,0.0,3.1971580817051506,1.4706927175843696,1.2149200710479573,2.589698046181172,0.4156305506216696,2.0142095914742453,0.063943161634103,0.4795737122557726,0.0,0.7092365261853998,0.4448799483607361,0.3065705123137978,0.9163646465502995,1.1590986656103077,0.6030119917195228,1.7518594755712336,-0.052402255767602636,-1.0010212204660132,-0.2792348192128548,-0.2989198682409333,1.0988380199897427
James Justin,eng ENG,"DF,MF",Leeds United,eng Premier League,27.0,1998.0,29,21,1901,21.1,2,1,3,2,0,0,4,0,24,6,13,31,2,38,26,38,0,25.0,0.08,0.33,1.41,0.05,0.52,,,,,,,,,,,,,,,DF,MF,True,Defender,True,True,True,0.094687006838506,0.047343503419253,0.142030510257759,0.094687006838506,0.0,0.0,0.1893740136770121,0.0,1.1362440820620725,0.2840610205155181,0.6154655444502893,1.4676486059968437,0.094687006838506,1.7990531299316148,1.230931088900579,1.7990531299316148,0.0,0.950099414004733,-0.050357126709172306,1.0321323286506476,1.7200195930215996,0.9041785936368046,0.4191090535035086,1.563435428617925,1.9196982045590696,0.3992470706688052,-1.1100815668221624,0.4229723545332246,-0.11997324567574483
Ferran Jutglà,es ESP,FW,Celta Vigo,es La Liga,26.0,1999.0,30,21,1652,18.4,9,3,12,9,0,0,4,0,45,26,24,30,10,19,8,3,0,57.8,0.2,0.35,1.33,0.05,-0.15,,,,,,,,,,,,,,,FW,,False,Forward,True,True,True,0.4903147699757869,0.1634382566585956,0.6537530266343826,0.4903147699757869,0.0,0.0,0.2179176755447942,0.0,2.4515738498789346,1.4164648910411624,1.3075060532687652,1.6343825665859564,0.5447941888619855,1.0351089588377724,0.4358353510895884,0.1634382566585956,0.0,0.5999318140539939,0.48112476434663926,0.9321558237437736,-0.057814025965338814,1.0195561383319078,-0.0748135115174091,0.31131075004044667,-1.0162710323544217,0.826399958250124,-0.11756736666386827,0.10163570256409392,0.7214914730112582
Martijn Kaars,nl NED,FW,St Pauli,de Bundesliga,26.0,1999.0,29,14,1348,15.0,3,1,4,2,1,1,2,0,23,10,8,6,4,15,0,5,0,43.5,0.09,0.2,0.69,-1.07,-0.28,,,,,,,,,,,,,,,FW,,False,Forward,True,True,False,0.2002967359050445,0.0667655786350148,0.2670623145400593,0.1335311572700296,0.0667655786350148,0.0667655786350148,0.1335311572700296,0.0,1.5356083086053411,0.6676557863501484,0.5341246290801187,0.400593471810089,0.2670623145400593,1.0014836795252229,0.0,0.3338278931750742,0.0,-0.8932173458667316,-0.49751724200815245,-1.1605441242144074,-1.2546125323961477,-0.9073275591809299,-0.09809209097265666,-1.5491566515829909,-0.4967682445953711,-1.3152281092294456,-1.4679943070953114,-0.759651970695683,-0.11969161202056233
Mohamed Kaba,gn GUI,MF,Nantes,fr Ligue 1,23.0,2001.0,13,12,1008,11.2,0,2,2,0,0,0,2,0,11,6,15,29,0,2,15,15,0,54.5,0.0,0.0,0.62,0.0,1.01,,,,,,,,,,,,,,,MF,,False,Midfielder,True,True,False,0.0,0.1785714285714285,0.1785714285714285,0.0,0.0,0.0,0.1785714285714285,0.0,0.9821428571428572,0.5357142857142857,1.3392857142857142,2.589285714285714,0.0,0.1785714285714285,1.3392857142857142,1.3392857142857142,0.0,-1.0341415412128914,0.5285581203433607,-1.0585089693537577,-0.5399768290305459,0.2384178694820646,-1.1579920449113792,2.0362399686962664,0.7042274995160991,1.4075256988471676,0.2868906156655097,-0.8633126317738823,-0.09740800432722925
Ozan Kabak,tr TUR,DF,Hoffenheim,de Bundesliga,25.0,2000.0,25,18,1751,19.5,4,0,4,4,0,0,5,0,35,12,26,8,0,2,26,17,0,34.3,0.11,0.33,2.0,0.26,-0.29,,,,,,,,,,,,,,,DF,,False,Defender,True,True,True,0.2055968018275271,0.0,0.2055968018275271,0.2055968018275271,0.0,0.0,0.2569960022844089,0.0,1.7989720159908622,0.6167904054825813,1.3363792118789264,0.4111936036550542,0.0,0.1027984009137635,1.3363792118789264,0.8737864077669902,0.0,3.011107738354431,-0.8042256269931214,3.2041411423177713,3.7449925082375013,3.397741506099093,-0.7233317656032929,-0.805464937443001,-0.45214652018833285,0.6856129927931968,0.7559838572999056,-0.807986293660309,0.47339071810027444
Christian Kabasele,be BEL,DF,Udinese,it Serie A,34.0,1991.0,30,28,2247,25.0,3,0,3,3,0,0,5,1,9,6,33,25,1,0,33,13,0,66.7,0.33,0.5,1.23,-0.04,0.11,,,,,,,,,,,,,,,DF,,False,Defender,True,True,True,0.1201602136181575,0.0,0.1201602136181575,0.1201602136181575,0.0,0.0,0.2002670226969292,0.0400534045393858,0.3604806408544727,0.240320427236315,1.3217623497997328,1.0013351134846462,0.0400534045393858,0.0,1.3217623497997328,0.520694259012016,0.0,1.4234614937555783,-0.8042256269931214,1.5309884454007063,-0.6503346302377854,0.576374900611871,-0.7925672921629087,0.5178156902829537,-1.357269043578086,0.6459179174362574,0.7181485072885339,-0.2872803768343398,-0.024390149960648744
Anton Kade,de GER,"MF,FW",Augsburg,de Bundesliga,21.0,2004.0,28,18,1743,19.4,6,0,6,6,0,0,3,0,48,21,20,18,10,22,13,14,0,43.8,0.13,0.29,1.29,-0.67,-0.47,,,,,,,,,,,,,,,MF,FW,True,Midfielder,True,True,True,0.3098106712564544,0.0,0.3098106712564544,0.3098106712564544,0.0,0.0,0.1549053356282272,0.0,2.478485370051635,1.0843373493975903,1.032702237521515,0.9294320137693632,0.5163511187607573,1.135972461273666,0.6712564543889845,0.7228915662650601,0.0,1.2996041742830144,-1.1563710848352395,1.5402351617784444,1.432920566889632,1.9378899665964076,-0.6586475452555083,-0.4774650888257443,-0.7656002107376643,-0.28388906634851996,-0.3316193146800106,2.257393711676894,-0.294295729700292
Ferdi Kadioglu,tr TUR,"DF,MF",Brighton,eng Premier League,25.0,1999.0,37,34,3133,34.8,1,0,1,1,0,0,6,0,28,13,22,36,7,109,25,39,0,46.4,0.04,0.08,1.35,0.14,-0.17,,,,,,,,,,,,,,,DF,MF,True,Defender,True,True,True,0.0287264602617299,0.0,0.0287264602617299,0.0287264602617299,0.0,0.0,0.1723587615703798,0.0,0.8043408873284391,0.3734439834024896,0.6319821257580593,1.034152569422279,0.2010852218321097,3.131184168528567,0.7181615065432492,1.120331950207469,0.0,-0.27562853533327347,-0.8042256269931214,-0.2596101052186099,0.7058855186889887,1.5740383996260119,1.3163097208664114,0.5914026231968229,0.17985258908406734,-0.993283494519611,-1.0673288452472431,1.8061801173692715,-0.269277305532027
Arnaud Kalimuendo,fr FRA,"FW,MF",Eintracht Frankfurt,de Bundesliga,23.0,2002.0,19,17,1417,15.7,6,1,7,6,0,0,4,0,30,16,9,18,6,15,3,4,0,53.3,0.2,0.38,1.0,-0.44,-0.61,,,,,,,,,,,,,,,FW,MF,True,Forward,True,True,True,0.3810868031051517,0.0635144671841919,0.4446012702893437,0.3810868031051517,0.0,0.0,0.2540578687367678,0.0,1.9054340155257588,1.0162314749470711,0.5716302046577276,1.1432604093154553,0.3810868031051517,0.9527170077628794,0.1905434015525758,0.2540578687367678,0.0,0.0375748989217601,-0.530429066715649,0.2914835718646792,-0.771399099425016,-0.010350202069499742,-0.13185296572512326,-0.429267009712515,-0.739979926494229,-0.3789270592621959,-1.4025045783634298,-0.40604514508146067,1.0817447436093588
Pierre Kalulu,fr FRA,"DF,MF",Juventus,it Serie A,25.0,2000.0,37,37,3281,36.5,2,4,6,2,0,0,4,1,13,4,34,16,0,94,24,35,0,30.8,0.15,0.5,1.86,0.82,2.77,,,,,,,,,,,,,,,DF,MF,True,Defender,True,True,True,0.0548613227674489,0.1097226455348978,0.1645839683023468,0.0548613227674489,0.0,0.0,0.1097226455348978,0.0274306613837244,0.3565985979884181,0.1097226455348978,0.932642487046632,0.4388905821395915,0.0,2.5784821700701004,0.6583358732093875,0.9600731484303566,0.0,0.2100289233731794,0.942929531848435,0.2522035872692291,-0.6621962573958045,-0.40235976970507875,0.9440606045992688,-0.7433597059609552,-0.23095759622134768,-1.1557522248529608,-0.2890776759972264,-0.807986293660309,-0.8188916373750112
Daichi Kamada,jp JPN,MF,Crystal Palace,eng Premier League,28.0,1996.0,28,22,1902,21.1,0,0,0,0,0,0,3,0,19,4,30,28,1,42,14,35,0,21.1,0.0,0.0,1.43,0.19,1.02,,,,,,,,,,,,,,,MF,,False,Midfielder,True,True,True,0.0,0.0,0.0,0.0,0.0,0.0,0.1419558359621451,0.0,0.8990536277602524,0.1892744479495268,1.419558359621451,1.3249211356466877,0.0473186119873817,1.9873817034700316,0.6624605678233438,1.6561514195583595,0.0,-1.0341415412128914,-1.1563710848352395,-1.0585089693537577,-0.64952830061127,-0.8347503521694681,-0.21458439144109867,0.12146902539691841,1.459812210263921,-0.3061597860658134,0.44883485610298035,-0.5773299211201125,-0.40202781459039977
Boubacar Kamara,fr FRA,MF,Aston Villa,eng Premier League,25.0,1999.0,18,17,1411,15.7,1,3,4,1,0,0,5,0,7,4,16,30,0,2,15,16,0,57.1,0.14,0.25,2.33,0.7,0.88,,,,,,,,,,,,,,,MF,,False,Midfielder,True,True,True,0.0637845499645641,0.1913536498936924,0.2551381998582566,0.0637845499645641,0.0,0.0,0.3189227498228207,0.0,0.4464918497519489,0.2551381998582566,1.0205527994330263,1.913536498936924,0.0,0.1275690999291283,0.956768249468462,1.0205527994330263,0.0,-0.5536644821402051,0.6491660932158198,-0.5234734129441869,-1.2462218688438123,-0.6307239158241634,-1.1845929481977393,1.0128761507222068,-0.0558096811171214,0.43901170286270863,-0.3561299249228056,-0.8633126317738823,1.0702309659333455
Hassane Kamara,ci CIV,"MF,DF",Udinese,it Serie A,31.0,1994.0,26,22,1861,20.7,0,2,2,0,0,0,5,0,16,5,16,11,0,81,25,20,0,31.3,0.0,0.0,1.35,0.0,0.17,,,,,,,,,,,,,,,MF,DF,True,Midfielder,True,True,True,0.0,0.0967221923696937,0.0967221923696937,0.0,0.0,0.0,0.2418054809242342,0.0,0.7737775389575497,0.2418054809242342,0.7737775389575497,0.5319720580333154,0.0,3.917248790972596,1.2090274046211715,0.967221923696937,0.0,-1.0341415412128914,-0.24373882324468082,-1.0585089693537577,-0.8147022946919853,-0.6720247383869548,0.791961958829042,-1.079383860694239,-0.18298025731535217,1.0777185459537466,-0.8539811163132611,-0.8633126317738823,0.4286614556273627
Jakub Kamiński,pl POL,"MF,FW",Köln,de Bundesliga,23.0,2002.0,34,34,3016,33.5,7,3,10,7,0,0,4,0,62,25,14,28,7,115,25,27,0,40.3,0.11,0.28,0.94,-0.33,5.81,,,,,,,,,,,,,,,MF,FW,True,Midfielder,True,True,True,0.2088859416445623,0.0895225464190981,0.2984084880636605,0.2088859416445623,0.0,0.0,0.1193633952254641,0.0,1.850132625994695,0.7460212201591513,0.4177718832891247,0.8355437665782494,0.2088859416445623,3.431697612732096,0.7460212201591513,0.8057029177718833,0.0,0.5393571035022691,-0.3116718281276654,0.6936615182647212,0.6044501586945199,0.8898865928695697,0.5387166604910067,-0.6196507294835698,-0.5681317247710925,-0.09458863247290449,-1.5721967084061275,0.39914552792250074,-0.5899833963565356
Harry Kane,eng ENG,"FW,MF",Bayern Munich,de Bundesliga,32.0,1993.0,31,25,2377,26.4,36,5,41,26,10,11,1,0,119,67,25,32,20,12,8,13,0,56.3,0.22,0.39,2.58,2.73,0.88,,,,,,,,,,,,,,,FW,MF,True,Forward,True,True,True,1.3630626840555322,0.1893142616743794,1.5523769457299117,0.9844341607067733,0.3786285233487589,0.4164913756836348,0.0378628523348758,0.0,4.5056794278502315,2.536811106436685,0.9465713083718972,1.2116112747160286,0.7572570466975179,0.4543542280185107,0.3029028186790071,0.4922170803533866,0.0,5.0932483035136435,0.7430741173884193,3.830393260788419,2.6260756805721552,3.9025029995437905,-0.4768665329875241,-0.32619869966749965,-0.013853755356081994,0.17318988297764243,-0.7478074888103609,0.7605144896174595,-1.0733339891487483
Lee Kang-in,kr KOR,"MF,FW",Paris Saint-Germain,fr Ligue 1,24.0,2001.0,27,18,1519,16.9,3,4,7,3,0,0,3,0,37,15,18,19,3,113,1,9,0,40.5,0.08,0.2,2.11,1.24,-0.16,,,,,,,,,,,,,,,MF,FW,True,Midfielder,True,True,True,0.1777485187623436,0.2369980250164582,0.4147465437788018,0.1777485187623436,0.0,0.0,0.1777485187623436,0.0,2.1922317314022384,0.8887425938117183,1.066491112574062,1.1257406188281764,0.1777485187623436,6.695194206714944,0.0592495062541145,0.533245556287031,0.0,0.3048047333458192,1.0798483211160834,0.43247556671056986,1.0555009230634063,1.3319952248981743,2.2408341830212235,-0.1801726628619846,-1.217822155900305,-1.8334583002435967,-0.2634527096960177,0.21095816940479464,-0.1042541212966317
Adam Karabec,cz CZE,"MF,FW",Lyon,fr Ligue 1,22.0,2003.0,21,11,922,10.2,1,0,1,1,0,0,3,0,9,5,14,20,3,80,1,3,0,55.6,0.11,0.2,1.95,0.29,-0.13,,,,,,,,,,,,,,,MF,FW,True,Midfielder,True,True,False,0.0976138828633405,0.0,0.0976138828633405,0.0976138828633405,0.0,0.0,0.2928416485900217,0.0,0.8785249457700651,0.4880694143167028,1.3665943600867678,1.9522776572668112,0.2928416485900217,7.809110629067245,0.0976138828633405,0.2928416485900217,0.0,-0.29883445840208855,-1.1563710848352395,-0.2397072664319527,-0.6765949533934482,0.09082814008356746,2.8218112444392895,1.0715462886975022,-1.7910792614731375,-1.7363217271174372,0.34198382809336403,0.9065543389315524,0.8532518173567507
Atakan Karazor,tr TUR,MF,Stuttgart,de Bundesliga,28.0,1996.0,28,22,1884,20.9,0,1,1,0,0,0,5,1,7,2,20,34,1,7,15,27,0,28.6,0.0,0.0,1.82,0.38,-0.69,,,,,,,,,,,,,,,MF,,False,Midfielder,True,True,True,0.0,0.0477707006369426,0.0477707006369426,0.0,0.0,0.0,0.2388535031847133,0.0477707006369426,0.3343949044585987,0.0955414012738853,0.9554140127388534,1.6242038216560508,0.0477707006369426,0.3343949044585987,0.7165605095541401,1.2898089171974525,0.0,-1.0341415412128914,-0.7056256923670795,-1.0585089693537577,-1.3940194282608382,-1.125107626494202,-1.0767203594381534,0.5747068024470755,0.5862471980994591,-0.16918159404194769,-0.48754270308759834,-0.5745976022285163,0.4041027680619462
Dermane Karim,tg TOG,MF,Lorient,fr Ligue 1,21.0,2003.0,30,15,1365,15.2,1,2,3,1,0,0,3,0,16,2,21,39,0,17,10,17,0,12.5,0.06,0.5,1.37,-0.46,-0.67,,,,,,,,,,,,,,,MF,,False,Midfielder,True,True,True,0.0659340659340659,0.1318681318681318,0.1978021978021978,0.0659340659340659,0.0,0.0,0.1978021978021978,0.0,1.054945054945055,0.1318681318681318,1.3846153846153846,2.571428571428571,0.0,1.120879120879121,0.6593406593406593,1.120879120879121,0.0,-0.5374725812483784,0.08788432821972664,-0.5054429106769047,-0.44398860091958137,-1.0125781520498875,-0.6665196659760986,2.009196868271856,0.18342426976126205,-0.3140592293843405,0.37833993816032124,-0.8633126317738823,0.06258048300389002
Lennart Karl,de GER,MF,Bayern Munich,de Bundesliga,17.0,2008.0,26,16,1281,14.2,5,5,10,5,0,0,1,0,42,21,5,11,4,29,11,15,0,50.0,0.12,0.24,2.58,2.53,0.0,,,,,,,,,,,,,,,MF,,False,Midfielder,True,True,False,0.351288056206089,0.351288056206089,0.702576112412178,0.351288056206089,0.0,0.0,0.0702576112412178,0.0,2.9508196721311477,1.475409836065574,0.351288056206089,0.7728337236533959,0.2810304449648712,2.037470725995316,0.7728337236533959,1.053864168618267,0.0,1.6120455405652532,2.1582437450243037,1.8881544580229195,2.055683808953085,3.149316942668658,-0.18845983439884742,-0.7146196728359805,0.023623216894946487,-0.02670079128906615,-1.7063230080105223,0.8351701649894907,-0.9985141214966441
Jesper Karlström,se SWE,MF,Udinese,it Serie A,30.0,1995.0,36,36,3146,35.0,1,0,1,1,0,0,6,0,20,3,42,30,1,15,37,34,0,15.0,0.05,0.33,1.28,-0.17,-1.16,,,,,,,,,,,,,,,MF,,False,Midfielder,True,True,True,0.0286077558804831,0.0,0.0286077558804831,0.0286077558804831,0.0,0.0,0.1716465352828989,0.0,0.5721551176096631,0.0858232676414494,1.2015257469802925,0.8582326764144945,0.0286077558804831,0.4291163382072472,1.0584869675778767,0.9726636999364272,0.0,-0.8186446784183715,-1.1563710848352395,-0.8185422910022309,-1.0805373869952248,-1.155211532140223,-1.0273172093199563,-0.5852903353191393,-0.17000402524779018,0.6965581189188542,0.008969872245891356,-0.6904139936100332,-0.15501897083961513
Michael Kayode,it ITA,DF,Brentford,eng Premier League,21.0,2004.0,37,37,3258,36.2,1,1,2,1,0,0,8,0,9,3,26,50,1,56,39,47,1,33.3,0.11,0.33,1.43,0.14,1.25,,,,,,,,,,,,,,,DF,,False,Defender,True,True,True,0.0276243093922651,0.0276243093922651,0.0552486187845303,0.0276243093922651,0.0,0.0,0.2209944751381215,0.0,0.2486187845303867,0.0828729281767955,0.7182320441988951,1.3812154696132597,0.0276243093922651,1.5469613259668509,1.0773480662983426,1.298342541436464,0.0276243093922651,-0.29610952275986707,-0.3643533068458583,-0.28119414477711235,-0.9921298341296831,-0.6035787255267485,0.2493232530073938,1.3696254812325617,0.6361680186154641,-0.01783900585786403,-0.8440732767824878,-0.4488622313190107,0.1574874255553645
Moise Kean,it ITA,FW,Fiorentina,it Serie A,25.0,2000.0,26,23,2036,22.6,8,1,9,6,2,2,4,0,98,27,29,44,30,7,7,4,0,27.6,0.06,0.22,0.92,-0.35,-0.29,,,,,,,,,,,,,,,FW,,False,Forward,True,True,True,0.3536345776031434,0.0442043222003929,0.3978388998035363,0.2652259332023575,0.0884086444007858,0.0884086444007858,0.1768172888015717,0.0,4.332023575638507,1.193516699410609,1.281925343811395,1.9449901768172888,1.3261296660117878,0.3094302554027505,0.3094302554027505,0.1768172888015717,0.0,-0.10376206164904193,-0.7259105555530366,-0.3880937062989557,2.399177336480537,0.4458515277020089,-0.5771965311459929,0.7796852363918036,-0.9754795579555557,0.20526470586962994,-0.16223469138378033,2.5246727298864666,0.3117939191425885
Michael Keane,eng ENG,DF,Everton,eng Premier League,32.0,1993.0,33,29,2591,28.8,3,1,4,3,0,0,1,1,27,7,16,6,0,1,37,24,0,25.9,0.11,0.43,1.15,-0.38,-1.25,,,,,,,,,,,,,,,DF,,False,Defender,True,True,True,0.1042068699343882,0.0347356233114627,0.138942493245851,0.1042068699343882,0.0,0.0,0.0347356233114627,0.0347356233114627,0.9378618294094944,0.2431493631802393,0.5557699729834041,0.2084137398687765,0.0,0.0347356233114627,1.285218062524122,0.833654959475106,0.0,1.1270045925710166,-0.2511171673096842,1.218565154995763,1.1138603111885306,0.5975757024352489,-0.7691725783447136,-1.260160397721287,-0.5550201691021248,0.546674438951507,-1.264601930244998,-0.807986293660309,-1.4768817032482127
Ilan Kebbal,dz ALG,"MF,FW",Paris FC,fr Ligue 1,27.0,1998.0,29,26,2222,24.7,9,4,13,6,3,4,7,0,49,20,15,61,3,110,7,15,0,40.8,0.12,0.3,1.24,-0.16,-0.27,,,,,,,,,,,,,,,MF,FW,True,Midfielder,True,True,True,0.3645364536453646,0.162016201620162,0.5265526552655265,0.243024302430243,0.1215121512151215,0.162016201620162,0.2835283528352835,0.0,1.984698469846985,0.8100810081008101,0.6075607560756076,2.4707470747074707,0.1215121512151215,4.455445544554456,0.2835283528352835,0.6075607560756076,0.0,1.7118432351885695,0.3723495621674875,0.9800198427809983,0.7818725072715859,1.0883248820348161,1.0726652163503136,1.8567234379761703,-1.040613238046279,-1.2655961190464873,-1.189311421415247,-0.12892138650367052,0.7757707721636201
Yassine Kechta,ma MAR,MF,Le Havre,fr Ligue 1,23.0,2002.0,30,14,1332,14.8,2,1,3,2,0,0,3,0,21,9,35,16,3,26,18,18,0,42.9,0.1,0.22,1.07,-0.27,0.15,,,,,,,,,,,,,,,MF,,False,Midfielder,True,True,False,0.1351351351351351,0.0675675675675675,0.2027027027027027,0.1351351351351351,0.0,0.0,0.2027027027027027,0.0,1.4189189189189189,0.6081081081081081,2.364864864864865,1.0810810810810811,0.2027027027027027,1.7567567567567568,1.2162162162162162,1.2162162162162162,0.0,-0.016193898042380247,-0.5188303044973911,0.07502732207853129,0.035903591023252183,0.46267253412513376,-0.33486972088101224,-0.24780567525732178,0.4107611206894317,1.0959202368167311,2.355922174976867,0.3617754665672668,0.10334975004579665
Thilo Kehrer,de GER,DF,Monaco,fr Ligue 1,28.0,1996.0,28,28,2353,26.1,0,0,0,0,0,0,8,2,16,1,27,29,2,5,31,39,0,6.3,0.0,0.0,1.68,0.46,1.22,,,,,,,,,,,,,,,DF,,False,Defender,True,True,True,0.0,0.0,0.0,0.0,0.0,0.0,0.3059923501912452,0.0764980875478113,0.6119847003824904,0.0382490437739056,1.032724181895453,1.109222269443264,0.0764980875478113,0.1912452188695282,1.1857203569910753,1.4917127071823204,0.0,-0.809444991619996,-0.8042256269931214,-0.8221765122714052,0.1181389507563229,-0.9380020382379642,-0.6637621423478989,0.7597322155274029,1.1318564472178254,0.2764680911336063,-0.030018930431957216,0.18651110974636692,0.9033199142577677
Mandela Keita,be BEL,MF,Parma,it Serie A,23.0,2002.0,37,36,2979,33.1,1,1,2,1,0,0,1,0,16,5,30,57,0,2,43,48,1,31.3,0.06,0.2,1.22,-0.54,-0.54,,,,,,,,,,,,,,,MF,,False,Midfielder,True,True,True,0.0302114803625377,0.0302114803625377,0.0604229607250755,0.0302114803625377,0.0,0.0,0.0302114803625377,0.0,0.4833836858006042,0.1510574018126888,0.9063444108761328,1.7220543806646524,0.0,0.0604229607250755,1.299093655589124,1.4501510574018126,0.0302114803625377,-0.8065641224980342,-0.87130753350593,-0.8050899797284125,-1.197580727766012,-0.9531354654522368,-1.2196138580770992,0.7228930221029174,0.9685923607694096,1.305761531311252,-0.586537066223276,-0.8633126317738823,-1.3316739564393336
Lloyd Kelly,eng ENG,DF,Juventus,it Serie A,26.0,1998.0,35,33,2996,33.3,1,1,2,1,0,0,4,0,17,3,43,20,4,12,14,33,0,17.6,0.06,0.33,1.77,0.75,0.33,,,,,,,,,,,,,,,DF,,False,Defender,True,True,True,0.0300400534045393,0.0300400534045393,0.0600801068090787,0.0300400534045393,0.0,0.0,0.1201602136181575,0.0,0.5106809078771696,0.0901201602136181,1.2917222963951935,0.6008010680907877,0.1201602136181575,0.3604806408544727,0.4205607476635514,0.9913217623497996,0.0,-0.25121837027610383,-0.32588650181295326,-0.23388527285337884,-0.191395966258309,-0.5492660322645702,-0.5497807627786215,-0.38030608930080784,-0.15085435863045527,-1.8014791582679628,0.6403906459388734,0.7541314568176001,-0.7273049080047426
Aljoscha Kemlein,de GER,MF,Union Berlin,de Bundesliga,20.0,2004.0,30,23,1959,21.8,0,2,2,0,0,0,4,0,17,2,22,11,0,9,18,25,0,11.8,0.0,0.0,1.13,-0.14,0.76,,,,,,,,,,,,,,,MF,,False,Midfielder,True,True,True,0.0,0.0918836140888208,0.0918836140888208,0.0,0.0,0.0,0.1837672281776416,0.0,0.781010719754977,0.0918836140888208,1.010719754977029,0.5053598774885145,0.0,0.4134762633996937,0.8269525267993875,1.1485451761102603,0.0,-1.0341415412128914,-0.28939372964380033,-1.0585089693537577,-0.8051654918301032,-1.1364383700769907,-1.0354744862212724,-1.1196857094694321,0.24939558818263227,0.11032515684081028,-0.37596737900139243,-0.8633126317738823,-0.05418206211459906
Marc-Oliver Kempf,de GER,DF,Como,it Serie A,30.0,1995.0,34,27,2326,25.8,4,1,5,4,0,0,3,0,21,6,26,19,0,0,13,12,0,28.6,0.19,0.67,1.94,1.04,0.3,,,,,,,,,,,,,,,DF,,False,Defender,True,True,True,0.1547721410146173,0.0386930352536543,0.1934651762682717,0.1547721410146173,0.0,0.0,0.116079105760963,0.0,0.8125537403267412,0.232158211521926,1.0060189165950129,0.7351676698194325,0.0,0.0,0.5030094582975064,0.4643164230438521,0.0,2.066646078966943,-0.188101801094675,2.2088132612391904,0.730979986609815,0.5152050751967456,-0.7925672921629087,-0.07901441921946256,-1.501788963759515,-1.5775728393901216,-0.09914478345802848,-0.807986293660309,-0.7631154835972724
Milos Kerkez,hu HUN,DF,Liverpool,eng Premier League,21.0,2003.0,34,27,2257,25.1,2,1,3,2,0,0,4,0,9,2,22,30,4,79,15,26,0,22.2,0.22,1.0,1.47,0.2,-0.19,,,,,,,,,,,,,,,DF,,False,Defender,True,True,True,0.0797518830305715,0.0398759415152857,0.1196278245458573,0.0797518830305715,0.0,0.0,0.1595037660611431,0.0,0.358883473637572,0.0797518830305715,0.877270713336287,1.1962782454585734,0.1595037660611431,3.1501993797075767,0.5981391227292867,1.0367744793974305,0.0,0.6725638320807612,-0.16926593756477173,0.739649410011635,-0.6552147932575052,-0.6269686717604273,1.3291166142316637,0.9549387628894058,-0.03434007731852185,-1.3192287996201155,-0.4324060065055592,1.2656090897831191,-0.3820762818231392
Kevin,br BRA,MF,Fulham,eng Premier League,22.0,2003.0,26,9,1041,11.6,1,1,2,1,0,0,1,0,25,10,14,17,3,43,9,10,0,40.0,0.04,0.1,1.38,-0.09,0.03,,,,,,,,,,,,,,,MF,,False,Midfielder,True,True,False,0.0864553314121037,0.0864553314121037,0.1729106628242075,0.0864553314121037,0.0,0.0,0.0864553314121037,0.0,2.161383285302594,0.8645533141210375,1.2103746397694524,1.4697406340057635,0.2593659942363112,3.717579250720461,0.7780979827089338,0.8645533141210375,0.0,-0.3828897349193657,-0.34061285293320837,-0.3333070768524087,1.0148278696327022,1.257063985938565,0.687821809332536,0.34078564669900374,-0.42779953052302944,-0.013371965698809107,0.026821871709214625,0.7042352519825157,-0.8637587865822993
Bilal El Khannouss,ma MAR,"MF,FW",Stuttgart,de Bundesliga,21.0,2004.0,25,19,1630,18.1,4,5,9,4,0,0,6,0,42,15,19,9,1,65,10,21,0,35.7,0.1,0.27,1.84,0.17,-1.03,,,,,,,,,,,,,,,MF,FW,True,Midfielder,True,True,True,0.2208588957055214,0.2760736196319018,0.4969325153374233,0.2208588957055214,0.0,0.0,0.3312883435582822,0.0,2.3190184049079754,0.8282208588957056,1.049079754601227,0.4969325153374233,0.0552147239263803,3.5889570552147236,0.5521472392638037,1.1595092024539877,0.0,0.6295471222265207,1.448550140348855,0.7940926750484617,1.2226665925802087,1.144516778279153,0.620737292326978,-1.132448221523463,0.2755399469305398,-0.5854673013568853,-0.29857886170088216,-0.5296076528392384,1.1731053030411027
Rani Khedira,tn TUN,MF,Union Berlin,de Bundesliga,31.0,1994.0,32,32,2830,31.4,5,1,6,5,0,0,7,0,23,10,52,18,2,26,37,35,0,43.5,0.22,0.5,1.13,-0.54,-1.71,,,,,,,,,,,,,,,MF,,False,Midfielder,True,True,True,0.1590106007067137,0.0318021201413427,0.1908127208480565,0.1590106007067137,0.0,0.0,0.2226148409893993,0.0,0.7314487632508834,0.3180212014134275,1.6537102473498233,0.5724381625441697,0.0636042402826855,0.8268551236749117,1.176678445229682,1.1130742049469964,0.0,0.1636555088782045,-0.8562988871638567,0.27529875166020745,-0.870511930950888,-0.4359309630665287,-0.8198715642463164,-1.0181014407222224,0.16481299359961152,0.9958126911683745,0.9212193084475413,-0.47890336275376205,0.2690068200146621
Abdukodir Khusanov,uz UZB,DF,Manchester City,eng Premier League,21.0,2004.0,21,15,1432,15.9,0,0,0,0,0,0,2,0,7,1,14,6,0,3,29,20,0,14.3,0.0,0.0,1.95,0.75,-0.6,,,,,,,,,,,,,,,DF,,False,Defender,True,True,True,0.0,0.0,0.0,0.0,0.0,0.0,0.1256983240223463,0.0,0.4399441340782123,0.0628491620111731,0.8798882681564246,0.3770949720670391,0.0,0.1885474860335195,1.8226256983240223,1.2569832402234635,0.0,-0.809444991619996,-0.8042256269931214,-0.8221765122714052,-0.40753300186428587,-0.753642179295209,-0.6655790865003173,-0.8819246642387215,0.530146870279125,2.0061146720804377,-0.42563053703356957,-0.807986293660309,-0.6787095441455492
Kialonda,ao ANG,DF,Lecce,it Serie A,27.0,1997.0,23,21,1830,20.3,0,0,0,0,0,0,6,1,9,1,13,22,2,1,19,9,0,11.1,0.0,0.0,1.13,-0.39,0.4,,,,,,,,,,,,,,,DF,,False,Defender,True,True,True,0.0,0.0,0.0,0.0,0.0,0.0,0.2950819672131147,0.0491803278688524,0.4426229508196722,0.0491803278688524,0.639344262295082,1.0819672131147542,0.0983606557377049,0.0491803278688524,0.9344262295081968,0.4426229508196722,0.0,-0.809444991619996,-0.8042256269931214,-0.8221765122714052,-0.3993478461335995,-0.8560800745152636,-0.7594439569153985,0.6986179108286685,-1.5573983858037899,-0.4059724541177819,-1.0482721550218996,0.4707308594631381,0.8075843669374424
Kiké,es ESP,FW,Espanyol,es La Liga,35.0,1989.0,37,17,1734,19.3,8,1,9,7,1,2,3,0,60,27,33,44,26,17,4,8,0,45.0,0.12,0.26,1.16,0.1,0.85,,,,,,,,,,,,,,,FW,,False,Forward,True,True,True,0.4152249134948097,0.0519031141868512,0.4671280276816609,0.3633217993079584,0.0519031141868512,0.1038062283737024,0.1557093425605536,0.0,3.114186851211073,1.4013840830449826,1.71280276816609,2.283737024221453,1.3494809688581315,0.8823529411764706,0.2076124567474048,0.4152249134948097,0.0,0.2133339375378389,-0.6479737342073206,0.18728365573085334,0.8079546242759152,0.9807492342877179,-0.18056558754756047,1.2904917183640285,-0.2485959975274389,-0.29505234006097725,0.5901346617885291,2.5970885782481825,0.1013853408446597
Semih Kılıçsoy,tr TUR,FW,Cagliari,it Serie A,19.0,2005.0,22,11,975,10.8,4,0,4,4,0,0,1,0,17,8,14,15,2,1,1,4,0,47.1,0.24,0.5,1.05,-0.46,-0.17,,,,,,,,,,,,,,,FW,,False,Forward,True,True,False,0.3692307692307692,0.0,0.3692307692307692,0.3692307692307692,0.0,0.0,0.0923076923076923,0.0,1.5692307692307692,0.7384615384615385,1.2923076923076924,1.3846153846153846,0.1846153846153846,0.0923076923076923,0.0923076923076923,0.3692307692307692,0.0,-0.023465536292029902,-1.1734021059287691,0.2219424814436552,-1.2106815013192682,-0.7251256487355827,-0.7275091810292895,-0.06532063859734424,-0.388828036601307,-0.8616422672453111,-0.1441057285255671,-1.015332110454956,-0.530616036225535
Max Kilman,eng ENG,DF,West Ham United,eng Premier League,28.0,1997.0,21,17,1561,17.3,0,0,0,0,0,0,4,0,7,1,16,2,0,2,6,8,0,14.3,0.0,0.0,0.95,-1.1,-1.1,,,,,,,,,,,,,,,DF,,False,Defender,True,True,True,0.0,0.0,0.0,0.0,0.0,0.0,0.230621396540679,0.0,0.4035874439461883,0.0576553491351697,0.922485586162716,0.1153106982703395,0.0,0.1153106982703395,0.3459320948110186,0.461242793081358,0.0,-0.809444991619996,-0.8042256269931214,-0.8221765122714052,-0.5186212916965907,-0.7925660007158907,-0.714904635528772,-1.46892634500256,-1.509667959985935,-2.0041485125191043,-0.3153685377356559,-0.807986293660309,0.24196095790807734
Joshua Kimmich,de GER,MF,Bayern Munich,de Bundesliga,30.0,1995.0,29,24,2280,25.3,2,8,10,2,0,0,4,0,28,10,8,21,0,126,24,26,0,35.7,0.07,0.2,2.55,2.53,-0.01,,,,,,,,,,,,,,,MF,,False,Midfielder,True,True,True,0.0789473684210526,0.3157894736842105,0.3947368421052631,0.0789473684210526,0.0,0.0,0.1578947368421052,0.0,1.105263157894737,0.3947368421052631,0.3157894736842105,0.8289473684210525,0.0,4.973684210526316,0.9473684210526316,1.0263157894736843,0.0,-0.4394458128343296,1.8232931937963917,-0.39628513593805204,-0.3776451979749622,-0.19828858271759647,1.3429590833118379,-0.6296404047206201,-0.04206749605115988,0.4152118343130897,-1.7779388238226015,-0.8633126317738823,-0.2694257012321161
Joshua King,eng ENG,MF,Fulham,eng Premier League,18.0,2007.0,32,15,1308,14.5,1,2,3,1,0,0,4,0,26,11,13,30,3,12,3,12,0,42.3,0.04,0.09,1.38,-0.28,-0.28,,,,,,,,,,,,,,,MF,,False,Midfielder,True,True,False,0.0688073394495412,0.1376146788990825,0.2064220183486238,0.0688073394495412,0.0,0.0,0.2752293577981651,0.0,1.788990825688073,0.756880733944954,0.8944954128440367,2.064220183486239,0.2064220183486238,0.8256880733944955,0.2064220183486238,0.8256880733944955,0.0,-0.515828750424237,0.14210646777946148,-0.4813414081198862,0.5238359292876997,0.9235261568778627,-0.8204802539368873,1.2410735754830966,-0.5204759583719851,-1.460825281105968,-0.6104415604407928,0.38425414727077395,0.7067281017210544
Justin Kluivert,nl NED,MF,Bournemouth,eng Premier League,26.0,1999.0,20,10,952,10.6,2,0,2,2,0,0,5,0,17,4,18,10,1,40,4,7,0,23.5,0.12,0.5,1.2,-0.28,-0.54,,,,,,,,,,,,,,,MF,,False,Midfielder,True,True,False,0.1890756302521008,0.0,0.1890756302521008,0.1890756302521008,0.0,0.0,0.4726890756302521,0.0,1.607142857142857,0.3781512605042016,1.7016806722689075,0.9453781512605044,0.0945378151260504,3.781512605042017,0.3781512605042016,0.6617647058823529,0.0,0.3901297410382862,-1.1563710848352395,0.5274892871460418,0.28407305380886677,-0.2496658123881449,0.7211670510176345,-0.4533160409626986,-0.9113607659275968,-1.0260159198472818,1.0179961618138686,-0.29194801448032126,2.3494747430898806
Ansgar Knauff,de GER,"MF,FW",Eintracht Frankfurt,de Bundesliga,23.0,2002.0,28,12,1326,14.7,4,1,5,4,0,0,3,0,34,14,26,12,7,39,9,10,0,41.2,0.12,0.29,1.29,0.2,0.57,,,,,,,,,,,,,,,MF,FW,True,Midfielder,True,True,False,0.2714932126696833,0.0678733031674208,0.3393665158371041,0.2714932126696833,0.0,0.0,0.2036199095022624,0.0,2.3076923076923075,0.9502262443438916,1.7647058823529411,0.8144796380090499,0.4751131221719457,2.6470588235294117,0.6108597285067874,0.6787330316742082,0.0,1.0109659409939282,-0.5159455045863597,1.218821860492109,1.2077333620464503,1.5224534017867697,0.12947847270762422,-0.6515505327615448,-0.8708988057912608,-0.4368103829124336,1.145144952448366,2.0081608294963225,0.11098036152422804
Robin Koch,de GER,DF,Eintracht Frankfurt,de Bundesliga,29.0,1996.0,32,32,2833,31.5,3,1,4,3,0,0,3,1,15,5,31,13,0,2,47,27,0,33.3,0.2,0.6,1.38,-0.1,0.3,,,,,,,,,,,,,,,DF,,False,Defender,True,True,True,0.0953053300388281,0.031768443346276,0.1270737733851041,0.0953053300388281,0.0,0.0,0.0953053300388281,0.031768443346276,0.4765266501941405,0.1588422167313801,0.984821743734557,0.4129897635015884,0.0,0.063536886692552,1.4931168372749737,0.8577479703494528,0.0,0.9615895557287217,-0.298364695457722,1.0442412991967334,-0.2957546981099076,-0.034244578966143295,-0.7497747023267324,-0.8014373889827947,-0.4932597281647127,1.111266037725471,-0.15401308898637514,-0.807986293660309,-0.9453995328973501
Christian Kofane,cm CMR,FW,Leverkusen,de Bundesliga,19.0,2006.0,29,12,1239,13.8,5,4,9,5,0,0,3,0,46,19,30,17,3,0,2,7,0,41.3,0.11,0.26,1.69,0.87,0.43,,,,,,,,,,,,,,,FW,,False,Forward,True,True,False,0.3631961259079903,0.2905569007263922,0.6537530266343826,0.3631961259079903,0.0,0.0,0.2179176755447942,0.0,3.3414043583535107,1.3801452784503632,2.179176755447942,1.234866828087167,0.2179176755447942,0.0,0.1452784503631961,0.5084745762711864,0.0,-0.05453471665076116,1.767978996783068,0.1865465234517711,1.1048365056673204,0.9260961777588179,-0.7914132434979451,-0.2911309566173173,0.035713898076065405,-0.601352086736256,1.4044857401100324,-0.9120567743458412,0.7214914730112582
Derrick Köhn,gh GHA,"MF,DF",Union Berlin,de Bundesliga,26.0,1999.0,29,21,1899,21.1,1,2,3,0,1,1,5,1,28,5,33,16,6,114,8,22,0,17.9,0.0,0.0,1.17,-0.33,0.21,,,,,,,,,,,,,,,MF,DF,True,Midfielder,True,True,True,0.0473933649289099,0.0947867298578199,0.1421800947867298,0.0,0.0473933649289099,0.0473933649289099,0.2369668246445497,0.0473933649289099,1.3270142180094786,0.2369668246445497,1.5639810426540284,0.7582938388625592,0.2843601895734597,5.402843601895735,0.3791469194312796,1.042654028436019,0.0,-0.6771362066412432,-0.2620010801906741,-1.0585089693537577,-0.08527090180365267,-0.6870134654004398,1.5667925389235677,-0.736639072451226,-0.0031080146208094612,-1.023494964087621,0.7401971453091142,0.8552943687426113,0.38840673208446175
Dominik Kohr,de GER,DF,Mainz 05,de Bundesliga,31.0,1994.0,29,28,2338,26.0,2,0,2,2,0,0,11,2,15,4,40,43,1,17,44,35,0,26.7,0.13,0.5,1.24,-0.19,0.31,,,,,,,,,,,,,,,DF,,False,Defender,True,True,True,0.0769888793840889,0.0,0.0769888793840889,0.0769888793840889,0.0,0.0,0.4234388366124892,0.0769888793840889,0.5774165953806673,0.1539777587681779,1.5397775876817792,1.6552609067579127,0.0384944396920444,0.6544054747647562,1.693755346449957,1.347305389221557,0.0,0.621219642722437,-0.8042256269931214,0.6855399576143181,0.01251570360562603,-0.07070012667039426,-0.3518200896179804,1.9841204998848252,0.7616802297927947,1.6561409019784386,1.2824750219938559,-0.3075473735970277,1.9338798571053066
Koke,es ESP,MF,Atlético Madrid,es La Liga,33.0,1992.0,34,24,2219,24.7,2,2,4,2,0,0,6,0,14,4,21,22,0,44,19,30,0,28.6,0.14,0.5,2.0,0.61,0.38,,,,,,,,,,,,,,,MF,,False,Midfielder,True,True,True,0.0811176205497972,0.0811176205497972,0.1622352410995944,0.0811176205497972,0.0,0.0,0.2433528616493916,0.0,0.5678233438485805,0.1622352410995944,0.8517350157728707,0.8922938260477693,0.0,1.7845876520955386,0.7706173952230735,1.216764308246958,0.0,-0.42309771034172367,-0.3909773764891243,-0.3780806952718247,-1.086248743251716,-0.9185098231276367,-0.32035416884667356,-0.533707666273342,0.412068078026941,-0.03231241769020578,-0.6967075604652339,-0.8633126317738823,0.44153473690761225
Sead Kolašinac,ba BIH,DF,Atalanta,it Serie A,32.0,1993.0,19,15,1212,13.5,0,0,0,0,0,0,3,0,3,0,22,10,1,3,11,18,0,0.0,0.0,,1.74,0.52,0.19,,,,,,,,,,,,,,,DF,,False,Defender,True,True,False,0.0,0.0,0.0,0.0,0.0,0.0,0.2227722772277227,0.0,0.2227722772277227,0.0,1.6336633663366338,0.7425742574257425,0.0742574257425742,0.2227722772277227,0.8168316831683169,1.3366336633663365,0.0,-0.809444991619996,-0.8042256269931214,-0.8221765122714052,-1.0711041380051076,-1.2246505919904345,-0.6425284221061175,-0.06240654850754596,0.7343241430911791,-0.7253244705243135,1.5254958069784108,0.15738185411853037,0.1730871397373822
Randal Kolo Muani,fr FRA,"FW,MF",Tottenham Hotspur,eng Premier League,26.0,1998.0,30,21,1664,18.5,1,1,2,1,0,0,3,0,20,4,41,17,3,18,2,16,0,20.0,0.05,0.25,0.87,-0.76,-1.01,,,,,,,,,,,,,,,FW,MF,True,Forward,True,True,True,0.0540865384615384,0.0540865384615384,0.1081730769230769,0.0540865384615384,0.0,0.0,0.1622596153846154,0.0,1.0817307692307694,0.2163461538461538,2.2175480769230766,0.919471153846154,0.1622596153846154,0.9735576923076924,0.1081730769230769,0.8653846153846154,0.0,-1.6459761671728665,-0.6258703772238468,-1.6265233444629508,-1.847647899720875,-2.0686665011817684,-0.11742508464884274,-0.766725507600965,1.1239007390679259,-0.7836822006542882,1.4714871764508899,-1.084660661640201,0.16667987858117067
Mert Kömür,de GER,"MF,FW",Augsburg,de Bundesliga,20.0,2005.0,28,17,1464,16.3,2,4,6,2,0,0,1,0,41,16,26,18,2,60,8,13,0,39.0,0.05,0.13,1.25,-0.43,0.08,,,,,,,,,,,,,,,MF,FW,True,Midfielder,True,True,True,0.1229508196721311,0.2459016393442623,0.3688524590163934,0.1229508196721311,0.0,0.0,0.0614754098360655,0.0,2.5204918032786887,0.9836065573770492,1.5983606557377048,1.1065573770491803,0.1229508196721311,3.6885245901639343,0.4918032786885246,0.7991803278688524,0.0,-0.10797606259054109,1.1638592960664405,-0.027176769771921,1.4883052010964402,1.625855745486889,0.6726679872217317,-0.20922402556011238,-0.5836852199054672,-0.7382550189535547,0.809555521429447,-0.12022640818990683,-1.0715767796455162
Ibrahima Konaté,fr FRA,DF,Liverpool,eng Premier League,26.0,1999.0,36,36,3090,34.3,1,0,1,1,0,0,7,0,12,4,33,41,0,3,28,31,0,33.3,0.08,0.25,1.64,0.29,0.29,,,,,,,,,,,,,,,DF,,False,Defender,True,True,True,0.029126213592233,0.0,0.029126213592233,0.029126213592233,0.0,0.0,0.203883495145631,0.0,0.3495145631067961,0.116504854368932,0.9611650485436892,1.194174757281553,0.0,0.087378640776699,0.8155339805825242,0.9029126213592232,0.0,-0.26820002154028555,-0.8042256269931214,-0.25178151120460535,-0.6838416084234716,-0.3515320845735239,-0.7337170945872352,0.9502220888223581,-0.3774838803184072,-0.7288486470305185,-0.2152478011844804,-0.807986293660309,0.00734338037823491
Ismaël Koné,ca CAN,MF,Sassuolo,it Serie A,23.0,2002.0,35,33,2737,30.4,6,0,6,6,0,0,5,1,23,10,25,54,0,5,12,18,0,43.5,0.26,0.6,1.37,-0.07,0.2,,,,,,,,,,,,,,,MF,,False,Midfielder,True,True,True,0.1972963098282791,0.0,0.1972963098282791,0.1972963098282791,0.0,0.0,0.1644135915235659,0.0328827183047131,0.7563025210084033,0.3288271830471319,0.8220679576178298,1.7756667884545123,0.0,0.1644135915235659,0.3945926196565583,0.5918889294848374,0.0,0.4520545793970329,-1.1563710848352395,0.5964457330808156,-0.8377427530817624,-0.4024572258431668,-1.1653762421447167,0.8040843828628326,-1.077983620402073,-0.9843872677812325,-0.7565586987806355,-0.8633126317738823,-0.21519273285196552
Manu Koné,fr FRA,MF,Roma,it Serie A,24.0,2001.0,29,28,2456,27.3,2,3,5,2,0,0,2,0,21,5,47,53,2,1,20,27,0,23.8,0.1,0.4,1.93,0.73,-0.01,,,,,,,,,,,,,,,MF,,False,Midfielder,True,True,True,0.0732899022801303,0.1099348534201954,0.1832247557003257,0.0732899022801303,0.0,0.0,0.0732899022801303,0.0,0.7695439739413681,0.1832247557003257,1.722312703583062,1.9421824104234529,0.0732899022801303,0.0366449511400651,0.7328990228013029,0.989413680781759,0.0,-0.48206244483539895,-0.11906939174483074,-0.44374091553135964,-0.8202841647009094,-0.8534905106757849,-1.2320155767858487,1.0562579093426296,-0.13006272134062946,-0.12781334237005434,1.0596197887153904,-0.4203654691814798,-0.9732872753605516
Ransford Königsdörffer,gh GHA,"FW,MF",Hamburger SV,de Bundesliga,23.0,2001.0,33,29,2329,25.9,5,1,6,5,0,1,2,0,65,22,25,32,28,21,6,4,0,33.8,0.08,0.23,1.12,-0.43,-0.06,,,,,,,,,,,,,,,FW,MF,True,Forward,True,True,True,0.193215972520395,0.038643194504079,0.231859167024474,0.193215972520395,0.0,0.038643194504079,0.077286389008158,0.0,2.511807642765135,0.8501502790897381,0.9660798626019752,1.2365822241305282,1.082009446114212,0.8115070845856591,0.231859167024474,0.154572778016316,0.0,-0.9296724440238617,-0.7822072598295885,-0.8104652379642661,0.02088731171013081,-0.4377210055975676,-0.22961174970416065,-0.28854425972312325,-1.0433010851419173,-0.17590772468363772,-0.7137429556095491,1.7676197747491207,-0.6803516398388857
Ezri Konsa,eng ENG,DF,Aston Villa,eng Premier League,27.0,1997.0,34,34,3035,33.7,0,0,0,0,0,0,0,1,11,2,11,42,0,5,22,8,0,18.2,0.0,0.0,1.79,0.24,0.47,,,,,,,,,,,,,,,DF,,False,Defender,True,True,True,0.0,0.0,0.0,0.0,0.0,0.0,0.0,0.029654036243822,0.3261943986820428,0.0593080724876441,0.3261943986820428,1.2454695222405272,0.0,0.1482701812191103,0.6523887973640857,0.2372322899505766,0.0,-0.809444991619996,-0.8042256269931214,-0.8221765122714052,-0.755096642232837,-0.7801800503235066,-0.6927061661284052,1.0652408896411087,-2.0839003595860826,-1.17190272436193,-1.8588520614080954,-0.807986293660309,-1.7816770450708828
Teun Koopmeiners,nl NED,"MF,DF",Juventus,it Serie A,27.0,1998.0,33,18,1827,20.3,0,0,0,0,0,0,5,0,28,7,33,11,3,47,18,13,0,25.0,0.0,0.0,1.7,0.15,-1.21,,,,,,,,,,,,,,,MF,DF,True,Midfielder,True,True,True,0.0,0.0,0.0,0.0,0.0,0.0,0.2463054187192118,0.0,1.379310344827586,0.3448275862068965,1.6256157635467978,0.541871921182266,0.147783251231527,2.315270935960591,0.8866995073891626,0.6403940886699507,0.0,-1.0341415412128914,-1.1563710848352395,-1.0585089693537577,-0.016319514319786198,-0.3528927060250626,-0.04356965555928797,-1.0643913730680394,-0.9623202460993039,0.2616013526784419,0.8645407248411994,0.02985504583444262,0.4660982441542976
Odilon Kossounou,ci CIV,DF,Atalanta,it Serie A,24.0,2001.0,19,10,988,11.0,1,0,1,1,0,0,1,0,5,1,16,3,1,2,10,14,0,20.0,0.2,1.0,1.58,0.46,0.09,,,,,,,,,,,,,,,DF,,False,Defender,True,True,False,0.0910931174089068,0.0,0.0910931174089068,0.0910931174089068,0.0,0.0,0.0910931174089068,0.0,0.4554655870445344,0.0910931174089068,1.45748987854251,0.2732793522267207,0.0910931174089068,0.1821862348178137,0.9109311740890688,1.2753036437246963,0.0,0.8833150868681661,-0.8042256269931214,0.9617511732512775,-0.36010702168072395,-0.5419744310799456,-0.6698634389180835,-1.1147115404402015,0.5771097095974849,-0.46977807739894567,1.0694755245606853,0.3762507459226396,-0.9823605160602161
Koffi Kouao,ci CIV,"DF,MF",Metz,fr Ligue 1,27.0,1998.0,27,27,2265,25.2,2,1,3,2,0,0,10,0,23,10,32,33,3,59,28,46,1,43.5,0.09,0.2,0.56,-1.07,0.85,,,,,,,,,,,,,,,DF,MF,True,Defender,True,True,True,0.0794701986754966,0.0397350993377483,0.119205298013245,0.0794701986754966,0.0,0.0,0.3973509933774834,0.0,0.913907284768212,0.3973509933774834,1.271523178807947,1.3112582781456954,0.119205298013245,2.3443708609271523,1.1125827814569536,1.827814569536424,0.0397350993377483,0.6673293638292789,-0.1715086207945403,0.7341330270631732,1.0406669212443864,1.7532039200606189,0.7863848079137696,1.21275972158472,1.9934257764782404,0.07784806198361643,0.5881057793448192,0.7417172760191003,1.7049663574127343
Arsène Kouassi,bf BFA,MF,Lorient,fr Ligue 1,20.0,2004.0,31,30,2605,28.9,2,6,8,2,0,0,4,0,9,5,15,53,10,119,24,18,0,55.6,0.22,0.4,1.29,-0.07,0.13,,,,,,,,,,,,,,,MF,,False,Midfielder,True,True,True,0.0690978886756238,0.2072936660268714,0.2763915547024952,0.0690978886756238,0.0,0.0,0.1381957773512476,0.0,0.3109404990403071,0.1727447216890595,0.5182341650671786,1.831094049904031,0.345489443378119,4.111324376199616,0.8291746641074856,0.6218809980806141,0.0,-0.5136400975648601,0.7995697660131634,-0.478904232237516,-1.4249435883200565,-0.8859545585037804,0.8931845110202373,0.8880241827300782,-1.0064657877758827,0.11595149101334411,-1.369521340637736,1.2247453938056578,-0.4333092512409592
Konstantinos Koulierakis,gr GRE,DF,Wolfsburg,de Bundesliga,21.0,2003.0,29,27,2482,27.6,4,1,5,4,0,0,5,0,26,12,29,13,0,20,35,25,1,46.2,0.15,0.33,1.0,-0.58,0.67,,,,,,,,,,,,,,,DF,,False,Defender,True,True,True,0.145044319097502,0.0362610797743755,0.1813053988718775,0.145044319097502,0.0,0.0,0.1813053988718775,0.0,0.9427880741337632,0.435132957292506,1.0515713134568896,0.4713940370668815,0.0,0.72522159548751,1.2691377921031428,0.9065269943593876,0.0362610797743755,1.8858764548688125,-0.22682674744445586,2.0183078604867126,1.1289125092771681,2.0363520525521777,-0.3041248787628792,-0.6704768608754326,-0.3682187340331786,0.5030051792525093,0.01876635709924115,-0.807986293660309,-0.1907730751624637
Jules Koundé,fr FRA,DF,Barcelona,es La Liga,26.0,1998.0,30,24,2261,25.1,1,3,4,1,0,0,6,0,14,4,24,24,2,40,31,24,0,28.6,0.07,0.25,2.43,1.71,0.47,,,,,,,,,,,,,,,DF,,False,Defender,True,True,True,0.0398053958425475,0.1194161875276426,0.1592215833701901,0.0398053958425475,0.0,0.0,0.2388323750552853,0.0,0.5572755417956656,0.1592215833701901,0.9553295002211412,0.9553295002211412,0.079610791685095,1.592215833701902,1.233967271118974,0.9553295002211412,0.0,-0.06975151194449677,1.097283465054363,-0.04264508666485501,-0.049025520033096875,-0.03140150401243662,0.27980251770783293,0.41465681095615026,-0.24311754611640435,0.4074924438072813,-0.2303529593296177,0.22697716950462055,0.31400998897389226
Andrej Kramarić,hr CRO,"MF,FW",Hoffenheim,de Bundesliga,34.0,1991.0,34,26,2207,24.5,14,6,20,9,5,5,2,0,64,33,5,14,5,82,7,5,0,51.6,0.14,0.27,1.79,0.82,1.55,,,,,,,,,,,,,,,MF,FW,True,Midfielder,True,True,True,0.5709107385591301,0.2446760308110557,0.8155867693701857,0.3670140462165835,0.2038966923425464,0.2038966923425464,0.0815586769370185,0.0,2.6098776619845947,1.3457181694608065,0.2038966923425464,0.5709107385591301,0.2038966923425464,3.3439057544177615,0.285455369279565,0.2038966923425464,0.0,3.266422040536927,1.1522949398408315,2.0200667129503387,1.6061586513270036,2.747570491939255,0.49292771723062834,-1.020414592414435,-2.0031736848216655,-1.2607170152971447,-2.003674395498657,0.3689916628873549,-0.904496020389805
Jean-Philippe Krasso,ci CIV,FW,Paris FC,fr Ligue 1,28.0,1997.0,25,12,1092,12.1,2,2,4,1,1,1,0,0,27,10,20,19,10,4,1,8,0,37.0,0.04,0.1,1.12,-0.16,-0.12,,,,,,,,,,,,,,,FW,,False,Forward,True,True,False,0.1648351648351648,0.1648351648351648,0.3296703296703296,0.0824175824175824,0.0824175824175824,0.0824175824175824,0.0,0.0,2.225274725274726,0.8241758241758242,1.6483516483516485,1.565934065934066,0.8241758241758242,0.3296703296703296,0.0824175824175824,0.6593406593406593,0.0,-1.0757901821460931,0.4952660196481386,-1.4603487442261682,-0.35349595080755286,-0.5045601417830913,-0.5631844489670322,0.20809521288579486,0.49569111462057,-0.9102407503150399,0.4775944250874647,0.968039528982842,-1.4507590990632495
Tom Krauß,de GER,"MF,DF",Köln,de Bundesliga,24.0,2001.0,26,19,1780,19.8,0,2,2,0,0,0,4,0,9,2,23,22,0,14,26,43,0,22.2,0.0,0.0,1.08,-0.4,0.02,,,,,,,,,,,,,,,MF,DF,True,Midfielder,True,True,True,0.0,0.1011235955056179,0.1011235955056179,0.0,0.0,0.0,0.2022471910112359,0.0,0.4550561797752808,0.1011235955056179,1.1629213483146066,1.1123595505617978,0.0,0.7078651685393259,1.3146067415730338,2.1741573033707864,0.0,-1.0341415412128914,-0.20220892819477398,-1.0585089693537577,-1.2349299726000929,-1.1078156386696096,-0.8819322656470145,-0.2004371349451445,2.695027379886985,1.3450398447955922,-0.0689117023965301,-0.8633126317738823,0.09956016546886726
Ladislav Krejčí,cz CZE,"DF,MF",Wolves,eng Premier League,26.0,1999.0,28,27,2356,26.2,2,1,3,2,0,0,5,1,21,10,33,7,0,17,32,21,1,47.6,0.1,0.2,0.57,-0.96,0.4,,,,,,,,,,,,,,,DF,MF,True,Defender,True,True,True,0.0764006791171477,0.0382003395585738,0.1146010186757215,0.0764006791171477,0.0,0.0,0.1910016977928692,0.0382003395585738,0.802207130730051,0.3820033955857385,1.2606112054329373,0.2674023769100169,0.0,0.6494057724957555,1.222410865874363,0.802207130730051,0.0382003395585738,0.6102892677571733,-0.19594718088115798,0.6740209013927814,0.6993658005690893,1.6381849215051663,-0.35518742817732196,-1.1278895451334543,-0.635634077423846,0.37610866426863854,0.5598604329961012,-0.807986293660309,-0.1056907745646453
Rasmus Kristensen,dk DEN,"DF,MF",Eintracht Frankfurt,de Bundesliga,28.0,1997.0,22,19,1538,17.1,2,0,2,2,0,0,6,1,15,6,24,10,3,33,19,33,0,40.0,0.13,0.33,1.36,-0.18,-0.12,,,,,,,,,,,,,,,DF,MF,True,Defender,True,True,True,0.1170351105331599,0.0,0.1170351105331599,0.1170351105331599,0.0,0.0,0.3511053315994799,0.0585175552665799,0.8777633289986997,0.3511053315994799,1.4044213263979195,0.5851755526657997,0.1755526657997399,1.931079323797139,1.1118335500650196,1.931079323797139,0.0,1.3653885032386581,-0.8042256269931214,1.4697877963065031,0.9302286437326249,1.406626574379775,0.5080297270810061,-0.41534334988274924,2.2581364342576693,0.0758133710628519,0.9321090204431275,1.4742494575255576,1.2991736597244594
Thomas Kristensen,dk DEN,DF,Udinese,it Serie A,23.0,2002.0,28,28,2472,27.5,3,0,3,3,0,0,4,0,11,6,24,9,3,4,27,15,0,54.5,0.27,0.5,1.36,0.07,0.55,,,,,,,,,,,,,,,DF,,False,Defender,True,True,True,0.1092233009708737,0.0,0.1092233009708737,0.1092233009708737,0.0,0.0,0.145631067961165,0.0,0.4004854368932038,0.2184466019417475,0.8737864077669902,0.3276699029126214,0.1092233009708737,0.145631067961165,0.983009708737864,0.5461165048543689,0.0,1.220223646178917,-0.8042256269931214,1.3168047417290931,-0.5280995103494008,0.41244660941627287,-0.6944836295367863,-0.9927510261310452,-1.2921012187249967,-0.274034090146413,-0.44142503672193995,0.6119484091406052,-0.5038053126072272
Nikola Krstović,me MNE,FW,Atalanta,it Serie A,25.0,2000.0,33,18,1791,19.9,10,5,15,10,0,0,4,0,99,34,45,27,27,5,3,12,0,34.3,0.1,0.29,1.64,0.8,0.86,,,,,,,,,,,,,,,FW,,False,Forward,True,True,True,0.5025125628140703,0.2512562814070351,0.7537688442211055,0.5025125628140703,0.0,0.0,0.2010050251256281,0.0,4.974874371859297,1.708542713567839,2.261306532663317,1.3567839195979898,1.3567839195979898,0.2512562814070351,0.1507537688442211,0.6030150753768845,0.0,0.662731785054857,1.3701288727562992,1.0037014876387467,3.239124734179741,1.7711495566089641,-0.6174700248856078,-0.10728853539877642,0.32395943838973523,-0.5744472115166632,1.5478952665020458,2.6197361100304817,0.5529025118061451
Lukas Kübler,de GER,DF,Freiburg,de Bundesliga,32.0,1992.0,23,19,1587,17.6,2,2,4,2,0,0,3,0,19,5,20,11,6,30,31,25,0,26.3,0.11,0.4,1.43,-0.11,0.13,,,,,,,,,,,,,,,DF,,False,Defender,True,True,True,0.1134215500945179,0.1134215500945179,0.2268431001890359,0.1134215500945179,0.0,0.0,0.1701323251417769,0.0,1.0775047258979205,0.2835538752362949,1.1342155009451795,0.6238185255198487,0.3402646502835539,1.7013232514177694,1.7580340264650285,1.4177693761814745,0.0,1.2982386347773636,1.0018285872977257,1.3990214124877773,1.5405408066295823,0.9003779114108371,0.3532872163993535,-0.3286937979976957,0.9423088331478975,1.8307027903795656,0.23268858904503179,3.6155531963508607,-0.28881366007553466
Takefusa Kubo,jp JPN,MF,Real Sociedad,es La Liga,24.0,2001.0,24,17,1503,16.7,2,4,6,2,0,0,2,0,28,12,9,51,11,39,10,18,0,42.9,0.07,0.17,1.0,-0.3,-0.44,,,,,,,,,,,,,,,MF,,False,Midfielder,True,True,True,0.1197604790419161,0.2395209580838323,0.3592814371257484,0.1197604790419161,0.0,0.0,0.1197604790419161,0.0,1.6766467065868262,0.7185628742514969,0.5389221556886228,3.0538922155688626,0.6586826347305389,2.3353293413173652,0.5988023952095808,1.0778443113772456,0.0,-0.1320083005587859,1.1036537173204886,-0.05393788473113055,0.37571247619477244,0.8048287529937204,-0.03310794302227206,2.7398463839301814,0.08080526256518983,-0.46733891331083793,-1.3277848198920348,3.1176123664284945,-0.5866798967213688
Mohammed Kudus,gh GHA,"MF,FW",Tottenham Hotspur,eng Premier League,24.0,2000.0,19,19,1535,17.1,2,5,7,2,0,0,3,0,26,9,23,15,10,122,3,17,0,34.6,0.08,0.22,1.37,0.12,0.64,,,,,,,,,,,,,,,MF,FW,True,Midfielder,True,True,True,0.1172638436482084,0.2931596091205212,0.4104234527687296,0.1172638436482084,0.0,0.0,0.1758957654723127,0.0,1.52442996742671,0.5276872964169381,1.348534201954397,0.8794788273615635,0.5863192182410424,7.153094462540716,0.1758957654723127,0.996742671009772,0.0,-0.15081498700890408,1.6097667634058517,-0.07488008323792152,0.17501777848102656,0.2135526291418364,2.4796577964575466,-0.5531148748722882,-0.11258631771171046,-1.5381161393672842,0.3055487688188777,2.680264668965338,-0.11966791950266115
Sael Kumbedi,fr FRA,"DF,MF",Wolfsburg,de Bundesliga,20.0,2005.0,24,20,1804,20.0,0,5,5,0,0,0,2,0,5,0,21,18,4,41,14,33,0,0.0,0.0,,0.88,-0.75,-0.1,,,,,,,,,,,,,,,DF,MF,True,Defender,True,True,True,0.0,0.2494456762749446,0.2494456762749446,0.0,0.0,0.0,0.0997782705099778,0.0,0.2494456762749446,0.0,1.0476718403547671,0.8980044345898004,0.1995565410199556,2.0454545454545454,0.6984478935698448,1.646341463414634,0.0,-0.809444991619996,3.167792164137112,-0.8221765122714052,-0.9896032567804848,-1.2246505919904345,0.5850623329039928,0.2861162023570763,1.5282344763615252,-1.0468198382503713,0.008672677013913782,1.7863068218783917,-0.9061507361323693
Khvicha Kvaratskhelia,ge GEO,FW,Paris Saint-Germain,fr Ligue 1,24.0,2001.0,28,18,1479,16.4,8,4,12,7,1,1,1,0,65,29,18,26,5,43,10,13,0,44.6,0.11,0.24,2.21,1.22,-0.21,,,,,,,,,,,,,,,FW,,False,Forward,True,True,True,0.486815415821501,0.2434077079107505,0.7302231237322515,0.4259634888438134,0.0608519269776876,0.0608519269776876,0.0608519269776876,0.0,3.955375253549695,1.7647058823529411,1.0953346855983772,1.5821501014198782,0.3042596348884381,2.6166328600405677,0.6085192697768762,0.7910750507099391,0.0,0.5819154940259003,1.2906757752476792,0.55470596932183,1.90704948994737,1.9156722308856484,1.0200660120790574,0.23254785680416512,0.8973375114274798,1.6749422486781345,-0.4880468247021405,-0.6442975715199581,-0.8441739156509633
Adrián de la Fuente,es ESP,DF,Levante,es La Liga,26.0,1999.0,33,30,2711,30.1,3,1,4,2,1,3,5,0,39,9,34,27,1,40,48,18,1,23.1,0.05,0.22,1.15,-0.43,-0.3,,,,,,,,,,,,,,,DF,,False,Defender,True,True,True,0.0995942456658059,0.0331980818886019,0.1327923275544079,0.0663961637772039,0.0331980818886019,0.0995942456658059,0.1659904094430099,0.0,1.2947251936554776,0.2987827369974179,1.1287347842124678,0.8963482109922538,0.0331980818886019,1.3279232755440795,1.5935079306528954,0.5975654739948358,0.0331980818886019,1.0412893767455198,-0.2756000205601506,0.4780968579214462,2.204260473962702,1.0145070704278882,0.10179941389306565,0.2824024344466495,-1.1602160410499298,1.383898562764799,0.21850190282114615,-0.37640156658249607,-0.32515780740482025
Rémy Labeau Lascary,gp GLP,"MF,FW",Brest,fr Ligue 1,22.0,2003.0,27,12,1200,13.3,5,1,6,5,0,0,2,0,34,16,29,18,9,12,4,11,0,47.1,0.15,0.31,1.33,-0.23,0.21,,,,,,,,,,,,,,,MF,FW,True,Midfielder,True,True,False,0.375,0.075,0.45,0.375,0.0,0.0,0.15,0.0,2.55,1.2000000000000002,2.175,1.35,0.6749999999999999,0.9,0.3,0.825,0.0,1.7906631685852779,-0.4487008186602271,2.087054239370845,1.5272111627780383,2.2961786722468673,-0.7817219378897913,0.159448799242179,-0.5221167094160459,-1.223890779334568,1.9728835794789426,3.216230735702144,-0.33510518550489066
Maxence Lacroix,fr FRA,DF,Crystal Palace,eng Premier League,25.0,2000.0,35,35,3085,34.3,1,2,3,1,0,0,4,1,25,7,34,19,0,5,45,38,0,28.0,0.04,0.14,1.11,-0.26,0.01,,,,,,,,,,,,,,,DF,,False,Defender,True,True,True,0.0291734197730956,0.0583468395461912,0.0875202593192868,0.0291734197730956,0.0,0.0,0.1166936790923824,0.0291734197730956,0.7293354943273905,0.2042139384116693,0.9918962722852512,0.5542949756888168,0.0,0.1458670988654781,1.312803889789303,1.1085899513776336,0.0,-0.26732280116738516,0.12485315358372576,-0.2508570460489058,0.4767056674311004,0.30578322611554404,-0.6943246608777487,-0.4845871983597717,0.14975294612124623,0.6215893889689657,-0.1357008642126345,-0.807986293660309,-0.7577227751680773
Yoel Lago,es ESP,DF,Celta Vigo,es La Liga,21.0,2004.0,12,11,938,10.4,0,0,0,0,0,0,4,0,1,0,17,14,1,0,7,10,0,0.0,0.0,,1.25,-0.29,-0.58,,,,,,,,,,,,,,,DF,,False,Defender,True,True,False,0.0,0.0,0.0,0.0,0.0,0.0,0.3837953091684435,0.0,0.0959488272921108,0.0,1.6311300639658848,1.343283582089552,0.0959488272921108,0.0,0.6716417910447761,0.9594882729211088,0.0,-0.809444991619996,-0.8042256269931214,-0.8221765122714052,-1.4586146653061174,-1.2246505919904345,-0.7925672921629087,1.284570403599239,-0.23245687622138694,-1.119617286429971,1.518938422680562,0.4393763876914536,1.5860190345135068
Konrad Laimer,at AUT,DF,Bayern Munich,de Bundesliga,28.0,1997.0,29,22,1994,22.2,3,9,12,3,0,0,9,0,17,8,29,9,4,38,17,25,0,47.1,0.18,0.38,2.72,2.98,1.29,,,,,,,,,,,,,,,DF,,False,Defender,True,True,True,0.1354062186559678,0.4062186559679037,0.5416248746238715,0.1354062186559678,0.0,0.0,0.4062186559679037,0.0,0.7673019057171514,0.3610832497492477,1.3089267803410232,0.4062186559679037,0.1805416248746238,1.715145436308927,0.7673019057171514,1.1283851554663993,0.0,1.7067741019802614,5.664147578301808,1.8295595257873873,0.5927124793010089,1.4814037589807334,0.3625965659674121,-0.8166203159220665,0.20049631478298383,-0.8598327006549848,0.6849239847860716,1.5391073775692876,1.7827776068663557
Kenny Lala,mg MAD,DF,Brest,fr Ligue 1,33.0,1991.0,32,31,2791,31.0,0,3,3,0,0,0,4,0,8,1,17,23,0,106,26,26,0,12.5,0.0,0.0,1.13,-0.42,-0.75,,,,,,,,,,,,,,,DF,,False,Defender,True,True,True,0.0,0.0967395198853457,0.0967395198853457,0.0,0.0,0.0,0.1289860265137943,0.0,0.2579720530275886,0.0322465066284485,0.5481906126836259,0.7416696524543174,0.0,3.41812970261555,0.8384091723396632,0.8384091723396632,0.0,-0.809444991619996,0.7361943146476385,-0.8221765122714052,-0.9635508133793503,-0.9829866554158871,1.5095697810409712,-0.06443495392301497,-0.5428331375867735,-0.6667263901682464,-1.2842208982732048,-0.807986293660309,-0.64986087787269
Aymeric Laporte,es ESP,DF,Athletic Club,es La Liga,31.0,1994.0,25,24,2058,22.9,0,1,1,0,0,0,4,0,15,5,9,13,1,2,27,17,0,33.3,0.0,0.0,1.24,-0.48,-0.22,,,,,,,,,,,,,,,DF,,False,Defender,True,True,True,0.0,0.0437317784256559,0.0437317784256559,0.0,0.0,0.0,0.1749271137026239,0.0,0.6559766763848396,0.2186588921282798,0.3935860058309038,0.5685131195335277,0.0437317784256559,0.0874635568513119,1.1807580174927117,0.7434402332361516,0.0,-0.809444991619996,-0.10786798897573299,-0.8221765122714052,0.2525569454279598,0.4140375687956767,-0.73365990294722,-0.45270570214480493,-0.7862781592563675,0.2629918443668909,-1.6844107189030229,-0.23946044569726135,-0.2467407366888822
Hugo Larsson,se SWE,MF,Eintracht Frankfurt,de Bundesliga,21.0,2004.0,25,21,1812,20.1,2,2,4,2,0,0,0,0,13,6,7,2,0,9,27,9,0,46.2,0.15,0.33,1.28,0.05,0.41,,,,,,,,,,,,,,,MF,,False,Midfielder,True,True,True,0.0993377483443708,0.0993377483443708,0.1986754966887417,0.0993377483443708,0.0,0.0,0.0,0.0,0.6456953642384106,0.2980132450331126,0.347682119205298,0.0993377483443708,0.0,0.4470198675496689,1.3410596026490067,0.4470198675496689,0.0,-0.28584890285576087,-0.21905947400740905,-0.225247192208168,-0.9835760564057834,-0.4979096982665027,-1.0179793993571524,-1.734571153396203,-1.423432327653013,1.4120170903918219,-1.7135977244000977,-0.8633126317738823,-1.5830153866876162
Josh Laurent,eng ENG,"DF,MF",Burnley,eng Premier League,30.0,1995.0,33,18,1764,19.6,1,0,1,1,0,0,7,1,15,4,31,11,2,14,28,25,0,26.7,0.07,0.25,0.64,-1.17,-0.41,,,,,,,,,,,,,,,DF,MF,True,Defender,True,True,True,0.0510204081632653,0.0,0.0510204081632653,0.0510204081632653,0.0,0.0,0.3571428571428571,0.0510204081632653,0.7653061224489797,0.2040816326530612,1.5816326530612246,0.5612244897959184,0.1020408163265306,0.7142857142857142,1.4285714285714284,1.2755102040816326,0.0,0.13865419066249013,-0.8042256269931214,0.17698479912111856,0.586614340297375,0.3047916914099364,-0.3114902802347844,-0.46904907466444123,0.5776392099904042,0.935979793075276,1.3908157205514722,0.5185740182534712,1.3521512512090348
Armand Lauriente,fr FRA,FW,Sassuolo,it Serie A,26.0,1998.0,38,33,2592,28.8,7,9,16,7,0,0,4,0,71,26,42,47,18,109,7,15,0,36.6,0.1,0.27,1.29,-0.14,-0.14,,,,,,,,,,,,,,,FW,,False,Forward,True,True,True,0.2430555555555555,0.3125,0.5555555555555556,0.2430555555555555,0.0,0.0,0.1388888888888889,0.0,2.4652777777777777,0.9027777777777776,1.4583333333333333,1.6319444444444444,0.625,3.7847222222222223,0.2430555555555555,0.5208333333333333,0.0,-0.6730748438842896,1.9901145488107856,-0.5181331657792287,-0.03990850473932568,-0.30229654477359585,1.8287272807522001,0.30763423289123054,0.07339464485318066,-0.12089038872723994,0.14579714660314316,0.35036580106514276,-0.06628458321946597
Valentino Lazaro,at AUT,MF,Torino,it Serie A,29.0,1996.0,31,26,2252,25.0,0,2,2,0,0,0,4,0,8,2,37,9,1,135,22,25,0,25.0,0.0,0.0,1.1,-1.0,-1.46,,,,,,,,,,,,,,,MF,,False,Midfielder,True,True,True,0.0,0.0799289520426287,0.0799289520426287,0.0,0.0,0.0,0.1598579040852575,0.0,0.3197158081705151,0.0799289520426287,1.4786856127886323,0.3596802841918294,0.0399644760213143,5.395204262877442,0.8792184724689166,0.9991119005328596,0.0,-1.0341415412128914,-0.40219318127394804,-1.0585089693537577,-1.4133735203830524,-1.1734703797076744,1.5628081459790308,-1.340304870262766,-0.10693675206257522,0.24265976780683807,0.5681198013450971,-0.6217766123851305,-0.25309332503639936
Manuel Lazzari,it ITA,DF,Lazio,it Serie A,31.0,1993.0,23,9,938,10.4,0,0,0,0,0,0,2,0,4,2,10,19,0,16,6,9,0,50.0,0.0,0.0,1.22,0.19,0.23,,,,,,,,,,,,,,,DF,,False,Defender,True,True,False,0.0,0.0,0.0,0.0,0.0,0.0,0.1918976545842217,0.0,0.3837953091684435,0.1918976545842217,0.9594882729211088,1.8230277185501067,0.0,1.535181236673774,0.5756929637526652,0.863539445628998,0.0,-0.809444991619996,-0.8042256269931214,-0.8221765122714052,-0.5790963898588817,0.21348170434125735,0.24138927078708994,2.3603058186977,-0.47841376022785853,-1.3801859303109179,-0.21958808928647808,-0.807986293660309,-0.09782900527868846
Théo Le Bris,fr FRA,MF,Lorient,fr Ligue 1,22.0,2002.0,28,22,1893,21.0,2,2,4,2,0,0,0,0,17,7,8,7,0,81,17,28,0,41.2,0.12,0.29,1.36,0.19,0.73,,,,,,,,,,,,,,,MF,,False,Midfielder,True,True,True,0.0950871632329635,0.0950871632329635,0.1901743264659271,0.0950871632329635,0.0,0.0,0.0,0.0,0.8082408874801902,0.3328050713153724,0.3803486529318542,0.3328050713153724,0.0,3.851030110935024,0.8082408874801902,1.3312202852614898,0.0,-0.31786776376803105,-0.25916630996993106,-0.2609018165868223,-0.7692630653922481,-0.3901349037156091,0.7574247768940006,-1.3810050587845106,0.6849950147286337,0.0629482754293597,-1.6476953616469292,-0.8633126317738823,-1.5830153866876162
Enzo Le Fée,fr FRA,"MF,FW",Sunderland,eng Premier League,25.0,2000.0,36,33,2930,32.6,5,6,11,2,3,4,5,0,36,12,31,37,4,98,28,56,0,33.3,0.06,0.17,1.47,-0.18,-0.18,,,,,,,,,,,,,,,MF,FW,True,Midfielder,True,True,True,0.1535836177474402,0.1843003412969283,0.3378839590443686,0.0614334470989761,0.0921501706484641,0.1228668941979522,0.1535836177474402,0.0,1.10580204778157,0.3686006825938566,0.9522184300341296,1.136518771331058,0.1228668941979522,3.0102389078498293,0.8600682593856654,1.720136518771331,0.0,0.12277506348260404,0.5826138695879989,-0.5431948600746418,-0.37693468253798923,-0.2792506799308579,0.3188995943645489,-0.16385008187258243,1.6123884022484858,0.19417244081361335,-0.4939895594445448,-0.12073363428109028,-0.3052916312104234
Robin Le Normand,es ESP,DF,Atlético Madrid,es La Liga,28.0,1996.0,28,17,1789,19.9,1,1,2,1,0,0,5,0,6,1,22,14,1,3,20,20,0,16.7,0.17,1.0,1.82,0.65,0.38,,,,,,,,,,,,,,,DF,,False,Defender,True,True,True,0.0503074343208496,0.0503074343208496,0.1006148686416992,0.0503074343208496,0.0,0.0,0.2515371716042481,0.0,0.3018446059250978,0.0503074343208496,1.106763555058692,0.7043040804918949,0.0503074343208496,0.1509223029625489,1.0061486864169926,1.0061486864169926,0.0,0.1254051802896209,-0.0031613346287910973,0.1630222318853365,-0.8294977173944464,-0.8476332376139318,-0.690919941403361,-0.14822017610820148,-0.11284676493819557,-0.2111954687186992,0.16162997362668108,-0.15397500517067603,0.4254910115600258
Rafael Leão,pt POR,FW,Milan,it Serie A,26.0,1999.0,29,23,1851,20.6,9,3,12,7,2,2,5,0,63,24,19,34,9,25,5,3,0,38.1,0.11,0.29,1.66,0.1,-0.82,,,,,,,,,,,,,,,FW,,False,Forward,True,True,True,0.4376012965964344,0.1458670988654781,0.5834683954619124,0.3403565640194489,0.0972447325769854,0.0972447325769854,0.2431118314424635,0.0,3.06320907617504,1.1669367909238249,0.9238249594813612,1.653160453808752,0.4376012965964344,1.2155591572123177,0.2431118314424635,0.1458670988654781,0.0,0.32853807557466647,0.30324748331757073,0.05258199068340025,0.741347178607753,0.3774543994837279,0.05011107993451349,0.3396264866580727,-1.0698439235483996,-0.12061385765048536,-0.7875256425925752,-0.23078533119297287,0.9726322738885916
Pierre Lees-Melou,fr FRA,MF,Paris FC,fr Ligue 1,32.0,1993.0,22,20,1782,19.8,1,3,4,1,0,0,7,1,27,6,28,24,0,13,20,35,0,22.2,0.04,0.17,1.36,0.1,0.45,,,,,,,,,,,,,,,MF,,False,Midfielder,True,True,True,0.0505050505050505,0.1515151515151515,0.202020202020202,0.0505050505050505,0.0,0.0,0.3535353535353536,0.0505050505050505,1.3636363636363638,0.303030303030303,1.4141414141414144,1.2121212121212122,0.0,0.6565656565656566,1.01010101010101,1.7676767676767675,0.0,-0.6536964624521951,0.27326581652842175,-0.6348640927578516,-0.03698534210259246,-0.48236833546161834,-0.9086881686219481,-0.04935671554993605,1.7257508918469928,0.5740474329091503,0.4379065614443618,-0.8633126317738823,1.3581871076824448
Jordan Lefort,mr MTN,DF,Angers,fr Ligue 1,31.0,1993.0,34,34,3060,34.0,0,2,2,0,0,0,2,0,11,2,22,19,2,23,47,33,0,18.2,0.0,0.0,1.06,-0.56,,,,,,,,,,,,,,,,DF,,False,Defender,True,True,True,0.0,0.0588235294117647,0.0588235294117647,0.0,0.0,0.0,0.0588235294117647,0.0,0.3235294117647058,0.0588235294117647,0.6470588235294117,0.5588235294117647,0.0588235294117647,0.6764705882352942,1.3823529411764706,0.9705882352941176,0.0,-0.809444991619996,0.13244366649693592,-0.8221765122714052,-0.7632395407749589,-0.7838113455985629,-0.3369590632192144,-0.4744327738473804,-0.20400304062063854,0.8104640476241275,-1.0283032230511653,-0.043263290321776934,-1.2655170903894846
Diogo Leite,pt POR,DF,Union Berlin,de Bundesliga,26.0,1999.0,23,23,1963,21.8,0,0,0,0,0,0,4,0,10,1,26,26,1,7,44,15,1,10.0,0.0,0.0,1.26,-0.09,0.89,,,,,,,,,,,,,,,DF,,False,Defender,True,True,True,0.0,0.0,0.0,0.0,0.0,0.0,0.1833927661742231,0.0,0.4584819154355578,0.0458481915435557,1.1920529801324504,1.1920529801324504,0.0458481915435557,0.3209373408048904,2.0173204279164545,0.6877228731533367,0.0458481915435557,-0.809444991619996,-0.8042256269931214,-0.8221765122714052,-0.3508905951766988,-0.8810519944460828,-0.5764134844601041,0.945464405197341,-0.9291050041256065,2.5348479884993966,0.3823993311297346,-0.21194645916822952,-0.17245701315536738
Florian Lejeune,fr FRA,DF,Rayo Vallecano,es La Liga,34.0,1991.0,36,36,3230,35.9,2,1,3,2,0,0,7,0,50,18,47,14,1,8,47,47,0,36.0,0.04,0.11,1.22,-0.14,-1.09,,,,,,,,,,,,,,,DF,,False,Defender,True,True,True,0.0557275541795665,0.0278637770897832,0.0835913312693498,0.0557275541795665,0.0,0.0,0.1950464396284829,0.0,1.3931888544891642,0.5015479876160991,1.3095975232198145,0.3900928792569659,0.0278637770897832,0.2229102167182662,1.3095975232198145,1.3095975232198145,0.0,0.22612587992570296,-0.3605401721820428,0.2691674835777651,2.5051173356000516,2.534084035140261,-0.6424355187810049,-0.8527793177431384,0.6650192336548594,0.6128818454546163,0.6866601844881149,-0.44574908155258436,-0.07019930060098398
Youssef Lekhedim,es ESP,"DF,MF",Alavés,es La Liga,19.0,2005.0,25,13,1335,14.8,0,1,1,0,0,0,7,0,11,3,24,13,0,61,12,10,0,27.3,0.0,0.0,1.15,-0.2,0.19,,,,,,,,,,,,,,,DF,MF,True,Defender,True,True,False,0.0,0.0674157303370786,0.0674157303370786,0.0,0.0,0.0,0.4719101123595506,0.0,0.7415730337078652,0.2022471910112359,1.6179775280898878,0.8764044943820225,0.0,4.112359550561798,0.8089887640449439,0.6741573033707865,0.0,-0.809444991619996,0.26926052959098845,-0.8221765122714052,0.5140976114335873,0.2910438956040901,1.9771390102187867,0.2376824251004232,-0.9638792204204077,-0.7466235197958961,1.4848934412263124,-0.807986293660309,2.3592016924855037
Thomas Lemar,fr FRA,MF,Girona,es La Liga,29.0,1995.0,27,14,1258,14.0,3,1,4,3,0,0,4,0,17,8,19,20,0,56,5,15,0,47.1,0.18,0.38,1.0,-0.07,0.55,,,,,,,,,,,,,,,MF,,False,Midfielder,True,True,False,0.2146263910969793,0.0715421303656597,0.2861685214626391,0.2146263910969793,0.0,0.0,0.2861685214626391,0.0,1.2162162162162162,0.5723370429252782,1.359300476947536,1.4308426073131957,0.0,4.006359300476947,0.3577106518282988,1.0731319554848968,0.0,0.5825988332343914,-0.48132790565398825,0.7418133758622311,-0.23135583043817895,0.35186434688973484,0.8384386611331315,0.2818779451381271,0.06956837575600534,-1.077770460253721,0.3272689478264657,-0.8633126317738823,0.7977353945830845
Tim Lemperle,de GER,FW,Hoffenheim,de Bundesliga,23.0,2002.0,29,24,1944,21.6,8,2,10,7,1,1,3,1,53,21,60,16,18,27,6,16,0,39.6,0.13,0.33,1.86,0.79,1.11,,,,,,,,,,,,,,,FW,,False,Forward,True,True,True,0.3703703703703704,0.0925925925925926,0.4629629629629629,0.324074074074074,0.0462962962962963,0.0462962962962963,0.1388888888888889,0.0462962962962963,2.4537037037037037,0.9722222222222222,2.7777777777777777,0.7407407407407408,0.8333333333333333,1.25,0.2777777777777778,0.7407407407407408,0.0,-0.01759833396548359,-0.2360638378577898,-0.04292230000670244,-0.05503116377070272,-0.12359763867782686,0.07395426909843315,-1.0362384321917908,0.7438726946491552,0.04972928563021841,2.44972282732359,0.9964383210710116,-0.06628458321946597
Clément Lenglet,fr FRA,DF,Atlético Madrid,es La Liga,30.0,1995.0,19,17,1391,15.5,0,1,1,0,0,0,6,1,5,0,22,7,0,2,20,10,0,0.0,0.0,,1.63,0.19,-0.47,,,,,,,,,,,,,,,DF,,False,Defender,True,True,True,0.0,0.0647016534867002,0.0647016534867002,0.0,0.0,0.0,0.3882099209202013,0.0647016534867002,0.3235082674335011,0.0,1.4234363767074047,0.4529115744069015,0.0,0.1294033069734004,1.2940330697340043,0.6470165348670022,0.0,-0.809444991619996,0.2260432580103205,-0.8221765122714052,-0.7633041475250412,-1.2246505919904345,-0.7054131534095749,-0.7119202848394275,-1.0334523359980345,0.5706133920299742,0.9813289610873858,-0.807986293660309,1.6247560131428023
Esteban Lepaul,fr FRA,FW,Rennes,fr Ligue 1,25.0,2000.0,32,31,2511,27.9,20,5,25,17,3,4,3,0,84,37,23,15,8,17,3,5,0,44.0,0.2,0.46,1.75,0.39,0.72,,,,,,,,,,,,,,,FW,,False,Forward,True,True,True,0.7168458781362006,0.1792114695340501,0.8960573476702509,0.6093189964157707,0.1075268817204301,0.1433691756272401,0.1075268817204301,0.0,3.010752688172043,1.3261648745519714,0.8243727598566308,0.5376344086021506,0.2867383512544803,0.6093189964157707,0.1075268817204301,0.1792114695340501,0.0,1.766220437895664,0.6408009935634478,1.6301703334044049,0.6728077805781605,0.7871903343264126,-0.3695853520531155,-1.3425085326547836,-0.9681799146770678,-0.7868575047676403,-0.9611824249484467,-0.698633666901376,-0.37890786099064305
Johann Lepenant,fr FRA,MF,Nantes,fr Ligue 1,22.0,2002.0,28,24,2263,25.1,0,1,1,0,0,0,4,0,22,7,29,48,0,74,28,47,0,31.8,0.0,0.0,0.64,-0.48,0.76,,,,,,,,,,,,,,,MF,,False,Midfielder,True,True,True,0.0,0.0397702165267344,0.0397702165267344,0.0,0.0,0.0,0.1590808661069377,0.0,0.8749447635881573,0.278391515687141,1.1533362792752984,1.9089703932832525,0.0,2.942996022978347,1.113566062748564,1.8692001767565176,0.0,-1.0341415412128914,-0.7811150886310793,-1.0585089693537577,-0.6813153513255201,-0.5586920162695568,0.28382822557064197,1.0059611781127273,1.9678393678392163,0.8360154756815216,-0.08824888405560319,-0.8633126317738823,-0.25955781583541054
Mehdi Léris,dz ALG,MF,Pisa,it Serie A,27.0,1998.0,34,21,1900,21.1,2,3,5,2,0,0,2,0,25,7,27,22,8,99,23,37,0,28.0,0.08,0.29,0.47,-1.23,-0.11,,,,,,,,,,,,,,,MF,,False,Midfielder,True,True,True,0.0947368421052631,0.1421052631578947,0.2368421052631578,0.0947368421052631,0.0,0.0,0.0947368421052631,0.0,1.1842105263157894,0.331578947368421,1.2789473684210526,1.0421052631578949,0.3789473684210526,4.689473684210526,1.0894736842105264,1.7526315789473683,0.0,-0.32050666715861736,0.18447784054899427,-0.26384036925491106,-0.2735546864584051,-0.39393307330304467,1.1947255236931194,-0.3068311849176566,1.689874763931957,0.7750148470650146,0.16516237873700962,1.426957328914413,-0.7948615754143163
Jefferson Lerma,co COL,"MF,DF",Crystal Palace,eng Premier League,30.0,1994.0,31,18,1733,19.3,0,2,2,0,0,0,7,0,19,7,25,24,0,12,25,18,2,36.8,0.0,0.0,1.19,-0.31,-0.1,,,,,,,,,,,,,,,MF,DF,True,Midfielder,True,True,True,0.0,0.1038661281015579,0.1038661281015579,0.0,0.0,0.0,0.363531448355453,0.0,0.986728216964801,0.363531448355453,1.298326601269475,1.2463935372186958,0.0,0.6231967686093479,1.298326601269475,0.934795152914022,0.1038661281015579,-1.0341415412128914,-0.17633147789927392,-1.0585089693537577,-0.533931124672067,-0.294953669309512,-0.9260921300670139,0.002545760495864487,-0.2603037789675703,1.3038193903305382,0.2042585755892824,-0.8633126317738823,1.4413486323357236
Louis Leroux,fr FRA,"MF,DF",Nantes,fr Ligue 1,19.0,2006.0,23,16,1441,16.0,1,1,2,1,0,0,2,0,15,3,12,14,1,30,5,23,0,20.0,0.07,0.33,0.87,-0.69,-0.02,,,,,,,,,,,,,,,MF,DF,True,Midfielder,True,True,True,0.0624566273421235,0.0624566273421235,0.124913254684247,0.0624566273421235,0.0,0.0,0.124913254684247,0.0,0.936849410131853,0.1873698820263705,0.7494795281054822,0.8743927827897293,0.0624566273421235,1.873698820263706,0.3122831367106176,1.436502428868841,0.0,-0.5636674743485192,-0.5670551102273182,-0.5346122517313396,-0.5996953245550438,-0.8406501344749882,-0.27387712300822104,-0.5608172500629599,0.9360464119002624,-1.1927905266323622,-0.903000591068601,-0.4858392690650204,-0.5438118881315649
Robert Lewandowski,pl POL,FW,Barcelona,es La Liga,36.0,1988.0,31,17,1664,18.5,14,2,16,13,1,3,2,0,63,29,13,21,17,0,3,3,0,46.0,0.21,0.45,2.45,1.78,0.45,,,,,,,,,,,,,,,FW,,False,Forward,True,True,True,0.7572115384615384,0.1081730769230769,0.8653846153846154,0.703125,0.0540865384615384,0.1622596153846154,0.1081730769230769,0.0,3.407451923076923,1.5685096153846154,0.703125,1.1358173076923077,0.919471153846154,0.0,0.1622596153846154,0.1622596153846154,0.0,1.97404183078781,-0.07833864851892346,2.1803856791433316,1.1911341044879746,1.410807391548339,-0.7914132434979451,-0.4404906848085833,-1.0198646043586759,-0.5179092463667092,-1.1728971574934284,1.2635644591503619,-0.372466447300303
Jamie Leweling,de GER,MF,Stuttgart,de Bundesliga,24.0,2001.0,32,26,2367,26.3,7,9,16,7,0,0,4,0,49,18,17,43,15,123,13,12,0,36.7,0.14,0.39,1.75,0.38,-1.18,,,,,,,,,,,,,,,MF,,False,Midfielder,True,True,True,0.2661596958174905,0.3422053231939163,0.6083650190114068,0.2661596958174905,0.0,0.0,0.1520912547528517,0.0,1.8631178707224336,0.6844106463878327,0.6463878326996197,1.634980988593156,0.5703422053231939,4.67680608365019,0.494296577946768,0.4562737642585551,0.0,0.9707895582636293,2.0725426771800257,1.1740834221364547,0.6215709417289744,0.6990352453002621,1.1881185779644439,0.591027890882239,-1.4013658725216263,-0.7319421170604605,-1.110980610140938,2.5837033103266895,-0.3177071979091873
Keane Lewis-Potter,eng ENG,"DF,MF",Brentford,eng Premier League,24.0,2001.0,36,22,1972,21.9,3,3,6,3,0,0,1,0,31,9,15,36,3,69,10,14,0,29.0,0.1,0.33,1.39,-0.18,-0.62,,,,,,,,,,,,,,,DF,MF,True,Defender,True,True,True,0.1369168356997971,0.1369168356997971,0.2738336713995943,0.1369168356997971,0.0,0.0,0.0456389452332657,0.0,1.4148073022312373,0.4107505070993915,0.6845841784989858,1.643002028397566,0.1369168356997971,3.149087221095335,0.4563894523326572,0.6389452332657201,0.0,1.7348455117465937,1.3759529009578733,1.859142787875265,2.571172754280219,1.8536234560907383,1.3283675667129096,1.956632285648582,-1.054142450174042,-1.7041789905523381,-0.9311698621504149,0.9719724210069635,-1.3812081147146258
Philipp Lienhart,at AUT,DF,Freiburg,de Bundesliga,29.0,1996.0,20,14,1302,14.5,1,0,1,1,0,0,4,1,8,2,7,8,2,13,13,13,0,25.0,0.13,0.5,1.5,0.41,1.03,,,,,,,,,,,,,,,DF,,False,Defender,True,True,False,0.0691244239631336,0.0,0.0691244239631336,0.0691244239631336,0.0,0.0,0.2764976958525346,0.0691244239631336,0.5529953917050692,0.1382488479262673,0.4838709677419355,0.5529953917050692,0.1382488479262673,0.8986175115207373,0.8986175115207373,0.8986175115207373,0.0,0.4750764811498234,-0.8042256269931214,0.5315259096152394,-0.062103568449037055,-0.18857678710631207,-0.18734137393075226,-0.487501269444676,-0.3884940391932348,-0.503218343915903,-1.4507105501417865,0.9892889676422323,0.6445126036619572
Matthijs de Ligt,nl NED,DF,Manchester Utd,eng Premier League,25.0,1999.0,13,13,1170,13.0,1,0,1,1,0,0,0,0,11,3,6,5,0,4,11,13,0,27.3,0.09,0.33,1.62,0.08,-0.64,,,,,,,,,,,,,,,DF,,False,Defender,True,True,False,0.0769230769230769,0.0,0.0769230769230769,0.0769230769230769,0.0,0.0,0.0,0.0,0.8461538461538461,0.2307692307692307,0.4615384615384615,0.3846153846153846,0.0,0.3076923076923077,0.8461538461538461,1.0,0.0,0.6199968524366751,-0.8042256269931214,0.6842513110588611,0.8336455010161933,0.5047956823161385,-0.5853341177938705,-0.8650615626402484,-0.1286084140853214,-0.6456941461063342,-1.5085176351550829,-0.807986293660309,-1.7816770450708828
Victor Lindelöf,se SWE,"DF,MF",Aston Villa,eng Premier League,31.0,1994.0,17,11,948,10.5,0,1,1,0,0,0,0,0,3,0,2,0,0,0,8,3,0,0.0,0.0,,2.18,0.47,0.4,,,,,,,,,,,,,,,DF,MF,True,Defender,True,True,False,0.0,0.0949367088607594,0.0949367088607594,0.0,0.0,0.0,0.0,0.0,0.2848101265822785,0.0,0.1898734177215189,0.0,0.0,0.0,0.7594936708860759,0.2848101265822785,0.0,-0.809444991619996,0.707487473259818,-0.8221765122714052,-0.8815467672806103,-1.2246505919904345,-0.7925672921629087,-1.72748875867645,-1.961938509963096,-0.8810375576444627,-2.2117152136079636,-0.807986293660309,-1.7816770450708828
Luca Lipani,it ITA,MF,Sassuolo,it Serie A,20.0,2005.0,24,10,1034,11.5,0,1,1,0,0,0,3,0,12,3,28,8,1,5,15,17,0,25.0,0.0,0.0,1.17,0.0,0.15,,,,,,,,,,,,,,,MF,,False,Midfielder,True,True,False,0.0,0.0870406189555125,0.0870406189555125,0.0,0.0,0.0,0.2611218568665377,0.0,1.0444874274661509,0.2611218568665377,2.437137330754352,0.6963249516441006,0.0870406189555125,0.4352030947775629,1.3056092843326883,1.4796905222437136,0.0,-1.0341415412128914,-0.3350903117114346,-1.0585089693537577,-0.457776771637612,-0.6121883149764626,-1.024142585196612,-0.8304855995045396,1.0390309334101706,1.3222587587876382,2.5017266335700032,-0.33725932842429834,0.5893621395492369
Adrián Liso,es ESP,"FW,MF",Getafe,es La Liga,20.0,2005.0,28,21,1702,18.9,3,0,3,3,0,0,5,1,26,10,39,43,16,42,4,22,0,38.5,0.12,0.3,1.36,-0.26,-0.21,,,,,,,,,,,,,,,FW,MF,True,Forward,True,True,True,0.1586368977673325,0.0,0.1586368977673325,0.1586368977673325,0.0,0.0,0.2643948296122209,0.0528789659224441,1.3748531139835487,0.5287896592244419,2.062279670975323,2.2737955346651,0.8460634547591069,2.2209165687426555,0.2115158636897767,1.163337250293772,0.0,-1.107701774454317,-1.1734021059287691,-1.0132874118510888,-1.464654906432235,-1.2646667993410534,0.746113993923587,1.2755006495326615,2.03233171890919,-0.2758715970448838,1.2003678660670574,1.035916312892757,1.1847858077134001
Valentino Livramento,eng ENG,DF,Newcastle United,eng Premier League,22.0,2002.0,17,14,1328,14.8,0,1,1,0,0,0,1,0,3,0,7,16,2,36,2,14,0,0.0,0.0,,1.47,0.54,0.97,,,,,,,,,,,,,,,DF,,False,Defender,True,True,False,0.0,0.0677710843373494,0.0677710843373494,0.0,0.0,0.0,0.0677710843373494,0.0,0.2033132530120482,0.0,0.4743975903614457,1.0843373493975903,0.1355421686746988,2.4397590361445785,0.1355421686746988,0.9487951807228916,0.0,-0.809444991619996,0.2749189656573212,-0.8221765122714052,-1.1305614129681172,-1.2246505919904345,0.8506294895433957,0.7039324927991065,-0.2598677337763252,-2.5755053418491167,-1.4752321298788527,0.9541013495745618,-1.1870048081261997
Diego Llorente,es ESP,DF,Real Betis,es La Liga,31.0,1993.0,18,14,1229,13.7,1,0,1,1,0,0,5,0,4,3,13,13,0,1,27,15,0,75.0,0.25,0.33,1.56,0.88,0.92,,,,,,,,,,,,,,,DF,,False,Defender,True,True,False,0.0732302685109845,0.0,0.0732302685109845,0.0732302685109845,0.0,0.0,0.3661513425549227,0.0,0.2929210740439381,0.2196908055329536,0.9519934906427988,0.9519934906427988,0.0,0.0732302685109845,1.9772172497965828,1.098454027664768,0.0,0.5513743391743937,-0.8042256269931214,0.6119329696622086,-0.8567636729130133,0.42177100356586383,-0.7432461339017666,0.40717644095099104,0.12377034390189955,2.4259396148076813,-0.23898812940606923,-0.807986293660309,1.4311981813837118
Marcos Llorente,es ESP,"DF,MF",Atlético Madrid,es La Liga,30.0,1995.0,29,25,2181,24.2,0,4,4,0,0,0,7,1,18,6,28,11,4,49,13,41,0,33.3,0.0,0.0,1.97,0.78,0.86,,,,,,,,,,,,,,,DF,MF,True,Defender,True,True,True,0.0,0.1650618982118294,0.1650618982118294,0.0,0.0,0.0,0.2888583218707015,0.0412654745529573,0.7427785419532323,0.2475928473177441,1.1554332874828062,0.4539202200825309,0.1650618982118294,2.0220082530949104,0.5364511691884457,1.6918844566712516,0.0,-0.809444991619996,1.8241173698703128,-0.8221765122714052,0.5177810559075006,0.6308763598102906,0.5692710717271598,-0.709658587838677,1.6449801732695524,-1.4867550409674075,0.2876102525161812,1.3378664254739487,0.7529736264732597
Gautier Lloris,fr FRA,DF,Le Havre,fr Ligue 1,30.0,1995.0,29,28,2398,26.6,1,1,2,1,0,0,2,1,12,4,27,17,2,2,43,24,1,33.3,0.08,0.25,1.03,-0.23,0.59,,,,,,,,,,,,,,,DF,,False,Defender,True,True,True,0.0375312760633861,0.0375312760633861,0.0750625521267723,0.0375312760633861,0.0,0.0,0.0750625521267723,0.0375312760633861,0.4503753127606338,0.1501251042535446,1.0133444537114262,0.6380316930775647,0.0750625521267723,0.0750625521267723,1.6138448707256046,0.9007506255212676,0.0375312760633861,-0.11201089756398967,-0.20660093181389466,-0.08718045168074241,-0.3756604139978588,-0.09957294898866034,-0.7420120765641234,-0.2968234601643521,-0.3830259778567087,1.4391276785860991,-0.08018282983767344,0.16784873145057855,-1.1230242255024598
Giovani Lo Celso,ar ARG,MF,Real Betis,es La Liga,29.0,1996.0,24,15,1393,15.5,2,3,5,2,0,0,4,0,30,11,9,42,4,61,6,13,0,36.7,0.07,0.18,1.67,0.58,0.49,,,,,,,,,,,,,,,MF,,False,Midfielder,True,True,True,0.1292175161521895,0.1938262742282842,0.3230437903804737,0.1292175161521895,0.0,0.0,0.258435032304379,0.0,1.938262742282843,0.7106963388370423,0.5814788226848528,2.7135678391959797,0.258435032304379,3.941134242641781,0.3876525484565685,0.8399138549892319,0.0,-0.06077021263922233,0.6724967961626381,0.025389336595854,0.7206479378975151,0.7804605513580256,0.80441971530246,2.2244545118510834,-0.4865537544459658,-1.0019591611156453,-1.241929830518878,0.6986087340939429,0.5670093676831955
Danny Loader,cm CMR,"MF,FW",Auxerre,fr Ligue 1,24.0,2000.0,30,29,2517,28.0,3,3,6,3,0,0,9,0,62,17,64,47,4,32,9,25,0,27.4,0.05,0.18,0.93,-0.32,-0.16,,,,,,,,,,,,,,,MF,FW,True,Midfielder,True,True,True,0.1072705601907032,0.1072705601907032,0.2145411203814064,0.1072705601907032,0.0,0.0,0.3218116805721096,0.0,2.2169249106078666,0.6078665077473182,2.2884386174016687,1.6805721096543504,0.1430274135876043,1.1442193087008343,0.3218116805721096,0.8939213349225268,0.0,-0.22609251814786088,-0.14420860639660446,-0.1587054293133469,1.0880583813535352,0.4619241276161938,-0.6543462986915322,0.6600717057401216,-0.35776977617193617,-1.1686647573799287,2.201737763299039,0.001111866698060858,1.0942651402836663
Stanislav Lobotka,sk SVK,MF,Napoli,it Serie A,30.0,1994.0,32,29,2431,27.0,1,1,2,1,0,0,3,0,8,4,13,45,0,5,16,16,0,50.0,0.13,0.25,1.91,0.52,-0.21,,,,,,,,,,,,,,,MF,,False,Midfielder,True,True,True,0.037021801727684,0.037021801727684,0.0740436034553681,0.037021801727684,0.0,0.0,0.1110654051830522,0.0,0.2961744138214726,0.1480872069107363,0.481283422459893,1.6659810777457835,0.0,0.1851090086384204,0.5923488276429453,0.5923488276429453,0.0,-0.7552632481846893,-0.8070480410631239,-0.7479638561929584,-1.4444123735913803,-0.9623362513706601,-1.1545822881469663,0.6379748482329691,-1.0768869664853344,-0.4836790051686149,-1.4440667841086683,-0.8633126317738823,-0.6590177058447921
Manuel Locatelli,it ITA,MF,Juventus,it Serie A,27.0,1998.0,36,36,2994,33.3,1,2,3,1,0,1,9,0,46,12,55,44,0,19,38,66,0,26.1,0.02,0.08,1.86,0.63,-0.64,,,,,,,,,,,,,,,MF,,False,Midfielder,True,True,True,0.0300601202404809,0.0601202404809619,0.0901803607214428,0.0300601202404809,0.0,0.0300601202404809,0.2705410821643286,0.0,1.382765531062124,0.3607214428857715,1.653306613226453,1.3226452905811623,0.0,0.5711422845691383,1.1422845691382766,1.9839679358717437,0.0,-0.8077042899264655,-0.5891003303863319,-0.8063596139449724,-0.011763921020971171,-0.3036582357132661,-0.9532417981789628,0.11802245462410393,2.2415097671007547,0.9087292154201608,0.9204050058759682,-0.8633126317738823,0.6677244551249145
Bradley Locko,fr FRA,DF,Brest,fr Ligue 1,23.0,2002.0,21,14,1286,14.3,0,2,2,0,0,0,0,0,2,1,12,18,2,34,10,28,0,50.0,0.0,0.0,1.1,-0.21,0.25,,,,,,,,,,,,,,,DF,,False,Defender,True,True,False,0.0,0.1399688958009331,0.1399688958009331,0.0,0.0,0.0,0.0,0.0,0.1399688958009331,0.0699844479004665,0.8398133748055988,1.2597200622083982,0.1399688958009331,2.3794712286158632,0.6998444790046656,1.959564541213064,0.0,-0.809444991619996,1.4245520075944178,-0.8221765122714052,-1.324110833654,-0.7001684403733559,0.8100251799211385,1.09719502802999,2.3311559334386023,-1.043027125164809,-0.5293633087038446,1.0116500906444408,-1.7816770450708828
Ruben Loftus-Cheek,eng ENG,"MF,FW",Milan,it Serie A,29.0,1996.0,28,12,1133,12.6,3,1,4,3,0,0,2,0,29,6,23,19,1,10,5,8,0,20.7,0.1,0.5,1.86,0.64,0.24,,,,,,,,,,,,,,,MF,FW,True,Midfielder,True,True,False,0.2383053839364519,0.0794351279788173,0.3177405119152692,0.2383053839364519,0.0,0.0,0.1588702559576346,0.0,2.3036187113857016,0.4766107678729038,1.827007943512798,1.5092674315975283,0.0794351279788173,0.7943512797881729,0.3971756398940864,0.6354810238305384,0.0,0.7609682478909762,-0.40685270936302864,0.9404367590502265,1.2023624075517405,0.05533264018388373,-0.8368243511225805,0.4006455674758525,-0.9740357350708178,-0.9778471971124273,1.270834842572494,-0.38322515104707716,-0.2613099661939969
Sean Longstaff,eng ENG,MF,Leeds United,eng Premier League,27.0,1997.0,23,10,1011,11.2,2,2,4,2,0,0,2,0,16,4,13,17,1,54,12,24,0,25.0,0.13,0.5,1.35,-0.71,-0.75,,,,,,,,,,,,,,,MF,,False,Midfielder,True,True,False,0.1780415430267062,0.1780415430267062,0.3560830860534124,0.1780415430267062,0.0,0.0,0.1780415430267062,0.0,1.4243323442136495,0.3560830860534124,1.1572700296735905,1.513353115727003,0.0890207715133531,4.807121661721068,1.0682492581602374,2.136498516320475,0.0,0.3070120302046368,0.523558330417015,0.43493350363121663,0.043041082991064517,-0.31802649424058965,1.2560862998557638,0.4068329831839376,2.605227811025344,0.7212757225095835,-0.08031282791023023,-0.32529174585551424,-0.10181633483868409
Diego López,es ESP,"MF,FW",Valencia,es La Liga,23.0,2002.0,34,20,1762,19.6,4,1,5,4,0,0,2,0,28,8,20,33,3,41,14,16,0,28.6,0.14,0.5,1.35,-0.77,-1.09,,,,,,,,,,,,,,,MF,FW,True,Midfielder,True,True,True,0.2043132803632236,0.0510783200908059,0.2553916004540295,0.2043132803632236,0.0,0.0,0.1021566401816118,0.0,1.4301929625425651,0.4086265607264472,1.021566401816118,1.6855845629965946,0.1532349602724177,2.094211123723042,0.7150964812712826,0.8172531214528944,0.0,0.5049121031720363,-0.6744163065094648,0.6553052646846185,0.050768189946759586,-0.15526233975399753,-0.15886616931405292,0.6676626333701127,-0.5405895920562694,-0.17288843624624292,-0.3540850556233221,0.06280391021840524,-0.733133297346373
Fer López,es ESP,"MF,FW",Celta Vigo,es La Liga,21.0,2004.0,17,13,1170,13.0,1,1,2,1,0,0,3,0,13,5,24,18,1,18,6,11,0,38.5,0.08,0.2,1.29,-0.15,-0.43,,,,,,,,,,,,,,,MF,FW,True,Midfielder,True,True,False,0.0769230769230769,0.0769230769230769,0.1538461538461538,0.0769230769230769,0.0,0.0,0.2307692307692307,0.0,1.0,0.3846153846153846,1.8461538461538465,1.3846153846153846,0.0769230769230769,1.3846153846153846,0.4615384615384615,0.8461538461538461,0.0,-0.45469442125429266,-0.43055542721984236,-0.4132652342307624,-0.5164325466637056,-0.2296418664652644,-0.5289647144373613,0.21187080929565144,-0.4716741324460805,-0.8148839357789612,1.3094603126529478,-0.3984074047110874,0.33684646128580725
Fermin López,es ESP,MF,Barcelona,es La Liga,22.0,2003.0,30,19,1797,20.0,6,9,15,6,0,0,3,0,68,25,34,20,5,36,7,22,0,36.8,0.09,0.24,2.63,1.8,0.53,,,,,,,,,,,,,,,MF,,False,Midfielder,True,True,True,0.3005008347245409,0.4507512520868113,0.7512520868113522,0.3005008347245409,0.0,0.0,0.1502504173622704,0.0,3.40567612687813,1.2520868113522536,1.702838063439065,1.001669449081803,0.2504173622704507,1.8030050083472453,0.350584307178631,1.1018363939899831,0.0,1.2294749207288804,3.0967390290713457,1.4621426837143716,2.6554028621418873,2.4575282187397067,-0.3107483660238635,-0.36806773264259907,0.13801577951143043,-1.0958139881138402,1.0203311145634169,0.6501517968946489,-0.3330218629653539
Javi López,es ESP,DF,Oviedo,es La Liga,23.0,2002.0,25,20,1711,19.0,0,1,1,0,0,0,3,1,7,1,38,26,2,60,20,23,0,14.3,0.0,0.0,0.84,-0.58,0.63,,,,,,,,,,,,,,,DF,,False,Defender,True,True,True,0.0,0.0526008182349503,0.0526008182349503,0.0,0.0,0.0,0.1578024547048509,0.0526008182349503,0.3682057276446522,0.0526008182349503,1.9988310929281123,1.3676212741087084,0.1052016364699006,3.1560490940970194,1.0520163646990064,1.2098188194038575,0.0,-0.809444991619996,0.03335708431008572,-0.8221765122714052,-0.6267305376426986,-0.8304460057954822,1.3330564425984124,1.3391430710630305,0.4092447779018681,-0.08663241708779534,2.4707225371472807,0.5596656000953355,-0.39700481129670556
Maxime Lopez,fr FRA,MF,Paris FC,fr Ligue 1,27.0,1997.0,26,22,1960,21.8,0,3,3,0,0,0,11,0,13,6,27,8,5,83,11,17,0,46.2,0.0,0.0,1.19,-0.32,-0.65,,,,,,,,,,,,,,,MF,,False,Midfielder,True,True,True,0.0,0.1377551020408163,0.1377551020408163,0.0,0.0,0.0,0.5051020408163265,0.0,0.596938775510204,0.2755102040816326,1.239795918367347,0.3673469387755102,0.2295918367346938,3.811224489795918,0.5051020408163265,0.7806122448979592,0.0,-1.0341415412128914,0.14343144487396686,-1.0585089693537577,-1.0478606343723884,-0.5676174680064525,0.7366636566400392,-1.3286943841125243,-0.6279618941155464,-0.7045832563944316,0.08617716759248234,0.5242871530819087,2.6191312091317656
Unai López,es ESP,MF,Rayo Vallecano,es La Liga,29.0,1995.0,28,19,1612,17.9,0,4,4,0,0,0,8,1,22,4,37,14,1,62,21,16,0,18.2,0.0,0.0,1.46,0.39,0.89,,,,,,,,,,,,,,,MF,,False,Midfielder,True,True,True,0.0,0.2233250620347394,0.2233250620347394,0.0,0.0,0.0,0.4466501240694789,0.0558312655086848,1.228287841191067,0.2233250620347394,2.06575682382134,0.7816377171215881,0.0558312655086848,3.4615384615384617,1.1724565756823822,0.8933002481389578,0.0,-1.0341415412128914,0.9508356630804297,-1.0585089693537577,-0.21543963660424767,-0.7292716139281024,0.5542805289301956,-0.7012867851841945,-0.3592507937446914,0.9851231406984792,1.752493394064761,-0.5258814185831443,2.132846254551269
Iker Losada,es ESP,MF,Levante,es La Liga,23.0,2001.0,23,10,902,10.0,3,1,4,3,0,0,1,0,14,4,6,7,3,22,10,12,0,28.6,0.21,0.75,1.0,-0.2,0.23,,,,,,,,,,,,,,,MF,,False,Midfielder,True,True,False,0.2993348115299334,0.0997782705099778,0.3991130820399113,0.2993348115299334,0.0,0.0,0.0997782705099778,0.0,1.3968957871396896,0.3991130820399113,0.5986696230598669,0.6984478935698448,0.2993348115299334,2.1951219512195124,0.9977827050997784,1.197339246119734,0.0,1.2206914865639173,-0.21490288149819442,1.4523618846170998,0.006866536363362929,-0.1847322848666091,-0.1062348633670951,-0.8272705873297265,0.36574788715608636,0.542858135954571,-1.2072486374723541,0.9457975090137123,-0.7529199091824775
Tom Louchet,fr FRA,MF,Nice,fr Ligue 1,22.0,2003.0,27,14,1367,15.2,3,2,5,3,0,0,1,1,21,6,16,13,0,51,9,17,0,28.6,0.14,0.5,1.07,-0.86,-0.32,,,,,,,,,,,,,,,MF,,False,Midfielder,True,True,True,0.1975128017556693,0.1316752011704462,0.3291880029261155,0.1975128017556693,0.0,0.0,0.0658376005852231,0.0658376005852231,1.3825896122896857,0.3950256035113387,1.05340160936357,0.8558888076079005,0.0,3.357717629846379,0.592538405267008,1.119239209948793,0.0,0.45368537250669994,0.08606391064393347,0.5982617038589076,-0.011995866371078544,-0.1973940852295502,0.5001314738484232,-0.5888399221721676,0.1795138067312604,-0.483199004648069,-0.28985983314711483,-0.8633126317738823,-1.035285964076325
Pol Lozano,es ESP,MF,Espanyol,es La Liga,25.0,1999.0,33,28,2157,24.0,2,1,3,2,0,0,12,1,17,5,64,29,0,29,23,19,0,29.4,0.12,0.4,1.33,-0.25,0.18,,,,,,,,,,,,,,,MF,,False,Midfielder,True,True,True,0.0834492350486787,0.0417246175243393,0.125173852573018,0.0834492350486787,0.0,0.0,0.5006954102920723,0.0417246175243393,0.7093184979137692,0.2086230876216968,2.6703755215577187,1.2100139082058414,0.0,1.2100139082058414,0.9596662030598052,0.7927677329624477,0.0,-0.4055340953607259,-0.7626741356419091,-0.3585227198461967,-0.8996902390440945,-0.7748139852599026,-0.6200303012696825,-0.052548045308790994,-0.5989764255704338,0.4463491681318311,2.9722677686314323,-0.8633126317738823,2.5824706812380325
Lucas,br BRA,"MF,DF",Burnley,eng Premier League,24.0,2001.0,20,15,1409,15.7,0,0,0,0,0,0,1,1,16,4,15,4,5,56,19,22,0,25.0,0.0,0.0,0.45,-0.83,0.24,,,,,,,,,,,,,,,MF,DF,True,Midfielder,True,True,True,0.0,0.0,0.0,0.0,0.0,0.0,0.063875088715401,0.063875088715401,1.022001419446416,0.255500354861604,0.9581263307310148,0.255500354861604,0.3193754435770049,3.5770049680624556,1.213626685592619,1.4052519517388218,0.0,-1.0341415412128914,-1.1563710848352395,-1.0585089693537577,-0.4874241192763138,-0.6296020666644012,0.6145035315777886,-1.4980763745635415,0.8615278309048848,1.089363682194624,-0.4820707982409554,1.0669184387139465,-1.0516128879582796
Jhon Lucumí,co COL,DF,Bologna,it Serie A,27.0,1998.0,29,26,2287,25.4,1,0,1,1,0,0,5,0,8,2,23,19,1,1,30,22,0,25.0,0.13,0.5,1.48,0.2,0.36,,,,,,,,,,,,,,,DF,,False,Defender,True,True,True,0.0393528640139921,0.0,0.0393528640139921,0.0393528640139921,0.0,0.0,0.1967643200699606,0.0,0.314822912111937,0.0787057280279842,0.9051158723218188,0.7477044162658504,0.0393528640139921,0.0393528640139921,1.1805859204197635,0.8657630083078268,0.0,-0.07816079505405611,-0.8042256269931214,-0.05150727165207385,-0.789842351793768,-0.6348088368705717,-0.7660628306399775,-0.05090313839793997,-0.4727138411844207,0.26252447960403175,-0.3603295696730916,-0.29638760756151,-0.055125382057023574
Florentino Luís,pt POR,MF,Burnley,eng Premier League,25.0,1999.0,31,25,2105,23.4,0,2,2,0,0,0,6,0,13,2,40,8,1,11,40,49,0,15.4,0.0,0.0,0.52,-1.07,-0.25,,,,,,,,,,,,,,,MF,,False,Midfielder,True,True,True,0.0,0.0855106888361045,0.0855106888361045,0.0,0.0,0.0,0.2565320665083135,0.0,0.5558194774346793,0.0855106888361045,1.7102137767220904,0.342042755344418,0.0427553444180522,0.4703087885985748,1.7102137767220904,2.0950118764845604,0.0,-1.0341415412128914,-0.34952612577584297,-1.0585089693537577,-1.1020755987909083,-1.1561798088915984,-1.0058327709000388,-1.367015384238869,2.506300504476513,2.3466959407723538,1.0352110812109387,-0.6049092514111889,0.5511778314871162
José Luis Gayà,es ESP,DF,Valencia,es La Liga,30.0,1995.0,32,31,2448,27.2,1,2,3,1,0,0,6,1,13,3,31,20,3,88,23,44,0,23.1,0.08,0.33,1.16,-0.51,-0.98,,,,,,,,,,,,,,,DF,,False,Defender,True,True,True,0.0367647058823529,0.0735294117647058,0.1102941176470588,0.0367647058823529,0.0,0.0,0.2205882352941176,0.0367647058823529,0.4779411764705882,0.1102941176470588,1.1397058823529411,0.7352941176470589,0.1102941176470588,3.2352941176470584,0.8455882352941176,1.6176470588235292,0.0,-0.126255874975264,0.3666109898694491,-0.10219262612091086,-0.29143259660939114,-0.3980770050056753,1.3864285853938898,-0.07873088390135836,1.4546787431563375,-0.6472301779562608,0.24690029201746952,0.6258693375994386,0.1539227849843604
Castello Lukeba,fr FRA,DF,RB Leipzig,de Bundesliga,22.0,2002.0,26,24,2176,24.2,1,0,1,1,0,0,3,0,8,2,11,12,1,3,31,14,0,25.0,0.13,0.5,1.88,0.7,0.5,,,,,,,,,,,,,,,DF,,False,Defender,True,True,True,0.041360294117647,0.0,0.041360294117647,0.041360294117647,0.0,0.0,0.1240808823529411,0.0,0.3308823529411764,0.0827205882352941,0.4549632352941177,0.4963235294117647,0.041360294117647,0.1240808823529411,1.2821691176470589,0.5790441176470588,0.0,-0.04085723539467272,-0.8042256269931214,-0.01219464035209928,-0.7407725434337413,-0.6047204017518651,-0.7089978479952475,-0.6145771932032632,-1.2076940063720478,0.5383944062058703,-1.5255374294865094,-0.27029043193790436,-0.692902140664809
Saša Lukić,rs SRB,MF,Fulham,eng Premier League,28.0,1996.0,26,20,1734,19.3,1,2,3,1,0,0,9,0,18,6,53,25,2,68,16,28,0,33.3,0.06,0.17,1.19,-0.31,-0.42,,,,,,,,,,,,,,,MF,,False,Midfielder,True,True,True,0.0519031141868512,0.1038062283737024,0.1557093425605536,0.0519031141868512,0.0,0.0,0.4671280276816609,0.0,0.9342560553633218,0.3114186851211072,2.750865051903114,1.2975778546712802,0.1038062283737024,3.5294117647058822,0.8304498269896194,1.4532871972318335,0.0,-0.6431651107909995,-0.1768966679840114,-0.6231368989420479,-0.6031146104641144,-0.45638360706258646,0.5896807002820764,0.0800599881692726,0.9760706686673633,0.11918013600893013,3.134649558846969,-0.2359318755299721,2.303210153327792
Kristoffer Lund,us USA,"DF,MF",Köln,de Bundesliga,23.0,2002.0,33,26,2276,25.3,0,2,2,0,0,0,2,0,20,3,13,40,3,83,28,26,0,15.0,0.0,0.0,0.97,-0.47,-0.24,,,,,,,,,,,,,,,DF,MF,True,Defender,True,True,True,0.0,0.0790861159929701,0.0790861159929701,0.0,0.0,0.0,0.0790861159929701,0.0,0.7908611599297013,0.1186291739894551,0.5140597539543058,1.5817223198594026,0.1186291739894551,3.2820738137082603,1.1072056239015815,1.0281195079086116,0.0,-0.809444991619996,0.4550924916710151,-0.8221765122714052,0.6646980547396109,-0.3356118657432071,1.4179350763539298,1.819224138906524,-0.05652638098301464,0.06324529203133912,-1.3725676979635903,0.7342274960250428,-1.0877185822742754
Sebastiano Luperto,it ITA,DF,Cremonese,it Serie A,28.0,1996.0,15,15,1307,14.5,0,1,1,0,0,0,1,0,5,2,9,12,1,10,12,9,0,40.0,0.0,0.0,0.73,-1.03,-0.61,,,,,,,,,,,,,,,DF,,False,Defender,True,True,False,0.0,0.0688599846977811,0.0688599846977811,0.0,0.0,0.0,0.0688599846977811,0.0,0.3442999234889059,0.1377199693955623,0.6197398622800305,0.8263198163733741,0.0688599846977811,0.6885998469778118,0.8263198163733741,0.6197398622800305,0.0,-0.809444991619996,0.29225793768919395,-0.8221765122714052,-0.6997750004660258,-0.19254034412576215,-0.32878991264535956,0.1253770152100492,-1.1033738304539433,-0.6995575062791254,-1.0990176113526566,0.08721354957454397,-1.1774500131944188
Sebastiano Luperto,it ITA,DF,Cagliari,it Serie A,28.0,1996.0,19,19,1706,19.0,1,0,1,1,0,0,3,0,7,3,23,17,0,1,19,12,0,42.9,0.14,0.33,1.32,-0.11,0.47,,,,,,,,,,,,,,,DF,,False,Defender,True,True,True,0.0527549824150058,0.0,0.0527549824150058,0.0527549824150058,0.0,0.0,0.1582649472450176,0.0,0.3692848769050411,0.1582649472450176,1.2133645955451349,0.8968347010550997,0.0,0.0527549824150058,1.0023446658851114,0.6330597889800704,0.0,0.17088733988428523,-0.8042256269931214,0.2109539410090227,-0.6234331845180036,-0.038570790736805416,-0.7570363991365643,0.28349329632472847,-1.069229299887015,-0.22152606367500743,0.43756386809245507,-0.807986293660309,-0.3929465691109658
Senne Lynen,be BEL,MF,Werder Bremen,de Bundesliga,26.0,1999.0,31,31,2752,30.6,0,0,0,0,0,0,4,0,25,4,38,12,0,14,77,33,0,16.0,0.0,0.0,0.9,-0.69,-0.1,,,,,,,,,,,,,,,MF,,False,Midfielder,True,True,True,0.0,0.0,0.0,0.0,0.0,0.0,0.1308139534883721,0.0,0.8175872093023256,0.1308139534883721,1.242732558139535,0.3924418604651162,0.0,0.4578488372093023,2.518168604651163,1.0792151162790695,0.0,-1.0341415412128914,-1.1563710848352395,-1.0585089693537577,-0.7569401287482318,-1.0158436850913801,-1.0123314146028262,-1.2906902928184192,0.08407402661254905,4.3923948459095845,0.09210162536207976,-0.8633126317738823,-0.49472160658640196
Ian Maatsen,nl NED,DF,Aston Villa,eng Premier League,23.0,2002.0,30,17,1605,17.8,0,1,1,0,0,0,2,0,20,5,17,19,1,54,18,31,0,25.0,0.0,0.0,1.7,0.11,-0.14,,,,,,,,,,,,,,,DF,,False,Defender,True,True,True,0.0,0.0560747663551401,0.0560747663551401,0.0,0.0,0.0,0.1121495327102803,0.0,1.1214953271028036,0.2803738317757009,0.9532710280373832,1.0654205607476637,0.0560747663551401,3.02803738317757,1.0093457943925233,1.738317757009346,0.0,-0.809444991619996,0.0886740733431937,-0.8221765122714052,1.6749546005915614,0.8765458160455891,1.2468395546651025,0.6615151750163558,1.7640080987545088,-0.20251306880787223,-0.23568125860063696,-0.07899801010395233,-0.7975963838091521
Alexis Mac Allister,ar ARG,MF,Liverpool,eng Premier League,26.0,1998.0,37,31,2658,29.5,2,4,6,2,0,0,7,0,52,12,35,32,0,20,18,27,0,23.1,0.04,0.17,1.54,0.14,-0.57,,,,,,,,,,,,,,,MF,,False,Midfielder,True,True,True,0.0677200902934537,0.1354401805869074,0.2031602708803611,0.0677200902934537,0.0,0.0,0.237020316027088,0.0,1.7607223476297968,0.4063205417607223,1.18510158013544,1.0835214446952597,0.0,0.6772009029345373,0.6094808126410836,0.9142212189616252,0.0,-0.5240187945224771,0.12158876378780735,-0.49046143730416814,0.486564511636546,-0.16240570492963335,-0.897925597430374,-0.24410995535306454,-0.30936352155154806,-0.44030172497666387,-0.024164693251276646,-0.8633126317738823,0.3888517483640945
Deiver Machado,co COL,"DF,MF",Nantes,fr Ligue 1,31.0,1993.0,14,12,907,10.1,0,1,1,0,0,0,2,0,7,1,21,20,4,22,8,16,0,14.3,0.0,0.0,0.86,-0.5,0.26,,,,,,,,,,,,,,,DF,MF,True,Defender,True,True,False,0.0,0.0992282249173098,0.0992282249173098,0.0,0.0,0.0,0.1984564498346196,0.0,0.6945975744211687,0.0992282249173098,2.0837927232635063,1.984564498346196,0.3969128996692392,2.183020948180816,0.7938257993384785,1.587651598676957,0.0,-0.809444991619996,0.775822905575553,-0.8221765122714052,0.3705635488636385,-0.4810077618034846,0.6777143804553502,2.722521470043973,1.3777878616291404,-0.787801648411786,2.6906434068838965,4.351996926220415,-0.04027741847211928
Shuto Machino,jp JPN,"FW,MF",Gladbach,de Bundesliga,25.0,1999.0,32,9,1076,12.0,3,1,4,3,0,0,2,0,25,11,14,11,9,10,3,5,0,44.0,0.12,0.27,1.16,-1.59,-1.95,,,,,,,,,,,,,,,FW,MF,True,Forward,True,True,False,0.2509293680297397,0.0836431226765799,0.3345724907063196,0.2509293680297397,0.0,0.0,0.1672862453531598,0.0,2.091078066914498,0.9200743494423792,1.171003717472119,0.9200743494423792,0.7527881040892193,0.8364312267657993,0.2509293680297397,0.4182156133828996,0.0,-0.6325367562482163,-0.3266615886750595,-0.4719496350111076,-0.5288370013783124,-0.257787895299928,-0.21235691536653956,-0.765815930957492,-0.23947762060629846,-0.08219968190268637,-0.3559186199086659,0.7466556367564748,0.21678641444376062
Noni Madueke,eng ENG,"FW,MF",Arsenal,eng Premier League,23.0,2002.0,26,16,1211,13.5,3,1,4,3,0,0,0,0,25,9,15,15,4,80,5,10,0,36.0,0.12,0.33,1.96,1.11,-0.07,,,,,,,,,,,,,,,FW,MF,True,Forward,True,True,False,0.2229562345169281,0.074318744838976,0.2972749793559042,0.2229562345169281,0.0,0.0,0.0,0.0,1.8579686209744015,0.6688687035507844,1.1147811725846408,1.1147811725846408,0.2972749793559042,5.945499587118084,0.3715937241948802,0.7431874483897605,0.0,-0.7765555961070394,-0.4210546273449613,-0.6360249259207438,-0.833417276688789,-0.904206402713017,3.324620507579791,-0.47221170081502667,0.7513324878060834,0.5107264569742332,-0.45409066917312674,-0.6659580227260883,-1.4507590990632495
Pablo Maffeo,es ESP,DF,Mallorca,es La Liga,28.0,1997.0,31,30,2662,29.6,1,2,3,1,0,0,11,0,7,1,26,23,0,85,33,34,1,14.3,0.14,1.0,1.13,-0.14,0.58,,,,,,,,,,,,,,,DF,,False,Defender,True,True,True,0.033809166040571,0.067618332081142,0.1014274981217129,0.033809166040571,0.0,0.0,0.371900826446281,0.0,0.236664162283997,0.033809166040571,0.879038317054846,0.777610818933133,0.0,2.873779113448535,1.115702479338843,1.149511645379414,0.033809166040571,-0.1811779151563199,0.27248663374300774,-0.16007262297898894,-1.0286573215362689,-0.9712756682565639,1.1429454042120768,0.01615630859133277,0.25465232456077624,0.08632023896945273,-0.427830612347036,-0.807986293660309,1.4816482882453954
Gabriel Magalhães,br BRA,DF,Arsenal,eng Premier League,27.0,1997.0,32,30,2751,30.6,3,4,7,3,0,0,4,0,27,7,21,34,0,6,22,20,0,25.9,0.11,0.43,2.25,1.18,0.1,,,,,,,,,,,,,,,DF,,False,Defender,True,True,True,0.0981461286804798,0.1308615049073064,0.2290076335877862,0.0981461286804798,0.0,0.0,0.1308615049073064,0.0,0.8833151581243185,0.2290076335877862,0.6870229007633587,1.1123227917121048,0.0,0.1962922573609596,0.7197382769901853,0.6543075245365322,0.0,1.0143793895646334,1.2795315798986087,1.0998742546821516,0.9471923222403922,0.49159380235959976,-0.6603629224727372,0.7666845498164695,-1.0147624869289942,-0.9890014522199289,-0.9248572958859759,-0.807986293660309,-0.6334040815484705
Soungoutou Magassa,fr FRA,MF,West Ham United,eng Premier League,21.0,2003.0,22,11,981,10.9,1,0,1,1,0,0,4,0,7,2,17,17,0,9,17,23,0,28.6,0.14,0.5,0.73,-1.1,-0.84,,,,,,,,,,,,,,,MF,,False,Midfielder,True,True,False,0.091743119266055,0.0,0.091743119266055,0.091743119266055,0.0,0.0,0.3669724770642202,0.0,0.6422018348623854,0.1834862385321101,1.5596330275229358,1.5596330275229358,0.0,0.8256880733944955,1.5596330275229358,2.110091743119266,0.0,-0.34305782016135183,-1.1563710848352395,-0.2889522210419286,-0.9881822043625988,-0.8526805141482809,-0.8204802539368873,0.47691991211443263,2.542259323874452,1.965433445490258,0.7314253401085953,-0.8633126317738823,1.4699759311906118
Hugo Magnetti,fr FRA,MF,Brest,fr Ligue 1,27.0,1998.0,33,31,2688,29.9,1,1,2,1,0,0,4,1,22,5,31,33,0,26,44,45,0,22.7,0.05,0.2,1.18,-0.23,0.98,,,,,,,,,,,,,,,MF,,False,Midfielder,True,True,True,0.0334821428571428,0.0334821428571428,0.0669642857142857,0.0334821428571428,0.0,0.0,0.1339285714285714,0.0334821428571428,0.7366071428571429,0.1674107142857142,1.0379464285714286,1.1049107142857142,0.0,0.8705357142857143,1.4732142857142858,1.5066964285714286,0.0,-0.7819268349809124,-0.8404468588642523,-0.7776551114319186,-0.863710711574601,-0.9024777368895499,-0.7970894051320094,-0.21171775408285531,1.1034280883611987,1.7466257604685258,-0.3210395395556798,-0.8633126317738823,-0.46880984991732577
Frank Magri,cm CMR,"FW,MF",Toulouse,fr Ligue 1,25.0,1999.0,17,16,1253,13.9,5,1,6,5,0,1,3,0,33,12,28,22,3,15,3,3,0,36.4,0.15,0.42,1.53,0.07,0.07,,,,,,,,,,,,,,,FW,MF,True,Forward,True,True,False,0.3591380686352753,0.071827613727055,0.4309656823623304,0.3591380686352753,0.0,0.071827613727055,0.2154828411811652,0.0,2.3703112529928174,0.8619313647246608,2.011173184357542,1.5802075019952115,0.2154828411811652,1.077414205905826,0.2154828411811652,0.2154828411811652,0.0,-0.0754275029462042,-0.44627297858240766,0.16274415153502728,-0.16399155142854227,-0.40740515913319736,-0.04552584237736367,0.2296185531498308,-0.8575917411721696,-0.2563784781012785,1.1111291357318225,-0.9196075562967532,0.6972205168986938
Harry Maguire,eng ENG,DF,Manchester Utd,eng Premier League,32.0,1993.0,23,19,1653,18.4,1,2,3,1,0,0,3,1,14,4,16,16,0,4,12,17,0,28.6,0.07,0.25,2.04,0.93,0.82,,,,,,,,,,,,,,,DF,,False,Defender,True,True,True,0.0544464609800363,0.1088929219600726,0.1633393829401088,0.0544464609800363,0.0,0.0,0.1633393829401088,0.0544464609800363,0.7622504537205081,0.2177858439201452,0.8711433756805809,0.8711433756805809,0.0,0.2177858439201452,0.6533575317604355,0.925589836660617,0.0,0.2023196529936191,0.9297175297398342,0.24407911585709577,0.5772777089344183,0.4074947122553335,-0.645886823916221,0.22588536229120856,-0.31935271424908207,-1.1692719281858681,-0.44826645340486326,-0.807986293660309,-0.34841982063796284
Linton Maina,de GER,"MF,FW",Köln,de Bundesliga,26.0,1999.0,24,9,1023,11.4,2,0,2,2,0,0,0,0,20,8,8,6,1,25,4,6,0,40.0,0.1,0.25,0.92,-0.79,-0.57,,,,,,,,,,,,,,,MF,FW,True,Midfielder,True,True,False,0.1759530791788856,0.0,0.1759530791788856,0.1759530791788856,0.0,0.0,0.0,0.0,1.7595307917888563,0.7038123167155426,0.7038123167155426,0.5278592375366569,0.0879765395894428,2.19941348973607,0.3519061583577713,0.5278592375366569,0.0,0.29128002350179205,-1.1563710848352395,0.4174151168513345,0.4849934693147481,0.7591358855066458,-0.10399655770404809,-1.0856123720864868,-1.2306661463583293,-1.0924671308187948,-0.9951308781733758,-0.33160284129150674,-1.5830153866876162
Patrick Mainka,de GER,DF,Heidenheim,de Bundesliga,30.0,1994.0,34,34,3060,34.0,2,2,4,2,0,0,1,0,37,9,10,20,3,0,36,30,0,24.3,0.05,0.22,0.76,-0.91,,,,,,,,,,,,,,,,DF,,False,Defender,True,True,True,0.0588235294117647,0.0588235294117647,0.1176470588235294,0.0588235294117647,0.0,0.0,0.0294117647058823,0.0,1.0882352941176472,0.2647058823529412,0.2941176470588235,0.5882352941176471,0.088235294117647,0.0,1.0588235294117647,0.8823529411764706,0.0,0.2836575950115762,0.13244366649693592,0.32979770556938687,1.5733281827116625,0.759126016772988,-0.7925672921629087,-0.40848245885637674,-0.43018692022658994,-0.06814617053391471,-1.9418818607122768,0.33909821134748847,-1.523597067730184
Kobbie Mainoo,eng ENG,MF,Manchester Utd,eng Premier League,20.0,2005.0,28,16,1662,18.5,1,2,3,1,0,0,2,0,13,3,12,22,1,13,19,20,0,23.1,0.08,0.33,2.21,0.87,0.71,,,,,,,,,,,,,,,MF,,False,Midfielder,True,True,True,0.0541516245487364,0.1083032490974729,0.1624548736462094,0.0541516245487364,0.0,0.0,0.1083032490974729,0.0,0.703971119133574,0.1624548736462094,0.6498194945848376,1.1913357400722022,0.0541516245487364,0.703971119133574,1.0288808664259927,1.083032490974729,0.0,-0.6262275036969107,-0.13446456328287526,-0.6042760150252956,-0.906740650015803,-0.9178294664140773,-0.8839632558859348,-0.08083451759738462,0.09317677868461115,0.6215970361723965,-1.1040574811582633,-0.5360327787874385,-0.6819971908878146
Ainsley Maitland-Niles,eng ENG,"DF,MF",Lyon,fr Ligue 1,27.0,1997.0,30,28,2483,27.6,1,4,5,1,0,1,7,1,14,7,37,12,1,44,33,36,0,50.0,0.07,0.14,1.83,0.47,0.47,,,,,,,,,,,,,,,DF,MF,True,Defender,True,True,True,0.0362464760370519,0.1449859041482078,0.1812323801852597,0.0362464760370519,0.0,0.0362464760370519,0.2537253322593636,0.0362464760370519,0.5074506645187273,0.2537253322593636,1.3411196133709222,0.4349577124446234,0.0362464760370519,1.594844945630286,1.1961337092227144,1.3048731373338702,0.0,-0.1358860075095234,1.5044397278837014,-0.11234141227285117,-0.2012660124349116,0.6768348404932322,0.2815732451425772,-0.7521784217978136,0.6529086611325567,0.3047476766775972,0.7682542576548076,-0.3367715553969371,0.44469150693788645
Lovro Majer,hr CRO,MF,Wolfsburg,de Bundesliga,27.0,1998.0,28,16,1371,15.2,2,3,5,2,0,0,5,0,27,6,30,22,4,28,8,18,0,22.2,0.07,0.33,0.75,-0.66,0.09,,,,,,,,,,,,,,,MF,,False,Midfielder,True,True,True,0.1312910284463894,0.1969365426695842,0.3282275711159738,0.1312910284463894,0.0,0.0,0.3282275711159738,0.0,1.7724288840262583,0.3938730853391685,1.9693654266958425,1.4442013129102846,0.2625820568927789,1.8380743982494532,0.5251641137855579,1.1816192560175054,0.0,-0.0451508331872748,0.7018440561057119,0.04278230722378305,0.501999343550081,-0.20096424588205816,-0.29245748649083403,0.3021085508902509,0.3282626561048721,-0.6537871483828798,1.5580307408544796,0.7236723883967087,1.1476415086793987
Jean-Victor Makengo,fr FRA,MF,Lorient,fr Ligue 1,27.0,1998.0,31,23,1800,20.0,4,2,6,4,0,0,2,0,39,14,12,35,0,18,14,16,1,35.9,0.1,0.29,1.35,0.05,0.34,,,,,,,,,,,,,,,MF,,False,Midfielder,True,True,True,0.2,0.1,0.3,0.2,0.0,0.0,0.1,0.0,1.95,0.7,0.6000000000000001,1.75,0.0,0.9,0.7,0.8,0.05,0.4724209706794657,-0.21281072993522288,0.6191247419660306,0.736123275252202,0.7473264551120694,-0.7817219378897913,0.7652142487489739,-0.5817306640169139,-0.21111192862544637,-1.2045646984771423,-0.8633126317738823,-0.7510752525657991
Jordy Makengo,fr FRA,DF,Freiburg,de Bundesliga,23.0,2001.0,20,12,1178,13.1,0,1,1,0,0,0,1,0,0,0,10,9,2,32,14,10,0,,,,1.45,-0.08,0.16,,,,,,,,,,,,,,,DF,,False,Defender,True,True,False,0.0,0.0764006791171477,0.0764006791171477,0.0,0.0,0.0,0.0764006791171477,0.0,0.0,0.0,0.7640067911714771,0.6876061120543294,0.1528013582342954,2.444821731748726,1.0696095076400678,0.7640067911714771,0.0,-0.809444991619996,0.41233126523080693,-0.8221765122714052,-1.751787423788529,-1.2246505919904345,0.8540392546063588,-0.18566220956588894,-0.7335574887982393,-0.038854642964515906,-0.7255865890100894,1.1784758372530255,-1.1112825368683878
Said El Mala,de GER,"FW,MF",Köln,de Bundesliga,18.0,2006.0,34,20,1956,21.7,13,4,17,12,1,1,4,0,74,30,15,23,18,39,8,14,0,40.5,0.16,0.4,0.94,-0.23,0.5,,,,,,,,,,,,,,,FW,MF,True,Forward,True,True,True,0.598159509202454,0.1840490797546012,0.7822085889570553,0.5521472392638037,0.0460122699386503,0.0460122699386503,0.1840490797546012,0.0,3.4049079754601226,1.3803680981595092,0.6901840490797546,1.0582822085889572,0.8282208588957056,1.7944785276073618,0.3680981595092025,0.6441717791411044,0.0,1.1551672231006223,0.6897733471693732,1.2948316884782713,1.1878101882803938,0.9266695517500639,0.4508934923766101,-0.5574081749811085,0.4494425533115624,0.4935497882532995,-1.195493780855354,0.98058378070277,0.3838819771469172
Youssef Maleh,ma MAR,MF,Cremonese,it Serie A,26.0,1998.0,14,14,1100,12.2,1,0,1,1,0,0,2,1,15,3,27,10,0,41,9,11,0,20.0,0.07,0.33,0.71,-1.06,-0.6,,,,,,,,,,,,,,,MF,,False,Midfielder,True,True,False,0.0818181818181818,0.0,0.0818181818181818,0.0818181818181818,0.0,0.0,0.1636363636363636,0.0818181818181818,1.2272727272727273,0.2454545454545454,2.209090909090909,0.8181818181818181,0.0,3.3545454545454545,0.7363636363636364,0.9,0.0,-0.4178205136205636,-1.1563710848352395,-0.37220426926838984,-0.21677804381300997,-0.6607210150104739,0.49847698609004865,-0.6459439006702646,-0.3432748456134413,-0.1190411240155259,2.0416595162312388,-0.8633126317738823,-0.22165880357918852
Donyell Malen,nl NED,FW,Roma,it Serie A,26.0,1999.0,18,18,1467,16.3,14,2,16,11,3,4,1,0,70,31,12,17,14,6,3,3,0,44.3,0.16,0.35,1.89,0.98,0.43,,,,,,,,,,,,,,,FW,,False,Forward,True,True,True,0.8588957055214724,0.1226993865030674,0.98159509202454,0.6748466257668712,0.1840490797546012,0.2453987730061349,0.0613496932515337,0.0,4.294478527607362,1.901840490797546,0.736196319018405,1.0429447852760736,0.8588957055214724,0.3680981595092025,0.1840490797546012,0.1840490797546012,0.0,2.4975597185952427,0.06871486280332517,2.014520011050511,2.3501210615631756,2.2685558159293313,-0.5365810925493183,-0.5805359333794781,-0.9534304730616739,-0.41083916048807334,-1.1151502311240629,1.0757110229122229,-0.839212073659861
Ruslan Malinovskyi,ua UKR,MF,Genoa,it Serie A,32.0,1993.0,34,28,2235,24.8,6,3,9,3,3,3,10,0,55,15,36,26,1,68,16,19,0,27.3,0.05,0.2,1.06,-0.16,0.29,,,,,,,,,,,,,,,MF,,False,Midfielder,True,True,True,0.2416107382550335,0.1208053691275167,0.3624161073825503,0.1208053691275167,0.1208053691275167,0.1208053691275167,0.4026845637583892,0.0,2.214765100671141,0.6040268456375839,1.4496644295302017,1.046979865771812,0.0402684563758389,2.738255033557047,0.6442953020134229,0.7651006711409396,0.0,0.785866862415459,-0.016499515157367868,-0.0451731705699936,1.0852107155530328,0.4500299892727729,0.177042998242165,-0.2994490203086905,-0.6649501442651058,-0.352153278640307,0.5095716687935109,-0.619939425660473,1.767079113131781
Gianluca Mancini,it ITA,DF,Roma,it Serie A,29.0,1996.0,36,36,3059,34.0,4,2,6,4,0,0,9,0,20,8,71,42,5,29,47,28,0,40.0,0.2,0.5,1.86,0.76,0.27,,,,,,,,,,,,,,,DF,,False,Defender,True,True,True,0.117685518143184,0.058842759071592,0.176528277214776,0.117685518143184,0.0,0.0,0.2647924158221641,0.0,0.5884275907159202,0.2353710362863681,2.0889179470415167,1.2356979405034323,0.14710689767898,0.8532200065380844,1.3828048381824125,0.8237986270022883,0.0,1.3774748613336556,0.13274986763897226,1.4825250938697014,0.04615992800292101,0.5392828424118242,-0.21791694839521777,1.0433299672613692,-0.5802860622991891,0.8116912662711431,2.703909909261562,1.1044461926227145,0.5418020578918025
Reinildo Mandava,mz MOZ,DF,Sunderland,eng Premier League,31.0,1994.0,25,23,1966,21.8,0,1,1,0,0,0,7,1,4,0,32,35,1,23,29,23,0,0.0,0.0,,1.6,0.09,0.59,,,,,,,,,,,,,,,DF,,False,Defender,True,True,True,0.0,0.0457782299084435,0.0457782299084435,0.0,0.0,0.0,0.3204476093591047,0.0457782299084435,0.1831129196337741,0.0,1.4649033570701933,1.6022380467955235,0.0457782299084435,1.0528992878942014,1.3275686673448626,1.0528992878942014,0.0,-0.809444991619996,-0.0752815684784792,-0.8221765122714052,-1.1922837667051065,-1.2246505919904345,-0.08343139156895939,1.8652267731325483,0.00699453577677484,0.6616861590226869,1.0886651121326956,-0.2128559807874946,1.0301607548466016
Aïssa Mandi,dz ALG,DF,Lille,fr Ligue 1,33.0,1991.0,29,28,2424,26.9,1,0,1,1,0,0,8,0,14,4,17,17,1,10,44,21,0,28.6,0.07,0.25,1.83,0.33,-0.51,,,,,,,,,,,,,,,DF,,False,Defender,True,True,True,0.0371287128712871,0.0,0.0371287128712871,0.0371287128712871,0.0,0.0,0.297029702970297,0.0,0.5198019801980198,0.1485148514851485,0.6311881188118812,0.6311881188118812,0.0371287128712871,0.3712871287128712,1.6336633663366338,0.7797029702970297,0.0,-0.11949162629561298,-0.8042256269931214,-0.09506407279268791,-0.1635264236272121,-0.11164061347630312,-0.5425025087349233,-0.31216888003288135,-0.693321631649355,1.4929488525479717,-1.0693841106357613,-0.32530221977088936,0.824675201340138
Rolando Mandragora,it ITA,MF,Fiorentina,it Serie A,28.0,1997.0,34,30,2421,26.9,7,3,10,6,1,1,7,0,64,18,37,56,0,69,15,24,0,28.1,0.09,0.33,1.03,-0.15,0.3,,,,,,,,,,,,,,,MF,,False,Midfielder,True,True,True,0.2602230483271375,0.1115241635687732,0.3717472118959107,0.2230483271375464,0.037174721189591,0.037174721189591,0.2602230483271375,0.0,2.379182156133829,0.6691449814126393,1.37546468401487,2.0817843866171004,0.0,2.5650557620817844,0.5576208178438662,0.8921933085501859,0.0,0.9260699054872009,-0.10407329126644807,0.8124579949434034,1.3019912840183596,0.6517467272145316,0.08670874895535176,1.267673043995084,-0.36189035560032956,-0.571608489797931,0.3598790633252759,-0.8633126317738823,0.5818845905810524
Mateus Mane,pt POR,MF,Wolves,eng Premier League,17.0,2007.0,27,19,1795,19.9,3,1,4,3,0,0,0,0,41,17,26,47,2,94,5,13,0,41.5,0.07,0.18,0.67,-0.7,0.79,,,,,,,,,,,,,,,MF,,False,Midfielder,True,True,True,0.1504178272980501,0.0501392757660167,0.2005571030640668,0.1504178272980501,0.0,0.0,0.0,0.0,2.0557103064066853,0.8523676880222841,1.3036211699164344,2.3565459610027855,0.1002785515320334,4.713091922005571,0.2506963788300835,0.6518105849582172,0.0,0.09892775742481406,-0.6832767564731144,0.20322111993967595,0.875500180227158,1.2193165179381054,1.2070439114237372,1.6837757155324322,-0.9350969464421159,-1.3487249412952327,0.21493998386217225,-0.25725233577001594,-1.5830153866876162
Johan Manzambi,ch SUI,MF,Freiburg,de Bundesliga,19.0,2005.0,27,26,2077,23.1,5,4,9,5,0,0,4,2,51,13,22,78,2,35,27,14,0,25.5,0.1,0.38,1.37,0.0,0.55,,,,,,,,,,,,,,,MF,,False,Midfielder,True,True,True,0.2166586422725084,0.1733269138180067,0.3899855560905152,0.2166586422725084,0.0,0.0,0.1733269138180067,0.0866634569090033,2.209918151179586,0.5633124699085219,0.9532980259990372,3.379874819451131,0.0866634569090033,1.516610495907559,1.1699566682715454,0.6066441983630236,0.0,0.5979074004133978,0.47907295832319025,0.7588602412719153,1.0788201104960013,0.32390888703833914,-0.4601210109590187,3.233518880360526,-1.042798823240961,0.9787935073124131,-0.4918115528797296,-0.33953880831363215,-0.14103922740088506
Sekou Mara,fr FRA,FW,Auxerre,fr Ligue 1,23.0,2002.0,27,14,1226,13.6,3,2,5,3,0,0,0,0,33,12,27,27,2,0,3,7,0,36.4,0.09,0.25,0.96,0.0,0.49,,,,,,,,,,,,,,,FW,,False,Forward,True,True,False,0.2202283849918433,0.1468189233278956,0.367047308319739,0.2202283849918433,0.0,0.0,0.0,0.0,2.4225122349102772,0.8809135399673735,1.9820554649265905,1.9820554649265905,0.1468189233278956,0.0,0.2202283849918433,0.5138662316476346,0.0,-0.7905998476647786,0.3128830434431587,-0.6520250177295864,-0.09578586641317449,-0.35855900623604775,-0.7914132434979451,0.8355770906407373,0.0521525739014581,-0.23305960368002243,1.0602857206540255,-1.132544534413255,-1.4507590990632495
Alessandro Marcandalli,it ITA,DF,Genoa,it Serie A,22.0,2002.0,32,29,2597,28.9,0,2,2,0,0,0,4,0,5,2,23,11,0,10,18,24,0,40.0,0.0,0.0,1.22,0.0,1.09,,,,,,,,,,,,,,,DF,,False,Defender,True,True,True,0.0,0.0693107431651906,0.0693107431651906,0.0,0.0,0.0,0.1386214863303812,0.0,0.1732768579129765,0.0693107431651906,0.797073546399692,0.3812090874085483,0.0,0.346553715825953,0.6237966884867154,0.8317289179822872,0.0,-0.809444991619996,0.2994355351476471,-0.8221765122714052,-1.2223379677690789,-0.7052173636657801,-0.5591606556479157,-0.8726995393475385,-0.5599574171895733,-1.2495504376913593,-0.6399941922958358,-0.807986293660309,-0.565312423334203
Marcão,br BRA,DF,Sevilla,es La Liga,29.0,1996.0,13,11,938,10.4,1,0,1,1,0,0,5,1,10,2,22,21,1,1,4,4,0,20.0,0.1,0.5,1.23,-0.19,0.24,,,,,,,,,,,,,,,DF,,False,Defender,True,True,False,0.0959488272921108,0.0,0.0959488272921108,0.0959488272921108,0.0,0.0,0.4797441364605543,0.0959488272921108,0.9594882729211088,0.1918976545842217,2.1108742004264394,2.014925373134328,0.0959488272921108,0.0959488272921108,0.3837953091684435,0.3837953091684435,0.0,0.9735475004336334,-0.8042256269931214,1.056843267362295,1.1799401610355895,0.21348170434125735,-0.7279450069785338,2.7905999847370837,-1.7081981802602169,-1.9013232180728112,2.7607430740855916,0.4393763876914536,2.4279430544096035
José María Giménez,uy URU,DF,Atlético Madrid,es La Liga,30.0,1995.0,16,13,1178,13.1,0,1,1,0,0,0,3,0,13,3,20,10,1,0,15,12,0,23.1,0.0,0.0,1.88,0.46,-0.02,,,,,,,,,,,,,,,DF,,False,Defender,True,True,False,0.0,0.0764006791171477,0.0764006791171477,0.0,0.0,0.0,0.2292020373514431,0.0,0.9932088285229204,0.2292020373514431,1.528013582342954,0.7640067911714771,0.0764006791171477,0.0,1.1460101867572157,0.9168081494057726,0.0,-0.809444991619996,0.41233126523080693,-0.8221765122714052,1.2829737111304271,0.493050716106926,-0.7925672921629087,-0.014348148553604499,-0.3418638433006663,0.1686270106520619,1.2520242140763567,0.18524477179635826,0.22950647953660253
Marius Marin,ro ROU,MF,Pisa,it Serie A,26.0,1998.0,23,18,1281,14.2,0,0,0,0,0,0,7,0,3,0,36,20,0,18,14,26,0,0.0,0.0,,0.65,-1.05,0.21,,,,,,,,,,,,,,,MF,,False,Midfielder,True,True,False,0.0,0.0,0.0,0.0,0.0,0.0,0.4918032786885246,0.0,0.2107728337236534,0.0,2.529274004683841,1.405152224824356,0.0,1.2646370023419204,0.9836065573770492,1.826697892271663,0.0,-1.0341415412128914,-1.1563710848352395,-1.0585089693537577,-1.557012632909634,-1.421066648876647,-0.5915409423914589,0.2429720798972434,1.866490197530684,0.5069648794592998,2.687605691293087,-0.8633126317738823,2.508493469649189
Pablo Marín,es ESP,MF,Real Sociedad,es La Liga,22.0,2003.0,34,15,1502,16.7,0,1,1,0,0,0,2,0,13,4,22,23,5,17,9,18,0,30.8,0.0,0.0,1.26,-0.42,-0.65,,,,,,,,,,,,,,,MF,,False,Midfielder,True,True,True,0.0,0.0599201065246338,0.0599201065246338,0.0,0.0,0.0,0.1198402130492676,0.0,0.7789613848202396,0.2396804260985353,1.318242343541944,1.378162450066578,0.2996005326231691,1.018641810918775,0.5392809587217043,1.078561917443409,0.0,-1.0341415412128914,-0.5909887150549369,-1.0585089693537577,-0.8078674985706938,-0.6786075301435882,-0.7198428154657324,0.20209839730166193,0.08251643598317257,-0.6180440434077067,0.24443714129586885,0.9474034656411318,-0.586016557513668
Rafa Marín,es ESP,DF,Villarreal,es La Liga,23.0,2002.0,23,21,1979,22.0,1,0,1,1,0,0,1,0,5,1,16,8,3,0,20,22,1,20.0,0.2,1.0,2.04,0.59,-0.22,,,,,,,,,,,,,,,DF,,False,Defender,True,True,True,0.045477513895907,0.0,0.045477513895907,0.045477513895907,0.0,0.0,0.045477513895907,0.0,0.2273875694795351,0.045477513895907,0.7276402223345124,0.3638201111672562,0.136432541687721,0.0,0.9095502779181404,1.0005053057099544,0.045477513895907,0.03565200562422069,-0.8042256269931214,0.06843518722147561,-1.0570020588150517,-0.8838299517784268,-0.7925672921629087,-0.9116910270040045,-0.12731310468552332,-0.47352818308292405,-0.8197204635177918,0.9656764578929307,-1.3826246293748043
Guillermo Maripán,cl CHI,DF,Torino,it Serie A,31.0,1994.0,27,24,2145,23.8,2,0,2,2,0,0,4,0,18,8,27,7,2,3,27,28,0,44.4,0.11,0.25,1.15,-0.5,-0.01,,,,,,,,,,,,,,,DF,,False,Defender,True,True,True,0.0839160839160839,0.0,0.0839160839160839,0.0839160839160839,0.0,0.0,0.1678321678321678,0.0,0.7552447552447552,0.3356643356643357,1.132867132867133,0.2937062937062937,0.0839160839160839,0.1258741258741259,1.132867132867133,1.1748251748251748,0.0,0.7499461109872819,-0.8042256269931214,0.8211992949979765,0.555871715706595,1.2909076251827634,-0.707790084466484,-1.0689079907942596,0.3195414639218082,0.13293436254739197,0.22919837494157705,0.2829472215918627,-0.3089968946512292
Marquinhos,br BRA,DF,Paris Saint-Germain,fr Ligue 1,31.0,1994.0,14,11,1052,11.7,0,0,0,0,0,0,0,0,3,0,8,2,0,3,7,9,1,0.0,0.0,,2.21,1.54,0.33,,,,,,,,,,,,,,,DF,,False,Defender,True,True,False,0.0,0.0,0.0,0.0,0.0,0.0,0.0,0.0,0.2566539923954373,0.0,0.6844106463878327,0.1711026615969581,0.0,0.2566539923954373,0.5988593155893536,0.7699619771863118,0.085551330798479,-0.809444991619996,-0.8042256269931214,-0.8221765122714052,-0.9675781629810128,-1.2246505919904345,-0.6197088220974799,-1.3438234281204213,-0.7182918619299881,-1.317272968765518,-0.9316190453012251,-0.807986293660309,-1.7816770450708828
Eric Martel,de GER,"MF,DF",Köln,de Bundesliga,23.0,2002.0,31,30,2559,28.4,2,2,4,2,0,0,12,1,23,4,42,51,0,11,35,32,0,17.4,0.09,0.5,1.0,-0.32,0.58,,,,,,,,,,,,,,,MF,DF,True,Midfielder,True,True,True,0.0703399765533411,0.0703399765533411,0.1406799531066823,0.0703399765533411,0.0,0.0,0.4220398593200468,0.0351699882766705,0.8089097303634232,0.1406799531066823,1.4771395076201643,1.793669402110199,0.0,0.3868698710433763,1.23094958968347,1.1254396248534584,0.0,-0.5042836823996361,-0.4926709524319458,-0.4684853897571151,-0.7683812095529423,-0.9852817343252386,-1.0493513833887158,0.8313477862464183,0.1942990568365914,1.1332243594348148,0.5650006462942478,-0.8633126317738823,1.9281035849871093
Aarón Martín,es ESP,"MF,DF",Genoa,it Serie A,28.0,1997.0,33,26,2156,24.0,1,5,6,1,0,1,2,0,11,4,31,27,0,194,10,28,0,36.4,0.09,0.25,1.12,-0.38,-0.3,,,,,,,,,,,,,,,MF,DF,True,Midfielder,True,True,True,0.0417439703153988,0.2087198515769944,0.2504638218923933,0.0417439703153988,0.0,0.0417439703153988,0.0834879406307977,0.0,0.4591836734693877,0.1669758812615955,1.2940630797773656,1.12708719851577,0.0,8.098330241187384,0.4174397031539889,1.168831168831169,0.0,-0.7196920373392552,0.8130266874514367,-0.7083535101265297,-1.229487955488014,-0.9038247210765292,2.972657355495984,-0.17813338423760502,0.297768718146544,-0.9265396603647748,0.19565723017777015,-0.8633126317738823,-0.8884457014282149
Gerard Martín,es ESP,DF,Barcelona,es La Liga,23.0,2002.0,32,26,2119,23.5,0,0,0,0,0,0,6,0,7,4,16,7,0,14,31,29,0,57.1,0.0,0.0,2.47,1.78,0.61,,,,,,,,,,,,,,,DF,,False,Defender,True,True,True,0.0,0.0,0.0,0.0,0.0,0.0,0.2548371873525248,0.0,0.2973100519112789,0.1698914582350165,0.6795658329400661,0.2973100519112789,0.0,0.5946201038225578,1.316658801321378,1.2317130722038698,0.0,-0.809444991619996,-0.8042256269931214,-0.8221765122714052,-0.8433530999586488,0.048561389094159337,-0.3920860042718226,-1.0608272451760732,0.46536888434817764,0.6320581888338743,-0.9441597131643347,-0.807986293660309,0.45444772320435867
Iván Martín,es ESP,MF,Girona,es La Liga,26.0,1999.0,35,29,2532,28.1,0,1,1,0,0,0,5,1,13,5,30,31,3,15,17,39,0,38.5,0.0,0.0,1.17,-0.25,0.66,,,,,,,,,,,,,,,MF,,False,Midfielder,True,True,True,0.0,0.0355450236966824,0.0355450236966824,0.0,0.0,0.0,0.1777251184834123,0.0355450236966824,0.462085308056872,0.1777251184834123,1.066350710900474,1.1018957345971565,0.1066350710900474,0.533175355450237,0.6042654028436019,1.386255924170616,0.0,-1.0341415412128914,-0.820982333093528,-1.0585089693537577,-1.2256622088610394,-0.8705267612694917,-0.9730439255809331,-0.2162836803985878,0.8162306979029705,-0.4535068668283404,-0.2637359598902807,-0.21883500658019717,-0.10444879760855764
Jon Martin,es ESP,DF,Real Sociedad,es La Liga,19.0,2006.0,25,25,2250,25.0,2,0,2,2,0,0,6,0,15,5,18,12,1,0,35,16,0,33.3,0.13,0.4,1.2,-0.08,-0.08,,,,,,,,,,,,,,,DF,,False,Defender,True,True,True,0.08,0.0,0.08,0.08,0.0,0.0,0.24,0.0,0.6000000000000001,0.2,0.72,0.48,0.04,0.0,1.4,0.64,0.0,0.6771745261989425,-0.8042256269931214,0.7445084239920723,0.08151955925481986,0.27420284574192927,-0.7925672921629087,-0.6511796180232703,-1.0514386428776028,0.8583882413418388,-0.8394969712678688,-0.28797465139010714,0.32425557002922206
Mario Martín,es ESP,"MF,FW",Getafe,es La Liga,21.0,2004.0,35,26,2125,23.6,2,1,3,2,0,0,11,0,26,6,71,34,4,13,16,32,0,23.1,0.08,0.33,1.29,-0.34,-0.48,,,,,,,,,,,,,,,MF,FW,True,Midfielder,True,True,True,0.0847058823529411,0.0423529411764705,0.1270588235294117,0.0847058823529411,0.0,0.0,0.4658823529411765,0.0,1.1011764705882354,0.2541176470588235,3.007058823529412,1.44,0.1694117647058823,0.5505882352941177,0.6776470588235294,1.3552941176470588,0.0,-0.3960680067643642,-0.7567455227599392,-0.3479817504418479,-0.38303341268876046,-0.6338852867563736,-0.9639620200092742,0.29574602538120764,0.7424004687647222,-0.2677083938121325,3.6515019134355757,0.16057276241617893,2.2928468852210853
Gabriel Martinelli,br BRA,"FW,MF",Arsenal,eng Premier League,24.0,2001.0,30,11,1081,12.0,1,4,5,1,0,0,3,0,29,13,10,14,5,37,1,8,0,44.8,0.03,0.08,2.2,1.17,0.01,,,,,,,,,,,,,,,FW,MF,True,Forward,True,True,False,0.0832562442183163,0.3330249768732655,0.4162812210915819,0.0832562442183163,0.0,0.0,0.2497687326549491,0.0,2.4144310823311748,1.0823311748381128,0.8325624421831638,1.1655874190564293,0.4162812210915819,3.080481036077706,0.0832562442183163,0.666049953746531,0.0,-1.4957968109634399,2.1978940885762883,-1.4554296071238773,-0.1063446821121381,0.15974179244904368,1.3411853259347577,-0.3955994453170321,0.516147154195544,-0.906119694858927,-0.9468821491706467,-0.29690204275202303,1.0389897064874578
Arnau Martinez,es ESP,"DF,MF",Girona,es La Liga,22.0,2003.0,35,33,2666,29.6,2,3,5,2,0,0,6,0,19,4,24,30,3,50,37,39,0,21.1,0.11,0.5,1.14,-0.03,1.76,,,,,,,,,,,,,,,DF,MF,True,Defender,True,True,True,0.0675168792198049,0.1012753188297074,0.1687921980495123,0.0675168792198049,0.0,0.0,0.2025506376594148,0.0,0.641410352588147,0.1350337584396099,0.8102025506376593,1.0127531882970742,0.1012753188297074,1.6879219804951238,1.2490622655663917,1.3165791447861963,0.0,0.44520388875982725,0.8084195557223184,0.5000444579434565,0.20804937353838157,-0.21267152675478007,0.3442613556792456,0.5434185617189496,0.6829160431755407,0.4484859852976779,-0.6060101218467231,0.5086223279915523,-0.004352069836361058
Joaquín Martínez Gauna,es ESP,"MF,DF",Sevilla,es La Liga,22.0,2003.0,21,14,1408,15.6,2,3,5,2,0,0,1,0,17,8,12,16,4,88,8,20,0,47.1,0.12,0.25,1.05,-0.13,0.41,,,,,,,,,,,,,,,MF,DF,True,Midfielder,True,True,True,0.1278409090909091,0.1917613636363636,0.3196022727272727,0.1278409090909091,0.0,0.0,0.0639204545454545,0.0,1.0866477272727273,0.5113636363636364,0.7670454545454545,1.0227272727272727,0.2556818181818182,5.625,0.5113636363636364,1.2784090909090908,0.0,-0.0711399355998791,0.6530131184531441,0.013842124529629683,-0.4021892674518779,0.16298675501121407,1.6826609907714005,-0.3361774776270171,0.559063649026972,-0.6887292275394071,-0.867562608390891,0.6819689468155218,-1.051235471410887
Lautaro Martínez,ar ARG,FW,Inter,it Serie A,27.0,1997.0,30,27,2159,24.0,17,6,23,17,0,0,4,0,92,39,47,47,8,17,6,13,0,42.4,0.18,0.44,2.4,1.63,0.56,,,,,,,,,,,,,,,FW,,False,Forward,True,True,True,0.7086614173228346,0.2501157943492357,0.9587772116720704,0.7086614173228346,0.0,0.0,0.1667438628994905,0.0,3.8351088466882817,1.6257526632700323,1.959240389069013,1.959240389069013,0.333487725798981,0.7086614173228346,0.2501157943492357,0.5419175544233441,0.0,1.7240829865918577,1.3585834333903366,2.212859312546797,1.7499096745069251,1.5581088801057874,-0.30081118911259686,0.8011735567804388,0.13767855236025195,-0.08619745818396803,1.0204475604365335,-0.5536569330421897,0.2113798287121496
Lisandro Martínez,ar ARG,DF,Manchester Utd,eng Premier League,27.0,1998.0,18,13,1233,13.7,0,0,0,0,0,0,0,1,5,0,9,2,0,2,12,11,1,0.0,0.0,,1.89,0.73,0.36,,,,,,,,,,,,,,,DF,,False,Defender,True,True,False,0.0,0.0,0.0,0.0,0.0,0.0,0.0,0.072992700729927,0.364963503649635,0.0,0.656934306569343,0.145985401459854,0.0,0.145985401459854,0.8759124087591241,0.8029197080291971,0.072992700729927,-0.809444991619996,-0.8042256269931214,-0.8221765122714052,-0.6366371907937916,-1.2246505919904345,-0.6942449831557007,-1.4001441295240233,-0.6338074444460594,-0.5648786893598284,-1.002740803749212,-0.807986293660309,-1.7816770450708828
Pablo Martínez,es ESP,MF,Levante,es La Liga,27.0,1998.0,27,21,1857,20.6,1,5,6,1,0,0,3,0,28,4,30,12,3,87,19,10,0,14.3,0.04,0.25,1.37,-0.15,0.49,,,,,,,,,,,,,,,MF,,False,Midfielder,True,True,True,0.048465266558966,0.2423263327948303,0.2907915993537964,0.048465266558966,0.0,0.0,0.1453957996768982,0.0,1.3570274636510502,0.1938610662358643,1.4539579967689822,0.5815831987075929,0.1453957996768982,4.216478190630048,0.9208400646203554,0.4846526655896607,0.0,-0.6690617725798491,1.1301241208998565,-0.6519741443166529,-0.04569904331634451,-0.8205423643655785,0.9480287999442507,-1.0042520733664926,-1.3336947310986242,0.348043438466383,0.5182336293199564,0.015425842642062988,-0.3734093758481409
Toni Martínez,es ESP,FW,Alavés,es La Liga,28.0,1997.0,37,32,2714,30.2,14,3,17,13,1,1,2,0,93,36,46,37,13,14,4,15,0,38.7,0.14,0.36,1.08,-0.03,1.37,,,,,,,,,,,,,,,FW,,False,Forward,True,True,True,0.4642593957258658,0.0994841562269712,0.5637435519528372,0.4310980103168755,0.0331613854089904,0.0331613854089904,0.0663227708179808,0.0,3.0840088430361092,1.193809874723655,1.5254237288135593,1.2269712601326457,0.4310980103168755,0.4642593957258658,0.1326455416359616,0.4974207811348562,0.0,0.4657865003070562,-0.16629879358721658,0.5848222987630276,0.7685241069874212,0.4466059452534015,-0.47000924471491295,-0.30303691919948633,0.00201186369156448,-0.6634282626052292,0.2629459100296066,-0.250952985056753,-0.7896393597362258
Adam Marušić,me MNE,DF,Lazio,it Serie A,32.0,1992.0,33,32,2778,30.9,1,2,3,1,0,0,1,1,16,7,22,18,1,35,33,16,0,43.8,0.06,0.14,1.45,-0.03,-0.31,,,,,,,,,,,,,,,DF,,False,Defender,True,True,True,0.0323974082073434,0.0647948164146868,0.0971922246220302,0.0323974082073434,0.0,0.0,0.0323974082073434,0.0323974082073434,0.5183585313174945,0.2267818574514038,0.712742980561555,0.5831533477321814,0.0323974082073434,1.1339092872570196,1.0691144708423326,0.5183585313174945,0.0,-0.2074122495226939,0.2275267265272439,-0.18771986961610948,-0.16793689848110058,0.4749132412914027,-0.028870523767290036,-0.41987776166259777,-1.363256488363452,-0.04019901653006586,-0.8582815687420239,-0.38681055748034004,-1.4973988842852315
Omar Mascarell,gq EQG,"MF,DF",Mallorca,es La Liga,32.0,1993.0,30,26,2239,24.9,2,2,4,2,0,0,5,0,7,3,38,14,0,6,35,28,0,42.9,0.29,0.67,1.2,-0.12,0.41,,,,,,,,,,,,,,,MF,DF,True,Midfielder,True,True,True,0.080393032603841,0.080393032603841,0.160786065207682,0.080393032603841,0.0,0.0,0.2009825815096025,0.0,0.2813756141134435,0.1205895489057615,1.527467619472979,0.5627512282268871,0.0,0.241179097811523,1.4068780705672177,1.125502456453774,0.0,-0.4285558955214571,-0.39781430108355137,-0.3841586610965851,-1.463924292256285,-1.0475158685046995,-1.1253382308841715,-1.0327714660248513,0.19444888244333974,1.578665971125924,0.6665339620653636,-0.8633126317738823,0.08903937148486109
Patrizio Masini,it ITA,MF,Genoa,it Serie A,24.0,2001.0,28,13,1413,15.7,0,1,1,0,0,0,5,0,18,5,39,45,0,14,26,39,0,27.8,0.0,0.0,1.07,-0.45,-0.31,,,,,,,,,,,,,,,MF,,False,Midfielder,True,True,True,0.0,0.0636942675159235,0.0636942675159235,0.0,0.0,0.0,0.3184713375796178,0.0,1.1464968152866242,0.3184713375796178,2.484076433121019,2.8662420382165603,0.0,0.89171974522293,1.6560509554140128,2.484076433121019,0.0,-1.0341415412128914,-0.5553772282110258,-1.0585089693537577,-0.32327945310644196,-0.43453657426849573,-0.7860406084755217,2.455666398845563,3.434047577121823,2.209558540983458,2.596422868480334,-0.8633126317738823,1.0664754863118011
Han-Noah Massengo,fr FRA,MF,Augsburg,de Bundesliga,24.0,2001.0,33,29,2427,27.0,2,1,3,2,0,0,5,0,20,6,25,23,0,17,36,18,0,30.0,0.1,0.33,1.27,-0.78,-1.49,,,,,,,,,,,,,,,MF,,False,Midfielder,True,True,True,0.0741656365883807,0.0370828182941903,0.111248454882571,0.0741656365883807,0.0,0.0,0.1854140914709518,0.0,0.7416563658838072,0.2224969097651421,0.927070457354759,0.8529048207663782,0.0,0.630407911001236,1.334981458590853,0.6674907292954265,0.0,-0.47546570243945874,-0.8064723129316492,-0.4363951085429587,-0.8570534129449165,-0.7318369848858843,-0.9223310684359631,-0.5933589124981106,-0.8977067299359777,1.3966275510076684,-0.5447237705455943,-0.8633126317738823,-0.04048114542343115
Franco Mastantuono,ar ARG,"MF,FW",Real Madrid,es La Liga,17.0,2007.0,23,11,1037,11.5,1,0,1,1,0,0,5,1,30,7,18,30,1,31,3,12,0,23.3,0.03,0.14,2.48,1.74,0.9,,,,,,,,,,,,,,,MF,FW,True,Midfielder,True,True,False,0.0867888138862102,0.0,0.0867888138862102,0.0867888138862102,0.0,0.0,0.4339440694310511,0.0867888138862102,2.6036644165863065,0.6075216972034715,1.562198649951784,2.6036644165863065,0.0867888138862102,2.690453230472517,0.2603664416586307,1.0414657666345228,0.0,-0.38037767395005584,-1.1563710848352395,-0.33050976964893175,1.5979666126989847,0.46085600646553687,0.15211136914571205,2.0580152713523736,-0.0059414940243431354,-1.3242408535007804,0.7366012972948994,-0.33878117983225253,2.0271394865507415
Clinton Mata,ao ANG,DF,Lyon,fr Ligue 1,32.0,1992.0,32,32,2833,31.5,0,0,0,0,0,0,5,0,5,0,35,35,0,20,26,21,1,0.0,0.0,,1.75,0.29,-1.3,,,,,,,,,,,,,,,DF,,False,Defender,True,True,True,0.0,0.0,0.0,0.0,0.0,0.0,0.1588422167313801,0.0,0.1588422167313801,0.0,1.1118955171196612,1.1118955171196612,0.0,0.6353688669255206,0.8259795270031769,0.6671373102717967,0.031768443346276,-0.809444991619996,-0.8042256269931214,-0.8221765122714052,-1.2664431818956554,-1.2246505919904345,-0.36464139380114613,0.765726467421853,-0.9818743921916883,-0.7004816315886453,0.17491391786654897,-0.807986293660309,-0.3878811914483289
Igor Matanovic,hr CRO,FW,Freiburg,de Bundesliga,22.0,2003.0,31,14,1571,17.5,11,2,13,10,1,2,0,0,51,19,42,22,6,0,9,11,0,37.3,0.2,0.53,1.52,0.0,0.36,,,,,,,,,,,,,,,FW,,False,Forward,True,True,True,0.6301718650541057,0.1145767027371101,0.7447485677912157,0.5728835136855506,0.057288351368555,0.1145767027371101,0.0,0.0,2.921705919796308,1.088478676002546,2.4061107574793126,1.2603437301082114,0.3437301082113304,0.0,0.5155951623169955,0.6301718650541057,0.0,1.3199818781620993,-0.013513122395998143,1.416459473101396,0.5564594742364288,0.17556093740865977,-0.7914132434979451,-0.2527135756360744,0.4067580653035161,1.218327437180981,1.800742723350341,-0.52189378832534,-1.4507590990632495
Pape Matar Sarr,sn SEN,MF,Tottenham Hotspur,eng Premier League,22.0,2002.0,26,13,1397,15.5,2,4,6,2,0,0,3,0,17,6,29,13,3,8,14,21,0,35.3,0.12,0.33,1.12,-0.13,0.18,,,,,,,,,,,,,,,MF,,False,Midfielder,True,True,True,0.1288475304223335,0.2576950608446671,0.3865425912670007,0.1288475304223335,0.0,0.0,0.1932712956335003,0.0,1.0952040085898354,0.3865425912670007,1.8682891911238368,0.8375089477451682,0.1932712956335003,0.5153901216893343,0.901932712956335,1.3528990694345024,0.0,-0.06355724579190324,1.275137345830515,0.022285833930285607,-0.39090798326483156,-0.22367194987479933,-0.9823200370015929,-0.6166746323512177,0.7366893369483134,0.3001710237457837,1.3541167658319062,0.3047742307818873,0.024886089424699685
Jean-Philippe Mateta,fr FRA,FW,Crystal Palace,eng Premier League,28.0,1997.0,32,25,2218,24.6,12,0,12,8,4,4,2,0,63,32,21,19,18,11,6,4,0,50.8,0.13,0.25,1.09,-0.24,0.06,,,,,,,,,,,,,,,FW,,False,Forward,True,True,True,0.4869251577998197,0.0,0.4869251577998197,0.3246167718665464,0.1623083859332732,0.1623083859332732,0.0811541929666366,0.0,2.5563570784490532,1.2984670874661857,0.8521190261496844,0.7709648331830478,0.7303877366997295,0.4463480613165013,0.2434625788999098,0.1623083859332732,0.0,0.5824804973135739,-1.1734021059287691,-0.03973912790568826,0.07909550370686809,0.7159166090759634,-0.48240915423900393,-0.9906626210822101,-1.0197159073105087,-0.11889033844171504,-0.9127337496549673,0.677188780076227,-0.6417965325467737
Nemanja Matić,rs SRB,MF,Sassuolo,it Serie A,36.0,1988.0,34,31,2660,29.6,1,1,2,1,0,0,7,1,11,4,24,39,0,11,27,28,0,36.4,0.09,0.25,1.24,-0.14,-0.14,,,,,,,,,,,,,,,MF,,False,Midfielder,True,True,True,0.0338345864661654,0.0338345864661654,0.0676691729323308,0.0338345864661654,0.0,0.0,0.2368421052631578,0.0338345864661654,0.3721804511278195,0.1353383458646616,0.81203007518797,1.3195488721804511,0.0,0.3721804511278195,0.9135338345864662,0.9473684210526316,0.0,-0.7792719433363648,-0.8371213406961363,-0.774698755032741,-1.3441999477715671,-1.0018284547649727,-1.0570128343245537,0.11333319641318414,-0.2303220895275857,0.3295444503245361,-0.7768093986162443,-0.8633126317738823,0.38736914149563395
Chrislain Matsima,fr FRA,DF,Augsburg,de Bundesliga,23.0,2002.0,18,17,1489,16.5,1,1,2,1,0,0,5,0,7,1,10,4,0,4,30,11,0,14.3,0.14,1.0,1.11,-0.6,-0.26,,,,,,,,,,,,,,,DF,,False,Defender,True,True,True,0.0604432505036937,0.0604432505036937,0.1208865010073875,0.0604432505036937,0.0,0.0,0.3022162525184688,0.0,0.4231027535258563,0.0604432505036937,0.6044325050369376,0.241773002014775,0.0,0.241773002014775,1.8132975151108128,0.6648757555406313,0.0,0.31375645737013447,0.15823509768101335,0.36151761351530437,-0.4589920361488271,-0.7716727229645359,-0.6297312854390842,-1.185358566943821,-0.9876717007194318,1.980782084717602,-1.1386402893189442,-0.807986293660309,0.8701857173956699
Jean Mattéo Bahoya,fr FRA,"MF,FW",Eintracht Frankfurt,de Bundesliga,20.0,2005.0,27,15,1331,14.8,3,4,7,3,0,0,2,0,29,9,13,22,3,33,12,14,0,31.0,0.1,0.33,1.26,-0.41,-0.51,,,,,,,,,,,,,,,MF,FW,True,Midfielder,True,True,False,0.2028549962434259,0.270473328324568,0.473328324567994,0.2028549962434259,0.0,0.0,0.135236664162284,0.0,1.960931630353118,0.608564988730278,0.879038317054846,1.487603305785124,0.2028549962434259,2.231404958677686,0.8114199849737039,0.946656649135988,0.0,0.4939271222391604,1.3957080118139413,0.6430729316843438,0.750536409190971,0.4640878152543612,-0.08731100639769616,0.3678371201985452,-0.23201935107658433,0.07099758219379246,-0.6416251302170252,0.3626958933879584,-0.4579273014740394
Alan Matturro,uy URU,DF,Levante,es La Liga,20.0,2004.0,19,10,947,10.5,1,1,2,1,0,0,0,1,8,1,7,10,0,0,6,13,0,12.5,0.13,1.0,1.0,-0.86,-0.67,,,,,,,,,,,,,,,DF,,False,Defender,True,True,False,0.0950369588173178,0.0950369588173178,0.1900739176346357,0.0950369588173178,0.0,0.0,0.0,0.0950369588173178,0.7602956705385427,0.0950369588173178,0.6652587117212249,0.9503695881731784,0.0,0.0,0.5702217529039071,1.2354804646251318,0.0,0.9566024820297452,0.7090837912115113,1.0389856348208981,0.5713048461713636,-0.5124182298156053,-0.7925672921629087,0.4035351470518625,0.4750262832650207,-1.3950441211974764,-0.9811933073815585,-0.807986293660309,-1.7816770450708828
Konstantinos Mavropanos,gr GRE,DF,West Ham United,eng Premier League,27.0,1997.0,31,27,2534,28.2,3,0,3,3,0,0,2,0,23,8,16,9,2,4,47,24,2,34.8,0.13,0.38,1.03,-0.36,0.56,,,,,,,,,,,,,,,DF,,False,Defender,True,True,True,0.10655090765588,0.0,0.10655090765588,0.10655090765588,0.0,0.0,0.0710339384372533,0.0,0.8168902920284136,0.2841357537490134,0.5682715074980268,0.3196527229676401,0.0710339384372533,0.1420678768745067,1.669297553275454,0.8524072612470404,0.0710339384372533,1.1705632454119361,-0.8042256269931214,1.2644697623494452,0.7442303708048225,0.9047386644564909,-0.6968834665860442,-1.0107280345832217,-0.506950194283858,1.5897207676249574,-1.2322420481117948,0.1154755809316036,-1.1583741795124467
Christian Mawissa,fr FRA,"DF,MF",Monaco,fr Ligue 1,20.0,2005.0,18,13,1191,13.2,0,0,0,0,0,0,4,0,2,1,12,12,0,5,15,25,0,50.0,0.0,0.0,1.78,0.08,-0.17,,,,,,,,,,,,,,,DF,MF,True,Defender,True,True,False,0.0,0.0,0.0,0.0,0.0,0.0,0.3022670025188916,0.0,0.1511335012594458,0.0755667506297229,0.906801007556675,0.906801007556675,0.0,0.3778337531486146,1.1335012594458438,1.8891687657430731,0.0,-0.809444991619996,-0.8042256269931214,-0.8221765122714052,-1.2899972517373077,-0.6583331721923124,-0.5380933060044549,0.3058408521293051,2.150702184596986,0.1346564628307077,-0.3559676429420433,-0.807986293660309,0.8706310344002813
Borja Mayoral,es ESP,FW,Getafe,es La Liga,28.0,1997.0,16,12,1058,11.8,4,1,5,4,0,1,0,0,15,7,6,7,11,6,4,5,0,46.7,0.27,0.57,0.94,-0.51,-0.51,,,,,,,,,,,,,,,FW,,False,Forward,True,True,False,0.3402646502835539,0.0850661625708884,0.4253308128544423,0.3402646502835539,0.0,0.0850661625708884,0.0,0.0,1.275992438563327,0.5954631379962193,0.5103969754253308,0.5954631379962193,0.9357277882797732,0.5103969754253308,0.3402646502835539,0.4253308128544423,0.0,-0.17259673191156996,-0.3122557953758474,0.05204287435777808,-1.5938260415419148,-1.093098320142582,-0.4380684746495184,-1.2553068655542061,-0.21778401272909237,0.35678019298050206,-1.5094259496541793,1.3139786900720063,-1.4507590990632495
Senny Mayulu,fr FRA,"MF,FW",Paris Saint-Germain,fr Ligue 1,19.0,2006.0,26,21,1672,18.6,4,4,8,4,0,0,2,0,35,11,24,20,1,27,12,31,0,31.4,0.11,0.36,2.12,1.18,-0.31,,,,,,,,,,,,,,,MF,FW,True,Midfielder,True,True,True,0.2153110047846889,0.2153110047846889,0.4306220095693779,0.2153110047846889,0.0,0.0,0.1076555023923444,0.0,1.883971291866029,0.5921052631578947,1.291866028708134,1.076555023923445,0.0538277511961722,1.4533492822966507,0.645933014354067,1.6686602870813396,0.0,0.5877558998195496,0.8752181960499626,0.7475560308708938,0.6490657565292635,0.4131004503619289,-0.4931156892381957,-0.2546599978787941,1.4896403326888494,-0.3480066775849327,0.19122483897998524,-0.5379901941761134,-0.6873860556952304
Ibrahim Maza,dz ALG,MF,Leverkusen,de Bundesliga,19.0,2005.0,28,20,1849,20.5,3,4,7,3,0,0,2,0,54,17,19,36,3,64,16,24,0,31.5,0.06,0.18,1.64,0.73,0.28,,,,,,,,,,,,,,,MF,,False,Midfielder,True,True,True,0.1460248783126014,0.1946998377501352,0.3407247160627366,0.1460248783126014,0.0,0.0,0.0973499188750676,0.0,2.6284478096268256,0.8274743104380746,0.9248242293131422,1.752298539751217,0.1460248783126014,3.1151974040021635,0.7787993510005409,1.1681990265008113,0.0,0.06583649613415138,0.6807393952296925,0.16637232338919217,1.6306430161092291,1.1422041918115522,0.3736420125943402,0.7686951886629868,0.2962613379792148,-0.011596138268065081,-0.5492553727187575,0.019227847939698436,-0.7731223410308988
Noussair Mazraoui,ma MAR,"DF,MF",Manchester Utd,eng Premier League,27.0,1997.0,20,11,985,10.9,0,0,0,0,0,0,3,0,5,0,12,14,0,13,11,15,0,0.0,0.0,,2.0,0.82,0.45,,,,,,,,,,,,,,,DF,MF,True,Defender,True,True,False,0.0,0.0,0.0,0.0,0.0,0.0,0.2741116751269035,0.0,0.4568527918781725,0.0,1.0964467005076142,1.2791878172588833,0.0,1.1878172588832487,1.0050761421319796,1.370558375634518,0.0,-0.809444991619996,-0.8042256269931214,-0.8221765122714052,-0.35586840116669016,-1.2246505919904345,0.0074369165053833845,1.1408477836733946,0.821287337491619,-0.21410818185689387,0.13492507617046995,-0.807986293660309,0.6235759417185766
Samuel Mbangula,be BEL,"MF,FW",Werder Bremen,de Bundesliga,21.0,2004.0,26,12,1171,13.0,3,2,5,3,0,0,0,0,17,8,4,23,4,23,3,10,0,47.1,0.18,0.38,0.85,-0.54,0.22,,,,,,,,,,,,,,,MF,FW,True,Midfielder,True,True,False,0.2305721605465414,0.1537147736976943,0.3842869342442356,0.2305721605465414,0.0,0.0,0.0,0.0,1.3065755764304012,0.6148590947907772,0.3074295473953886,1.7677198975234842,0.3074295473953886,1.7677198975234842,0.2305721605465414,0.7685738684884713,0.0,0.7027153256143347,0.29402057940048204,0.8755691777698238,-0.1122188381214694,0.48358509550773265,-0.3291517575053439,0.7920495029702933,-0.6566681031052813,-1.399678397956796,-1.7948043688322886,0.9947202142157685,-1.5830153866876162
Kylian Mbappé,fr FRA,FW,Real Madrid,es La Liga,26.0,1998.0,31,29,2599,28.9,25,5,30,17,8,9,4,0,146,63,13,36,39,26,3,1,0,43.2,0.12,0.27,2.29,1.0,-0.42,,,,,,,,,,,,,,,FW,,False,Forward,True,True,True,0.8657175836860331,0.1731435167372066,1.0388611004232398,0.5886879569065024,0.2770296267795306,0.3116583301269719,0.1385148133897653,0.0,5.055790688726433,2.1816083108888034,0.4501731435167372,1.2466333205078877,1.3505194305502115,0.9003462870334745,0.1038861100423239,0.0346287033474413,0.0,2.5326819539525474,0.5793735704178866,1.5091597999330277,3.3448498109526295,2.98847234504925,-0.16810890198951098,-0.2733879114948633,-1.4089998590789927,-0.8047476983777363,-1.6145847788188448,2.6003090017473744,-0.07001344878734084
Ibrahim Mbaye,sn SEN,"FW,MF",Paris Saint-Germain,fr Ligue 1,17.0,2008.0,24,10,1006,11.2,3,2,5,3,0,0,0,0,24,10,10,13,2,16,4,7,0,41.7,0.13,0.3,2.29,1.07,-0.37,,,,,,,,,,,,,,,FW,MF,True,Forward,True,True,False,0.268389662027833,0.1789264413518886,0.4473161033797216,0.268389662027833,0.0,0.0,0.0,0.0,2.147117296222664,0.8946322067594433,0.8946322067594433,1.1630218687872764,0.1789264413518886,1.4314115308151092,0.3578528827037773,0.6262425447316103,0.0,-0.5426429556824812,0.637915581079166,-0.36953698196339446,-0.45561627099549334,-0.32325725145282064,0.19954438524065096,-0.39946811514333835,0.3947779184866807,0.44320606943668195,-0.8385000757868939,-1.0329743660249588,-1.4507590990632495
Chancel Mbemba,cd COD,DF,Lille,fr Ligue 1,30.0,1994.0,13,9,954,10.6,0,0,0,0,0,0,3,0,7,3,10,6,0,0,13,8,1,42.9,0.0,0.0,2.23,0.66,0.32,,,,,,,,,,,,,,,DF,,False,Defender,True,True,False,0.0,0.0,0.0,0.0,0.0,0.0,0.2830188679245283,0.0,0.6603773584905661,0.2830188679245283,0.9433962264150944,0.5660377358490566,0.0,0.0,1.2264150943396226,0.7547169811320755,0.0943396226415094,-0.809444991619996,-0.8042256269931214,-0.8221765122714052,0.2660032808189304,0.8963684236685706,-0.7925672921629087,-0.4582562814910966,-0.7573711485873998,0.3869829647726525,-0.2612419140715526,-0.807986293660309,0.701734057641505
Bryan Mbeumo,cm CMR,"MF,FW",Manchester Utd,eng Premier League,25.0,1999.0,33,31,2609,29.0,11,3,14,11,0,0,4,0,73,32,23,28,7,105,7,11,0,43.8,0.15,0.34,1.97,0.72,0.95,,,,,,,,,,,,,,,MF,FW,True,Midfielder,True,True,True,0.3794557301648141,0.1034879264085856,0.4829436565733997,0.3794557301648141,0.0,0.0,0.1379839018781142,0.0,2.5182062092755846,1.103871215024914,0.7934074357991567,0.9658873131467997,0.2414718282866998,3.6220774243004983,0.2414718282866998,0.3794557301648141,0.0,1.8242273487323624,-0.1799000391357212,2.1244296550360287,1.485291691543678,1.9984001087685943,0.6380116356425211,-0.4222566867900504,-1.584542944401315,-1.3720810155393237,-0.8143792230333756,0.5960870652917714,-0.4350719283363164
Pathé Mboup,sn SEN,MF,Brest,fr Ligue 1,21.0,2003.0,28,9,1054,11.7,1,0,1,1,0,0,6,0,23,10,34,19,5,11,12,18,0,43.5,0.04,0.1,1.14,-0.51,-0.24,,,,,,,,,,,,,,,MF,,False,Midfielder,True,True,False,0.0853889943074003,0.0,0.0853889943074003,0.0853889943074003,0.0,0.0,0.5123339658444023,0.0,1.9639468690702089,0.8538899430740038,2.903225806451613,1.6223908918406074,0.4269449715370019,0.9392789373814042,1.0246679316888043,1.537001897533207,0.0,-0.3909222524542955,-1.1563710848352395,-0.3422516922248165,0.7545119405694537,1.2240320141619065,-0.7612355161461541,0.5719612768356346,1.1756932423950175,0.6109301081692909,3.442026331652187,1.7170437043905873,2.6792964959099286
Moustapha Mbow,sn SEN,DF,Paris FC,fr Ligue 1,25.0,2000.0,31,30,2717,30.2,0,1,1,0,0,0,5,0,10,3,27,16,1,2,38,33,0,30.0,0.0,0.0,1.23,-0.07,0.2,,,,,,,,,,,,,,,DF,,False,Defender,True,True,True,0.0,0.0331247699668752,0.0331247699668752,0.0,0.0,0.0,0.1656238498343761,0.0,0.3312476996687523,0.0993743099006256,0.8943687891056312,0.5299963194700037,0.0331247699668752,0.0662495399337504,1.2587412587412588,1.0931174089068827,0.0,-0.809444991619996,-0.276767394000929,-0.8221765122714052,-0.7396562222555798,-0.4799129619062648,-0.7479477091647905,-0.5390723354303921,0.1100903630426869,0.47477126878561304,-0.3881481023296048,-0.3773546429028732,-0.3283742650514879
John McGinn,sct SCO,MF,Aston Villa,eng Premier League,30.0,1994.0,30,28,2137,23.7,5,4,9,5,0,0,5,0,28,12,31,48,0,82,12,17,0,42.9,0.18,0.42,1.9,0.38,0.52,,,,,,,,,,,,,,,MF,,False,Midfielder,True,True,True,0.2105755732335049,0.1684604585868039,0.3790360318203088,0.2105755732335049,0.0,0.0,0.2105755732335049,0.0,1.1792232101076274,0.5053813757604118,1.3055685540477304,2.021525503041647,0.0,3.4534394010294807,0.5053813757604118,0.7159569489939167,0.0,0.5520847815563191,0.4331550160726027,0.7078344328313257,-0.28013036219763543,0.14445547981364892,0.5500563624843698,1.1764161697554287,-0.7821362091047178,-0.7038759950853477,0.21886869011900117,-0.8633126317738823,0.16884731969898958
Weston McKennie,us USA,MF,Juventus,it Serie A,26.0,1998.0,36,32,2835,31.5,5,5,10,5,0,0,5,0,43,16,44,11,7,36,26,24,0,37.2,0.12,0.31,1.81,0.7,-0.07,,,,,,,,,,,,,,,MF,,False,Midfielder,True,True,True,0.1587301587301587,0.1587301587301587,0.3174603174603174,0.1587301587301587,0.0,0.0,0.1587301587301587,0.0,1.3650793650793651,0.507936507936508,1.3968253968253967,0.3492063492063492,0.2222222222222222,1.1428571428571428,0.8253968253968255,0.761904761904762,0.0,0.1615429920350107,0.3413437642124055,0.2729463570905184,-0.03508277383052466,0.15237052408568724,-0.6550567533478705,-1.356166740099227,-0.6725709757896653,0.106386203144477,0.40297275230033774,0.47974691307419226,-0.2624754912561609
Mark McKenzie,us USA,DF,Toulouse,fr Ligue 1,26.0,1999.0,30,28,2494,27.7,0,2,2,0,0,0,7,1,6,1,35,12,1,4,25,31,0,16.7,0.0,0.0,1.3,-0.04,-0.35,,,,,,,,,,,,,,,DF,,False,Defender,True,True,True,0.0,0.0721732157177225,0.0721732157177225,0.0,0.0,0.0,0.2526062550120289,0.0360866078588612,0.2165196471531676,0.0360866078588612,1.2630312750601442,0.4330392943063352,0.0360866078588612,0.144346431435445,0.9021651964715316,1.1186848436246992,0.0,-0.809444991619996,0.34501576758569763,-0.8221765122714052,-1.0902091219685555,-0.9542079107636653,-0.6953488422784763,-0.7564801113349687,0.17563036757122677,-0.4935838806021308,0.5661247174164628,-0.3388498882441294,0.4348719182963087
Dwight McNeil,eng ENG,MF,Everton,eng Premier League,25.0,1999.0,22,14,1168,13.0,0,1,1,0,0,0,1,0,24,5,11,7,2,40,10,16,0,20.8,0.0,0.0,1.45,0.39,0.7,,,,,,,,,,,,,,,MF,,False,Midfielder,True,True,False,0.0,0.0770547945205479,0.0770547945205479,0.0,0.0,0.0,0.0770547945205479,0.0,1.8493150684931503,0.3852739726027397,0.8476027397260274,0.5393835616438356,0.1541095890410959,3.0821917808219177,0.7705479452054794,1.2328767123287672,0.0,-1.0341415412128914,-0.42931259218967915,-1.0585089693537577,0.60337222563314,-0.2276017555364777,0.3564275164429705,-1.068159778653869,0.4504890430446938,-0.03248826146270739,-0.7050441277090951,0.06808996354027909,-0.9419656258060795
Scott McTominay,sct SCO,MF,Napoli,it Serie A,28.0,1996.0,33,31,2791,31.0,10,3,13,10,0,1,1,0,101,34,24,73,5,10,23,13,0,33.7,0.1,0.29,2.09,0.71,0.71,,,,,,,,,,,,,,,MF,,False,Midfielder,True,True,True,0.3224650662844858,0.0967395198853457,0.4192045861698316,0.3224650662844858,0.0,0.0322465066284485,0.0322465066284485,0.0,3.256897169473307,1.0963812253672518,0.773916159082766,2.353994983876747,0.1612325331422429,0.3224650662844858,0.7416696524543174,0.4192045861698316,0.0,1.39492736008256,-0.24357532767649956,1.6463823602553593,2.459240810272424,1.975198334593421,-1.0829425159541268,1.6799124810188413,-1.4897594845085325,-0.10560657182011604,-0.8537014602636367,0.11113938482137055,-1.3147437561933013
Facundo Medina,ar ARG,DF,Marseille,fr Ligue 1,26.0,1999.0,17,16,1365,15.2,0,1,1,0,0,0,7,0,4,1,24,9,0,13,24,16,1,25.0,0.0,0.0,1.76,0.2,-0.6,,,,,,,,,,,,,,,DF,,False,Defender,True,True,True,0.0,0.0659340659340659,0.0659340659340659,0.0,0.0,0.0,0.4615384615384615,0.0,0.2637362637362637,0.0659340659340659,1.5824175824175823,0.5934065934065934,0.0,0.8571428571428572,1.5824175824175823,1.054945054945055,0.0659340659340659,-0.809444991619996,0.2456674272484808,-0.8221765122714052,-0.9459382004727714,-0.7305230850456995,-0.2152748778491594,-0.39688679907773877,0.012238690431205162,1.3537804562553244,1.39284748884559,-0.807986293660309,2.2681933685831646
Henrik Meister,dk DEN,FW,Pisa,it Serie A,21.0,2003.0,28,15,1515,16.8,2,0,2,2,0,0,2,0,20,8,26,17,5,1,1,3,0,40.0,0.1,0.25,0.46,-0.89,0.53,,,,,,,,,,,,,,,FW,,False,Forward,True,True,True,0.1188118811881188,0.0,0.1188118811881188,0.1188118811881188,0.0,0.0,0.1188118811881188,0.0,1.188118811881188,0.4752475247524752,1.5445544554455446,1.00990099009901,0.297029702970297,0.0594059405940594,0.0594059405940594,0.1782178217821782,0.0,-1.3127396792163948,-1.1734021059287691,-1.246879446784282,-1.7086415235977288,-1.402444859727544,-0.7502868666616815,-0.6303636584040835,-0.9712094579503644,-1.0233164287446066,0.2963507059373508,-0.6667186611223146,-0.26641654293549816
Bamo Meïté,ci CIV,DF,Lorient,fr Ligue 1,23.0,2001.0,25,22,1979,22.0,0,3,3,0,0,0,5,0,8,1,30,25,2,12,13,15,0,12.5,0.0,0.0,1.44,0.09,0.51,,,,,,,,,,,,,,,DF,,False,Defender,True,True,True,0.0,0.136432541687721,0.136432541687721,0.0,0.0,0.0,0.2273875694795351,0.0,0.3638201111672562,0.045477513895907,1.3643254168772108,1.1369378473976754,0.090955027791814,0.5457301667508843,0.5912076806467913,0.6821627084386054,0.0,-0.809444991619996,1.368241304345616,-0.8221765122714052,-0.6401308398309653,-0.8838299517784268,-0.42501375904753524,0.8218791527999418,-0.9433580265584349,-1.33805254676271,0.8283218489886094,0.3744555407085173,0.21358503340950943
Hannibal Mejbri,tn TUN,MF,Burnley,eng Premier League,22.0,2003.0,27,15,1229,13.7,1,4,5,1,0,0,10,0,19,5,23,46,3,30,7,17,0,26.3,0.05,0.2,0.74,-0.81,0.26,,,,,,,,,,,,,,,MF,,False,Midfielder,True,True,False,0.0732302685109845,0.2929210740439381,0.3661513425549227,0.0732302685109845,0.0,0.0,0.7323026851098454,0.0,1.3913751017087064,0.3661513425549227,1.6842961757526445,3.368592351505289,0.2196908055329536,2.196908055329536,0.5126118795768918,1.2449145646867372,0.0,-0.4825116548405884,1.607516040990683,-0.44424113363861983,-0.000412375928789105,-0.2868380114304975,-0.10530329839830056,3.2164325571936283,0.479194002403093,-0.6855687417220913,0.9829242008495934,0.46444761801489753,4.509304553992901
Nuno Mendes,pt POR,DF,Paris Saint-Germain,fr Ligue 1,23.0,2002.0,20,13,1256,14.0,4,5,9,3,1,1,1,0,30,15,12,25,3,44,14,20,0,50.0,0.1,0.2,2.25,1.22,-0.18,,,,,,,,,,,,,,,DF,,False,Defender,True,True,False,0.286624203821656,0.35828025477707,0.6449044585987261,0.214968152866242,0.071656050955414,0.071656050955414,0.071656050955414,0.0,2.1496815286624207,1.0748407643312103,0.8598726114649681,1.7914012738853502,0.214968152866242,3.1528662420382165,1.003184713375796,1.4331210191082802,0.0,4.516819204387346,4.900806295935968,3.3876655736276677,4.8165895059049975,6.830493281173145,1.3309127668574108,2.2893895031163685,0.9816615002436795,-0.2192447430833873,-0.47744052008777754,1.9866622615338487,-1.152915316836377
Brais Méndez,es ESP,"MF,FW",Real Sociedad,es La Liga,28.0,1997.0,29,21,1660,18.4,6,2,8,5,1,2,4,1,36,16,42,35,7,62,8,18,0,44.4,0.14,0.31,1.24,-0.05,0.0,,,,,,,,,,,,,,,MF,FW,True,Midfielder,True,True,True,0.3253012048192771,0.108433734939759,0.4337349397590362,0.2710843373493976,0.0542168674698795,0.108433734939759,0.2168674698795181,0.0542168674698795,1.9518072289156627,0.8674698795180724,2.2771084337349397,1.897590361445783,0.3795180722891566,3.36144578313253,0.4337349397590362,0.9759036144578314,0.0,1.4162914600578096,-0.13323335060630626,1.215392145386919,0.7385060700941475,1.2660986435017973,0.5020759388883856,0.9887271028591615,-0.16227826056020297,-0.8852809828625422,2.17887993943823,1.430406530662438,0.22119213309463798
Antoine Mendy,sn SEN,DF,Nice,fr Ligue 1,21.0,2004.0,25,24,2097,23.3,1,0,1,1,0,0,5,0,17,7,30,22,1,21,19,35,0,41.2,0.06,0.14,0.92,-0.52,0.51,,,,,,,,,,,,,,,DF,,False,Defender,True,True,True,0.0429184549356223,0.0,0.0429184549356223,0.0429184549356223,0.0,0.0,0.2145922746781115,0.0,0.7296137339055794,0.3004291845493562,1.2875536480686696,0.9442060085836912,0.0429184549356223,0.9012875536480688,0.8154506437768241,1.5021459227467813,0.0,-0.01190233184588778,-0.8042256269931214,0.018319698170374123,0.4775558317005214,1.0268459882942316,-0.1855430796870779,0.3897144865283032,1.158601132513355,-0.729074965152996,0.6296002131049436,-0.250033887790994,0.1013099140672647
Batista Mendy,fr FRA,MF,Sevilla,es La Liga,25.0,2000.0,27,19,1617,18.0,1,0,1,1,0,0,6,0,17,5,37,27,0,5,18,23,0,29.4,0.06,0.2,1.15,-0.56,-0.36,,,,,,,,,,,,,,,MF,,False,Midfielder,True,True,True,0.0556586270871985,0.0,0.0556586270871985,0.0556586270871985,0.0,0.0,0.3339517625231911,0.0,0.9461966604823748,0.2782931354359926,2.0593692022263452,1.50278293135436,0.0,0.2782931354359926,1.0018552875695732,1.2801484230055655,0.0,-0.6148755360480426,-1.1563710848352395,-0.591635023717453,-0.5873711636650947,-0.5589967692097837,-1.1059809397232334,0.390825351964278,0.5632111876123751,0.5531696994375133,1.739606830739522,-0.8633126317738823,1.1952633543499918
Nobel Mendy,sn SEN,DF,Rayo Vallecano,es La Liga,20.0,2004.0,24,22,1797,20.0,2,0,2,2,0,0,9,2,11,3,32,12,1,6,23,15,0,27.3,0.18,0.67,1.25,-0.25,-0.36,,,,,,,,,,,,,,,DF,,False,Defender,True,True,True,0.1001669449081803,0.0,0.1001669449081803,0.1001669449081803,0.0,0.0,0.4507512520868113,0.1001669449081803,0.5509181969949917,0.1502504173622704,1.6026711185308848,0.6010016694490818,0.0500834724540901,0.3005008347245409,1.1519198664440735,0.7512520868113522,0.0,1.0519317001399435,-0.8042256269931214,1.1394490339683412,-0.06845046106091336,-0.09863381906962741,-0.5901776310512437,-0.37985627872672567,-0.7662531186394391,0.18467595325234254,1.445273216314521,-0.15688657462416372,2.1735386343742222
Gideon Mensah,gh GHA,DF,Auxerre,fr Ligue 1,27.0,1998.0,30,26,2327,25.9,0,2,2,0,0,0,8,0,1,0,37,34,1,64,23,37,0,0.0,0.0,,1.03,-0.04,1.07,,,,,,,,,,,,,,,DF,,False,Defender,True,True,True,0.0,0.0773528147829823,0.0773528147829823,0.0,0.0,0.0,0.3094112591319295,0.0,0.0386764073914911,0.0,1.4310270734851742,1.3149978513107003,0.0386764073914911,2.475290073055436,0.8895573700042975,1.4310270734851742,0.0,-0.809444991619996,0.42749248133501466,-0.8221765122714052,-1.6336112108721121,-1.2246505919904345,0.8745599206382922,1.2211450065422953,0.9762938438035421,-0.5278230092873818,1.0009772732805966,-0.3051817405412925,0.9333198802837861
Khalis Merah,fr FRA,"MF,FW",Lyon,fr Ligue 1,18.0,2007.0,22,15,1130,12.6,0,1,1,0,0,0,2,0,6,3,11,20,0,13,6,19,0,50.0,0.0,0.0,2.18,0.72,0.53,,,,,,,,,,,,,,,MF,FW,True,Midfielder,True,True,False,0.0,0.079646017699115,0.079646017699115,0.0,0.0,0.0,0.1592920353982301,0.0,0.4778761061946902,0.2389380530973451,0.8761061946902655,1.592920353982301,0.0,1.0353982300884956,0.4778761061946902,1.5132743362831858,0.0,-1.0341415412128914,-0.40486283756973995,-1.0585089693537577,-1.2048423602923835,-0.6809071822812571,-0.7111032951805788,0.5273306928032746,1.1191134920290944,-0.773517883333388,-0.6475404744443857,-0.8633126317738823,-0.25780101375020853
Mikel Merino,es ESP,"MF,FW",Arsenal,eng Premier League,29.0,1996.0,22,10,1036,11.5,4,3,7,4,0,0,1,0,22,8,22,20,3,4,9,13,0,36.4,0.18,0.5,2.23,1.04,-0.17,,,,,,,,,,,,,,,MF,FW,True,Midfielder,True,True,False,0.3474903474903475,0.2606177606177606,0.6081081081081081,0.3474903474903475,0.0,0.0,0.0868725868725868,0.0,1.9111969111969112,0.694980694980695,1.9111969111969112,1.7374517374517373,0.2606177606177606,0.3474903474903475,0.7818532818532818,1.1293436293436292,0.0,1.5834381126541384,1.302714782182178,1.8562986371864152,0.6849621860010138,0.7317781316968169,-1.0698902671099635,0.7462109889912798,0.20360838269413653,-0.003863746820104759,1.4406799793285487,0.7118006375218808,-0.8602874709447256
Quentin Merlin,fr FRA,"DF,MF",Rennes,fr Ligue 1,23.0,2002.0,33,27,2533,28.1,1,5,6,1,0,0,2,0,26,7,22,30,5,156,29,38,0,26.9,0.04,0.14,1.76,0.07,-1.12,,,,,,,,,,,,,,,DF,MF,True,Defender,True,True,True,0.0355309909198578,0.1776549545992893,0.2131859455191472,0.0355309909198578,0.0,0.0,0.0710619818397157,0.0,0.9238057639163048,0.2487169364390051,0.7816818002368733,1.0659297275957362,0.1776549545992893,5.542834583497829,1.0303987366758784,1.3501776549545994,0.0,-0.14918168425864498,2.0246413667687957,-0.12635315921321005,1.0709118394838986,0.6393005840288885,2.9405751264944984,0.6626568852928101,0.7690430454693941,-0.14533950269667123,-0.6798353086860208,1.5015798238050557,-1.1581281065295967
Dayann Methalie,fr FRA,MF,Toulouse,fr Ligue 1,19.0,2006.0,28,23,1961,21.8,2,1,3,2,0,0,9,0,15,7,57,12,1,43,23,31,0,46.7,0.13,0.29,1.11,-0.37,-1.1,,,,,,,,,,,,,,,MF,,False,Midfielder,True,True,True,0.0917899031106578,0.0458949515553289,0.1376848546659867,0.0917899031106578,0.0,0.0,0.4130545639979602,0.0,0.6884242733299337,0.3212646608873024,2.616012238653748,0.5507394186639469,0.0458949515553289,1.9734829168791437,1.055583885772565,1.4227434982151963,0.0,-0.34270540622914797,-0.7233245170585875,-0.2885597902676746,-0.9272388523566225,-0.4258836842719327,-0.22183347766410172,-1.0509623140730624,0.9032374412065475,0.6892076692831087,2.862593787903012,-0.5859341944136223,1.8533513070333008
Karol Mets,ee EST,DF,St Pauli,de Bundesliga,32.0,1993.0,23,22,1932,21.5,1,0,1,1,0,0,3,0,7,1,13,11,1,6,22,22,0,14.3,0.14,1.0,0.78,-1.07,-0.43,,,,,,,,,,,,,,,DF,,False,Defender,True,True,True,0.046583850931677,0.0,0.046583850931677,0.046583850931677,0.0,0.0,0.139751552795031,0.0,0.3260869565217391,0.046583850931677,0.6055900621118012,0.5124223602484472,0.046583850931677,0.2795031055900621,1.0248447204968945,1.0248447204968945,0.0,0.05621078350749115,-0.8042256269931214,0.09010120682611628,-0.7554249330041005,-0.8755387664316543,-0.6043197657562513,-0.578478612404616,-0.06492102769523973,-0.16042256837547073,-1.135643984308449,-0.20238267300401822,-0.5553964073961328
Thomas Meunier,be BEL,DF,Lille,fr Ligue 1,33.0,1991.0,25,21,1909,21.2,2,2,4,2,0,0,3,0,19,5,29,3,2,51,17,18,0,26.3,0.11,0.4,2.08,0.8,0.96,,,,,,,,,,,,,,,DF,,False,Defender,True,True,True,0.0942902042954426,0.0942902042954426,0.1885804085908853,0.0942902042954426,0.0,0.0,0.1414353064431639,0.0,0.8957569408067051,0.2357255107386066,1.3672079622839184,0.1414353064431639,0.0942902042954426,2.4044002095337875,0.8014667365112624,0.8486118386589838,0.0,0.942725733939255,0.6971929366944504,1.0243615215645419,0.9852083340289375,0.5419393686684539,0.8268150434317101,-1.4103468563100732,-0.5166794462152458,-0.7670511223940957,0.8357832393879688,0.4178138059813398,-0.5406219418819791
Georges Mikautadze,ge GEO,FW,Villarreal,es La Liga,24.0,2000.0,32,23,2109,23.4,13,6,19,13,0,0,1,0,65,32,13,45,3,21,5,4,0,49.2,0.2,0.41,1.91,0.6,-0.23,,,,,,,,,,,,,,,FW,,False,Forward,True,True,True,0.5547652916073968,0.2560455192034139,0.8108108108108109,0.5547652916073968,0.0,0.0,0.0426742532005689,0.0,2.7738264580369845,1.3655761024182076,0.5547652916073968,1.9203413940256044,0.1280227596017069,0.8961593172119487,0.2133712660028449,0.1706970128022759,0.0,0.931753393836226,1.4186115400598271,1.3101877693297412,0.3632405036632917,0.8886058379556723,-0.17100751611732687,0.7425166011138623,-0.9941397330019501,-0.26675443465730003,-1.4319529620702063,-1.190834221765359,-1.0253729035835104
William Mikelbrencis,fr FRA,"MF,DF",Hamburger SV,de Bundesliga,21.0,2004.0,26,15,1372,15.2,0,4,4,0,0,0,3,0,12,6,18,5,5,54,6,22,0,50.0,0.0,0.0,1.04,-1.12,-1.28,,,,,,,,,,,,,,,MF,DF,True,Midfielder,True,True,True,0.0,0.2623906705539358,0.2623906705539358,0.0,0.0,0.0,0.1967930029154519,0.0,0.7871720116618076,0.3935860058309038,1.1807580174927117,0.3279883381924198,0.3279883381924198,3.542274052478134,0.3935860058309038,1.4431486880466473,0.0,-1.0341415412128914,1.3194432574680104,-1.0585089693537577,-0.7970419528317622,-0.2018535333477976,0.596389187564503,-1.3882995850479596,0.9518948036159162,-0.9869359607648681,-0.03292751587942377,1.1189727751629623,0.05418458570954574
Nikola Milenković,rs SRB,DF,Nottingham Forest,eng Premier League,27.0,1997.0,38,37,3375,37.5,0,0,0,0,0,0,6,0,16,1,21,20,1,2,29,19,1,6.3,0.0,0.0,1.16,-0.13,-4.13,,,,,,,,,,,,,,,DF,,False,Defender,True,True,True,0.0,0.0,0.0,0.0,0.0,0.0,0.16,0.0,0.4266666666666666,0.0266666666666666,0.5599999999999999,0.5333333333333333,0.0266666666666666,0.0533333333333333,0.7733333333333333,0.5066666666666666,0.0266666666666666,-0.809444991619996,-0.8042256269931214,-0.8221765122714052,-0.44810245806881466,-1.0248034669594532,-0.7566468752722755,-0.5315897135062503,-1.393227616504374,-0.8434531266782237,-1.2536526203409062,-0.46131186548017533,-0.3777219683374795
Lewis Miley,eng ENG,"MF,DF",Newcastle United,eng Premier League,19.0,2006.0,23,15,1496,16.6,1,4,5,1,0,0,0,0,12,4,5,4,2,42,20,18,0,33.3,0.08,0.25,1.3,0.18,0.41,,,,,,,,,,,,,,,MF,DF,True,Midfielder,True,True,True,0.0601604278074866,0.2406417112299465,0.3008021390374331,0.0601604278074866,0.0,0.0,0.0,0.0,0.7219251336898397,0.2406417112299465,0.3008021390374331,0.2406417112299465,0.1203208556149732,2.5267379679144386,1.2032085561497323,1.0828877005347592,0.0,-0.5809643150420624,1.1142286996835165,-0.553873160467458,-0.8830686442692625,-0.6756297529294184,0.06672362349292628,-1.520578506910022,0.09283151745601106,1.0629855292853598,-1.808174684562001,-0.13612130067298664,-1.5830153866876162
Éder Militão,br BRA,DF,Real Madrid,es La Liga,27.0,1998.0,16,14,1139,12.7,2,1,3,2,0,0,2,0,21,9,15,13,0,1,10,16,0,42.9,0.1,0.22,2.06,1.34,0.36,,,,,,,,,,,,,,,DF,,False,Defender,True,True,False,0.1580333625987708,0.0790166812993854,0.2370500438981562,0.1580333625987708,0.0,0.0,0.1580333625987708,0.0,1.659350307287094,0.7111501316944688,1.1852502194907817,1.0272168568920104,0.0,0.0790166812993854,0.7901668129938543,1.2642669007901668,0.0,2.12724852470363,0.4539868567994926,2.272679595360573,3.318376752319064,4.104898506179954,-0.7393489396581294,0.5758506007108417,0.5488179317991697,-0.7977383734005659,0.36479057019824196,-0.807986293660309,-0.3949786593596641
Luis Milla,es ESP,MF,Getafe,es La Liga,30.0,1994.0,37,37,3271,36.3,1,10,11,1,0,0,5,1,27,4,32,43,3,225,42,33,0,14.8,0.04,0.25,1.38,-0.08,1.73,,,,,,,,,,,,,,,MF,,False,Midfielder,True,True,True,0.0275145215530418,0.2751452155304188,0.3026597370834607,0.0275145215530418,0.0,0.0,0.1375726077652094,0.0275145215530418,0.7428920819321309,0.1100580862121675,0.8804646896973403,1.183124426780801,0.0825435646591256,6.190767349434424,1.155609905227759,0.9079792112503822,0.0,-0.8268798076905561,1.439790087313996,-0.8277125248126685,-0.8554241462811664,-1.0801392271899903,1.9777440378698312,-0.0932698423149016,-0.32424795212420054,0.942468261845208,-0.6387475268540938,-0.3644384810583795,-0.43849364913085176
Pere Milla,es ESP,"MF,FW",Espanyol,es La Liga,32.0,1992.0,33,24,1973,21.9,7,1,8,7,0,0,6,1,59,21,24,38,10,36,18,24,0,35.6,0.12,0.33,1.33,0.18,1.18,,,,,,,,,,,,,,,MF,FW,True,Midfielder,True,True,True,0.3193106943740497,0.0456158134820071,0.3649265078560568,0.3193106943740497,0.0,0.0,0.2736948808920426,0.0456158134820071,2.691332995438419,0.9579320831221492,1.0947795235681703,1.7334009123162697,0.4561581348200709,1.6421692853522556,0.8210846426761278,1.0947795235681703,0.0,1.3711660677384137,-0.7259583532538838,1.6199229569804203,1.7135558641098343,1.5463238127399448,-0.39463425175248423,0.7400763642186299,0.12118826139342412,0.0954679844946872,-0.20638289204564075,1.8936012844119774,0.6939621724901903
Lennon Miller,sct SCO,MF,Udinese,it Serie A,18.0,2006.0,24,9,996,11.1,0,2,2,0,0,0,4,0,9,1,14,17,1,32,9,12,0,11.1,0.0,0.0,1.25,0.45,0.75,,,,,,,,,,,,,,,MF,,False,Midfielder,True,True,False,0.0,0.180722891566265,0.180722891566265,0.0,0.0,0.0,0.36144578313253,0.0,0.8132530120481928,0.0903614457831325,1.2650602409638554,1.536144578313253,0.0903614457831325,2.8915662650602405,0.8132530120481928,1.0843373493975903,0.0,-1.0341415412128914,0.5488584722129827,-1.0585089693537577,-0.7626546803313856,-1.1411535975872258,0.25700439119211077,0.44134868463013016,0.0962882895158515,0.07563870982834126,0.1371461062134363,-0.3171890216699967,1.423997146282806
Kim Min-jae,kr KOR,DF,Bayern Munich,de Bundesliga,28.0,1996.0,25,19,1602,17.8,1,1,2,1,0,0,1,0,5,3,9,3,0,1,38,19,0,60.0,0.2,0.33,2.56,2.02,-1.06,,,,,,,,,,,,,,,DF,,False,Defender,True,True,True,0.0561797752808988,0.0561797752808988,0.1123595505617977,0.0561797752808988,0.0,0.0,0.0561797752808988,0.0,0.2808988764044943,0.1685393258426966,0.5056179775280899,0.1685393258426966,0.0,0.0561797752808988,2.134831460674157,1.0674157303370786,0.0,0.2345293888708301,0.09034617016030301,0.27802358341923755,-0.8934976377195458,0.038428147671669466,-0.7547297743708091,-1.3495712233347437,0.04420623550124803,2.85397320671081,-1.3944190066831461,-0.807986293660309,-1.288715290599885
Yerry Mina,co COL,DF,Cagliari,it Serie A,30.0,1994.0,26,26,2150,23.9,2,0,2,2,0,0,5,1,10,3,26,37,3,1,26,18,0,30.0,0.2,0.67,1.35,-0.13,0.58,,,,,,,,,,,,,,,DF,,False,Defender,True,True,True,0.0837209302325581,0.0,0.0837209302325581,0.0837209302325581,0.0,0.0,0.2093023255813953,0.041860465116279,0.4186046511627906,0.1255813953488372,1.0883720930232557,1.5488372093023255,0.1255813953488372,0.041860465116279,1.0883720930232557,0.7534883720930233,0.0,0.7463196200509853,-0.8042256269931214,0.8173774907950239,-0.47273604026991395,-0.28351006132127604,-0.7643739416964233,1.7454855033149148,-0.7605205862557465,0.012098991039927186,0.1140241742723793,0.8246083971879992,0.054892096004789705
Takumi Minamino,jp JPN,MF,Monaco,fr Ligue 1,30.0,1995.0,15,11,944,10.5,3,2,5,3,0,0,4,0,21,7,10,8,3,8,3,3,0,33.3,0.14,0.43,1.53,0.29,0.16,,,,,,,,,,,,,,,MF,,False,Midfielder,True,True,False,0.2860169491525424,0.1906779661016949,0.4766949152542372,0.2860169491525424,0.0,0.0,0.3813559322033898,0.0,2.0021186440677967,0.6673728813559322,0.9533898305084744,0.7627118644067796,0.2860169491525424,0.7627118644067796,0.2860169491525424,0.2860169491525424,0.0,1.1203705255823226,0.6427906088300462,1.3406494101819566,0.8048406553127092,0.6462572850109005,-0.8533262844852738,-0.729948354376908,-1.807353154370356,-1.2592951247513062,-0.49162634393978066,0.8653074391905359,1.589637667166771
Tyrone Mings,eng ENG,DF,Aston Villa,eng Premier League,32.0,1993.0,17,15,1324,14.7,0,0,0,0,0,0,1,0,9,1,10,8,0,4,11,2,0,11.1,0.0,0.0,1.24,-0.48,-1.08,,,,,,,,,,,,,,,DF,,False,Defender,True,True,False,0.0,0.0,0.0,0.0,0.0,0.0,0.0679758308157099,0.0,0.6117824773413897,0.0679758308157099,0.6797583081570997,0.5438066465256798,0.0,0.2719033232628399,0.7477341389728097,0.1359516616314199,0.0,-0.809444991619996,-0.8042256269931214,-0.8221765122714052,0.11752105590068583,-0.7152215534862328,-0.6094382785588492,-0.5081052911690711,-2.3435248745971755,-0.9129729691527847,-0.9436614962990783,-0.807986293660309,-1.18520821526534
Óscar Mingueza,es ESP,MF,Celta Vigo,es La Liga,26.0,1999.0,34,21,1968,21.9,1,4,5,1,0,0,4,0,14,5,15,28,1,68,9,20,0,35.7,0.07,0.2,1.44,0.5,0.87,,,,,,,,,,,,,,,MF,,False,Midfielder,True,True,True,0.0457317073170731,0.1829268292682927,0.2286585365853658,0.0457317073170731,0.0,0.0,0.1829268292682927,0.0,0.6402439024390244,0.2286585365853658,0.6859756097560975,1.2804878048780488,0.0457317073170731,3.1097560975609757,0.4115853658536585,0.9146341463414632,0.0,-0.6896531619692127,0.5696539546160105,-0.6749036999970993,-0.9907636987371238,-0.7127500861625629,0.37080403106983706,0.054178583931546835,-0.3083788721885433,-0.9413625328715051,-1.0311151409115955,-0.5869208047091112,-0.06117367792819454
Yankuba Minteh,gm GAM,MF,Brighton,eng Premier League,21.0,2004.0,34,26,2391,26.6,3,4,7,3,0,0,3,0,41,11,32,22,10,159,15,37,0,26.8,0.07,0.27,1.26,0.23,0.23,,,,,,,,,,,,,,,MF,,False,Midfielder,True,True,True,0.1129234629861982,0.1505646173149309,0.2634880803011292,0.1129234629861982,0.0,0.0,0.1129234629861982,0.0,1.5432873274780428,0.4140526976160602,1.204516938519448,0.8281053952321205,0.3764115432873275,5.984943538268507,0.5646173149309912,1.3927227101631117,0.0,-0.18351026097253959,0.2642969526553743,-0.11128792783066559,0.19988082702656465,-0.1384537714500896,1.8703940512985568,-0.6309155003887854,0.8316511253657771,-0.5538937291007104,0.015004384249146477,1.4116313902397952,-0.6435597772652385
Rafa Mir,es ESP,"FW,MF",Elche,es La Liga,28.0,1997.0,27,21,1803,20.0,8,0,8,7,1,2,4,0,69,36,39,16,7,19,4,7,0,52.2,0.1,0.19,1.22,0.3,1.08,,,,,,,,,,,,,,,FW,MF,True,Forward,True,True,True,0.3993344425956739,0.0,0.3993344425956739,0.3494176372712146,0.0499168053244592,0.0998336106489184,0.1996672212978369,0.0,3.4442595673876872,1.7970049916805324,1.9467554076539104,0.7986688851913478,0.3494176372712146,0.9484193011647254,0.1996672212978369,0.3494176372712146,0.0,0.13152232416761028,-1.1734021059287691,0.1057293518489299,1.23922688937059,1.9987863741534464,-0.1348282422600941,-0.948886854160161,-0.4492365068443379,-0.33409400843181714,0.9986471205417837,-0.504255918410175,0.5395669935973639
Juan Miranda,es ESP,DF,Bologna,it Serie A,25.0,2000.0,32,29,2573,28.6,1,3,4,1,0,0,6,0,13,5,25,35,3,171,33,31,0,38.5,0.08,0.2,1.63,0.21,0.53,,,,,,,,,,,,,,,DF,,False,Defender,True,True,True,0.0349786241741158,0.1049358725223474,0.1399144966964632,0.0349786241741158,0.0,0.0,0.2098717450446949,0.0,0.4547221142635056,0.1748931208705791,0.8744656043528954,1.2242518460940537,0.1049358725223474,5.981344733773805,1.154294597745822,1.0843373493975903,0.0,-0.15944617407382236,0.8667079358204663,-0.13717046746129596,-0.36237871141599515,0.08604518527261186,3.2359151404073856,1.0176642671830496,0.08758340658221428,0.1911250212851849,-0.43966695482891643,0.5562105914247517,0.059888591919104055
Tyrick Mitchell,eng ENG,MF,Crystal Palace,eng Premier League,25.0,1999.0,38,36,3251,36.1,1,2,3,1,0,0,6,0,19,7,24,28,5,104,33,65,0,36.8,0.05,0.14,1.18,-0.25,0.28,,,,,,,,,,,,,,,MF,,False,Midfielder,True,True,True,0.027683789603199,0.055367579206398,0.083051368809597,0.027683789603199,0.0,0.0,0.166102737619194,0.0,0.5259920024607814,0.1937865272223931,0.6644109504767763,0.7751461088895725,0.138418948015995,2.879114118732698,0.9135650569055674,1.799446324207936,0.0,-0.8256047431964163,-0.6339445579758027,-0.8262926758767031,-1.1414025224031261,-0.8207732641981343,0.2505098183170235,-0.711117765130917,1.8015072478765444,0.32962350358567566,-1.0746202770968583,-0.026740629830680342,-0.20114004855848375
Kaoru Mitoma,jp JPN,"MF,FW",Brighton,eng Premier League,28.0,1997.0,25,19,1721,19.1,3,1,4,3,0,0,5,0,32,13,31,21,4,46,8,12,0,40.6,0.09,0.23,1.4,0.21,0.1,,,,,,,,,,,,,,,MF,FW,True,Midfielder,True,True,True,0.1568855316676351,0.052295177222545,0.2091807088901801,0.1568855316676351,0.0,0.0,0.2614758861127251,0.0,1.673445671121441,0.6798373038930854,1.621150493898896,1.0981987216734457,0.2091807088901801,2.4055781522370716,0.4183614177803602,0.6275421266705404,0.0,0.14764776213090997,-0.6629345250386013,0.25747331436600657,0.37149197555442753,0.6848683819748498,0.0035312041500606965,-0.2218824871374981,-0.992966497265901,-0.9242059276648295,0.8555323671565422,0.4009270327548106,0.5923074509347986
Maximilian Mittelstädt,de GER,"DF,MF",Stuttgart,de Bundesliga,28.0,1997.0,32,24,2186,24.3,6,4,10,2,4,4,4,0,31,16,11,26,2,122,35,42,0,51.6,0.06,0.13,1.75,0.82,0.62,,,,,,,,,,,,,,,DF,MF,True,Defender,True,True,True,0.2470265324794144,0.1646843549862763,0.4117108874656908,0.0823421774931381,0.1646843549862763,0.1646843549862763,0.1646843549862763,0.0,1.2763037511436413,0.6587374199451053,0.4528819762122598,1.070448307410796,0.0823421774931381,5.022872827081427,1.4409881061299177,1.729185727355901,0.0,3.7809858159178957,1.8181056063825194,0.7903766014490075,2.147973541971567,3.7121036402479093,2.590376819163316,0.6727889452047263,1.7405988959366574,0.9696998178450686,-1.5309247120236096,0.26248597999747103,-0.33661806856120435
Henrikh Mkhitaryan,am ARM,MF,Inter,it Serie A,36.0,1989.0,30,16,1560,17.3,4,1,5,4,0,0,5,0,43,14,28,17,3,42,15,27,0,32.6,0.09,0.29,2.27,1.85,0.78,,,,,,,,,,,,,,,MF,,False,Midfielder,True,True,True,0.2307692307692307,0.0576923076923076,0.2884615384615384,0.2307692307692307,0.0,0.0,0.2884615384615384,0.0,2.480769230769231,0.8076923076923076,1.6153846153846152,0.9807692307692308,0.173076923076923,2.4230769230769234,0.8653846153846154,1.5576923076923077,0.0,0.7041998186629046,-0.6120093416236924,0.8772222360152281,1.4359317911404421,1.0809253941872563,0.012657907246417287,-0.3997193079948626,1.2250307292709366,0.20763317311005608,0.8439001254066338,0.18272412911740607,0.8168119232791632
Luka Modrić,hr CRO,MF,Milan,it Serie A,39.0,1985.0,34,32,2811,31.2,2,3,5,2,0,0,4,0,20,8,23,33,0,111,35,27,0,40.0,0.1,0.25,1.94,0.61,0.76,,,,,,,,,,,,,,,MF,,False,Midfielder,True,True,True,0.064034151547492,0.096051227321238,0.16008537886873,0.064034151547492,0.0,0.0,0.128068303094984,0.0,0.64034151547492,0.256136606189968,0.736392742796158,1.056563500533618,0.0,3.553895410885806,1.1205976520811098,0.8644610458911419,0.0,-0.5517842802014643,-0.2500697834371446,-0.5213797127945938,-0.9906349979198543,-0.6276311481032182,0.6024504525947082,-0.2849354332602044,-0.42801954948575344,0.8538190880887074,-0.9294022313511999,-0.8633126317738823,-0.5175637741516712
Mostafa Mohamed,eg EGY,FW,Nantes,fr Ligue 1,27.0,1997.0,24,13,1152,12.8,4,0,4,4,0,0,1,0,35,8,18,27,4,9,7,7,0,22.9,0.11,0.5,0.5,-1.33,-1.05,,,,,,,,,,,,,,,FW,,False,Forward,True,True,False,0.3125,0.0,0.3125,0.3125,0.0,0.0,0.078125,0.0,2.734375,0.625,1.40625,2.109375,0.3125,0.703125,0.546875,0.546875,0.0,-0.3155422021103954,-1.1734021059287691,-0.11080956654563441,0.311693317740194,-1.0170921691566692,-0.30464401766248234,1.027566017757135,0.15279336127638835,1.3720317619005178,0.05485271183786247,-0.6187429789436609,-0.6719921839011213
Johan Mojica,co COL,DF,Mallorca,es La Liga,32.0,1992.0,35,30,2724,30.3,0,4,4,0,0,0,6,1,17,2,29,30,2,133,24,30,0,11.8,0.0,0.0,1.11,-0.23,0.16,,,,,,,,,,,,,,,DF,,False,Defender,True,True,True,0.0,0.13215859030837,0.13215859030837,0.0,0.0,0.0,0.198237885462555,0.0330396475770925,0.5616740088105727,0.066079295154185,0.9581497797356828,0.9911894273127754,0.066079295154185,4.394273127753304,0.7929515418502203,0.9911894273127754,0.0,-0.809444991619996,1.3001855610241873,-0.8221765122714052,-0.035585952877905204,-0.729434698466526,2.1670100080909487,0.4950659095225722,-0.15119358855405063,-0.7901758732412846,-0.2230527424989152,0.0510637761693193,-0.04219525947057647
Alberto Moleiro,es ESP,MF,Villarreal,es La Liga,21.0,2003.0,37,30,2478,27.5,10,5,15,10,0,0,4,0,46,20,33,27,3,31,14,21,0,43.5,0.22,0.5,1.95,0.84,0.55,,,,,,,,,,,,,,,MF,,False,Midfielder,True,True,True,0.3631961259079903,0.1815980629539951,0.5447941888619855,0.3631961259079903,0.0,0.0,0.1452784503631961,0.0,1.6707021791767551,0.7263922518159805,1.198547215496368,0.9806295399515738,0.1089588377723971,1.12590799031477,0.5084745762711864,0.7627118644067796,0.0,1.7017467975746814,0.5571162424650322,1.9880413538661963,0.3678747368094848,0.8290818505927923,-0.6638967961374362,-0.3999308576722376,-0.6706463929131242,-0.6960441749395596,0.0029609009859331847,-0.2047906999779135,-0.37438565188594525
Nahuel Molina,ar ARG,"DF,MF",Atlético Madrid,es La Liga,27.0,1998.0,26,13,1331,14.8,2,2,4,2,0,0,4,0,14,4,14,5,5,49,14,24,0,28.6,0.14,0.5,1.88,0.14,-0.55,,,,,,,,,,,,,,,DF,MF,True,Defender,True,True,False,0.135236664162284,0.135236664162284,0.270473328324568,0.135236664162284,0.0,0.0,0.270473328324568,0.0,0.946656649135988,0.270473328324568,0.946656649135988,0.33809166040571,0.33809166040571,3.313298271975958,0.946656649135988,1.622839969947408,0.0,1.7036233142347084,1.3491988944791369,1.82623904489826,1.140732985220511,0.8023487978805307,1.4389649930694275,-0.9693822076904576,1.4679903413800797,-0.37275825081328234,-0.2528023985201514,3.5873036954755073,0.5916504700682287
Jon Moncayola,es ESP,MF,Osasuna,es La Liga,27.0,1998.0,36,35,3016,33.5,0,4,4,0,0,0,9,0,23,5,41,13,0,142,27,26,0,21.7,0.0,0.0,1.0,-0.33,-1.44,,,,,,,,,,,,,,,MF,,False,Midfielder,True,True,True,0.0,0.1193633952254641,0.1193633952254641,0.0,0.0,0.0,0.2685676392572944,0.0,0.6863395225464191,0.1492042440318302,1.223474801061008,0.3879310344827586,0.0,4.237400530503979,0.8057029177718833,0.7758620689655172,0.0,-1.0341415412128914,-0.030105409225140982,-1.0585089693537577,-0.9299875541788699,-0.9588760005274038,0.9589411083491104,-1.2975215491405436,-0.6392889650108556,0.05652227031857566,0.053250497065913144,-0.8633126317738823,0.6513065915573165
Álvaro Morata,es ESP,FW,Como,it Serie A,32.0,1992.0,26,9,930,10.3,0,1,1,0,0,1,4,1,23,8,16,33,9,9,1,11,0,34.8,0.0,0.0,1.73,0.77,-0.24,,,,,,,,,,,,,,,FW,,False,Forward,True,True,False,0.0,0.0967741935483871,0.0967741935483871,0.0,0.0,0.0967741935483871,0.3870967741935484,0.0967741935483871,2.225806451612903,0.7741935483870968,1.5483870967741935,3.193548387096774,0.8709677419354839,0.8709677419354839,0.0967741935483871,1.064516129032258,0.0,-1.9244390900929182,-0.1937324322029715,-1.9437657630968073,-0.3528011983756267,-0.633177745092857,-0.18844749278562994,2.6624234281054098,1.731034943856402,-0.8396945652138208,0.3030430080037578,1.1131481956527172,2.4079053579981338
Morato,br BRA,DF,Nottingham Forest,eng Premier League,24.0,2001.0,21,14,1345,14.9,1,0,1,1,0,0,5,0,5,2,16,7,1,2,11,18,0,40.0,0.2,0.5,1.29,-0.67,-0.97,,,,,,,,,,,,,,,DF,,False,Defender,True,True,False,0.0669144981412639,0.0,0.0669144981412639,0.0669144981412639,0.0,0.0,0.3345724907063196,0.0,0.3345724907063196,0.1338289962825278,1.070631970260223,0.4684014869888475,0.0669144981412639,0.1338289962825278,0.7360594795539034,1.204460966542751,0.0,0.434009995403279,-0.8042256269931214,0.48824769092295256,-0.7294972845450263,-0.22170033625874186,-0.7024324170655947,-0.6771870879647042,0.39551036517506183,-0.9446778920623164,0.06810434891263445,0.06192165809281638,1.1541026228195972
Afonso Moreira,pt POR,"MF,FW",Lyon,fr Ligue 1,20.0,2005.0,27,18,1722,19.1,4,7,11,4,0,0,3,0,40,14,27,57,4,119,12,22,0,35.0,0.1,0.29,1.93,0.63,0.56,,,,,,,,,,,,,,,MF,FW,True,Midfielder,True,True,True,0.2090592334494773,0.3658536585365854,0.5749128919860628,0.2090592334494773,0.0,0.0,0.156794425087108,0.0,2.0905923344947737,0.7317073170731708,1.411149825783972,2.979094076655052,0.2090592334494773,6.219512195121951,0.627177700348432,1.1498257839721255,0.0,0.5406624781867845,2.2956789940672606,0.6951151191338254,0.9214914300818625,0.8455463518084229,1.9927362721554065,2.6265710633266908,0.25244927214018226,-0.395494140993222,0.43187124888899137,0.40019286337935833,-0.2785796363223979
Diego Moreira,be BEL,MF,Strasbourg,fr Ligue 1,20.0,2004.0,27,23,2034,22.6,4,6,10,4,0,0,4,0,29,11,17,27,8,89,20,25,0,37.9,0.14,0.36,1.52,0.53,0.62,,,,,,,,,,,,,,,MF,,False,Midfielder,True,True,True,0.1769911504424778,0.2654867256637168,0.4424778761061946,0.1769911504424778,0.0,0.0,0.1769911504424778,0.0,1.2831858407079646,0.4867256637168142,0.7522123893805309,1.1946902654867255,0.3539823008849557,3.938053097345133,0.8849557522123893,1.106194690265487,0.0,0.29909961975379556,1.3486564060497601,0.4261226335841073,-0.1430577324922194,0.08666559789174007,0.802812705382929,-0.07575437860835793,0.148408390563631,0.2571862567688156,-0.8974872416385715,1.2760742538248204,-0.11055497231271945
Alberto Moreno,es ESP,DF,Como,it Serie A,33.0,1992.0,19,13,1233,13.7,2,1,3,2,0,0,4,0,11,4,17,12,3,34,7,12,0,36.4,0.18,0.5,2.05,1.31,0.57,,,,,,,,,,,,,,,DF,,False,Defender,True,True,False,0.145985401459854,0.072992700729927,0.218978102189781,0.145985401459854,0.0,0.0,0.291970802919708,0.0,0.8029197080291971,0.291970802919708,1.2408759124087592,0.8759124087591241,0.218978102189781,2.4817518248175183,0.510948905109489,0.8759124087591241,0.0,1.9033643474656579,0.3580647371916213,2.036737604997714,0.7015430887998937,0.9634566163779794,0.8789119609596256,0.23657901623811167,-0.4466966924606008,-1.556011649458483,0.508776163670632,2.038792769862694,0.7802847737856923
Álex Moreno,es ESP,DF,Girona,es La Liga,32.0,1993.0,31,28,2559,28.4,0,3,3,0,0,0,5,0,17,5,32,20,9,66,29,28,0,29.4,0.0,0.0,1.13,-0.42,0.0,,,,,,,,,,,,,,,DF,,False,Defender,True,True,True,0.0,0.1055099648300117,0.1055099648300117,0.0,0.0,0.0,0.1758499413833528,0.0,0.5978898007033998,0.1758499413833528,1.1254396248534584,0.7033997655334114,0.3165298944900352,2.321219226260258,1.0199296600234466,0.984759671746776,0.0,-0.809444991619996,0.8758494246361722,-0.8221765122714052,0.07507182074470245,0.09321585384693046,0.770792000996248,-0.15024793122454547,-0.16767573522085513,-0.1737704192904182,0.20997247242658604,3.3069944628741146,-0.23864318289319808
Gerard Moreno,es ESP,FW,Villarreal,es La Liga,33.0,1992.0,22,16,1343,14.9,10,0,10,7,3,3,0,0,39,16,14,16,6,11,3,8,0,41.0,0.18,0.44,1.95,1.07,0.64,,,,,,,,,,,,,,,FW,,False,Forward,True,True,False,0.6701414743112435,0.0,0.6701414743112435,0.4690990320178704,0.201042442293373,0.201042442293373,0.0,0.0,2.61355174981385,1.0722263588979897,0.9381980640357408,1.0722263588979897,0.402084884586746,0.7371556217423678,0.201042442293373,0.5361131794489948,0.0,1.5257642139946959,-1.1734021059287691,0.8077157650097929,0.15382593206994097,0.1337394308599368,-0.28108482207104146,-0.5363813745310647,0.11998153133232287,-0.3273363833890933,-0.7624282882977848,-0.34092698467457,-1.4507590990632495
Matias Moreno,ar ARG,DF,Levante,es La Liga,21.0,2003.0,28,27,2252,25.0,0,0,0,0,0,0,8,0,10,0,23,23,2,3,38,25,0,0.0,0.0,,1.29,0.04,1.2,,,,,,,,,,,,,,,DF,,False,Defender,True,True,True,0.0,0.0,0.0,0.0,0.0,0.0,0.3197158081705151,0.0,0.3996447602131438,0.0,0.919182948490231,0.919182948490231,0.0799289520426287,0.1198934280639431,1.5186500888099466,0.9991119005328596,0.0,-0.809444991619996,-0.8042256269931214,-0.8221765122714052,-0.5306682077294603,-1.2246505919904345,-0.7118181311909589,0.33360501089141764,-0.1308849836254644,1.1806067989844262,-0.3239173255412879,0.23111334675528,1.0237394048848518
Tete Morente,es ESP,MF,Elche,es La Liga,28.0,1996.0,13,11,929,10.3,1,1,2,1,0,0,1,0,8,1,20,10,2,46,11,11,0,12.5,0.13,1.0,1.46,-0.39,-0.24,,,,,,,,,,,,,,,MF,,False,Midfielder,True,True,False,0.0968783638320775,0.0968783638320775,0.193756727664155,0.0968783638320775,0.0,0.0,0.0968783638320775,0.0,0.77502691065662,0.0968783638320775,1.9375672766415504,0.9687836383207752,0.193756727664155,4.456404736275565,1.0656620021528525,1.0656620021528525,0.0,-0.30437498539850966,-0.24226525123995976,-0.24587692404277306,-0.8130550233283985,-1.1209661116492373,1.073165494805936,-0.4178704524877226,0.05175583740372147,0.7147249270954595,1.4938802791832417,0.3077080693315434,-0.7770453966880088
Stefano Moreo,it ITA,"FW,MF",Pisa,it Serie A,32.0,1993.0,37,29,2307,25.6,7,1,8,5,2,2,2,0,52,20,22,20,5,28,21,11,0,38.5,0.1,0.25,0.49,-1.17,0.04,,,,,,,,,,,,,,,FW,MF,True,Forward,True,True,True,0.2730819245773732,0.0390117035110533,0.3120936280884265,0.1950585175552665,0.0780234070221066,0.0780234070221066,0.0780234070221066,0.0,2.0286085825747726,0.7802340702210663,0.8582574772431729,0.7802340702210663,0.1950585175552665,1.092327698309493,0.8192457737321196,0.4291287386215864,0.0,-0.5184849825191143,-0.7784767498104374,-0.7996578640791706,-0.6104594884549901,-0.6176338862195744,-0.035201320916974706,-0.9766852618883467,-0.20620447617938867,2.710419968198016,-0.90201519672636,-0.9829464086218722,-0.6730048847010723
Ilaix Moriba,gn GUI,MF,Celta Vigo,es La Liga,22.0,2003.0,36,26,2495,27.7,2,3,5,2,0,0,8,0,18,5,40,58,0,2,24,42,0,27.8,0.11,0.4,1.5,0.36,0.85,,,,,,,,,,,,,,,MF,,False,Midfielder,True,True,True,0.0721442885771543,0.1082164328657314,0.1803607214428857,0.0721442885771543,0.0,0.0,0.2885771543086172,0.0,0.6492985971943888,0.1803607214428857,1.442885771543086,2.092184368737475,0.0,0.0721442885771543,0.8657314629258517,1.5150300601202404,0.0,-0.4906921381254681,-0.1352837268272061,-0.4533505163726718,-0.9788252664934364,-0.8623624422949568,-1.2135004527310878,1.2834229186051123,1.123300117673648,0.20851137274551745,0.49589621790588306,-0.8633126317738823,0.8177737779124167
Manu Morlanes,es ESP,MF,Mallorca,es La Liga,26.0,1999.0,32,22,1765,19.6,3,0,3,3,0,0,5,1,13,4,28,12,0,11,19,30,0,30.8,0.23,0.75,1.16,-0.15,0.23,,,,,,,,,,,,,,,MF,,False,Midfielder,True,True,True,0.1529745042492918,0.0,0.1529745042492918,0.1529745042492918,0.0,0.0,0.254957507082153,0.0509915014164305,0.6628895184135978,0.2039660056657223,1.4277620396600568,0.6118980169971672,0.0,0.5609065155807366,0.9688385269121812,1.529745042492918,0.0,0.11818672567361403,-1.1563710848352395,0.22466695715146287,-0.9609059112320462,-0.7892402486856818,-0.9585803916936161,-0.9583428995467407,1.158388849318343,0.4695730071556842,0.46538518563413644,-0.8633126317738823,0.5380784396852886
Nikola Moro,hr CRO,MF,Bologna,it Serie A,27.0,1998.0,30,19,1799,20.0,2,0,2,2,0,0,1,0,21,2,18,17,1,49,19,8,0,9.5,0.1,1.0,1.7,0.5,0.89,,,,,,,,,,,,,,,MF,,False,Midfielder,True,True,True,0.1000555864369093,0.0,0.1000555864369093,0.1000555864369093,0.0,0.0,0.0500277932184546,0.0,1.050583657587549,0.1000555864369093,0.9005002779321845,0.8504724847137298,0.0500277932184546,2.4513618677042803,0.9505280711506392,0.4002223457476375,0.0,-0.28044156305662676,-1.1563710848352395,-0.21922584529160755,-0.44973901528993177,-1.1111240150975883,0.027410274373990965,-0.5970424753538208,-1.5350237412585903,0.42321190130034736,-0.598327180609876,-0.5609562584200918,-1.1668140966878198
Tyler Morton,eng ENG,MF,Lyon,fr Ligue 1,22.0,2002.0,29,29,2517,28.0,2,2,4,2,0,0,6,1,28,8,29,19,0,83,24,29,0,28.6,0.07,0.25,1.83,0.61,1.27,,,,,,,,,,,,,,,MF,,False,Midfielder,True,True,True,0.0715137067938021,0.0715137067938021,0.1430274135876043,0.0715137067938021,0.0,0.0,0.2145411203814064,0.035756853396901,1.00119189511323,0.2860548271752086,1.036948748510131,0.6793802145411204,0.0,2.967818831942789,0.8581644815256257,1.036948748510131,0.0,-0.4954421925028713,-0.4815960992094831,-0.45863994266015073,-0.5148610570182433,-0.5349533422917807,0.2967748724814121,-0.8561469402244427,-0.016712586560294958,0.18935217593087214,-0.3230522867256616,-0.8633126317738823,0.2018382979599053
Cristhian Mosquera,es ESP,DF,Arsenal,eng Premier League,21.0,2004.0,20,9,994,11.0,0,0,0,0,0,0,4,0,1,0,17,7,1,3,8,21,0,0.0,0.0,,2.15,0.81,-0.48,,,,,,,,,,,,,,,DF,,False,Defender,True,True,False,0.0,0.0,0.0,0.0,0.0,0.0,0.3621730382293763,0.0,0.090543259557344,0.0,1.539235412474849,0.6338028169014085,0.090543259557344,0.2716297786720322,0.7243460764587526,1.9014084507042253,0.0,-0.809444991619996,-0.8042256269931214,-0.8221765122714052,-1.475131440431887,-1.2246505919904345,-0.6096225129789741,-0.3063059145041175,2.18207760479989,-0.9764880313404364,1.2810716162142468,0.36910243381248126,1.3962896779172034
Yerson Mosquera,co COL,DF,Wolves,eng Premier League,24.0,2001.0,27,24,2136,23.7,0,0,0,0,0,0,12,0,30,6,34,44,1,18,25,36,2,20.0,0.0,0.0,0.7,-0.8,0.74,,,,,,,,,,,,,,,DF,,False,Defender,True,True,True,0.0,0.0,0.0,0.0,0.0,0.0,0.5056179775280899,0.0,1.2640449438202246,0.2528089887640449,1.4325842696629214,1.8539325842696628,0.0421348314606741,0.7584269662921348,1.053370786516854,1.5168539325842696,0.0842696629213483,-0.809444991619996,-0.8042256269931214,-0.8221765122714052,2.110516613521896,0.6699675175027214,-0.2817608019695632,2.4296041300823195,1.196303899411712,-0.08295420791860064,1.0050080332414024,-0.26022122104422635,2.6549787451681026
Mason Mount,eng ENG,MF,Manchester Utd,eng Premier League,26.0,1999.0,23,12,1017,11.3,3,0,3,3,0,0,2,0,19,5,17,12,0,22,9,13,0,26.3,0.16,0.6,1.87,0.35,-0.21,,,,,,,,,,,,,,,MF,,False,Midfielder,True,True,False,0.2654867256637168,0.0,0.2654867256637168,0.2654867256637168,0.0,0.0,0.1769911504424778,0.0,1.68141592920354,0.4424778761061946,1.5044247787610618,1.0619469026548671,0.0,1.9469026548672568,0.7964601769911505,1.1504424778761062,0.0,0.9657202002371398,-1.1563710848352395,1.1684384350530406,0.3820005999364333,-0.05040096999629549,-0.23569674622313572,-0.27678273574556866,0.2539198146359637,0.03312013935529332,0.6200467020404128,-0.8633126317738823,-0.11055497231271945
Samir El Mourabet,ma MAR,MF,Strasbourg,fr Ligue 1,19.0,2005.0,33,25,2128,23.6,1,2,3,1,0,0,4,0,12,1,23,26,3,18,27,37,0,8.3,0.08,1.0,1.58,0.55,0.74,,,,,,,,,,,,,,,MF,,False,Midfielder,True,True,True,0.0422932330827067,0.0845864661654135,0.1268796992481203,0.0422932330827067,0.0,0.0,0.169172932330827,0.0,0.5075187969924811,0.0422932330827067,0.9727443609022556,1.099624060150376,0.1268796992481203,0.7612781954887218,1.1419172932330826,1.5648496240601504,0.0,-0.7155545438672336,-0.3582467244874814,-0.7037462014524871,-1.1657590708860401,-1.2900547132167488,-0.8540740324655942,-0.21972393512955563,1.2420977665916015,0.907799292247272,-0.45257998249827663,-0.09648117172199766,-0.17559786655672321
Santiago Mouriño,uy URU,DF,Villarreal,es La Liga,23.0,2002.0,28,27,2377,26.4,1,2,3,1,0,0,11,1,15,3,54,36,1,6,29,64,0,20.0,0.07,0.33,1.89,0.76,0.24,,,,,,,,,,,,,,,DF,,False,Defender,True,True,True,0.0378628523348758,0.0757257046697517,0.1135885570046276,0.0378628523348758,0.0,0.0,0.4164913756836348,0.0378628523348758,0.5679427850231384,0.1135885570046276,2.044594026083298,1.3630626840555322,0.0378628523348758,0.2271771140092553,1.0980227177114008,2.423222549432057,0.0,-0.10584930060346182,0.40158339197178083,-0.08068700730867577,-0.016431634201850592,-0.3733875962232114,-0.6395617301024703,1.3289212957656886,3.5197048940111215,0.03830723410618431,2.589178645174606,-0.3157581930679862,1.872917838096106
Louis Mouton,fr FRA,MF,Angers,fr Ligue 1,23.0,2002.0,32,24,1891,21.0,2,1,3,2,0,0,2,1,36,8,20,16,4,31,12,26,0,22.2,0.06,0.25,1.09,-0.62,-0.16,,,,,,,,,,,,,,,MF,,False,Midfielder,True,True,True,0.0951877313590692,0.0475938656795346,0.1427815970386039,0.0951877313590692,0.0,0.0,0.0951877313590692,0.0475938656795346,1.713379164463247,0.3807509254362771,0.9518773135906928,0.7615018508725542,0.1903754627181385,1.475409836065574,0.5711263881544156,1.2374405076679005,0.0,-0.31711020292462044,-0.7072942369187857,-0.2600582341936264,0.42414348036992155,-0.24161281880043953,-0.4816097311207466,-0.7317808153580815,0.4613716785708837,-0.5374130998547072,-0.49467773713075486,0.2872724886142088,-0.791110446751461
Tarik Muharemovic,ba BIH,DF,Sassuolo,it Serie A,22.0,2003.0,32,32,2835,31.5,2,2,4,2,0,0,7,0,20,7,24,20,0,2,45,24,2,35.0,0.1,0.29,1.22,-0.29,-1.05,,,,,,,,,,,,,,,DF,,False,Defender,True,True,True,0.0634920634920635,0.0634920634920635,0.126984126984127,0.0634920634920635,0.0,0.0,0.2222222222222222,0.0,0.6349206349206349,0.2222222222222222,0.761904761904762,0.6349206349206349,0.0,0.0634920634920635,1.4285714285714284,0.761904761904762,0.0634920634920635,0.37041176855376484,0.20678249931360743,0.42122423079484694,0.18821996567533184,0.4407421166010806,-0.7498048911026309,-0.3037994191881171,-0.7389458669902693,0.935979793075276,-0.7310276346058826,-0.807986293660309,0.1682605615032883
Miro Muheim,ch SUI,"MF,DF",Hamburger SV,de Bundesliga,27.0,1998.0,29,27,2435,27.1,0,4,4,0,0,0,7,1,24,7,39,50,1,148,27,35,0,29.2,0.0,0.0,1.1,-0.33,0.39,,,,,,,,,,,,,,,MF,DF,True,Midfielder,True,True,True,0.0,0.1478439425051334,0.1478439425051334,0.0,0.0,0.0,0.2587268993839836,0.0369609856262833,0.8870636550308009,0.2587268993839836,1.4414784394250513,1.848049281314168,0.0369609856262833,5.470225872689939,0.997946611909651,1.2936344969199178,0.0,-1.0341415412128914,0.23862574376437376,-1.0585089693537577,-0.6653368376079937,-0.6196071853900577,1.601936606191221,0.9137014161717119,0.5953695155353411,0.5432731393308863,0.493057027420193,-0.639929011378207,0.5694375270567155
Ngal'Ayel Mukau,cd COD,MF,Lille,fr Ligue 1,20.0,2004.0,30,19,1534,17.0,1,0,1,1,0,0,3,0,20,5,27,23,4,5,14,18,0,25.0,0.05,0.2,1.8,0.18,-0.53,,,,,,,,,,,,,,,MF,,False,Midfielder,True,True,True,0.0586701434159061,0.0,0.0586701434159061,0.0586701434159061,0.0,0.0,0.1760104302477184,0.0,1.1734028683181226,0.2933507170795306,1.5840938722294653,1.349413298565841,0.2346805736636245,0.2933507170795306,0.8213820078226858,1.0560625814863105,0.0,-0.5921903480241297,-1.1563710848352395,-0.5663739171413037,-0.2878043653491983,-0.5123528317832197,-1.0981274694270946,0.1585602905972047,0.028865460291326757,0.09622089732311706,0.7807733203562864,0.5550422982482043,-0.1187139772163605
Nordi Mukiele,fr FRA,DF,Sunderland,eng Premier League,27.0,1997.0,32,32,2784,30.9,3,3,6,3,0,0,5,0,26,4,35,26,3,85,37,45,1,15.4,0.12,0.75,1.38,-0.19,-0.19,,,,,,,,,,,,,,,DF,,False,Defender,True,True,True,0.0969827586206896,0.0969827586206896,0.1939655172413793,0.0969827586206896,0.0,0.0,0.1616379310344827,0.0,0.8405172413793104,0.1293103448275862,1.1314655172413792,0.8405172413793104,0.0969827586206896,2.747844827586207,1.1961206896551724,1.454741379310345,0.0323275862068965,0.9927607815980048,0.7400674969721663,1.077091325332486,0.8164227895265068,-0.25556431759450987,1.0581276782933455,0.15721205335093918,1.0370835056654657,0.30471231938190013,0.22557033100885873,0.4528177958956755,-0.3633495833924721
Marshall Munetsi,zw ZIM,MF,Paris FC,fr Ligue 1,29.0,1996.0,15,11,975,10.8,4,1,5,4,0,0,0,0,19,9,12,9,1,0,3,8,0,47.4,0.21,0.44,1.67,0.65,1.08,,,,,,,,,,,,,,,MF,,False,Midfielder,True,True,False,0.3692307692307692,0.0923076923076923,0.4615384615384615,0.3692307692307692,0.0,0.0,0.0,0.0,1.7538461538461538,0.8307692307692308,1.1076923076923078,0.8307692307692308,0.0923076923076923,0.0,0.2769230769230769,0.7384615384615385,0.0,1.7472046345883827,-0.2853922956967627,2.03866095923662,0.4774983889456786,1.1524108811319398,-1.2511282100157324,-0.6268813515599108,-0.7284727061113586,-1.2823203284139406,-0.180332286535254,-0.3054263592985283,-1.5830153866876162
Rodrigo Muniz,br BRA,FW,Fulham,eng Premier League,24.0,2001.0,21,10,1000,11.1,1,1,2,1,0,0,2,0,32,5,21,18,5,2,2,3,1,15.6,0.03,0.2,1.38,-0.18,-0.11,,,,,,,,,,,,,,,FW,,False,Forward,True,True,False,0.09,0.09,0.18,0.09,0.0,0.0,0.18,0.0,2.88,0.45,1.89,1.62,0.45,0.18,0.18,0.27,0.09,-1.4610767863539518,-0.26230930936377733,-1.4158743784900694,0.5019666136729816,-1.4674134125180058,-0.6668003216840667,0.2896228486007674,-0.6913737917351533,-0.4307357173603834,0.8995446219377904,-0.1923351157397873,0.3435198734702938
Daniel Muñoz,co COL,MF,Crystal Palace,eng Premier League,29.0,1996.0,29,29,2399,26.7,4,3,7,4,0,0,7,0,26,12,34,18,8,62,24,48,0,46.2,0.15,0.33,1.34,-0.08,0.63,,,,,,,,,,,,,,,MF,,False,Midfielder,True,True,True,0.1500625260525218,0.1125468945393914,0.2626094205919133,0.1500625260525218,0.0,0.0,0.2626094205919133,0.0,0.9754064193413922,0.4501875781575656,1.275531471446436,0.6752813672363485,0.3001250521050437,2.325969153814089,0.9003751563151313,1.8007503126302626,0.0,0.0962513397401061,-0.09442320729041064,0.20024079320381508,-0.5488586862802295,-0.02651859176486614,-0.03798986604706387,-0.8623542904245299,1.80461668414089,0.296227372683302,0.1582710543181711,0.9505735396757887,0.6017377792012738
Iker Muñoz,es ESP,MF,Osasuna,es La Liga,22.0,2002.0,19,8,952,10.6,0,0,0,0,0,0,5,0,9,4,18,21,1,6,12,7,0,44.4,0.0,0.0,1.32,0.0,0.22,,,,,,,,,,,,,,,MF,,False,Midfielder,True,True,False,0.0,0.0,0.0,0.0,0.0,0.0,0.4726890756302521,0.0,0.8508403361344538,0.3781512605042016,1.7016806722689075,1.9852941176470589,0.0945378151260504,0.5672268907563025,1.134453781512605,0.6617647058823529,0.0,-1.0341415412128914,-1.1563710848352395,-1.0585089693537577,-0.713096552316137,-0.2496658123881449,-0.9552839208607274,1.1215468661059123,-0.9113607659275968,0.8889020751909736,1.0179961618138686,-0.29194801448032126,2.3494747430898806
Víctor Muñoz,es ESP,"MF,FW",Osasuna,es La Liga,22.0,2003.0,34,31,2656,29.5,6,2,8,6,0,0,3,0,81,31,32,54,5,99,10,13,0,38.3,0.07,0.19,1.24,0.0,0.71,,,,,,,,,,,,,,,MF,FW,True,Midfielder,True,True,True,0.2033132530120482,0.0677710843373494,0.2710843373493976,0.2033132530120482,0.0,0.0,0.1016566265060241,0.0,2.744728915662651,1.0504518072289155,1.0843373493975903,1.8298192771084336,0.1694277108433735,3.3546686746987953,0.338855421686747,0.4405120481927711,0.0,0.4973790845812968,-0.516910000942156,0.64691686670175,1.7839573069976438,1.8329225723628741,0.49854125310430475,0.8860936494412182,-1.438950601560723,-1.1255109060352633,-0.22744922114813407,0.1606691371709035,-0.7372931117896847
Murillo,br BRA,DF,Nottingham Forest,eng Premier League,23.0,2002.0,25,25,2130,23.7,1,0,1,1,0,0,5,0,11,4,23,7,0,2,29,23,2,36.4,0.09,0.25,1.24,0.0,0.21,,,,,,,,,,,,,,,DF,,False,Defender,True,True,True,0.0422535211267605,0.0,0.0422535211267605,0.0422535211267605,0.0,0.0,0.2112676056338028,0.0,0.4647887323943662,0.1690140845070422,0.971830985915493,0.2957746478873239,0.0,0.0845070422535211,1.2253521126760565,0.971830985915493,0.0845070422535211,-0.024258626574783206,-0.8042256269931214,0.005297925895923186,-0.331620042557766,0.04198611595240759,-0.735651138639018,-1.0642700980626951,-0.20081735217548416,0.3840962208867425,-0.18763931233953193,-0.807986293660309,0.07213687667216727
Vedat Muriqi,xk KVX,FW,Mallorca,es La Liga,31.0,1994.0,37,36,3128,34.8,23,1,24,18,5,7,4,1,114,50,42,64,15,6,3,3,0,43.9,0.16,0.36,1.11,-0.2,0.72,,,,,,,,,,,,,,,FW,,False,Forward,True,True,True,0.6617647058823529,0.028772378516624,0.690537084398977,0.5179028132992327,0.1438618925831202,0.2014066496163682,0.1150895140664961,0.028772378516624,3.280051150895141,1.438618925831202,1.2084398976982098,1.8414322250639388,0.4315856777493606,0.1726342710997442,0.0863171355498721,0.0863171355498721,0.0,1.4826366726936007,-0.8821320303005752,1.0939723836171567,1.0246725434413835,1.0765643240011706,-0.6718995716815656,0.6235271099893324,-1.2514064445202349,-0.8910789443305989,-0.2905500647003522,-0.24944065612700697,-0.3035219043487083
Jacob Murphy,eng ENG,"FW,MF",Newcastle United,eng Premier League,30.0,1995.0,33,19,1617,18.0,3,2,5,3,0,0,2,0,42,13,9,13,5,125,6,12,0,31.0,0.07,0.23,1.27,0.28,0.63,,,,,,,,,,,,,,,FW,MF,True,Forward,True,True,True,0.1669758812615955,0.111317254174397,0.2782931354359926,0.1669758812615955,0.0,0.0,0.111317254174397,0.0,2.337662337662338,0.7235621521335807,0.5009276437847866,0.7235621521335807,0.2782931354359926,6.957328385899815,0.3339517625231911,0.6679035250463822,0.0,-1.0647687677571736,-0.04650934579890945,-0.9643754391510974,-0.20665055042295147,-0.7634657068871649,4.025103524199893,-1.0621425386917167,0.521798527584616,0.3257596307873674,-1.5259606635163414,-0.724823531857426,-0.3411246077005142
Junior Mwanga,fr FRA,MF,Nantes,fr Ligue 1,22.0,2003.0,15,15,1260,14.0,1,1,2,1,0,0,2,1,9,3,15,14,0,5,8,14,0,33.3,0.11,0.33,0.73,-0.86,-0.31,,,,,,,,,,,,,,,MF,,False,Midfielder,True,True,False,0.0714285714285714,0.0714285714285714,0.1428571428571428,0.0714285714285714,0.0,0.0,0.1428571428571428,0.0714285714285714,0.6428571428571428,0.2142857142857143,1.0714285714285714,1.0,0.0,0.3571428571428571,0.5714285714285714,1.0,0.0,-0.4960835012513355,-0.4823994027637994,-0.45935407245383353,-0.9873181940005131,-0.7572728415331623,-1.0648558798070256,-0.3705959690762668,-0.10481902720996866,-0.5366479877819498,-0.25349174453110335,-0.8633126317738823,-0.39452948079930666
Phillipp Mwene,at AUT,MF,Mainz 05,de Bundesliga,31.0,1994.0,29,24,2069,23.0,1,2,3,1,0,0,4,0,10,2,22,32,3,75,14,20,0,20.0,0.1,0.5,1.17,-0.22,0.15,,,,,,,,,,,,,,,MF,,False,Midfielder,True,True,True,0.0434992750120831,0.0869985500241662,0.1304978250362493,0.0434992750120831,0.0,0.0,0.1739971000483325,0.0,0.4349927501208313,0.0869985500241662,0.9569840502658288,1.3919768003866602,0.1304978250362493,3.262445625906235,0.6089898501691638,0.8699855002416625,0.0,-0.7064696560743896,-0.3354872574693484,-0.6936297184625522,-1.2613831995698623,-1.1515708546917622,0.4504411669511886,0.22301903762988437,-0.4148461666518932,-0.44154481599679424,-0.4843752662390813,-0.07461405903806335,-0.13546367917744664
Vitaliy Mykolenko,ua UKR,DF,Everton,eng Premier League,26.0,1999.0,33,33,2958,32.9,0,1,1,0,0,0,6,0,9,2,29,28,0,93,27,25,1,22.2,0.0,0.0,1.33,-0.09,-0.09,,,,,,,,,,,,,,,DF,,False,Defender,True,True,True,0.0,0.0304259634888438,0.0304259634888438,0.0,0.0,0.0,0.1825557809330628,0.0,0.2738336713995943,0.0608519269776876,0.8823529411764706,0.8519269776876268,0.0,2.8296146044624746,0.821501014198783,0.7606490872210954,0.0304259634888438,-0.809444991619996,-0.3197415096706781,-0.8221765122714052,-0.915085453839739,-0.7686099922747054,1.1132002621892756,0.18279622726986303,-0.7421646852003158,-0.7126439481169301,-0.4192507979437575,-0.807986293660309,-0.17980132364585444
Joakim Mæhle,dk DEN,"MF,DF",Wolfsburg,de Bundesliga,28.0,1997.0,16,14,1222,13.6,1,2,3,1,0,0,1,0,14,3,8,6,0,21,20,22,0,21.4,0.07,0.33,0.88,-0.66,0.07,,,,,,,,,,,,,,,MF,DF,True,Midfielder,True,True,False,0.0736497545008183,0.1472995090016366,0.220949263502455,0.0736497545008183,0.0,0.0,0.0736497545008183,0.0,1.0310965630114566,0.220949263502455,0.5891980360065466,0.44189852700491,0.0,1.5466448445171848,1.4729950900163666,1.620294599018003,0.0,-0.47935174550785015,0.23348868506658468,-0.4407224144487622,-0.47543235609362683,-0.736631135576491,-0.44445622027393494,-1.2157924432244545,1.3743095353909496,1.7460707685509784,-1.2263568774546294,-0.8633126317738823,-0.9702935203131194
David Møller Wolfe,no NOR,"MF,DF",Wolves,eng Premier League,23.0,2002.0,22,11,1049,11.7,0,2,2,0,0,0,1,0,3,0,10,4,0,32,7,5,0,0.0,0.0,,0.5,-1.46,-0.55,,,,,,,,,,,,,,,MF,DF,True,Midfielder,True,True,False,0.0,0.1715919923736892,0.1715919923736892,0.0,0.0,0.0,0.0857959961868446,0.0,0.2573879885605338,0.0,0.8579599618684461,0.3431839847473784,0.0,2.7454718779790275,0.6005719733079123,0.428979980934223,0.0,-1.0341415412128914,0.4627029273859516,-1.0585089693537577,-1.4955514922986382,-1.421066648876647,0.1808070338384258,-1.3652870908831827,-1.4664494869209328,-0.4628584351291673,-0.6841491831625318,-0.8633126317738823,-0.8692440609396322
Obite N'Dicka,ci CIV,DF,Roma,it Serie A,25.0,1999.0,31,31,2680,29.8,3,0,3,3,0,0,5,0,23,6,32,35,0,2,45,16,0,26.1,0.13,0.5,1.97,0.67,-0.3,,,,,,,,,,,,,,,DF,,False,Defender,True,True,True,0.1007462686567164,0.0,0.1007462686567164,0.1007462686567164,0.0,0.0,0.167910447761194,0.0,0.7723880597014926,0.2014925373134328,1.0746268656716418,1.1753731343283582,0.0,0.0671641791044776,1.5111940298507462,0.5373134328358209,0.0,1.0626971250363162,-0.8042256269931214,1.1507942563439812,0.6082532819948864,0.28538831915784213,-0.7473316925338462,0.9080630083147784,-1.3146671658498623,1.160358347528314,0.07844502705072863,-0.807986293660309,-0.30831001025271276
Sebastian Nanasi,se SWE,MF,Strasbourg,fr Ligue 1,23.0,2002.0,19,11,1050,11.7,7,2,9,7,0,0,0,0,19,11,8,3,1,24,5,4,0,57.9,0.37,0.64,1.63,0.6,0.42,,,,,,,,,,,,,,,MF,,False,Midfielder,True,True,False,0.6000000000000001,0.1714285714285714,0.7714285714285715,0.6000000000000001,0.0,0.0,0.0,0.0,1.6285714285714286,0.9428571428571428,0.6857142857142857,0.2571428571428571,0.0857142857142857,2.057142857142857,0.4285714285714286,0.3428571428571428,0.0,3.48554599446418,0.4611609521362172,3.9743921646056073,0.3123261926490754,1.4996261034346854,-0.17819958801358107,-1.4955889467317434,-1.671814405289932,-0.8983547201780645,-1.031642343214226,-0.3452753787610536,-1.5830153866876162
Nikolas Nartey,dk DEN,MF,Stuttgart,de Bundesliga,25.0,2000.0,28,14,1256,14.0,4,3,7,4,0,0,2,0,22,12,18,23,1,14,10,12,0,54.5,0.18,0.33,2.07,1.5,1.45,,,,,,,,,,,,,,,MF,,False,Midfielder,True,True,False,0.286624203821656,0.214968152866242,0.501592356687898,0.286624203821656,0.0,0.0,0.143312101910828,0.0,1.5764331210191085,0.8598726114649681,1.2898089171974525,1.6480891719745223,0.071656050955414,1.003184713375796,0.7165605095541401,0.8598726114649681,0.0,1.1249448611806134,0.8719831812714836,1.3457431647032632,0.24358288668117997,1.2425645525653612,-0.7279046582829954,0.610879102377816,-0.43896093834859296,-0.16918159404194769,0.1870747656928876,-0.43024008745583286,-0.3907444938378786
Natan,br BRA,DF,Real Betis,es La Liga,24.0,2001.0,33,32,2807,31.2,0,0,0,0,0,0,8,0,10,1,28,11,0,1,37,17,0,10.0,0.0,0.0,1.64,0.29,-0.01,,,,,,,,,,,,,,,DF,,False,Defender,True,True,True,0.0,0.0,0.0,0.0,0.0,0.0,0.2565016031350196,0.0,0.3206270039187744,0.0320627003918774,0.8977556109725685,0.3526897043106519,0.0,0.0320627003918774,1.1863199144994656,0.5450659066619167,0.0,-0.809444991619996,-0.8042256269931214,-0.8221765122714052,-0.7721078817276019,-0.9843641484636934,-0.7709728128244892,-0.9366488575018213,-1.2947943403091897,0.2780963120436368,-0.3793814060258787,-0.807986293660309,0.4690525043770382
Pau Navarro,es ESP,DF,Villarreal,es La Liga,20.0,2005.0,23,23,1921,21.3,0,0,0,0,0,0,4,0,2,2,34,11,1,2,18,35,1,100.0,0.0,0.0,1.83,0.61,-0.17,,,,,,,,,,,,,,,DF,,False,Defender,True,True,True,0.0,0.0,0.0,0.0,0.0,0.0,0.187402394586153,0.0,0.0937011972930765,0.0937011972930765,1.592920353982301,0.5153565851119208,0.0468505986465382,0.0937011972930765,0.8433107756376887,1.639770952628839,0.0468505986465382,-0.809444991619996,-0.8042256269931214,-0.8221765122714052,-1.4654823249269964,-0.5224287835786038,-0.7294588033519314,-0.5718991685685983,1.5113915153289217,-0.6534150849626025,1.420033627435914,-0.19891487507209837,-0.1372736496257207
Roberto Navarro,es ESP,MF,Athletic Club,es La Liga,23.0,2002.0,32,10,1307,14.5,6,1,7,6,0,0,1,0,21,10,18,16,4,74,7,10,0,47.6,0.29,0.6,1.19,0.0,0.64,,,,,,,,,,,,,,,MF,,False,Midfielder,True,True,False,0.4131599081866871,0.0688599846977811,0.4820198928844682,0.4131599081866871,0.0,0.0,0.0688599846977811,0.0,1.4460596786534046,0.6885998469778118,1.239479724560061,1.1017597551644989,0.2754399387911247,5.095638867635807,0.4820198928844682,0.6885998469778118,0.0,2.078114604241863,-0.5066355688367591,2.4071459813451166,0.07168813483025314,0.7120121505438853,1.4065660621586862,-0.21648960950395665,-0.8473708106086936,-0.763026034530245,0.08553926951726887,0.8013824429421704,-1.0101415376366336
Michel Ndary Adopo,fr FRA,MF,Cagliari,it Serie A,25.0,2000.0,38,33,3050,33.9,1,2,3,1,0,0,4,0,28,11,35,25,5,26,31,32,0,39.3,0.04,0.09,1.13,-0.32,0.16,,,,,,,,,,,,,,,MF,,False,Midfielder,True,True,True,0.0295081967213114,0.0590163934426229,0.0885245901639344,0.0295081967213114,0.0,0.0,0.1180327868852459,0.0,0.8262295081967214,0.3245901639344262,1.0327868852459017,0.7377049180327869,0.1475409836065573,0.7672131147540985,0.9147540983606556,0.9442622950819672,0.0,-0.8118618263435278,-0.5995157934188368,-0.8109892414541173,-0.7455454321220079,-0.4155822587366802,-0.8509786009903397,-0.767819214654493,-0.23772882763157632,0.3326340936814998,-0.3314485440348769,0.028390836526888053,-0.6010532611667829
Iliman Ndiaye,sn SEN,MF,Everton,eng Premier League,25.0,2000.0,32,32,2778,30.9,6,3,9,4,2,2,2,0,43,22,30,37,12,55,17,40,0,51.2,0.09,0.18,1.28,-0.13,-0.27,,,,,,,,,,,,,,,MF,,False,Midfielder,True,True,True,0.1943844492440604,0.0971922246220302,0.2915766738660907,0.1295896328293736,0.0647948164146868,0.0647948164146868,0.0647948164146868,0.0,1.3930885529157666,0.712742980561555,0.9719222462203024,1.198704103671706,0.3887688984881209,1.7818574514038878,0.550755939524838,1.2958963282937366,0.0,0.43012007941682867,-0.23930378525639007,0.028510714006795914,0.0018467748974973545,0.7868004425034099,-0.3217781392120329,-0.06967576737742719,0.6007629840486871,-0.5889899987334393,-0.4542385392477715,1.4863163775715613,-1.0439613041032856
Rassoul Ndiaye,sn SEN,MF,Le Havre,fr Ligue 1,23.0,2001.0,33,30,2566,28.5,4,4,8,4,0,0,2,0,34,9,22,37,5,92,17,32,0,26.5,0.12,0.44,1.03,-0.25,0.67,,,,,,,,,,,,,,,MF,,False,Midfielder,True,True,True,0.1402961808261886,0.1402961808261886,0.2805923616523772,0.1402961808261886,0.0,0.0,0.0701480904130943,0.0,1.192517537022603,0.3156664068589244,0.7716289945440374,1.2977396726422448,0.1753702260327357,3.226812159002338,0.5962587685113017,1.1223694466095089,0.0,0.022683291759143853,0.16740805687951474,0.1183190432633969,-0.2626020605388921,-0.4432254205998068,0.43185608599309827,0.08030504750907172,0.18697803817853625,-0.4737792416211284,-0.858315648850929,0.19658432002555257,-0.999425269221026
Cher Ndour,it ITA,MF,Fiorentina,it Serie A,21.0,2004.0,33,20,1876,20.8,3,0,3,3,0,0,2,0,24,8,26,23,1,20,15,17,0,33.3,0.13,0.38,1.24,-0.19,0.1,,,,,,,,,,,,,,,MF,,False,Midfielder,True,True,True,0.1439232409381663,0.0,0.1439232409381663,0.1439232409381663,0.0,0.0,0.0959488272921108,0.0,1.1513859275053304,0.3837953091684435,1.2473347547974414,1.103411513859275,0.0479744136460554,0.9594882729211088,0.7196162046908315,0.8155650319829424,0.0,0.05000525572457228,-1.1563710848352395,0.1487434348475824,-0.31683325734482015,-0.23218221781368936,-0.7506950840818931,-0.213988163633412,-0.5446149396172264,-0.16144473552030814,0.10138622335920988,-0.5733664080726724,-0.7847785842253191
Dan Ndoye,ch SUI,MF,Nottingham Forest,eng Premier League,24.0,2000.0,24,14,1173,13.0,1,1,2,1,0,0,1,0,15,4,16,22,9,41,10,11,0,26.7,0.07,0.25,1.08,-0.15,-0.11,,,,,,,,,,,,,,,MF,,False,Midfielder,True,True,False,0.0767263427109974,0.0767263427109974,0.1534526854219949,0.0767263427109974,0.0,0.0,0.0767263427109974,0.0,1.1508951406649617,0.3069053708439898,1.227621483375959,1.687979539641944,0.690537084398977,3.1457800511508953,0.7672634271099744,0.843989769820972,0.0,-0.4561763831979209,-0.4324117332495494,-0.41491547396253486,-0.3174803498861081,-0.47036452071206536,0.38959277524970604,0.6712896186304333,-0.4768344983765115,-0.040804487617454574,0.061616127910911624,3.3101332684573475,-0.9446981482309794
Paul Nebel,de GER,MF,Mainz 05,de Bundesliga,22.0,2002.0,30,24,2073,23.0,5,2,7,5,0,0,2,2,32,8,29,20,3,129,12,30,0,25.0,0.16,0.63,1.27,-0.43,-0.53,,,,,,,,,,,,,,,MF,,False,Midfielder,True,True,True,0.2170767004341534,0.0868306801736613,0.3039073806078147,0.2170767004341534,0.0,0.0,0.0868306801736613,0.0868306801736613,1.389290882778582,0.3473227206946455,1.2590448625180897,0.8683068017366136,0.130246020260492,5.600578871201158,0.5209840810419681,1.3024602026049203,0.0,0.6010565541840228,-0.3370712108265426,0.7623669835982555,-0.0031603765130782864,-0.34516351685826363,1.6699238451818763,-0.5700339426837862,0.6164149242563957,-0.6643707702778282,0.12501051644597444,-0.07613590867189954,-0.8606361095919725
Loïc Nego,hu HUN,"DF,MF",Le Havre,fr Ligue 1,34.0,1991.0,30,26,2339,26.0,0,0,0,0,0,0,3,0,16,3,18,18,4,78,32,36,0,18.8,0.0,0.0,1.17,-0.35,0.03,,,,,,,,,,,,,,,DF,MF,True,Defender,True,True,True,0.0,0.0,0.0,0.0,0.0,0.0,0.1154339461308251,0.0,0.615647712697734,0.1154339461308251,0.6926036767849508,0.6926036767849508,0.1539119281744335,3.001282599401453,1.231295425395468,1.3852073535699017,0.0,-0.809444991619996,-0.8042256269931214,-0.8221765122714052,0.1293313275171726,-0.35955775704443615,1.2288199986577861,-0.1744561166480269,0.8588387809907386,0.40023650085851004,-0.910411608913765,1.192913569713704,-0.7687765782099947
Victor Nelsson,dk DEN,DF,Hellas Verona,it Serie A,26.0,1998.0,38,37,3315,36.8,0,0,0,0,0,0,4,0,8,1,44,20,0,5,75,45,1,12.5,0.0,0.0,0.55,-1.0,-1.86,,,,,,,,,,,,,,,DF,,False,Defender,True,True,True,0.0,0.0,0.0,0.0,0.0,0.0,0.1085972850678733,0.0,0.2171945701357466,0.0271493212669683,1.1945701357466063,0.5429864253393666,0.0,0.1357466063348416,2.0361990950226243,1.2217194570135748,0.0271493212669683,-0.809444991619996,-0.8042256269931214,-0.8221765122714052,-1.088146886940258,-1.0211863244249555,-0.7011408917059802,-0.5099444819194592,0.43975107825783866,2.5861168661393314,0.3889149199872257,-0.807986293660309,-0.8287663595052244
David Neres,br BRA,"FW,MF",Napoli,it Serie A,28.0,1997.0,16,10,922,10.2,3,3,6,3,0,0,3,0,17,4,19,7,0,53,1,5,0,23.5,0.18,0.75,2.0,0.88,0.41,,,,,,,,,,,,,,,FW,MF,True,Forward,True,True,False,0.2928416485900217,0.2928416485900217,0.5856832971800434,0.2928416485900217,0.0,0.0,0.2928416485900217,0.0,1.6594360086767894,0.3904555314533622,1.8546637744034709,0.6832971800433839,0.0,5.1735357917570495,0.0976138828633405,0.4880694143167028,0.0,-0.4167526354108143,1.7911080781221804,-0.22611483704451504,-1.0928195392948865,-1.6206370645820738,2.7901945960549606,-1.1228592919182454,-0.02649961875953136,-0.8355684607104318,0.8378428671163867,-1.5878517589524646,1.4683498584208232
Martim Neto,pt POR,MF,Elche,es La Liga,22.0,2003.0,25,15,1347,15.0,2,5,7,2,0,0,3,0,12,4,19,11,0,33,2,12,0,33.3,0.17,0.5,1.0,-0.2,0.02,,,,,,,,,,,,,,,MF,,False,Midfielder,True,True,False,0.1336302895322939,0.3340757238307349,0.4677060133630289,0.1336302895322939,0.0,0.0,0.2004454342984409,0.0,0.8017817371937639,0.2672605790645879,1.2694877505567927,0.734966592427617,0.0,2.2048997772828507,0.1336302895322939,0.8017817371937639,0.0,-0.02752961789951327,1.9958350005768422,0.062404423510242564,-0.7777793246510829,-0.5931723680028134,-0.10113511572055342,-0.7719661722572724,-0.5774820080097253,-1.6451300897352998,0.14607828572563494,-0.8633126317738823,0.08457062825589165
Pedro Neto,pt POR,"MF,FW",Chelsea,eng Premier League,25.0,2000.0,34,30,2631,29.2,5,6,11,5,0,0,4,1,46,13,17,25,6,184,6,11,0,28.3,0.11,0.38,1.41,0.41,1.09,,,,,,,,,,,,,,,MF,FW,True,Midfielder,True,True,True,0.1710376282782212,0.2052451539338654,0.3762827822120867,0.1710376282782212,0.0,0.0,0.1368301026225769,0.0342075256556442,1.573546180159635,0.4446978335233751,0.5815279361459521,0.855188141391106,0.2052451539338654,6.29418472063854,0.2052451539338654,0.3762827822120867,0.0,0.2542528532218494,0.7802408180382261,0.37618348616487524,0.2397765134379586,-0.043524198061205756,2.03168266308093,-0.5899010206365947,-1.5921090234095074,-1.463805039579517,-1.2418307476729133,0.3771414518372239,-0.44467084741033014
Luca Netz,de GER,"MF,DF",Gladbach,de Bundesliga,22.0,2003.0,15,10,940,10.4,0,2,2,0,0,0,1,0,2,0,8,2,0,26,7,10,0,0.0,0.0,,0.93,0.38,1.02,,,,,,,,,,,,,,,MF,DF,True,Midfielder,True,True,False,0.0,0.1914893617021276,0.1914893617021276,0.0,0.0,0.0,0.0957446808510638,0.0,0.1914893617021276,0.0,0.7659574468085106,0.1914893617021276,0.0,2.4893617021276593,0.6702127659574468,0.9574468085106382,0.0,-1.0341415412128914,0.650446616037132,-1.0585089693537577,-1.5824375014857548,-1.421066648876647,0.04722956394963689,-1.5950154946751078,-0.20628958823272314,-0.2865316302739978,-0.8697575850957514,-0.8633126317738823,-0.7864769604007703
Florian Neuhaus,de GER,"MF,FW",Gladbach,de Bundesliga,28.0,1997.0,17,11,930,10.3,0,1,1,0,0,0,0,0,22,6,9,9,0,9,9,7,0,27.3,0.0,0.0,1.29,0.97,1.86,,,,,,,,,,,,,,,MF,FW,True,Midfielder,True,True,False,0.0,0.0967741935483871,0.0967741935483871,0.0,0.0,0.0,0.0,0.0,2.129032258064516,0.5806451612903226,0.8709677419354839,0.8709677419354839,0.0,0.8709677419354839,0.8709677419354839,0.6774193548387097,0.0,-1.0341415412128914,-0.2432481607384493,-1.0585089693537577,0.972173693304266,0.3776004419895696,-0.7968640757003054,-0.5660041785945877,-0.8740313446405255,0.22176935433893644,-0.657906930226633,-0.8633126317738823,-1.5830153866876162
João Neves,pt POR,MF,Paris Saint-Germain,fr Ligue 1,20.0,2004.0,21,13,1287,14.3,5,1,6,5,0,0,0,0,27,6,13,13,0,4,6,14,0,22.2,0.19,0.83,2.38,1.47,0.25,,,,,,,,,,,,,,,MF,,False,Midfielder,True,True,False,0.3496503496503496,0.0699300699300699,0.4195804195804196,0.3496503496503496,0.0,0.0,0.0,0.0,1.888111888111888,0.4195804195804196,0.9090909090909092,0.9090909090909092,0.0,0.2797202797202797,0.4195804195804196,0.9790209790209792,0.0,1.5997090040534665,-0.49653866882124226,1.87441709938713,0.65452504909132,-0.12133052260968404,-1.1052365947473748,-0.5082699348732655,-0.154844723378529,-0.9211194795596382,-0.5809962052563232,-0.8633126317738823,-1.5830153866876162
Cyril Ngonge,be BEL,FW,Torino,it Serie A,25.0,2000.0,20,11,994,11.0,1,1,2,1,0,0,2,0,24,12,20,18,6,19,2,4,0,50.0,0.04,0.08,1.0,-1.0,-0.7,,,,,,,,,,,,,,,FW,,False,Forward,True,True,False,0.090543259557344,0.090543259557344,0.1810865191146881,0.090543259557344,0.0,0.0,0.1810865191146881,0.0,2.1730382293762576,1.0865191146881288,1.8108651911468816,1.6297786720321932,0.5432595573440644,1.7203219315895373,0.1810865191146881,0.3621730382293763,0.0,-1.4582798307981837,-0.2568097552597639,-1.4126879113797677,-0.4217480383102557,0.170518468336939,0.39955532514576264,0.3043684000277453,-0.4103464282443486,-0.4253967290794838,0.761364709078807,0.09687658295418806,0.35435053125218613
Nathan Ngoy,be BEL,DF,Lille,fr Ligue 1,22.0,2003.0,29,27,2405,26.7,1,2,3,1,0,0,10,1,22,6,20,11,0,6,38,21,0,27.3,0.05,0.17,1.79,0.26,-0.84,,,,,,,,,,,,,,,DF,,False,Defender,True,True,True,0.0374220374220374,0.0748440748440748,0.1122661122661122,0.0374220374220374,0.0,0.0,0.3742203742203742,0.0374220374220374,0.8232848232848233,0.2245322245322245,0.7484407484407485,0.4116424116424116,0.0,0.2245322245322245,1.422037422037422,0.7858627858627859,0.0,-0.11404085126810205,0.3875448670108596,-0.0893197333539785,0.7637689354809307,0.4580538911186637,-0.6413430838395565,-0.8044585704863532,-0.6775314538497299,0.9182353633649266,-0.7658788673266115,-0.807986293660309,1.5020016687026692
Moussa Niakhate,sn SEN,DF,Lyon,fr Ligue 1,29.0,1996.0,32,30,2759,30.7,0,2,2,0,0,0,3,0,4,0,38,32,0,6,32,22,0,0.0,0.0,,1.69,0.29,-0.9,,,,,,,,,,,,,,,DF,,False,Defender,True,True,True,0.0,0.0652410293584632,0.0652410293584632,0.0,0.0,0.0,0.0978615440376948,0.0,0.1304820587169264,0.0,1.239579557810801,1.0438564697354114,0.0,0.1957230880753896,1.0438564697354114,0.7176513229430953,0.0,-0.809444991619996,0.2346319438947275,-0.8221765122714052,-1.3530979747758398,-1.2246505919904345,-0.6607462624355938,0.6131617827947636,-0.8523858981064919,-0.10879227901504736,0.5054205850459687,-0.807986293660309,-0.9229694727665633
Cheikh Niasse,sn SEN,MF,Hellas Verona,it Serie A,25.0,2000.0,19,11,970,10.8,0,1,1,0,0,0,1,0,6,1,20,15,2,14,15,14,0,16.7,0.0,0.0,0.63,-0.93,0.03,,,,,,,,,,,,,,,MF,,False,Midfielder,True,True,False,0.0,0.0927835051546391,0.0927835051546391,0.0,0.0,0.0,0.0927835051546391,0.0,0.5567010309278351,0.0927835051546391,1.8556701030927836,1.3917525773195876,0.1855670103092783,1.2989690721649485,1.3917525773195876,1.2989690721649485,0.0,-1.0341415412128914,-0.2809027143094517,-1.0585089693537577,-1.1009132883065056,-1.1336507735320456,-0.5736346213803533,0.2226794711623468,0.6080901205942281,1.5403690219565656,1.3286586708899086,0.25821131804770553,-0.8111121694611887
Rasmus Nicolaisen,dk DEN,DF,Toulouse,fr Ligue 1,28.0,1997.0,33,31,2654,29.5,1,0,1,1,0,0,4,0,15,5,29,21,1,2,40,16,0,33.3,0.07,0.2,1.33,0.07,0.29,,,,,,,,,,,,,,,DF,,False,Defender,True,True,True,0.0339110776186887,0.0,0.0339110776186887,0.0339110776186887,0.0,0.0,0.1356443104747551,0.0,0.5086661642803316,0.1695553880934438,0.9834212509419744,0.7121326299924642,0.0339110776186887,0.0678221552373775,1.356443104747551,0.5425772418990203,0.0,-0.17928411839230107,-0.8042256269931214,-0.1580768313006409,-0.19755203876685049,0.04604278965908218,-0.7468885404651365,-0.1306661357217043,-1.3011738266217756,0.7401005931453477,-0.1576382264959636,-0.3671324145691441,-0.5914363055644181
Julian Niehues,de GER,MF,Heidenheim,de Bundesliga,24.0,2001.0,24,17,1383,15.4,3,0,3,3,0,0,1,0,18,5,10,9,2,3,23,10,0,27.8,0.17,0.6,0.88,-0.39,0.95,,,,,,,,,,,,,,,MF,,False,Midfielder,True,True,True,0.1952277657266811,0.0,0.1952277657266811,0.1952277657266811,0.0,0.0,0.0650759219088937,0.0,1.1713665943600868,0.3253796095444685,0.6507592190889371,0.5856832971800434,0.1301518438177874,0.1952277657266811,1.4967462039045554,0.6507592190889371,0.0,0.43647262440871504,-1.1563710848352395,0.5790944364898531,-0.2904891514556756,-0.4131367895698375,-1.1493047236543568,-0.9980428283810273,-0.9376039895301227,1.8062073331178317,-1.1021616551218796,-0.07670508923813364,-1.0416226746777568
Oliver Nielsen,dk DEN,DF,Lazio,it Serie A,22.0,2003.0,26,13,1536,17.1,0,0,0,0,0,0,3,0,6,2,14,9,0,2,16,6,0,33.3,0.0,0.0,1.58,0.18,0.27,,,,,,,,,,,,,,,DF,,False,Defender,True,True,True,0.0,0.0,0.0,0.0,0.0,0.0,0.17578125,0.0,0.3515625,0.1171875,0.8203125,0.52734375,0.0,0.1171875,0.9375,0.3515625,0.0,-0.809444991619996,-0.8042256269931214,-0.8221765122714052,-0.6775841134115669,-0.34641615581912766,-0.7136405948934508,-0.545020220361189,-1.790824320981141,-0.3976250023431806,-0.5798407928451247,-0.807986293660309,-0.23924593049561063
Justin Njinmah,de GER,"FW,MF",Werder Bremen,de Bundesliga,24.0,2000.0,33,22,1947,21.6,5,0,5,5,0,0,2,0,62,23,8,25,20,34,6,14,0,37.1,0.08,0.22,0.94,-1.25,-1.57,,,,,,,,,,,,,,,FW,MF,True,Forward,True,True,True,0.2311248073959938,0.0,0.2311248073959938,0.2311248073959938,0.0,0.0,0.0924499229583975,0.0,2.865947611710324,1.0631741140215716,0.3697996918335901,1.155624036979969,0.9244992295839752,1.571648690292758,0.2773497688751926,0.6471494607087828,0.0,-0.7344999433570001,-1.1734021059287691,-0.588112489838621,0.48360579488771843,0.1104456127573089,0.2966297307372546,-0.410623526532907,0.45852123853616567,0.04762611553028039,-1.7549275269812463,1.2791572666513917,-0.5291982503043677
Christopher Nkunku,fr FRA,FW,Milan,it Serie A,27.0,1997.0,32,15,1356,15.1,7,3,10,2,5,5,0,0,29,16,9,22,8,17,2,2,0,55.2,0.07,0.13,1.78,0.93,0.75,,,,,,,,,,,,,,,FW,,False,Forward,True,True,True,0.4646017699115044,0.1991150442477876,0.6637168141592921,0.1327433628318584,0.331858407079646,0.331858407079646,0.0,0.0,1.924778761061947,1.0619469026548671,0.5973451327433629,1.4601769911504423,0.5309734513274336,1.1283185840707963,0.1327433628318584,0.1327433628318584,0.0,0.46754920354481483,0.8422899218698849,-1.1651649008449816,-0.7461232986205415,0.10728767362290025,-0.010285046287055092,0.04862096322748743,-1.1098570229050613,-0.6629475842522612,-1.3576028900476933,0.05877554867311312,-1.4507590990632495
Felix Nmecha,de GER,MF,Dortmund,de Bundesliga,24.0,2000.0,29,25,2176,24.2,2,3,5,2,0,1,0,0,33,7,28,22,2,7,25,23,0,21.2,0.06,0.29,2.31,0.95,-0.37,,,,,,,,,,,,,,,MF,,False,Midfielder,True,True,True,0.0827205882352941,0.1240808823529411,0.2068014705882353,0.0827205882352941,0.0,0.041360294117647,0.0,0.0,1.364889705882353,0.2895220588235294,1.1580882352941175,0.9099264705882354,0.0827205882352941,0.2895220588235294,1.0340073529411766,0.9512867647058824,0.0,-0.4110228552280012,0.014406929057243535,-0.36463473213509534,-0.03533283565304822,-0.5242128834401375,-1.1001243540928654,-0.5070045491582196,-0.22097857110136618,0.6345770289749558,-0.07866215740866983,-0.3633685916420164,-1.5830153866876162
Lukas Nmecha,de GER,FW,Leeds United,eng Premier League,26.0,1998.0,31,10,1083,12.0,6,1,7,4,2,3,0,0,30,16,18,18,3,10,3,7,0,53.3,0.13,0.25,1.13,-0.75,-0.82,,,,,,,,,,,,,,,FW,,False,Forward,True,True,False,0.4986149584487535,0.0831024930747922,0.5817174515235457,0.3324099722991689,0.1662049861495844,0.2493074792243767,0.0,0.0,2.493074792243767,1.329639889196676,1.4958448753462603,1.4958448753462603,0.2493074792243767,0.8310249307479225,0.2493074792243767,0.5817174515235457,0.0,0.6426650857462318,-0.33213451907282143,0.0059715761709219165,-0.0035889884506721086,0.7961324652721399,-0.21609966171641937,0.10240563040616281,0.25902488491187087,-0.0901693947293595,0.21129729352550605,-0.8147123444302059,-1.4507590990632495
Brooke Norton-Cuffy,eng ENG,"MF,DF",Genoa,it Serie A,21.0,2004.0,27,25,2212,24.6,2,1,3,2,0,0,5,1,15,6,23,16,0,80,11,31,0,40.0,0.13,0.33,0.96,-0.41,-0.41,,,,,,,,,,,,,,,MF,DF,True,Midfielder,True,True,True,0.081374321880651,0.0406871609403255,0.1220614828209765,0.081374321880651,0.0,0.0,0.2034358047016275,0.0406871609403255,0.6103074141048824,0.244122965641953,0.9358047016274864,0.650994575045208,0.0,3.25497287522604,0.4475587703435805,1.2613019891500905,0.0,-0.4211640273326376,-0.7724631646679633,-0.3759274412399197,-1.0302343542641208,-0.6648458557005252,0.4465436602408365,-0.8991345393963909,0.518270769522433,-0.8502797747330113,-0.5271030661496416,-0.8633126317738823,0.1094487197989015
Tijjani Noslin,nl NED,FW,Lazio,it Serie A,26.0,1999.0,29,9,1148,12.8,4,2,6,4,0,0,6,1,35,13,19,23,5,10,3,6,0,37.1,0.11,0.31,1.34,0.08,0.08,,,,,,,,,,,,,,,FW,,False,Forward,True,True,False,0.313588850174216,0.156794425087108,0.470383275261324,0.313588850174216,0.0,0.0,0.470383275261324,0.078397212543554,2.74390243902439,1.019163763066202,1.489547038327526,1.803135888501742,0.39198606271777,0.7839721254355401,0.235191637630662,0.470383275261324,0.0,-0.3099362896087143,0.4138675744980457,-0.10442295958901025,0.32414184804041274,-0.0028046498883527904,-0.24867403699150578,0.5657789210344686,-0.08042307755554169,-0.15953247525419015,0.2003004315495831,-0.37224492688567273,3.2381232333414802
Matheus Nunes,pt POR,DF,Manchester City,eng Premier League,26.0,1998.0,34,32,2862,31.8,1,5,6,1,0,0,5,0,7,2,17,30,4,67,29,41,0,28.6,0.14,0.5,2.21,1.26,0.94,,,,,,,,,,,,,,,DF,,False,Defender,True,True,True,0.0314465408805031,0.1572327044025157,0.1886792452830188,0.0314465408805031,0.0,0.0,0.1572327044025157,0.0,0.220125786163522,0.0628930817610062,0.5345911949685535,0.9433962264150944,0.1257861635220125,2.106918238993711,0.9119496855345912,1.2893081761006289,0.0,-0.22508197360940776,1.6994501574928806,-0.20634123858293218,-1.0791905222527094,-0.7533130329551007,0.6264586109458355,0.38789870329913917,0.6130091701991814,-0.4670121014758733,-1.3194226212157123,0.8272704430384381,-0.4020042102306676
Álvaro Núñez,es ESP,"DF,MF",Elche,es La Liga,25.0,2000.0,19,19,1647,18.3,0,2,2,0,0,0,2,0,4,0,12,17,2,60,15,15,0,0.0,0.0,,1.21,0.16,0.72,,,,,,,,,,,,,,,DF,MF,True,Defender,True,True,True,0.0,0.1092896174863388,0.1092896174863388,0.0,0.0,0.0,0.1092896174863388,0.0,0.2185792349726776,0.0,0.6557377049180327,0.9289617486338798,0.1092896174863388,3.278688524590164,0.819672131147541,0.819672131147541,0.0,-0.809444991619996,0.9360342625512476,-0.8221765122714052,-1.0839160274157242,-1.2246505919904345,1.4156550576711047,0.3555321191814799,-0.5908639931707083,-0.7176106537028998,-1.0058381745840888,0.6128105431435213,-0.822691336919651
Unai Núñez,es ESP,DF,Hellas Verona,it Serie A,28.0,1997.0,17,15,1265,14.1,0,0,0,0,0,0,6,0,7,1,27,10,0,11,23,18,1,14.3,0.0,0.0,0.71,-1.0,-0.08,,,,,,,,,,,,,,,DF,,False,Defender,True,True,False,0.0,0.0,0.0,0.0,0.0,0.0,0.4268774703557312,0.0,0.4980237154150198,0.0711462450592885,1.9209486166007907,0.7114624505928854,0.0,0.782608695652174,1.6363636363636362,1.2806324110671936,0.0711462450592885,-0.809444991619996,-0.8042256269931214,-0.8221765122714052,-0.2300701651359471,-0.6914616220461157,-0.2654742182242681,-0.13216888616679623,0.5907695640026449,1.5002819875002762,2.2691258650550474,-0.807986293660309,1.9640529027356277
Unai Núñez,es ESP,DF,Valencia,es La Liga,28.0,1997.0,13,10,911,10.1,0,0,0,0,0,0,3,0,9,1,12,7,0,4,11,11,0,11.1,0.0,0.0,1.92,0.4,0.86,,,,,,,,,,,,,,,DF,,False,Defender,True,True,False,0.0,0.0,0.0,0.0,0.0,0.0,0.2963776070252469,0.0,0.8891328210757409,0.0987925356750823,1.1855104281009878,0.6915477497255763,0.0,0.3951701427003293,1.0867178924259056,1.0867178924259056,0.0,-0.809444991619996,-0.8042256269931214,-0.8221765122714052,0.9649682590967843,-0.4842729333959631,-0.5264171121280298,-0.17682383320191822,0.09368573176963105,0.007606671346990091,0.36546411310983146,-0.807986293660309,0.8189532425115732
Antonio Nusa,no NOR,"FW,MF",RB Leipzig,de Bundesliga,20.0,2005.0,31,24,2027,22.5,4,3,7,4,0,0,0,0,61,20,9,64,1,68,7,14,0,32.8,0.07,0.2,2.0,0.58,0.05,,,,,,,,,,,,,,,FW,MF,True,Forward,True,True,True,0.1776023680315737,0.1332017760236803,0.3108041440552541,0.1776023680315737,0.0,0.0,0.0,0.0,2.7084361124815,0.8880118401578687,0.399605328071041,2.8416378885051805,0.0444005920078934,3.0192402565367535,0.3108041440552541,0.6216082881105082,0.0,-1.0100586189750762,0.17503321212499262,-0.9020462078787754,0.2778016259223409,-0.3402932041358432,1.298788701086104,2.1317670836046116,0.38064848383869615,0.21201578398304477,-1.7028829175649032,-1.4501589475846624,-1.4507590990632495
M'Bala Nzola,ao ANG,FW,Pisa,it Serie A,28.0,1996.0,16,11,1052,11.7,3,0,3,1,2,3,1,1,28,7,18,17,11,7,1,2,0,25.0,0.04,0.14,0.69,-0.86,0.47,,,,,,,,,,,,,,,FW,,False,Forward,True,True,False,0.2566539923954373,0.0,0.2566539923954373,0.085551330798479,0.1711026615969581,0.2566539923954373,0.085551330798479,0.085551330798479,2.3954372623574143,0.5988593155893536,1.5399239543726235,1.4543726235741443,0.9410646387832698,0.5988593155893536,0.085551330798479,0.1711026615969581,0.0,-0.6030636992023289,-1.1734021059287691,-1.4419678689839392,-0.13116196436972727,-1.0843590577630613,-0.3768265264365624,0.03986838411289882,-0.9929029460470806,-0.8948419914209564,0.2882652345244196,1.3305290538497119,-0.5979649105967373
Jake O'Brien,ie IRL,DF,Everton,eng Premier League,24.0,2001.0,37,35,3120,34.7,1,1,2,1,0,0,6,1,13,6,23,17,4,49,13,32,0,46.2,0.08,0.17,1.32,-0.06,0.24,,,,,,,,,,,,,,,DF,,False,Defender,True,True,True,0.0288461538461538,0.0288461538461538,0.0576923076923076,0.0288461538461538,0.0,0.0,0.173076923076923,0.0288461538461538,0.375,0.173076923076923,0.6634615384615384,0.4903846153846153,0.1153846153846153,1.4134615384615383,0.375,0.9230769230769232,0.0,-0.273404300098745,-0.3448974157624209,-0.2572660785225561,-0.6059705593864361,0.07243411373949493,0.15941010259486035,-0.627894083730293,-0.32579436040845805,-1.9252086770952315,-0.9858452414931969,0.692047289811426,-0.26297563995061557
Adam Obert,sk SVK,"DF,MF",Cagliari,it Serie A,22.0,2002.0,35,33,2771,30.8,0,3,3,0,0,0,10,1,10,3,40,13,0,69,44,32,0,30.0,0.0,0.0,1.2,-0.39,-0.25,,,,,,,,,,,,,,,DF,MF,True,Defender,True,True,True,0.0,0.0974377481053771,0.0974377481053771,0.0,0.0,0.0,0.3247924936845904,0.032479249368459,0.3247924936845904,0.0974377481053771,1.2991699747383616,0.4222302417899675,0.0,2.241068206423674,1.429086972212198,1.0393359797906891,0.0,-0.809444991619996,0.7473124665180163,-0.8221765122714052,-0.7593801792684919,-0.4944260734272117,0.7168096626198822,-0.7807173655540662,-0.027773882890848537,0.9373798571628525,0.6596687588032607,-0.807986293660309,1.0682858948877578
Rafel Obrador,es ESP,MF,Torino,it Serie A,21.0,2004.0,16,14,1116,12.4,1,3,4,1,0,0,1,0,7,2,7,5,1,58,12,8,0,28.6,0.14,0.5,1.38,-0.16,0.5,,,,,,,,,,,,,,,MF,,False,Midfielder,True,True,False,0.0806451612903225,0.2419354838709677,0.3225806451612903,0.0806451612903225,0.0,0.0,0.0806451612903225,0.0,0.5645161290322581,0.1612903225806451,0.5645161290322581,0.4032258064516129,0.0806451612903225,4.677419354838709,0.967741935483871,0.6451612903225806,0.0,-0.4266566573853287,1.1264362254067355,-0.3820437631764244,-1.0906092392227804,-0.9214369014138094,1.1884384372337828,-1.2743589380985014,-0.9509525763835813,0.46679649563953046,-1.2761508347956614,-0.3759119904983719,-0.9120959236861516
Jens Odgaard,dk DEN,MF,Bologna,it Serie A,26.0,1999.0,26,16,1378,15.3,5,1,6,5,0,0,1,0,35,13,28,28,5,15,4,12,0,37.1,0.14,0.38,1.5,0.07,-0.02,,,,,,,,,,,,,,,MF,,False,Midfielder,True,True,True,0.3265602322206096,0.0653120464441219,0.3918722786647314,0.3265602322206096,0.0,0.0,0.0653120464441219,0.0,2.285921625544267,0.8490566037735848,1.8287373004354135,1.8287373004354135,0.3265602322206096,0.9796806966618288,0.2612481857764877,0.7837445573294629,0.0,1.4257754774792735,-0.5401125076146192,1.6807333023948081,1.1790291571289677,1.2090597575786692,-0.7401634725782057,0.8844550892269984,-0.6204927128720505,-1.3220083240150236,1.2743236947475647,1.1103416340587384,-1.0396582599026851
Wilson Odobert,fr FRA,"MF,FW",Tottenham Hotspur,eng Premier League,20.0,2004.0,24,10,985,10.9,0,2,2,0,0,0,0,0,21,8,2,10,2,28,0,8,0,38.1,0.0,0.0,1.08,0.27,0.72,,,,,,,,,,,,,,,MF,FW,True,Midfielder,True,True,False,0.0,0.182741116751269,0.182741116751269,0.0,0.0,0.0,0.0,0.0,1.9187817258883249,0.7309644670050762,0.182741116751269,0.9137055837563453,0.182741116751269,2.5583756345177666,0.0,0.7309644670050762,0.0,-1.0341415412128914,0.5679016449312879,-1.0585089693537577,0.6949626110535227,0.8432452218584887,0.08322464475851693,-0.5012814086906768,-0.7463499092091589,-1.9834749173664092,-2.0463542350108312,0.24113227312656466,-1.5830153866876162
Ifechukwu Ogbus,ch SUI,DF,Freiburg,de Bundesliga,19.0,2005.0,18,14,1177,13.1,0,0,0,0,0,0,1,0,5,2,5,11,0,3,13,16,0,40.0,0.0,0.0,1.33,-1.15,-1.58,,,,,,,,,,,,,,,DF,,False,Defender,True,True,False,0.0,0.0,0.0,0.0,0.0,0.0,0.076465590484282,0.0,0.3823279524214104,0.1529311809685641,0.3823279524214104,0.8411214953271028,0.0,0.2293967714528462,0.9940526762956668,1.2234494477485132,0.0,-0.809444991619996,-0.8042256269931214,-0.8221765122714052,-0.5835799154771344,-0.07854346033442193,-0.6380667734638169,0.15856697844944906,0.44418576644042684,-0.24404465554709534,-1.7135518840099455,-0.807986293660309,-1.1107129578469757
Noah Okafor,ch SUI,"FW,MF",Leeds United,eng Premier League,25.0,2000.0,28,19,1561,17.3,8,1,9,8,0,0,3,0,35,15,18,14,0,36,12,15,0,42.9,0.23,0.53,1.32,0.17,0.66,,,,,,,,,,,,,,,FW,MF,True,Forward,True,True,True,0.461242793081358,0.0576553491351697,0.5188981422165279,0.461242793081358,0.0,0.0,0.1729660474055093,0.0,2.0179372197309418,0.8648302370275465,1.0377962844330555,0.8071748878923767,0.0,2.075592568866111,0.6918641896220372,0.8648302370275465,0.0,0.45025561196456537,-0.589742402812183,0.7616353111209386,-0.6244026670327782,-0.3999455946773047,0.6455070592886096,-0.9360603988037374,1.1222104889573052,2.084486401478033,-0.5885165342306812,-1.5878517589524646,0.2734039110586693
Bryan Okoh,ch SUI,DF,Auxerre,fr Ligue 1,22.0,2003.0,13,12,1005,11.2,3,0,3,3,0,0,2,0,8,3,13,8,0,0,26,9,0,37.5,0.38,1.0,1.38,0.09,0.57,,,,,,,,,,,,,,,DF,,False,Defender,True,True,False,0.2686567164179104,0.0,0.2686567164179104,0.2686567164179104,0.0,0.0,0.1791044776119403,0.0,0.7164179104477612,0.2686567164179104,1.164179104477612,0.7164179104477612,0.0,0.0,2.328358208955224,0.8059701492537313,0.0,4.182933986130169,-0.8042256269931214,4.439078870702959,0.43723583954681244,0.7887346228739341,-0.7925672921629087,-0.12105720546274899,-0.6259878906317418,3.3795346312477115,0.31024856197966744,-0.807986293660309,-0.21008554126483445
Olasagasti,es ESP,MF,Levante,es La Liga,24.0,2000.0,33,18,1734,19.3,1,5,6,1,0,0,2,1,28,9,20,33,0,106,14,15,0,32.1,0.04,0.11,1.12,-0.21,0.33,,,,,,,,,,,,,,,MF,,False,Midfielder,True,True,True,0.0519031141868512,0.2595155709342561,0.3114186851211072,0.0519031141868512,0.0,0.0,0.1038062283737024,0.0519031141868512,1.4532871972318335,0.4671280276816609,1.0380622837370244,1.71280276816609,0.0,5.501730103806228,0.7266435986159169,0.7785467128027682,0.0,-0.6431651107909995,1.2923149572928316,-0.6231368989420479,0.08121747217069165,0.025957913844444094,1.6183680325073224,0.7088822540932815,-0.6328872755775204,-0.14365174566298766,-0.3208058101611309,-0.8633126317738823,-0.7194097111286367
Michael Olise,fr FRA,MF,Bayern Munich,de Bundesliga,23.0,2001.0,32,23,2316,25.7,15,19,34,15,0,0,8,0,102,50,32,58,7,146,14,11,0,49.0,0.15,0.3,2.59,2.68,0.62,,,,,,,,,,,,,,,MF,,False,Midfielder,True,True,True,0.582901554404145,0.7383419689119172,1.3212435233160622,0.582901554404145,0.0,0.0,0.310880829015544,0.0,3.9637305699481864,1.9430051813471505,1.243523316062176,2.2538860103626943,0.272020725388601,5.6735751295336785,0.5440414507772021,0.4274611398963731,0.0,3.356746608732449,5.810331017405816,3.8309675208917384,3.3911863796297177,4.59778911719122,1.707995957962999,1.5283060876678316,-1.4700712517479857,-0.6059907292257644,0.09369692212371505,0.7807175105595767,1.0033269991833171
Mathías Olivera,uy URU,"DF,MF",Napoli,it Serie A,27.0,1997.0,25,15,1370,15.2,0,0,0,0,0,0,3,0,8,3,17,10,0,6,16,22,0,37.5,0.0,0.0,2.16,0.66,0.13,,,,,,,,,,,,,,,DF,MF,True,Defender,True,True,True,0.0,0.0,0.0,0.0,0.0,0.0,0.1970802919708029,0.0,0.5255474452554744,0.1970802919708029,1.1167883211678833,0.656934306569343,0.0,0.3941605839416058,1.0510948905109487,1.4452554744525548,0.0,-0.809444991619996,-0.8042256269931214,-0.8221765122714052,-0.14597108827610714,0.2523217736582449,-0.5270970578434474,-0.2544379274905289,1.0127671730259757,-0.08913486851247494,0.18757880809391533,-0.807986293660309,-0.05235281734269461
Dani Olmo,es ESP,MF,Barcelona,es La Liga,27.0,1998.0,33,24,2067,23.0,7,8,15,7,0,0,1,0,70,21,27,42,6,28,14,23,0,30.0,0.1,0.33,2.48,1.7,0.37,,,,,,,,,,,,,,,MF,,False,Midfielder,True,True,True,0.3047895500725689,0.3483309143686502,0.6531204644412192,0.3047895500725689,0.0,0.0,0.0435413642960812,0.0,3.04789550072569,0.9143686502177067,1.1756168359941943,1.8287373004354135,0.2612481857764877,1.2191582002902757,0.6095791001451378,1.0014513788098691,0.0,1.2617810095664623,2.130341327008069,1.4981171509449034,2.183676329240879,1.4113771734598475,-0.615260981204588,0.8844550892269984,-0.10135812999076067,-0.440052866213176,-0.043299476704264254,0.7156107808922142,-1.2207773021643296
Tani Oluwaseyi,ca CAN,FW,Villarreal,es La Liga,25.0,2000.0,27,9,901,10.0,2,2,4,2,0,0,1,0,16,7,11,8,10,3,1,5,0,43.8,0.13,0.29,1.78,0.5,-0.25,,,,,,,,,,,,,,,FW,,False,Forward,True,True,False,0.1997780244173141,0.1997780244173141,0.3995560488346282,0.1997780244173141,0.0,0.0,0.099889012208657,0.0,1.5982241953385128,0.6992230854605994,1.0987791342952276,0.7991120976692564,0.9988901220865704,0.2996670366259711,0.099889012208657,0.4994450610432852,0.0,-0.8958879164215163,0.8490014380556743,-0.7719757861673116,-1.1727987562830169,-0.8260965569810584,-0.5839555490242296,-0.9482185208359056,0.008183712385729501,-0.8243888240634847,-0.4820323586577297,1.5098544412976511,-0.45504379799025146
Warmed Omari,km COM,DF,Hamburger SV,de Bundesliga,25.0,2000.0,20,17,1605,17.8,0,1,1,0,0,0,0,0,3,1,16,11,0,4,28,19,0,33.3,0.0,0.0,1.1,-0.5,-0.2,,,,,,,,,,,,,,,DF,,False,Defender,True,True,True,0.0,0.0560747663551401,0.0560747663551401,0.0,0.0,0.0,0.0,0.0,0.1682242990654205,0.0560747663551401,0.897196261682243,0.616822429906542,0.0,0.2242990654205607,1.5700934579439252,1.0654205607476637,0.0,-0.809444991619996,0.0886740733431937,-0.8221765122714052,-1.2377761201315156,-0.8044113103832303,-0.6415001183237968,-0.3443812181174574,0.03909178325491699,1.3203117782969762,-0.3808292664533369,-0.807986293660309,-1.7816770450708828
Andrew Omobamidele,ie IRL,DF,Strasbourg,fr Ligue 1,23.0,2002.0,25,13,1357,15.1,1,0,1,1,0,0,4,0,4,3,13,10,0,0,16,4,0,75.0,0.25,0.33,1.56,0.27,-0.1,,,,,,,,,,,,,,,DF,,False,Defender,True,True,True,0.0663227708179808,0.0,0.0663227708179808,0.0663227708179808,0.0,0.0,0.2652910832719233,0.0,0.2652910832719233,0.1989683124539425,0.862196020633751,0.6632277081798084,0.0,0.0,1.0611643330876934,0.2652910832719233,0.0,0.42301407805303615,-0.8042256269931214,0.4766595623759131,-0.9411874312859432,0.26647110361655946,-0.7925672921629087,-0.24032616565897624,-2.0119739633072666,-0.06178923990076221,-0.4714264386355304,-0.807986293660309,0.5461777247523719
Amadou Onana,be BEL,MF,Aston Villa,eng Premier League,23.0,2001.0,25,21,1758,19.5,2,0,2,2,0,0,3,0,19,7,20,25,0,0,19,30,0,36.8,0.11,0.29,1.96,0.1,-0.17,,,,,,,,,,,,,,,MF,,False,Midfielder,True,True,True,0.1023890784982935,0.0,0.1023890784982935,0.1023890784982935,0.0,0.0,0.1535836177474402,0.0,0.9726962457337884,0.3583617747440272,1.023890784982935,1.2798634812286689,0.0,0.0,0.9726962457337884,1.5358361774744027,0.0,-0.2628638047492275,-1.1563710848352395,-0.1996521205552314,-0.552431995470342,-0.31096779017935217,-1.2511282100157324,0.05323309969128596,1.1729135150885024,0.47934054724194997,-0.34939578115302794,-0.8633126317738823,-0.3052916312104234
Fredrik Oppegard,no NOR,"MF,DF",Auxerre,fr Ligue 1,22.0,2002.0,23,15,1246,13.8,0,0,0,0,0,0,1,1,10,2,8,8,2,48,14,20,0,20.0,0.0,0.0,0.78,-0.51,-0.36,,,,,,,,,,,,,,,MF,DF,True,Midfielder,True,True,False,0.0,0.0,0.0,0.0,0.0,0.0,0.0722311396468699,0.0722311396468699,0.7223113964686998,0.1444622792937399,0.5778491171749599,0.5778491171749599,0.1444622792937399,3.467094703049759,1.0112359550561798,1.4446227929373996,0.0,-1.0341415412128914,-1.1563710848352395,-1.0585089693537577,-0.8825593645929986,-0.9735652057237363,0.5571784562800285,-1.0099070173117688,0.9554098924972851,0.5769210535274378,-1.2492524981518285,0.009783862067963525,-0.9820955466317298
Louis Oppie,de GER,MF,St Pauli,de Bundesliga,23.0,2002.0,23,17,1620,18.0,1,0,1,1,0,0,0,0,15,4,15,15,4,58,11,19,0,26.7,0.07,0.25,0.57,-1.11,-0.42,,,,,,,,,,,,,,,MF,,False,Midfielder,True,True,True,0.0555555555555555,0.0,0.0555555555555555,0.0555555555555555,0.0,0.0,0.0,0.0,0.8333333333333333,0.2222222222222222,0.8333333333333333,0.8333333333333333,0.2222222222222222,3.2222222222222223,0.6111111111111112,1.0555555555555556,0.0,-0.615651954576126,-1.1563710848352395,-0.5924996050982614,-0.7361791820875492,-0.7326878857056259,0.42946214697837837,-0.6229982397040982,0.027656427458627307,-0.43617389544969537,-0.7338316202614262,0.47974691307419226,-1.5830153866876162
Gift Orban,ng NGA,FW,Hellas Verona,it Serie A,23.0,2002.0,28,23,2027,22.5,7,2,9,5,2,2,4,1,85,28,22,20,20,14,3,3,0,32.9,0.06,0.18,0.5,-0.84,0.25,,,,,,,,,,,,,,,FW,,False,Forward,True,True,True,0.3108041440552541,0.0888011840157868,0.399605328071041,0.2220029600394671,0.0888011840157868,0.0888011840157868,0.1776023680315737,0.0444005920078934,3.774050320670942,1.2432165762210163,0.9768130241736556,0.8880118401578687,0.8880118401578687,0.6216082881105082,0.1332017760236803,0.1332017760236803,0.0,-0.3242732656366942,-0.274445227226262,-0.6416163190742676,1.6701307423859497,0.573742443817254,-0.36107754902475847,-0.8141639456957134,-1.108459362014612,-0.6606950121383784,-0.6950014264118358,1.166004468403583,0.3196197588879521
Willi Orban,hu HUN,DF,RB Leipzig,de Bundesliga,32.0,1992.0,33,33,2949,32.8,2,0,2,2,0,0,4,0,20,9,20,23,2,8,45,33,0,45.0,0.1,0.22,1.88,0.52,-1.1,,,,,,,,,,,,,,,DF,,False,Defender,True,True,True,0.0610376398779247,0.0,0.0610376398779247,0.0610376398779247,0.0,0.0,0.1220752797558494,0.0,0.6103763987792472,0.2746693794506612,0.6103763987792472,0.7019328585961343,0.0610376398779247,0.2441505595116989,1.3733468972533065,1.007121057985758,0.0,0.3248018429315844,-0.8042256269931214,0.3731578745013392,0.11322476648954691,0.8337951261567585,-0.6281299818802538,-0.15353719236012658,-0.11035417083465453,0.7860062953199047,-1.123254682001023,-0.014479209829889272,-0.7105007403404127
Christian Ordoñez,ar ARG,MF,Parma,it Serie A,21.0,2004.0,28,12,1091,12.1,1,0,1,1,0,0,5,1,10,2,16,11,0,12,9,13,0,20.0,0.1,0.5,1.29,-0.41,0.09,,,,,,,,,,,,,,,MF,,False,Midfielder,True,True,False,0.0824931255728689,0.0,0.0824931255728689,0.0824931255728689,0.0,0.0,0.4124656278643446,0.0824931255728689,0.8249312557286893,0.1649862511457378,1.319890009165903,0.9074243813015582,0.0,0.989917506874427,0.7424381301558203,1.0724106324472962,0.0,-0.4127362888283263,-1.1563710848352395,-0.3665427272878507,-0.7472571517926924,-0.909988007108978,-0.7348243360000317,-0.5107937472618449,0.06784833900336194,-0.1036608269118068,0.24776118720031076,-0.8633126317738823,1.8484517109734073
Aimar Oroz,es ESP,"MF,FW",Osasuna,es La Liga,23.0,2001.0,31,26,2139,23.8,0,2,2,0,0,0,6,0,29,4,33,67,1,32,8,18,0,13.8,0.0,0.0,1.23,-0.17,-0.03,,,,,,,,,,,,,,,MF,FW,True,Midfielder,True,True,True,0.0,0.0841514726507713,0.0841514726507713,0.0,0.0,0.0,0.2524544179523141,0.0,1.2201963534361853,0.1683029453015427,1.3884992987377278,2.8190743338008417,0.0420757363253856,1.3464235624123422,0.3366058906030855,0.7573632538569425,0.0,-1.0341415412128914,-0.36235115083803143,-1.0585089693537577,-0.22610809986249852,-0.899713868915425,-0.5488841376440579,2.384234984676585,-0.6834004659729529,-1.131206599799126,0.38617545323319036,-0.6090166450214423,0.5172542366213184
Riccardo Orsolini,it ITA,"MF,FW",Bologna,it Serie A,28.0,1997.0,35,26,2111,23.5,10,1,11,6,4,6,2,0,82,31,21,44,18,41,7,15,0,37.8,0.07,0.19,1.54,0.04,-0.09,,,,,,,,,,,,,,,MF,FW,True,Midfielder,True,True,True,0.4263382283278067,0.0426338228327806,0.4689720511605874,0.255802936996684,0.1705352913311227,0.255802936996684,0.0852676456655613,0.0,3.4959734722880147,1.3216485078162008,0.895310279488394,1.8758882046423495,0.7674088109900521,1.7479867361440071,0.2984367598294647,0.63950734249171,0.0,2.1773844197134973,-0.7540952348068106,1.0872091834474868,2.7744580891910484,2.6730097943313917,-0.339443834972455,0.9558610609309145,-0.9644347439557892,-1.2278488207928107,-0.6087976260815057,3.7747281460292745,-0.8736396209750298
Patrick Osterhage,de GER,MF,Freiburg,de Bundesliga,25.0,2000.0,20,13,1189,13.2,1,0,1,1,0,0,4,0,7,2,13,13,2,9,15,7,0,28.6,0.14,0.5,1.7,-0.15,0.04,,,,,,,,,,,,,,,MF,,False,Midfielder,True,True,False,0.0756938603868797,0.0,0.0756938603868797,0.0756938603868797,0.0,0.0,0.3027754415475189,0.0,0.5298570227081582,0.1513877207737594,0.9840201850294364,0.9840201850294364,0.1513877207737594,0.6812447434819175,1.135407905803196,0.5298570227081582,0.0,-0.46395387901645707,-1.1563710848352395,-0.4235761097289432,-1.1363065712318896,-0.9521122349418052,-0.8958164817454657,-0.3947960185729639,-1.2259023113776828,0.8913178674471198,-0.4298318250662471,0.051639623337084876,0.9358950278107364
Abdoul Ouattara,fr FRA,"MF,DF",Strasbourg,fr Ligue 1,19.0,2005.0,28,19,1768,19.6,2,0,2,2,0,0,2,0,27,11,12,11,1,19,20,13,0,40.7,0.07,0.18,1.79,0.51,0.44,,,,,,,,,,,,,,,MF,DF,True,Midfielder,True,True,True,0.1018099547511312,0.0,0.1018099547511312,0.1018099547511312,0.0,0.0,0.1018099547511312,0.0,1.3744343891402715,0.5599547511312217,0.6108597285067874,0.5599547511312217,0.0509049773755656,0.9671945701357466,1.0180995475113122,0.6617647058823529,0.0,-0.2672262353853343,-1.1563710848352395,-0.204509908161558,-0.022748363460364997,0.31350766669286606,-0.746675768251429,-1.0370064890370791,-0.9113607659275968,0.5942993067235497,-1.1826559837831983,-0.5556547609235033,-0.7360175125816941
Dango Ouattara,bf BFA,MF,Brentford,eng Premier League,23.0,2002.0,32,25,2276,25.3,7,3,10,7,0,0,5,0,56,20,27,39,8,107,24,14,0,35.7,0.13,0.35,1.25,0.0,-0.24,,,,,,,,,,,,,,,MF,,False,Midfielder,True,True,True,0.2768014059753954,0.1186291739894551,0.3954305799648506,0.2768014059753954,0.0,0.0,0.1977152899824253,0.0,2.2144112478031635,0.7908611599297013,1.067662565905097,1.5421792618629175,0.3163444639718805,4.231107205623902,0.9490333919156416,0.5536028119507909,0.0,1.0509515661952473,-0.037033229725378765,1.263347880671432,1.0847441676899938,1.0287874731291842,0.9556587459366277,0.4504876916128646,-1.1692790953027992,0.4194274525058483,-0.26108938755671424,1.0485999013138865,0.06185746197151236
Kassoum Ouattara,fr FRA,"MF,DF",Monaco,fr Ligue 1,20.0,2004.0,15,12,967,10.7,0,3,3,0,0,0,3,0,12,0,22,10,1,50,19,19,0,0.0,0.0,,1.4,-0.19,-0.53,,,,,,,,,,,,,,,MF,DF,True,Midfielder,True,True,False,0.0,0.2792140641158221,0.2792140641158221,0.0,0.0,0.0,0.2792140641158221,0.0,1.1168562564632885,0.0,2.047569803516029,0.9307135470527405,0.093071354705274,4.653567735263702,1.7683557394002067,1.7683557394002067,0.0,-1.0341415412128914,1.4781821294667716,-1.0585089693537577,-0.36235993154750523,-1.421066648876647,1.175998326312816,-0.475524317362087,1.7273699394268478,2.493908316120142,1.7158023995566578,-0.3008109609740168,0.7398784728045307
Assan Ouedraogo,de GER,MF,RB Leipzig,de Bundesliga,19.0,2006.0,19,13,948,10.5,4,3,7,4,0,0,0,0,27,13,4,22,1,4,3,6,0,48.1,0.15,0.31,2.26,1.42,1.25,,,,,,,,,,,,,,,MF,,False,Midfielder,True,True,False,0.3797468354430379,0.2848101265822785,0.6645569620253164,0.3797468354430379,0.0,0.0,0.0,0.0,2.5632911392405062,1.2341772151898736,0.3797468354430379,2.088607594936709,0.0949367088607594,0.3797468354430379,0.2848101265822785,0.569620253164557,0.0,1.8264201902282922,1.530984356335694,2.1268714951774847,1.5447352615523449,2.4020495832915243,-1.0530664918191328,1.2780062036320994,-1.131084574769218,-1.2623507356906105,-1.6489094847856487,-0.28953719331030664,-1.5830153866876162
Azzedine Ounahi,ma MAR,MF,Girona,es La Liga,25.0,2000.0,24,20,1760,19.6,5,2,7,4,1,1,6,0,51,19,18,63,1,41,16,15,0,37.3,0.08,0.21,1.0,-0.05,0.76,,,,,,,,,,,,,,,MF,,False,Midfielder,True,True,True,0.2556818181818182,0.1022727272727272,0.3579545454545454,0.2045454545454545,0.0511363636363636,0.0511363636363636,0.3068181818181818,0.0,2.6079545454545454,0.9715909090909092,0.9204545454545454,3.221590909090909,0.0511363636363636,2.096590909090909,0.8181818181818181,0.7670454545454545,0.0,0.8918616700131331,-0.19136617641476875,0.6572527808596618,1.6036230610049658,1.5886348185102892,-0.1576249624496192,2.9938115700878933,-0.6603126950816949,0.08811818635679411,-0.558070893005558,-0.5542563160560018,0.9695282066406863
Elisha Owusu,gh GHA,MF,Auxerre,fr Ligue 1,27.0,1997.0,29,27,2344,26.0,0,0,0,0,0,0,7,0,7,0,48,22,0,1,21,51,0,0.0,0.0,,1.0,-0.19,0.44,,,,,,,,,,,,,,,MF,,False,Midfielder,True,True,True,0.0,0.0,0.0,0.0,0.0,0.0,0.2687713310580205,0.0,0.2687713310580205,0.0,1.8430034129692832,0.8447098976109215,0.0,0.03839590443686,0.8063139931740614,1.9581911262798637,0.0,-1.0341415412128914,-1.1563710848352395,-1.0585089693537577,-1.4805427850164385,-1.421066648876647,-1.2311023451639431,-0.6057694157704576,2.1800434648301326,0.058069480927362,1.3031045421785945,-0.8633126317738823,0.6530011853974724
Mikel Oyarzabal,es ESP,FW,Real Sociedad,es La Liga,28.0,1997.0,34,30,2710,30.1,15,4,19,8,7,7,3,0,79,36,28,42,14,21,5,20,0,45.6,0.1,0.22,1.32,0.1,0.73,,,,,,,,,,,,,,,FW,,False,Forward,True,True,True,0.4981549815498154,0.1328413284132841,0.6309963099630996,0.2656826568265683,0.2324723247232472,0.2324723247232472,0.0996309963099631,0.0,2.623616236162362,1.1955719557195572,0.929889298892989,1.3948339483394834,0.4649446494464945,0.6974169741697417,0.1660516605166051,0.6642066420664207,0.0,0.6402969084622468,0.17138430966531445,-0.38541481222820856,0.1669761671902975,0.4511402452818477,-0.30859564975413556,-0.04991176135844206,0.5105270614709873,-0.49927571820632577,-0.7769364985282814,-0.14598954456298244,-0.45761575633250595
Cenk Özkacar,tr TUR,DF,Köln,de Bundesliga,24.0,2000.0,25,20,1791,19.9,0,0,0,0,0,0,2,0,11,4,11,5,1,3,24,26,0,36.4,0.0,0.0,1.0,-0.7,-0.7,,,,,,,,,,,,,,,DF,,False,Defender,True,True,True,0.0,0.0,0.0,0.0,0.0,0.0,0.100502512562814,0.0,0.5527638190954774,0.2010050251256281,0.5527638190954774,0.2512562814070351,0.050251256281407,0.1507537688442211,1.206030150753769,1.306532663316583,0.0,-0.809444991619996,-0.8042256269931214,-0.8221765122714052,-0.06281114125278052,0.2817347725647045,-0.6910334504494352,-1.1640941079995346,0.6571627187500945,0.33162348560377863,-1.2723832778366713,-0.15470533603442768,-0.8997957154644742
Nico O’Reilly,eng ENG,"DF,MF",Manchester City,eng Premier League,20.0,2005.0,34,29,2646,29.4,5,3,8,5,0,0,5,0,41,15,45,18,1,38,20,36,0,36.6,0.12,0.33,2.18,1.29,0.83,,,,,,,,,,,,,,,DF,MF,True,Defender,True,True,True,0.1700680272108843,0.1020408163265306,0.272108843537415,0.1700680272108843,0.0,0.0,0.1700680272108843,0.0,1.3945578231292517,0.5102040816326531,1.530612244897959,0.6122448979591837,0.0340136054421768,1.2925170068027212,0.6802721088435374,1.2244897959183674,0.0,2.3508856159882905,0.8206088617141208,2.5083611923703395,2.5093002352124514,2.5989551165104934,0.07795301513560211,-0.354645467026986,0.44685261293934403,-1.0961798951814201,1.2587507814337942,-0.3657995230223832,-0.2893778563661605
Jon Pacheco,es ESP,DF,Alavés,es La Liga,24.0,2001.0,22,20,1735,19.3,0,0,0,0,0,0,5,1,4,1,14,7,1,4,11,16,0,25.0,0.0,0.0,1.14,-0.62,-0.62,,,,,,,,,,,,,,,DF,,False,Defender,True,True,True,0.0,0.0,0.0,0.0,0.0,0.0,0.2593659942363112,0.0518731988472622,0.207492795389049,0.0518731988472622,0.7262247838616714,0.3631123919308357,0.0518731988472622,0.207492795389049,0.5706051873198847,0.829971181556196,0.0,-0.809444991619996,-0.8042256269931214,-0.8221765122714052,-1.117790772591982,-0.8358989798984674,-0.6528192725595804,-0.9132779534272867,-0.564463229156924,-1.3940028267011464,-0.8233842875143068,-0.13361961060097002,0.4941867320545903
Willian Pacho,ec ECU,DF,Paris Saint-Germain,fr Ligue 1,23.0,2001.0,23,21,1914,21.3,0,0,0,0,0,0,0,0,8,1,6,7,2,0,26,26,0,12.5,0.0,0.0,2.09,1.18,-0.4,,,,,,,,,,,,,,,DF,,False,Defender,True,True,True,0.0,0.0,0.0,0.0,0.0,0.0,0.0,0.0,0.3761755485893417,0.0470219435736677,0.2821316614420062,0.329153605015674,0.0940438871473354,0.0,1.2225705329153604,1.2225705329153604,0.0,-0.809444991619996,-0.8042256269931214,-0.8221765122714052,-0.6023786569901912,-0.8722555831191892,-0.7925672921629087,-0.9894241050153746,0.4419327409499622,0.376542272740147,-1.9729072585429834,0.41461161136367636,-1.7816770450708828
Pablo Pagis,fr FRA,"MF,FW",Lorient,fr Ligue 1,22.0,2002.0,28,22,1756,19.5,10,5,15,8,2,2,1,0,59,19,23,29,2,99,18,17,0,32.2,0.14,0.42,1.43,0.1,0.45,,,,,,,,,,,,,,,MF,FW,True,Midfielder,True,True,True,0.5125284738041003,0.2562642369020501,0.7687927107061504,0.4100227790432801,0.10250569476082,0.10250569476082,0.05125284738041,0.0,3.0239179954441915,0.9738041002277904,1.1788154897494303,1.486332574031891,0.10250569476082,5.074031890660592,0.9225512528473804,0.8712984054669705,0.0,2.8266393833404155,1.2616366583595635,2.3808312133063994,2.152062472572079,1.5954906305088923,1.3952966726988567,0.3659127067192959,-0.4117154677520233,0.3523760765811664,-0.03684642472562785,-0.2437919988997707,-1.1566223794497832
Igor Paixão,br BRA,MF,Marseille,fr Ligue 1,25.0,2000.0,30,22,1975,21.9,6,5,11,6,0,0,3,0,57,23,21,34,9,57,17,12,0,40.4,0.11,0.26,1.83,0.55,0.05,,,,,,,,,,,,,,,MF,,False,Midfielder,True,True,True,0.2734177215189873,0.2278481012658227,0.5012658227848101,0.2734177215189873,0.0,0.0,0.1367088607594936,0.0,2.59746835443038,1.0481012658227848,0.9569620253164556,1.549367088607595,0.410126582278481,2.59746835443038,0.7746835443037975,0.5468354430379747,0.0,1.0254629054247608,0.9935132681015062,1.2349649651087373,1.5897972298291332,1.825641289826169,0.10361394244900951,0.4613730343602809,-1.185416280228237,-0.02201714320823676,-0.48441969997714984,1.615397262388767,-0.4456795071286771
Exequiel Palacios,ar ARG,MF,Leverkusen,de Bundesliga,26.0,1998.0,18,12,1099,12.2,0,1,1,0,0,0,3,0,10,2,6,18,0,2,10,9,0,20.0,0.0,0.0,1.89,0.82,0.31,,,,,,,,,,,,,,,MF,,False,Midfielder,True,True,False,0.0,0.0818926296633303,0.0818926296633303,0.0,0.0,0.0,0.2456778889899909,0.0,0.818926296633303,0.1637852593266606,0.4913557779799818,1.4740673339399455,0.0,0.1637852593266606,0.818926296633303,0.7370336669699727,0.0,-1.0341415412128914,-0.3836646977469639,-1.0585089693537577,-0.755174569135106,-0.9137083247924549,-1.1657039566716123,0.34733806002528067,-0.7318775487623216,0.09000316643297541,-1.4237465373135776,-0.8633126317738823,0.46087757248336303
Isaac Palazón Camacho,es ESP,"MF,FW",Rayo Vallecano,es La Liga,30.0,1994.0,31,27,2248,25.0,3,3,6,1,2,3,10,1,52,15,36,51,6,105,3,12,0,28.8,0.02,0.07,1.23,-0.28,-0.59,,,,,,,,,,,,,,,MF,FW,True,Midfielder,True,True,True,0.1201067615658363,0.1201067615658363,0.2402135231316726,0.040035587188612,0.0800711743772241,0.1201067615658363,0.400355871886121,0.040035587188612,2.0818505338078293,0.6005338078291815,1.4412811387900355,2.0418149466192173,0.2402135231316726,4.2037366548042705,0.1201067615658363,0.4804270462633452,0.0,-0.12939981921347768,-0.023091299145717805,-0.7226837157532671,0.9099655423508513,0.43920959056461345,0.9413832923518759,1.2071427795279528,-1.3437709662458053,-1.6793709475138037,0.492658987697672,0.5884821609222126,1.747705790846349
Marco Palestra,it ITA,"MF,DF",Cagliari,it Serie A,20.0,2005.0,37,34,3081,34.2,1,4,5,1,0,0,3,0,29,7,41,108,8,106,19,35,0,24.1,0.03,0.14,1.14,-0.44,-0.97,,,,,,,,,,,,,,,MF,DF,True,Midfielder,True,True,True,0.0292112950340798,0.1168451801363193,0.1460564751703992,0.0292112950340798,0.0,0.0,0.0876338851022395,0.0,0.8471275559883155,0.2044790652385589,1.1976630963972736,3.1548198636806233,0.2336903602726387,3.096397273612464,0.555014605647517,1.0223953261927945,0.0,-0.8140983311020314,-0.05386628845742149,-0.8134797028513547,-0.717991777987231,-0.7876509417718612,0.36383656912577295,2.8926925892453923,-0.05141606885281328,-0.5782072812802375,0.0011772548215362906,0.5490576782903049,-0.8539539254318859
João Palhinha,pt POR,MF,Tottenham Hotspur,eng Premier League,30.0,1995.0,33,23,2199,24.4,5,2,7,5,0,0,8,0,33,9,28,36,0,4,28,61,0,27.3,0.15,0.56,1.15,-0.25,-0.02,,,,,,,,,,,,,,,MF,,False,Midfielder,True,True,True,0.2046384720327421,0.0818553888130968,0.286493860845839,0.2046384720327421,0.0,0.0,0.3274215552523874,0.0,1.3506139154160983,0.3683492496589358,1.145975443383356,1.4733969986357434,0.0,0.1637107776261937,1.145975443383356,2.4965893587994543,0.0,0.5073617110644175,-0.38401608764559486,0.6580330272217414,-0.054155177190899746,-0.2800295448482835,-1.165742803535343,0.346322895108105,3.463885376454554,0.9180743138602694,-0.10309883664555214,-0.8633126317738823,1.140935939222835
Cole Palmer,eng ENG,MF,Chelsea,eng Premier League,23.0,2002.0,26,24,1955,21.7,10,1,11,5,5,6,5,0,64,25,13,37,2,35,13,12,0,39.1,0.08,0.2,1.04,-0.05,-0.48,,,,,,,,,,,,,,,MF,,False,Midfielder,True,True,True,0.4603580562659847,0.0460358056265984,0.5063938618925832,0.2301790281329923,0.2301790281329923,0.2762148337595908,0.2301790281329923,0.0,2.9462915601023014,1.1508951406649617,0.59846547314578,1.7033248081841432,0.0920716112531969,1.6112531969309465,0.59846547314578,0.5524296675191817,0.0,2.433649406876933,-0.7219954738838259,0.8722715168199113,2.049713584654118,2.1440663317405337,-0.4107589248797761,0.694528702371103,-1.1720765264582476,-0.46819198216222463,-1.207660495118678,-0.30685317840971854,0.33193632868229495
Emerson Palmieri,it ITA,"DF,MF",Marseille,fr Ligue 1,30.0,1994.0,28,23,2114,23.5,0,3,3,0,0,0,3,0,15,2,16,17,2,122,33,32,0,13.3,0.0,0.0,1.75,0.38,-0.47,,,,,,,,,,,,,,,DF,MF,True,Defender,True,True,True,0.0,0.1277199621570482,0.1277199621570482,0.0,0.0,0.0,0.1277199621570482,0.0,0.6385998107852413,0.0851466414380321,0.6811731315042573,0.7237464522232735,0.0851466414380321,5.193945127719962,1.4049195837275308,1.3623462630085146,0.0,-0.809444991619996,1.2295076072166051,-0.8221765122714052,0.19946173034937767,-0.5865389108366378,2.7055953508641144,-0.10462433775307686,0.8002362658985,0.8717483760773979,-0.9399992645386674,0.2989448275392685,-0.6609702371297205
Joaquín Panichelli,ar ARG,FW,Strasbourg,fr Ligue 1,22.0,2002.0,27,24,2193,24.4,16,1,17,11,5,6,3,0,58,31,43,44,14,0,13,10,0,53.4,0.19,0.35,1.48,0.41,0.31,,,,,,,,,,,,,,,FW,,False,Forward,True,True,True,0.6566347469220246,0.0410396716826265,0.6976744186046512,0.4514363885088919,0.2051983584131327,0.2462380300957592,0.1231190150478796,0.0,2.3803009575923393,1.2722298221614228,1.7647058823529411,1.8057455540355676,0.5745554035567715,0.0,0.533515731874145,0.4103967168262654,0.0,1.4562252326719998,-0.757947114335066,0.7041162390345722,-0.1509390259724327,0.648401192307723,-0.7914132434979451,0.5697141135851087,-0.26331673806329403,1.3063863673546423,0.6807644099283244,0.19392963685031514,-0.22348210006629796
Lucas Paquetá,br BRA,"MF,FW",West Ham United,eng Premier League,27.0,1997.0,18,18,1511,16.8,4,1,5,2,2,2,7,1,23,11,27,30,5,36,7,22,0,47.8,0.09,0.18,0.67,-0.83,-0.6,,,,,,,,,,,,,,,MF,FW,True,Midfielder,True,True,True,0.2382528127068166,0.0595632031767041,0.2978160158835208,0.1191264063534083,0.1191264063534083,0.1191264063534083,0.4169424222369292,0.0595632031767041,1.369953673064196,0.6551952349437459,1.6082064857710126,1.7868960953011253,0.2978160158835208,2.14427531436135,0.4169424222369292,1.3103904698874915,0.0,0.7605722386721131,-0.5943563135513125,-0.059256593319469766,-0.028656097152407814,0.6085345357209038,-0.1327545636534633,0.8210901981368031,0.6353251080066336,-0.927798749353923,0.8294187694830228,0.9366182605605656,1.8856959600810455
Victor Parada,es ESP,DF,Alavés,es La Liga,23.0,2002.0,30,25,2146,23.8,0,3,3,0,0,0,9,1,12,3,29,15,4,31,9,14,0,25.0,0.0,0.0,1.23,-0.34,-0.05,,,,,,,,,,,,,,,DF,,False,Defender,True,True,True,0.0,0.1258154706430568,0.1258154706430568,0.0,0.0,0.0,0.3774464119291705,0.0419384902143522,0.5032618825722274,0.1258154706430568,1.2162162162162162,0.6290773532152842,0.1677539608574091,1.3000931966449207,0.3774464119291705,0.587138863000932,0.0,-0.809444991619996,1.1991816689618466,-0.8221765122714052,-0.21406488442318544,-0.2817558385241298,0.0830556382151219,-0.3169018723357846,-1.1869437960750198,-1.9185649456735079,0.44494521065459125,1.3728640234095029,1.5303092438214065
Aitor Paredes,es ESP,DF,Athletic Club,es La Liga,25.0,2000.0,19,18,1630,18.1,2,0,2,2,0,0,4,0,13,4,19,7,0,1,26,12,0,30.8,0.15,0.5,1.32,-0.11,0.54,,,,,,,,,,,,,,,DF,,False,Defender,True,True,True,0.1104294478527607,0.0,0.1104294478527607,0.1104294478527607,0.0,0.0,0.2208588957055214,0.0,0.7177914110429449,0.2208588957055214,1.049079754601227,0.3865030674846626,0.0,0.0552147239263803,1.4355828220858895,0.6625766871165644,0.0,1.242637164878538,-0.8042256269931214,1.3404253936137622,0.4414325866007533,0.43052498341953704,-0.7553797440015936,-0.8608287911259601,-0.9935651724966283,0.9550206646663039,0.012317024755049642,-0.807986293660309,0.15629775410099217
Daniel Parejo,es ESP,MF,Villarreal,es La Liga,36.0,1989.0,32,16,1392,15.5,1,0,1,0,1,1,3,0,3,1,16,27,0,39,14,29,0,33.3,0.0,0.0,1.84,0.19,-0.83,,,,,,,,,,,,,,,MF,,False,Midfielder,True,True,True,0.0646551724137931,0.0,0.0646551724137931,0.0,0.0646551724137931,0.0646551724137931,0.1939655172413793,0.0,0.1939655172413793,0.0646551724137931,1.0344827586206895,1.745689655172414,0.0,2.521551724137931,0.9051724137931034,1.875,0.0,-0.5471062464201036,-1.1563710848352395,-1.0585089693537577,-1.5791727403945348,-1.220784034591975,0.06401867309574097,0.7586866038189439,1.9816693838204171,0.30837377497104285,-0.32802724248925713,-0.8633126317738823,0.030661597600391038
Fabiano Parisi,it ITA,"MF,FW",Fiorentina,it Serie A,24.0,2000.0,23,18,1520,16.9,1,1,2,1,0,0,6,0,24,7,14,66,1,39,17,14,1,29.2,0.04,0.14,1.26,0.06,0.53,,,,,,,,,,,,,,,MF,FW,True,Midfielder,True,True,True,0.0592105263157894,0.0592105263157894,0.1184210526315789,0.0592105263157894,0.0,0.0,0.3552631578947368,0.0,1.4210526315789471,0.4144736842105262,0.8289473684210525,3.9078947368421058,0.0592105263157894,2.3092105263157894,1.006578947368421,0.8289473684210525,0.0592105263157894,-0.5881197449289703,-0.5976840325918094,-0.5618410942919788,0.038716848091267,-0.1371496794096441,-0.046730538113646324,4.033159436877737,-0.5127039797422247,0.5651297562930582,-0.7426799863933006,-0.5054579504163365,1.3725614055872597
Thomas Partey,gh GHA,MF,Villarreal,es La Liga,32.0,1993.0,25,8,934,10.4,0,0,0,0,0,0,1,0,11,2,11,6,0,3,13,6,0,18.2,0.0,0.0,2.08,0.19,-0.68,,,,,,,,,,,,,,,MF,,False,Midfielder,True,True,False,0.0,0.0,0.0,0.0,0.0,0.0,0.0963597430406852,0.0,1.0599571734475377,0.1927194860813704,1.0599571734475377,0.5781584582441114,0.0,0.2890792291220557,1.2526766595289078,0.5781584582441114,0.0,-1.0341415412128914,-1.1563710848352395,-1.0585089693537577,-0.4373802238559843,-0.8240786422722284,-1.100355317469927,-1.009438546982255,-1.1107247279697996,1.1882361515031634,-0.27663445802988706,-0.8633126317738823,-0.7813600111955015
Mario Pašalić,hr CRO,MF,Atalanta,it Serie A,30.0,1995.0,33,21,1936,21.5,3,4,7,3,0,0,3,0,24,6,22,6,1,11,13,18,0,25.0,0.13,0.5,1.39,-0.09,-1.12,,,,,,,,,,,,,,,MF,,False,Midfielder,True,True,True,0.1394628099173553,0.1859504132231405,0.3254132231404958,0.1394628099173553,0.0,0.0,0.1394628099173553,0.0,1.115702479338843,0.2789256198347107,1.0227272727272727,0.2789256198347107,0.0464876033057851,0.5113636363636364,0.6043388429752067,0.8367768595041323,0.0,0.016405664910394184,0.5981832941110722,0.11132858760993701,-0.36388116339426047,-0.5570375194832683,-0.9844201008532659,-1.4626008341479169,-0.49403410270324005,-0.45332092029813376,-0.35174308274866933,-0.5823523447576271,-0.4227682988111158
Benjamin Pavard,fr FRA,DF,Marseille,fr Ligue 1,29.0,1996.0,27,22,1928,21.4,1,2,3,1,0,0,6,0,11,3,22,15,4,17,24,12,1,27.3,0.09,0.33,1.93,0.75,0.59,,,,,,,,,,,,,,,DF,,False,Defender,True,True,True,0.0466804979253112,0.0933609958506224,0.1400414937759336,0.0466804979253112,0.0,0.0,0.2800829875518672,0.0,0.5134854771784232,0.1400414937759336,1.0269709543568464,0.700207468879668,0.1867219917012448,0.7935684647302904,1.120331950207469,0.5601659751037344,0.0466804979253112,0.0580067498459301,0.6823967993966998,0.09199389918938934,-0.18282657211761358,-0.17514222013426697,-0.25809272808093653,-0.15740605219975506,-1.2560865636010181,0.09889251296350263,-0.04491100346643506,1.619453945152874,0.6759725316797583
Aleksandar Pavlovic,de GER,MF,Bayern Munich,de Bundesliga,21.0,2004.0,24,16,1462,16.2,3,1,4,3,0,0,2,0,10,5,19,10,0,15,13,15,0,50.0,0.3,0.6,2.46,1.85,-1.31,,,,,,,,,,,,,,,MF,,False,Midfielder,True,True,True,0.1846785225718194,0.0615595075239398,0.2462380300957592,0.1846785225718194,0.0,0.0,0.1231190150478796,0.0,0.615595075239398,0.307797537619699,1.1696306429548564,0.615595075239398,0.0,0.9233926128590972,0.8002735978112175,0.9233926128590972,0.0,0.3570071530789566,-0.5755199771676507,0.49060560676232573,-1.0232626798026934,-0.46760085173484284,-0.7695212276703755,-0.9527440241768462,-0.287493799174325,0.04277551924383776,-0.05537618703084006,-0.8633126317738823,-0.5587388877688265
Strahinja Pavlović,rs SRB,DF,Milan,it Serie A,24.0,2001.0,34,33,2869,31.9,5,1,6,5,0,0,4,0,26,6,30,27,4,15,20,26,0,23.1,0.19,0.83,1.76,0.35,-0.8,,,,,,,,,,,,,,,DF,,False,Defender,True,True,True,0.1568490763332171,0.0313698152666434,0.1882188915998605,0.1568490763332171,0.0,0.0,0.1254792610665737,0.0,0.8156151969327292,0.1882188915998605,0.9410944579993028,0.8469850121993726,0.1254792610665737,0.4705472289996514,0.6273963053328686,0.8156151969327292,0.0,2.1052412362404174,-0.3047122010468731,2.249487052204739,0.740334302899885,0.18591207161269552,-0.47565005530541304,0.17171480512861187,-0.6012636085308471,-1.2397749427054998,-0.2671999790231649,0.8232806217917009,-0.6806317600760564
Martín Payero,ar ARG,MF,Cremonese,it Serie A,26.0,1998.0,25,16,1457,16.2,1,0,1,1,0,0,8,0,23,8,37,34,2,34,10,9,0,34.8,0.04,0.13,0.96,0.0,1.15,,,,,,,,,,,,,,,MF,,False,Midfielder,True,True,True,0.061770761839396,0.0,0.061770761839396,0.061770761839396,0.0,0.0,0.4941660947151681,0.0,1.4207275223061089,0.4941660947151681,2.2855181880576527,2.1002059025394644,0.123541523678792,2.1002059025394644,0.6177076183939602,0.5559368565545642,0.0,-0.5688339706215664,-1.1563710848352395,-0.5403654071753743,0.038288198078159225,0.1097138539882179,-0.15573951734023475,1.2955708386783527,-1.1637134301409695,-0.41947188778815,2.195846008892667,-0.11665633024544024,2.528150684470299
Nicolás Paz,ar ARG,MF,Como,it Serie A,20.0,2004.0,35,33,2878,32.0,12,6,18,12,0,2,5,0,121,48,54,41,0,63,27,56,0,39.7,0.1,0.25,1.77,0.69,-1.64,,,,,,,,,,,,,,,MF,,False,Midfielder,True,True,True,0.375260597637248,0.187630298818624,0.5628908964558722,0.375260597637248,0.0,0.0625434329395413,0.1563585823488533,0.0,3.783877692842251,1.5010423905489922,1.6886726893676165,1.2821403752605975,0.0,1.9701181375955523,0.8443363446838081,1.7512161223071578,0.0,1.7926262017401058,0.6140340285977307,2.089240176277533,3.154053991937754,3.228719020353599,-0.22358842044192084,0.056681259033112455,1.6864995252163966,0.1543400645856109,0.9917534996745739,-0.8633126317738823,-0.28220558698359427
Marcus Pedersen,no NOR,"MF,DF",Torino,it Serie A,25.0,2000.0,29,23,2134,23.7,1,2,3,1,0,0,3,0,15,3,31,6,3,110,10,14,0,20.0,0.07,0.33,1.21,-0.17,0.88,,,,,,,,,,,,,,,MF,DF,True,Midfielder,True,True,True,0.0421743205248359,0.0843486410496719,0.1265229615745079,0.0421743205248359,0.0,0.0,0.1265229615745079,0.0,0.6326148078725399,0.1265229615745079,1.3074039362699157,0.2530459231490159,0.1265229615745079,4.639175257731958,0.4217432052483598,0.5904404873477038,0.0,-0.7164502898766405,-0.3604907479936143,-0.7047436600314038,-1.0008225059110156,-1.0291359097703723,1.1684917493963358,-1.5017933993876906,-1.0814375149542756,-0.9156434206018716,0.22257144064679404,-0.0986372114409817,-0.5304200904697601
Alfonso Pedraza,es ESP,DF,Villarreal,es La Liga,29.0,1996.0,27,19,1689,18.8,1,3,4,1,0,0,8,0,11,3,27,23,4,84,29,31,0,27.3,0.09,0.33,1.89,0.8,0.23,,,,,,,,,,,,,,,DF,,False,Defender,True,True,True,0.0532859680284191,0.1598579040852575,0.2131438721136767,0.0532859680284191,0.0,0.0,0.4262877442273534,0.0,0.586145648312611,0.1598579040852575,1.4387211367673178,1.2255772646536414,0.2131438721136767,4.476021314387212,1.5452930728241565,1.6518650088809943,0.0,0.1807545095915512,1.74125220433865,0.2213525305328633,0.039187426431438376,-0.02663274655604125,2.222068050789885,1.0206362674140403,1.542393628379486,1.2529612655209366,1.0208931468595042,1.9629460807812635,1.9588782215367628
Pedri,es ESP,MF,Barcelona,es La Liga,22.0,2002.0,29,23,2104,23.4,2,9,11,2,0,0,2,1,21,10,9,43,1,12,24,33,0,47.6,0.1,0.2,2.52,1.67,0.3,,,,,,,,,,,,,,,MF,,False,Midfielder,True,True,True,0.085551330798479,0.3849809885931559,0.4705323193916349,0.085551330798479,0.0,0.0,0.085551330798479,0.0427756653992395,0.8982889733840305,0.4277566539923954,0.3849809885931559,1.8393536121673004,0.0427756653992395,0.5133079847908746,1.0266159695817492,1.4115969581749048,0.0,-0.3896994020954389,2.4761568974319346,-0.34088998637476153,-0.6505364819698913,-0.09600296501607897,-0.9834060015788838,0.9005325763479253,0.8766578679297997,0.6158624371151772,-1.638349960396188,-0.6047864361163398,-0.8712795304997507
Pedro,es ESP,"FW,MF",Lazio,it Serie A,38.0,1987.0,29,9,982,10.9,5,2,7,3,2,2,4,0,22,11,10,26,0,31,4,6,0,50.0,0.14,0.27,1.52,0.46,0.61,,,,,,,,,,,,,,,FW,MF,True,Forward,True,True,False,0.4582484725050916,0.1832993890020366,0.6415478615071284,0.2749490835030549,0.1832993890020366,0.1832993890020366,0.3665987780040733,0.0,2.016293279022403,1.0081466395112015,0.9164969450101832,2.3828920570264764,0.0,2.841140529531568,0.3665987780040733,0.5498981670061099,0.0,0.43483944218287873,0.6821840377881178,-0.3310629587992381,-0.6265506362477601,-0.0311546200458002,1.175491326884047,1.44001055186787,0.16201072754140416,0.48618205750998866,-0.8003213315660104,-1.5878517589524646,2.203576893876757
Zé Pedro Figueiredo,pt POR,DF,Cagliari,it Serie A,28.0,1997.0,23,20,1699,18.9,0,1,1,0,0,0,6,0,7,0,29,15,0,5,20,18,0,0.0,0.0,,1.13,-0.26,0.15,,,,,,,,,,,,,,,DF,,False,Defender,True,True,True,0.0,0.0529723366686286,0.0529723366686286,0.0,0.0,0.0,0.3178340200117716,0.0,0.3708063566804002,0.0,1.5361977633902295,0.794585050029429,0.0,0.264861683343143,1.059446733372572,0.9535020600353148,0.0,-0.809444991619996,0.03927291275954942,-0.8221765122714052,-0.6187842853567952,-1.2246505919904345,-0.6141808780871475,0.0542178087673804,-0.24780203790748867,-0.06645373285112385,1.2732087441623923,-0.807986293660309,1.0072272421423223
Adrià Pedrosa,es ESP,"DF,MF",Elche,es La Liga,27.0,1998.0,26,8,1090,12.1,1,1,2,1,0,0,4,0,12,3,18,8,1,51,16,19,0,25.0,0.08,0.33,1.04,-0.83,-0.9,,,,,,,,,,,,,,,DF,MF,True,Defender,True,True,False,0.0825688073394495,0.0825688073394495,0.1651376146788991,0.0825688073394495,0.0,0.0,0.3302752293577982,0.0,0.9908256880733946,0.2477064220183486,1.4862385321100915,0.6605504587155964,0.0825688073394495,4.2110091743119265,1.3211009174311927,1.5688073394495414,0.0,0.7249100153032195,0.5105487024011788,0.7948148210280548,1.2756919977509458,0.6317275189624929,2.0435803029289508,-0.24632939080510166,1.3294821614784265,0.6441216627017962,1.143890632549795,0.26543223396166693,1.1163953610301791
Dženan Pejčinović,de GER,FW,Wolfsburg,de Bundesliga,20.0,2005.0,30,16,1460,16.2,8,0,8,8,0,0,1,0,51,23,22,7,5,5,5,9,0,45.1,0.16,0.35,0.83,-1.11,-0.77,,,,,,,,,,,,,,,FW,,False,Forward,True,True,True,0.4931506849315069,0.0,0.4931506849315069,0.4931506849315069,0.0,0.0,0.0616438356164383,0.0,3.1438356164383565,1.4178082191780823,1.356164383561644,0.4315068493150685,0.3082191780821918,0.3082191780821918,0.3082191780821918,0.5547945205479452,0.0,0.6145324372438851,-1.1734021059287691,0.9487897689949067,0.8466936339248952,1.0230128765996795,-0.5780349527207559,-1.5025414469539196,0.17693927229824047,0.19931365766963363,-0.03260344323779096,-0.6320184416835075,-0.8362799988805297
Lorenzo Pellegrini,it ITA,MF,Roma,it Serie A,29.0,1996.0,24,20,1463,16.3,4,2,6,2,2,2,2,0,32,12,20,39,5,89,15,5,0,37.5,0.06,0.17,1.63,0.49,-0.43,,,,,,,,,,,,,,,MF,,False,Midfielder,True,True,True,0.2460697197539303,0.1230348598769651,0.3691045796308954,0.1230348598769651,0.1230348598769651,0.1230348598769651,0.1230348598769651,0.0,1.9685577580314424,0.7382091592617909,1.2303485987696514,2.39917976760082,0.3075871496924128,5.475051264524948,0.9227614490772386,0.3075871496924128,0.0,0.8194555342527564,0.004537075670590428,-0.026471826368242385,0.7605913045827177,0.8656871371870323,1.6044533497387974,1.7483409330775426,-1.7559177561417378,0.3529082823214143,0.06711788544200695,0.9956727259276561,-0.5594390084106031
Luca Pellegrini,it ITA,DF,Lazio,it Serie A,26.0,1999.0,24,17,1469,16.3,1,0,1,1,0,0,8,0,7,5,26,12,0,51,17,15,0,71.4,0.14,0.2,1.42,-0.12,-0.26,,,,,,,,,,,,,,,DF,,False,Defender,True,True,True,0.0612661674608577,0.0,0.0612661674608577,0.0612661674608577,0.0,0.0,0.4901293396868618,0.0,0.4288631722260041,0.3063308373042886,1.592920353982301,0.7351940095302927,0.0,3.124574540503744,1.0415248468345812,0.918992511912866,0.0,0.32904851249593664,-0.8042256269931214,0.3776332585226121,-0.44139100976843626,1.0710745508943975,1.311858084726218,-0.07895535740371051,-0.3362644106557044,-0.11512427737768931,1.420033627435914,-0.807986293660309,2.5190702968626195
Mateo Pellegrino,ar ARG,FW,Parma,it Serie A,24.0,2001.0,37,34,2984,33.2,9,1,10,8,1,1,5,0,73,22,87,71,12,12,4,10,0,30.1,0.11,0.36,1.19,-0.42,0.4,,,,,,,,,,,,,,,FW,,False,Forward,True,True,True,0.2714477211796246,0.0301608579088471,0.3016085790884718,0.2412868632707774,0.0301608579088471,0.0301608579088471,0.1508042895442359,0.0,2.2017426273458445,0.6635388739946381,2.623994638069705,2.14142091152815,0.3619302949061662,0.3619302949061662,0.1206434316353887,0.3016085790884718,0.0,-0.5268986297542123,-0.8680761017179819,-0.5285073593253928,-0.3842429367862061,-0.9179214625566047,-0.5408510682689669,1.0758890042431377,-0.5950020564038473,-0.7224047902823532,2.181196989553717,-0.46545231400929266,0.05249071036498685
Nicolas Pépé,ci CIV,"MF,FW",Villarreal,es La Liga,30.0,1995.0,36,26,2393,26.6,8,8,16,7,1,1,4,0,63,25,23,43,14,71,15,21,0,39.7,0.11,0.28,1.92,0.79,0.35,,,,,,,,,,,,,,,MF,FW,True,Midfielder,True,True,True,0.3008775595486836,0.3008775595486836,0.6017551190973673,0.2632678646050982,0.0376096949435854,0.0376096949435854,0.1504387797743418,0.0,2.369410781445884,0.9402423735896364,0.8650229837024656,1.6172168825741746,0.5265357292101964,2.6702883409945675,0.5641454241537819,0.7898035938152945,0.0,1.2323127182156437,1.6825902838568283,1.1498262544896745,1.2891079237515095,1.4915263210801386,0.14159411848162778,0.5641256867130522,-0.6060445878323957,-0.5550885315982163,-0.6699000488363914,2.3189471339129475,-0.331454800461732
Kojo Peprah Oppong,gh GHA,DF,Nice,fr Ligue 1,21.0,2004.0,29,28,2425,26.9,1,0,1,1,0,0,4,0,10,3,31,30,1,5,30,28,0,30.0,0.1,0.33,1.0,-0.41,1.29,,,,,,,,,,,,,,,DF,,False,Defender,True,True,True,0.0371134020618556,0.0,0.0371134020618556,0.0371134020618556,0.0,0.0,0.1484536082474226,0.0,0.3711340206185567,0.111340206185567,1.1505154639175257,1.11340206185567,0.0371134020618556,0.1855670103092783,1.11340206185567,1.0391752577319588,0.0,-0.11977614314729389,-0.8042256269931214,-0.09536391297391704,-0.6177831043802721,-0.3902373379950981,-0.6675864601980763,0.7691046088180387,-0.02818588059704312,0.08007298529405817,0.2748805999492724,-0.32550126474981333,-0.4790383140811279
Peque,es ESP,"MF,FW",Sevilla,es La Liga,22.0,2002.0,26,12,982,10.9,2,1,3,2,0,0,7,0,15,6,15,47,1,28,1,8,0,40.0,0.13,0.33,1.23,-0.64,-0.38,,,,,,,,,,,,,,,MF,FW,True,Midfielder,True,True,False,0.1832993890020366,0.0916496945010183,0.2749490835030549,0.1832993890020366,0.0,0.0,0.6415478615071284,0.0,1.374745417515275,0.5498981670061099,1.374745417515275,4.307535641547862,0.0916496945010183,2.5661914460285136,0.0916496945010183,0.7331975560081466,0.0,0.3466183984033213,-0.29160090213665024,0.4790372019169235,-0.02233827882679493,0.2823553414549021,0.08730107914173776,4.638381067578698,-0.7410249785512094,-1.7514227367049506,0.35842799532493924,-0.30940314535487,3.7542787527904373
Mathias Pereira Lage,pt POR,"MF,FW",St Pauli,de Bundesliga,28.0,1996.0,28,25,2018,22.4,2,2,4,2,0,0,3,0,43,15,32,32,15,58,16,23,0,34.9,0.05,0.13,0.82,-0.71,0.58,,,,,,,,,,,,,,,MF,FW,True,Midfielder,True,True,True,0.0891972249752229,0.0891972249752229,0.1783944499504459,0.0891972249752229,0.0,0.0,0.1337958374628345,0.0,1.9177403369672943,0.6689791873141724,1.427155599603568,1.427155599603568,0.6689791873141724,2.5867195242814667,0.7135777998017839,1.0257680872150643,0.0,-0.3622355646503939,-0.3147414322980601,-0.3103076114807112,0.6935895607841379,0.6512331461005348,0.09800775546021367,0.27629429043173315,-0.0433735239543665,-0.17673365742942307,0.4641617368003754,3.1798423409476504,-0.4699141170499026
Ángel Pérez,es ESP,"MF,DF",Alavés,es La Liga,22.0,2002.0,16,14,1288,14.3,1,3,4,1,0,0,4,0,14,4,16,17,6,85,9,13,0,28.6,0.07,0.25,1.13,-0.21,0.17,,,,,,,,,,,,,,,MF,DF,True,Midfielder,True,True,False,0.0698757763975155,0.2096273291925466,0.2795031055900621,0.0698757763975155,0.0,0.0,0.2795031055900621,0.0,0.9782608695652174,0.2795031055900621,1.1180124223602483,1.187888198757764,0.4192546583850932,5.9394409937888195,0.6288819875776398,0.908385093167702,0.0,-0.5077804151635433,0.8215892864613791,-0.47237917890817976,-0.5450951512842069,-0.5552486392981888,1.8466616293247184,-0.08605552113246928,-0.32328010307650384,-0.39117897584003375,-0.15951220362734467,1.6705652362236498,0.7422831248329903
Ayoze Pérez,es ESP,FW,Villarreal,es La Liga,32.0,1993.0,25,12,1124,12.5,5,4,9,4,1,1,4,0,24,11,17,23,5,9,3,11,0,45.8,0.17,0.36,1.8,0.16,-0.78,,,,,,,,,,,,,,,FW,,False,Forward,True,True,False,0.400355871886121,0.3202846975088967,0.7206405693950179,0.3202846975088967,0.0800711743772241,0.0800711743772241,0.3202846975088967,0.0,1.9217081850533808,0.8807829181494662,1.3612099644128113,1.8416370106761568,0.400355871886121,0.7206405693950179,0.2402135231316726,0.8807829181494662,0.0,0.13678112226903266,2.0689210135195992,-0.06514873602656657,-0.7501353062947871,-0.35889513069004864,-0.29251809388722166,0.6238359123263496,1.1708487892935289,-0.13485570015151555,-0.02379318726520973,-0.34628890911912186,1.7419081118505277
Francisco Perez,es ESP,"MF,FW",Rayo Vallecano,es La Liga,22.0,2002.0,29,12,1237,13.7,2,1,3,2,0,0,4,0,17,8,18,15,6,48,2,10,0,47.1,0.12,0.25,1.17,-0.22,-0.22,,,,,,,,,,,,,,,MF,FW,True,Midfielder,True,True,False,0.1455133387227162,0.0727566693613581,0.2182700080840744,0.1455133387227162,0.0,0.0,0.2910266774454325,0.0,1.236863379143088,0.582053354890865,1.3096200485044462,1.0913500404203718,0.4365400161681488,3.4923201293451904,0.1455133387227162,0.7275666936135813,0.0,0.0619831642868022,-0.4698679971957773,0.1620814430858616,-0.2041329629328109,0.38196260955027966,0.5703350933023907,-0.2322542233319908,-0.7544520975573435,-1.61504283748031,0.22704228636321724,1.7750339276285605,0.8381523439821827
Romain Perraud,fr FRA,DF,Lille,fr Ligue 1,27.0,1997.0,30,27,2241,24.9,3,4,7,3,0,0,4,1,33,12,21,44,2,127,23,31,0,36.4,0.09,0.25,1.83,0.68,0.9,,,,,,,,,,,,,,,DF,,False,Defender,True,True,True,0.1204819277108433,0.1606425702811245,0.2811244979919678,0.1204819277108433,0.0,0.0,0.1606425702811245,0.0401606425702811,1.325301204819277,0.4819277108433735,0.8433734939759037,1.7670682730923697,0.0803212851405622,5.100401606425703,0.9236947791164658,1.2449799196787148,0.0,1.4294398243723798,1.7537467407708909,1.5372887531856378,2.2976858319297104,2.38704443868996,2.642593058070847,2.2348273548392723,0.499377350710854,-0.43511590020635027,-0.520148037042876,0.23621379121961394,-0.37208359453533735
Máximo Perrone,ar ARG,MF,Como,it Serie A,22.0,2003.0,36,33,2742,30.5,3,4,7,3,0,0,8,0,18,9,43,23,1,11,21,38,0,50.0,0.17,0.33,1.89,1.05,0.52,,,,,,,,,,,,,,,MF,,False,Midfielder,True,True,True,0.0984682713347921,0.1312910284463894,0.2297592997811816,0.0984682713347921,0.0,0.0,0.2625820568927789,0.0,0.5908096280087527,0.2954048140043763,1.411378555798687,0.7549234135667395,0.0328227571115973,0.3610503282275711,0.6892778993435449,1.2472647702407005,0.0,-0.2923985101936785,0.08243900912539404,-0.23254051192060166,-1.0559417916211506,-0.5059898466307056,-1.0628178893233418,-0.7417432904371042,0.48479820429096,-0.23825972057552658,0.4323326951057362,-0.6649395042525589,0.6015101296059947
Prosper Peter,ng NGA,FW,Angers,fr Ligue 1,17.0,2007.0,29,14,1273,14.1,5,0,5,5,0,0,0,0,23,14,30,30,15,0,4,3,0,60.9,0.22,0.36,1.07,-1.13,-0.98,,,,,,,,,,,,,,,FW,,False,Forward,True,True,False,0.3534956794972506,0.0,0.3534956794972506,0.3534956794972506,0.0,0.0,0.0,0.0,1.6260801256873527,0.9897879025923016,2.1209740769835035,2.1209740769835035,1.0604870384917515,0.0,0.2827965435978005,0.2120974076983503,0.0,-0.1044771743860582,-1.1734021059287691,0.1296489447065618,-1.1364022606349622,-0.07839650139358688,-0.7914132434979451,1.0450566121448648,-0.8679136255781208,0.07439073109901047,1.3028561139703765,1.7008756013287851,-1.4507590990632495
Léo Pétrot,fr FRA,DF,Elche,es La Liga,28.0,1997.0,32,18,1572,17.5,0,0,0,0,0,0,2,1,8,0,19,6,2,16,17,22,0,0.0,0.0,,1.22,-0.4,-0.35,,,,,,,,,,,,,,,DF,,False,Defender,True,True,True,0.0,0.0,0.0,0.0,0.0,0.0,0.1145038167938931,0.0572519083969465,0.4580152671755725,0.0,1.0877862595419847,0.3435114503816793,0.1145038167938931,0.9160305343511452,0.9732824427480916,1.2595419847328244,0.0,-0.809444991619996,-0.8042256269931214,-0.8221765122714052,-0.3523164443661255,-1.2246505919904345,-0.17561356694210786,-0.9572293545830487,0.536706000226332,-0.3004504683258745,0.11250776023685127,0.6805966517696579,-0.776938201988772
Giuseppe Pezzella,it ITA,"MF,DF",Cremonese,it Serie A,27.0,1997.0,31,30,2585,28.7,0,1,1,0,0,0,8,1,6,0,49,32,8,128,11,32,0,0.0,0.0,,0.84,-0.77,-0.44,,,,,,,,,,,,,,,MF,DF,True,Midfielder,True,True,True,0.0,0.034816247582205,0.034816247582205,0.0,0.0,0.0,0.2785299806576402,0.034816247582205,0.2088974854932301,0.0,1.7059961315280463,1.114119922630561,0.2785299806576402,4.456479690522244,0.3829787234042553,1.114119922630561,0.0,-1.0341415412128914,-0.8278587755857175,-1.0585089693537577,-1.5594852416929355,-1.421066648876647,1.073204588132062,-0.19777120350131078,0.16730656826014517,-1.0137930390278884,1.0267022879037355,0.8200579389447873,0.7341873079650266
Rayan Philippe,fr FRA,"FW,MF",Hamburger SV,de Bundesliga,24.0,2000.0,28,13,1285,14.3,5,0,5,5,0,1,2,0,39,16,24,9,2,31,3,13,0,41.0,0.13,0.31,1.0,-0.14,0.47,,,,,,,,,,,,,,,FW,MF,True,Forward,True,True,False,0.3501945525291828,0.0,0.3501945525291828,0.3501945525291828,0.0,0.0700389105058365,0.1400778210116731,0.0,2.7315175097276265,1.1206225680933852,1.6809338521400778,0.6303501945525292,0.1400778210116731,2.171206225680934,0.2101167315175097,0.9105058365758756,0.0,-0.12147292768448839,-1.1734021059287691,0.11028631708505134,0.30795972740735017,0.25827566571048466,0.7116998211830794,-1.2026996316789555,1.2614713136356193,-0.28274671794260264,0.5344872911408259,-1.1534496910263397,-0.05443305039901395
Roberto Piccoli,it ITA,FW,Fiorentina,it Serie A,24.0,2001.0,32,16,1672,18.6,4,1,5,4,0,0,1,0,47,15,34,40,14,4,4,1,0,31.9,0.09,0.27,1.22,0.11,0.67,,,,,,,,,,,,,,,FW,,False,Forward,True,True,True,0.2153110047846889,0.0538277511961722,0.2691387559808612,0.2153110047846889,0.0,0.0,0.0538277511961722,0.0,2.5299043062200957,0.8074162679425837,1.8301435406698563,2.15311004784689,0.7535885167464115,0.2153110047846889,0.2153110047846889,0.0538277511961722,0.0,-0.8159168323441949,-0.6284901462607123,-0.6808677137983921,0.04453237128755083,-0.547686908646732,-0.6423547245818226,1.093515401790523,-1.3504636764586928,-0.25722285579755344,0.7950272742098367,0.7491378349443634,-0.9141924206740325
Amos Pieper,de GER,DF,Werder Bremen,de Bundesliga,27.0,1998.0,19,19,1502,16.7,0,0,0,0,0,0,4,0,8,2,10,14,2,8,26,24,0,25.0,0.0,0.0,0.79,-0.66,0.03,,,,,,,,,,,,,,,DF,,False,Defender,True,True,True,0.0,0.0,0.0,0.0,0.0,0.0,0.2396804260985353,0.0,0.4793608521970706,0.1198402130492676,0.5992010652463382,0.8388814913448736,0.1198402130492676,0.4793608521970706,1.5579227696404792,1.4380825565912116,0.0,-0.809444991619996,-0.8042256269931214,-0.8221765122714052,-0.2870947609043623,-0.32653601545306643,-0.4697140111885083,0.15354419353033896,0.9943799912729437,1.287259787607483,-1.152181728956833,0.7499713562837043,0.3214513987707666
Marvin Pieringer,de GER,"FW,MF",Heidenheim,de Bundesliga,25.0,1999.0,27,20,1650,18.3,4,1,5,3,1,1,2,0,32,8,37,27,11,20,11,14,0,25.0,0.09,0.38,0.85,-0.55,0.79,,,,,,,,,,,,,,,FW,MF,True,Forward,True,True,True,0.2181818181818181,0.0545454545454545,0.2727272727272727,0.1636363636363636,0.0545454545454545,0.0545454545454545,0.109090909090909,0.0,1.7454545454545454,0.4363636363636363,2.018181818181818,1.4727272727272729,0.6000000000000001,1.0909090909090908,0.6000000000000001,0.7636363636363637,0.0,-0.8011365355742118,-0.6212246534651381,-0.9839632456300115,-0.980427913516213,-1.502503379533175,-0.036183414322924136,0.06754590741264428,0.8136794045226499,1.633079863667429,1.1233671435710342,0.2728370986644387,-0.36331729752776953
Santiago Pierotti,ar ARG,"MF,FW",Lecce,it Serie A,24.0,2001.0,37,31,2597,28.9,1,2,3,1,0,0,4,0,33,8,67,23,7,21,21,51,0,24.2,0.03,0.13,1.0,-0.42,0.68,,,,,,,,,,,,,,,MF,FW,True,Midfielder,True,True,True,0.0346553715825953,0.0693107431651906,0.1039661147477859,0.0346553715825953,0.0,0.0,0.1386214863303812,0.0,1.143627262225645,0.2772429726607624,2.321909896033885,0.797073546399692,0.2425876010781671,0.7277628032345014,0.7277628032345014,1.7674239507123604,0.0,-0.7730891229027025,-0.502382390641928,-0.7678138711273793,-0.32706290088836426,-0.5622498630953191,-0.8715544050621411,-0.6779105550312927,1.725148035085453,-0.14081797874469176,2.269263640537721,0.6028305371303501,-0.42976760738898645
Andrea Pinamonti,it ITA,FW,Sassuolo,it Serie A,26.0,1999.0,36,32,2552,28.4,9,3,12,9,0,1,2,1,73,30,14,33,13,9,2,5,0,41.1,0.12,0.3,1.36,-0.14,-0.14,,,,,,,,,,,,,,,FW,,False,Forward,True,True,True,0.317398119122257,0.1057993730407523,0.4231974921630094,0.317398119122257,0.0,0.0352664576802507,0.0705329153605015,0.0352664576802507,2.574451410658307,1.0579937304075235,0.493730407523511,1.1637931034482758,0.4584639498432601,0.317398119122257,0.0705329153605015,0.1763322884012539,0.0,-0.290324382549541,-0.10236825416741559,-0.08207984559655669,0.10273751728391563,0.09711511681349855,-0.5716804268198679,-0.39830514737853406,-0.976958280870755,-0.9686401813810673,-1.5385279963224963,-0.1660871537984833,-0.7476717273808271
Yeremi Pino,es ESP,"MF,FW",Crystal Palace,eng Premier League,22.0,2002.0,34,26,2080,23.1,2,2,4,2,0,0,4,0,45,11,30,24,10,79,8,20,0,24.4,0.04,0.18,1.15,-0.35,-0.21,,,,,,,,,,,,,,,MF,FW,True,Midfielder,True,True,True,0.0865384615384615,0.0865384615384615,0.173076923076923,0.0865384615384615,0.0,0.0,0.173076923076923,0.0,1.9471153846153848,0.4759615384615385,1.2980769230769231,1.0384615384615383,0.4326923076923077,3.4182692307692304,0.3461538461538461,0.8653846153846154,0.0,-0.382263531259468,-0.3398284700179179,-0.3326097673403881,0.7323199681006358,0.053321519357439194,0.5317129196933712,-0.3123492912390752,-0.42581724429156637,-1.1070316811758234,0.2037548679429541,1.7517792704543402,-0.14311900070754893
Jakub Piotrowski,pl POL,MF,Udinese,it Serie A,27.0,1997.0,33,20,1696,18.8,1,1,2,1,0,0,2,0,36,9,29,29,2,25,15,25,0,25.0,0.03,0.11,1.33,-0.11,-0.05,,,,,,,,,,,,,,,MF,,False,Midfielder,True,True,True,0.053066037735849,0.053066037735849,0.1061320754716981,0.053066037735849,0.0,0.0,0.1061320754716981,0.0,1.910377358490566,0.4775943396226415,1.5389150943396226,1.5389150943396226,0.1061320754716981,1.3266509433962264,0.7959905660377359,1.3266509433962264,0.0,-0.6344050256754149,-0.655660990843486,-0.6133821001946161,0.6838816223023825,0.058379454754468436,-0.5591967947357482,0.445544391845329,0.6740991531881672,0.03193110925109424,0.6896284124158159,-0.22187499537828068,-0.7000600556621029
Niccolò Pisilli,it ITA,MF,Roma,it Serie A,20.0,2004.0,25,13,1295,14.4,2,4,6,2,0,0,3,0,19,5,20,4,2,15,24,13,0,26.3,0.11,0.4,1.96,0.9,0.27,,,,,,,,,,,,,,,MF,,False,Midfielder,True,True,False,0.138996138996139,0.277992277992278,0.416988416988417,0.138996138996139,0.0,0.0,0.2084942084942085,0.0,1.3204633204633205,0.3474903474903475,1.38996138996139,0.277992277992278,0.138996138996139,1.0424710424710424,1.667953667953668,0.9034749034749034,0.0,0.012890320333920438,1.4666538399833395,0.10741407326231138,-0.09390812797230001,-0.34464425858991504,-0.707414381298426,-1.464014299749729,-0.3349887360936296,2.2396955797990405,0.38912511624324775,-0.02325222148280858,0.15153161109532287
Tommaso Pobega,it ITA,MF,Bologna,it Serie A,26.0,1999.0,26,17,1434,15.9,3,1,4,3,0,0,2,1,25,10,34,12,0,2,19,19,0,40.0,0.12,0.3,1.69,0.13,0.08,,,,,,,,,,,,,,,MF,,False,Midfielder,True,True,True,0.1882845188284518,0.0627615062761506,0.2510460251046025,0.1882845188284518,0.0,0.0,0.1255230125523012,0.0627615062761506,1.5690376569037656,0.6276150627615062,2.1338912133891212,0.7531380753138075,0.0,0.1255230125523012,1.192468619246862,1.192468619246862,0.0,0.3841704469702892,-0.5641783934753968,0.520853311177423,0.23383211654071379,0.5230993140540611,-1.1856601106955176,-0.7444470310103768,0.354133593985,1.0357925769024163,1.8899495837801488,-0.8633126317738823,-0.5387390677062565
Ernest Poku,nl NED,MF,Leverkusen,de Bundesliga,21.0,2004.0,29,16,1482,16.5,5,5,10,5,0,0,0,0,27,9,4,17,3,13,8,9,0,33.3,0.19,0.56,1.69,0.85,0.45,,,,,,,,,,,,,,,MF,,False,Midfielder,True,True,True,0.3036437246963563,0.3036437246963563,0.6072874493927126,0.3036437246963563,0.0,0.0,0.0,0.0,1.6396761133603237,0.5465587044534413,0.242914979757085,1.0323886639676114,0.1821862348178137,0.7894736842105263,0.48582995951417,0.5465587044534413,0.0,1.253149721781578,1.7086907215413294,1.4885057745528036,0.32696749536788766,0.2720106734974233,-0.8393683221859594,-0.32154613510810515,-1.1860761794848242,-0.7533791472743586,-1.9249578303214372,0.2377786954801057,-1.5830153866876162
Matteo Politano,it ITA,"MF,FW",Napoli,it Serie A,31.0,1993.0,34,26,2200,24.4,2,5,7,2,0,0,4,0,49,13,19,28,0,173,5,10,0,26.5,0.04,0.15,1.97,0.61,0.1,,,,,,,,,,,,,,,MF,FW,True,Midfielder,True,True,True,0.0818181818181818,0.2045454545454545,0.2863636363636364,0.0818181818181818,0.0,0.0,0.1636363636363636,0.0,2.004545454545455,0.5318181818181819,0.7772727272727273,1.1454545454545455,0.0,7.077272727272728,0.2045454545454545,0.409090909090909,0.0,-0.4178205136205636,0.7736387320057031,-0.37220426926838984,0.8080403559363694,0.22634889116672866,2.440112020792806,-0.15031762380106853,-1.513876135957762,-1.4655766414356086,-0.846929827365202,-0.8633126317738823,-0.22165880357918852
Marin Pongračić,hr CRO,DF,Fiorentina,it Serie A,27.0,1997.0,35,33,2918,32.4,0,0,0,0,0,0,12,0,8,1,69,21,0,4,36,17,0,12.5,0.0,0.0,1.17,-0.09,0.98,,,,,,,,,,,,,,,DF,,False,Defender,True,True,True,0.0,0.0,0.0,0.0,0.0,0.0,0.3701165181631254,0.0,0.2467443454420836,0.0308430431802604,2.1281699794379714,0.6477039067854695,0.0,0.1233721727210418,1.1103495544893762,0.5243317340644277,0.0,-0.809444991619996,-0.8042256269931214,-0.8221765122714052,-0.9978572045794756,-0.9935045854861293,-0.7094751694721018,-0.27513535178066684,-1.3479446770924104,0.07178327788106148,2.8055127277277467,-0.807986293660309,1.4659914840416846
Pedro Porro,es ESP,DF,Tottenham Hotspur,eng Premier League,25.0,1999.0,34,32,2796,31.1,1,2,3,1,0,0,10,0,32,8,32,26,1,232,31,50,0,25.0,0.03,0.13,1.18,0.0,1.3,,,,,,,,,,,,,,,DF,,False,Defender,True,True,True,0.0321888412017167,0.0643776824034334,0.0965665236051502,0.0321888412017167,0.0,0.0,0.3218884120171674,0.0,1.0300429184549356,0.2575107296137339,1.0300429184549356,0.8369098712446352,0.0321888412017167,7.467811158798284,0.997854077253219,1.609442060085837,0.0,-0.2112879967894152,0.22088454399385019,-0.19180435444007113,1.3955207016077773,0.7052036196821366,4.237061896922547,0.14912320866412634,1.4336459074276018,-0.23372117458008485,-0.0369593079353526,-0.38952198925832304,1.0428033936363394
Stefan Posch,at AUT,DF,Mainz 05,de Bundesliga,28.0,1997.0,16,16,1395,15.5,0,0,0,0,0,0,4,0,11,3,8,12,1,11,21,22,0,27.3,0.0,0.0,1.75,0.26,0.96,,,,,,,,,,,,,,,DF,,False,Defender,True,True,True,0.0,0.0,0.0,0.0,0.0,0.0,0.2580645161290322,0.0,0.7096774193548387,0.1935483870967742,0.5161290322580645,0.7741935483870968,0.064516129032258,0.7096774193548387,1.3548387096774197,1.4193548387096775,0.0,-0.809444991619996,-0.8042256269931214,-0.8221765122714052,0.4166401905638189,0.22585273484733676,-0.3145940028923851,0.008493726248033408,0.9463730352246842,0.7357435305373742,-1.3672114273448033,0.030742161614209236,0.4827666270797671
Freddie Potts,eng ENG,MF,West Ham United,eng Premier League,21.0,2003.0,22,12,1171,13.0,0,1,1,0,0,0,1,0,3,1,15,14,0,34,16,18,0,33.3,0.0,0.0,1.09,-0.61,-0.17,,,,,,,,,,,,,,,MF,,False,Midfielder,True,True,False,0.0,0.0768573868488471,0.0768573868488471,0.0,0.0,0.0,0.0768573868488471,0.0,0.2305721605465414,0.0768573868488471,1.1528608027327072,1.0760034158838598,0.0,2.6131511528608025,1.2297181895815543,1.3834329632792486,0.0,-1.0341415412128914,-0.4311752527173791,-1.0585089693537577,-1.530907620191714,-1.1829851808285998,0.11179350239092868,-0.2554953606089212,0.8094991834062503,1.1301065194848618,-0.08920812349780308,-0.8633126317738823,-0.9436079394547938
Kacper Potulski,pl POL,DF,Mainz 05,de Bundesliga,17.0,2007.0,15,9,1065,11.8,1,0,1,1,0,0,3,0,14,5,17,5,0,2,19,15,0,35.7,0.07,0.2,1.67,-0.25,0.02,,,,,,,,,,,,,,,DF,,False,Defender,True,True,False,0.0845070422535211,0.0,0.0845070422535211,0.0845070422535211,0.0,0.0,0.2535211267605634,0.0,1.1830985915492958,0.4225352112676056,1.4366197183098592,0.4225352112676056,0.0,0.1690140845070422,1.6056338028169013,1.267605633802817,0.0,0.7609277384704314,-0.8042256269931214,0.8327723640632535,1.863184092071595,1.9419411778666718,-0.6787349851151272,-0.7800335292282284,0.5573764977712261,1.4168288460712268,1.0154536823268614,-0.807986293660309,0.44289966102077727
Alexander Prass,at AUT,MF,Hoffenheim,de Bundesliga,24.0,2001.0,32,12,1308,14.5,3,2,5,3,0,0,4,0,18,11,26,21,2,47,6,22,0,61.1,0.17,0.27,1.88,0.0,-0.67,,,,,,,,,,,,,,,MF,,False,Midfielder,True,True,False,0.2064220183486238,0.1376146788990825,0.3440366972477064,0.2064220183486238,0.0,0.0,0.2752293577981651,0.0,1.2385321100917432,0.756880733944954,1.788990825688073,1.444954128440367,0.1376146788990825,3.23394495412844,0.4128440366972477,1.513761467889908,0.0,0.5207968311530731,0.14210646777946148,0.6729937143478583,-0.20193277486444325,0.9235261568778627,0.43557628462641107,0.3032486249851911,1.120275085688606,-0.9381756448455268,1.1941380644359698,-0.03160144574411176,0.7067281017210544
Matteo Prati,it ITA,MF,Cagliari,it Serie A,21.0,2003.0,20,15,1268,14.1,1,0,1,1,0,0,4,0,19,1,17,3,0,13,15,12,0,5.3,0.05,1.0,1.05,-0.5,-0.25,,,,,,,,,,,,,,,MF,,False,Midfielder,True,True,False,0.0709779179810725,0.0,0.0709779179810725,0.0709779179810725,0.0,0.0,0.2839116719242902,0.0,1.3485804416403786,0.0709779179810725,1.2066246056782337,0.2129337539432176,0.0,0.9227129337539433,1.0646687697160884,0.8517350157728707,0.0,-0.4994781892006199,-1.1563710848352395,-0.4631342295320667,-0.05683627131352191,-1.201198037611455,-0.7698757228203668,-1.562539814911798,-0.4583655087545495,0.7122101150809771,0.019256449889900763,-0.8633126317738823,0.7789597575068168
Grischa Prömel,de GER,MF,Hoffenheim,de Bundesliga,30.0,1995.0,33,16,1758,19.5,7,2,9,7,0,0,5,0,43,14,23,28,1,11,15,16,0,32.6,0.16,0.5,1.82,0.15,-0.54,,,,,,,,,,,,,,,MF,,False,Midfielder,True,True,True,0.3583617747440272,0.1023890784982935,0.4607508532423208,0.3583617747440272,0.0,0.0,0.2559726962457337,0.0,2.2013651877133107,0.7167235494880545,1.1774744027303754,1.433447098976109,0.0511945392491467,0.5631399317406144,0.7679180887372014,0.8191126279863481,0.0,1.6653305364099318,-0.19026833237788482,1.9474900014410836,1.0675432008282992,0.7991310685179429,-0.9574155255228226,0.28582222279543057,-0.5361554905336565,-0.03914691899138892,-0.03955197052834862,-0.553904716151886,0.5465242057743722
Marc Pubill,es ESP,DF,Atlético Madrid,es La Liga,22.0,2003.0,19,15,1381,15.3,1,1,2,1,0,0,2,0,11,4,16,14,1,8,18,15,0,36.4,0.09,0.25,2.0,0.65,0.3,,,,,,,,,,,,,,,DF,,False,Defender,True,True,True,0.0651701665459811,0.0651701665459811,0.1303403330919623,0.0651701665459811,0.0,0.0,0.1303403330919623,0.0,0.7168718320057929,0.2606806661839246,1.0427226647356986,0.9123823316437364,0.0651701665459811,0.5213613323678493,1.1730629978276612,0.9775524981897176,0.0,0.4015955279645831,0.23350356854618792,0.4540874654957273,0.4386228021503015,0.728959971310256,-0.4414263594883618,0.31835591490399656,-0.18615072861698276,0.24209444629182045,-0.004138129491659728,0.03924483965464599,-0.6379772178984873
Cameron Puertas,ch SUI,MF,Werder Bremen,de Bundesliga,26.0,1998.0,28,22,1846,20.5,1,2,3,1,0,0,6,0,37,8,37,22,2,77,19,37,0,21.6,0.03,0.13,1.04,-0.29,0.97,,,,,,,,,,,,,,,MF,,False,Midfielder,True,True,True,0.0487540628385698,0.0975081256771397,0.1462621885157096,0.0487540628385698,0.0,0.0,0.2925243770314193,0.0,1.8039003250270855,0.390032502708559,1.8039003250270855,1.0725893824485373,0.0975081256771397,3.754062838569881,0.9263271939328276,1.8039003250270855,0.0,-0.6668863243377237,-0.2363230681396659,-0.6495516724448175,0.5434938031813117,-0.21286123572707596,0.7068502815171754,-0.26066561935536964,1.812128071981545,0.36193655976332784,1.2242168980867207,-0.2739961467647058,0.8506123079265835
Christian Pulisic,us USA,FW,Milan,it Serie A,26.0,1998.0,30,18,1609,17.9,8,4,12,8,0,1,0,0,54,25,11,23,3,37,3,8,0,46.3,0.15,0.32,1.77,0.56,0.16,,,,,,,,,,,,,,,FW,,False,Forward,True,True,True,0.4474829086389061,0.223741454319453,0.6712243629583592,0.4474829086389061,0.0,0.0559353635798632,0.0,0.0,3.020509633312616,1.3983840894965818,0.6152889993784959,1.2865133623368552,0.1678060907395898,2.0696084524549407,0.1678060907395898,0.4474829086389061,0.0,0.37941325913749335,1.0915893087759951,0.6809272616725537,0.6855561830511712,0.9730294581460501,0.6413642913415524,-0.21325160609847643,-0.1502442506284701,-0.4906547171824641,-1.3262705097218868,-1.067460220153455,-1.4507590990632495
Arkadiusz Pyrka,pl POL,MF,St Pauli,de Bundesliga,22.0,2002.0,31,30,2576,28.6,0,1,1,0,0,0,3,0,19,3,17,32,0,47,23,24,0,15.8,0.0,0.0,0.84,-0.91,0.02,,,,,,,,,,,,,,,MF,,False,Midfielder,True,True,True,0.0,0.0349378881987577,0.0349378881987577,0.0,0.0,0.0,0.1048136645962733,0.0,0.6638198757763976,0.1048136645962733,0.593944099378882,1.1180124223602483,0.0,1.6420807453416149,0.8035714285714285,0.8385093167701864,0.0,-1.0341415412128914,-0.8267110229524705,-1.0585089693537577,-0.9596792538307438,-1.0963848952847253,-0.39468043090396077,-0.19187634888016283,-0.48990295755098034,0.05112545236173685,-1.2167820387946309,-0.8633126317738823,-0.7110284448673887
Jarell Quansah,eng ENG,DF,Leverkusen,de Bundesliga,22.0,2003.0,28,25,2299,25.5,4,0,4,4,0,0,9,0,18,8,18,21,1,22,26,22,0,44.4,0.22,0.5,1.57,0.39,-0.91,,,,,,,,,,,,,,,DF,,False,Defender,True,True,True,0.156589821661592,0.0,0.156589821661592,0.156589821661592,0.0,0.0,0.352327098738582,0.0,0.704654197477164,0.313179643323184,0.704654197477164,0.8220965637233579,0.039147455415398,0.8612440191387559,1.017833840800348,0.8612440191387559,0.0,2.100423573053872,-0.8042256269931214,2.244409922346102,0.40129167765429,1.1224013331233145,-0.21251271318737122,0.11590717056317375,-0.48429789620887503,-0.1794620445889729,-0.8792191637953176,-0.2990579791287935,1.3098943233340123
Leopold Querfeld,at AUT,DF,Union Berlin,de Bundesliga,21.0,2003.0,31,30,2705,30.1,3,0,3,1,2,3,7,0,29,10,46,28,0,3,35,27,0,34.5,0.03,0.1,1.03,-0.67,-2.19,,,,,,,,,,,,,,,DF,,False,Defender,True,True,True,0.099815157116451,0.0,0.099815157116451,0.033271719038817,0.066543438077634,0.099815157116451,0.232902033271719,0.0,0.9648798521256932,0.33271719038817,1.530499075785582,0.9316081330868762,0.0,0.099815157116451,1.1645101663585953,0.8983364140480592,0.0,1.0453945176735036,-0.8042256269931214,-0.17059774950008838,1.1964141940445825,1.2688209310393752,-0.7253410036199028,0.3614661353824017,-0.3892146093183028,0.21886748500284137,1.258457846263847,-0.807986293660309,0.2619729048876289
Adrien Rabiot,fr FRA,MF,Milan,it Serie A,30.0,1995.0,29,28,2550,28.3,6,4,10,6,0,0,6,1,46,12,35,55,7,58,20,31,0,26.1,0.13,0.5,1.97,0.56,0.36,,,,,,,,,,,,,,,MF,,False,Midfielder,True,True,True,0.2117647058823529,0.1411764705882353,0.3529411764705882,0.2117647058823529,0.0,0.0,0.2117647058823529,0.0352941176470588,1.623529411764706,0.4235294117647058,1.2352941176470589,1.9411764705882353,0.2470588235294117,2.0470588235294116,0.7058823529411764,1.0941176470588236,0.0,0.5610422949084275,0.17571412208243092,0.7178090779260178,0.30567839527490903,-0.10909771200952459,-0.18345904204300337,1.0547345003514863,0.11960997834624115,-0.1962181219973711,0.07709511111858959,0.6298535680866237,0.17874019145270206
Antonio Raillo,es ESP,DF,Mallorca,es La Liga,33.0,1991.0,24,23,2070,23.0,0,1,1,0,0,0,4,0,12,1,23,15,1,4,12,13,0,8.3,0.0,0.0,1.04,-0.26,0.01,,,,,,,,,,,,,,,DF,,False,Defender,True,True,True,0.0,0.0434782608695652,0.0434782608695652,0.0,0.0,0.0,0.1739130434782608,0.0,0.5217391304347826,0.0434782608695652,1.0,0.6521739130434783,0.0434782608695652,0.1739130434782608,0.5217391304347826,0.5652173913043478,0.0,-0.809444991619996,-0.11190484484829656,-0.8221765122714052,-0.1576074385334433,-0.8988128881355729,-0.675435497954322,-0.265112208875934,-1.2431376759117485,-1.526708588029479,-0.11472458539005363,-0.24275624771443763,-0.25563891818674933
Ylber Ramadani,al ALB,MF,Lecce,it Serie A,29.0,1996.0,37,37,3203,35.6,1,0,1,1,0,0,10,0,34,5,43,59,0,16,44,50,0,14.7,0.03,0.2,1.03,-0.51,1.15,,,,,,,,,,,,,,,MF,,False,Midfielder,True,True,True,0.0280986575085857,0.0,0.0280986575085857,0.0280986575085857,0.0,0.0,0.280986575085857,0.0,0.9553543552919138,0.1404932875429285,1.2082422728691853,1.6578207930065565,0.0,0.4495785201373712,1.2363409303777708,1.4049328754292851,0.0,-0.8224796210282018,-1.1563710848352395,-0.8228126939575963,-0.5752969279292872,-0.9858599690698041,-1.016644902053976,0.6256168018500659,0.8607669748796476,1.1468749490152033,0.022519976131294507,-0.8633126317738823,0.7546247029459628
Largie Ramazani,be BEL,"MF,FW",Valencia,es La Liga,24.0,2001.0,27,11,1234,13.7,6,1,7,3,3,3,4,0,51,19,17,20,2,27,14,12,0,37.3,0.06,0.16,1.41,0.36,0.94,,,,,,,,,,,,,,,MF,FW,True,Midfielder,True,True,False,0.4376012965964344,0.072933549432739,0.5105348460291734,0.2188006482982172,0.2188006482982172,0.2188006482982172,0.2917341977309562,0.0,3.719611021069692,1.385737439222042,1.239870340356564,1.458670988654781,0.1458670988654781,1.9692058346839547,1.0210696920583469,0.8752025931928687,0.0,2.262227001825491,-0.4681990269665084,0.7768277488648113,3.069319682586304,2.871538361334866,-0.22406424345167936,0.32402162496920706,-0.4024057049582246,0.6018195556755142,0.08632730855850122,0.018274265573719292,0.844038489194508
Jacobo Ramón,es ESP,DF,Como,it Serie A,20.0,2005.0,32,30,2742,30.5,2,0,2,2,0,0,11,1,39,9,33,12,0,11,38,32,0,23.1,0.05,0.22,1.84,0.95,0.02,,,,,,,,,,,,,,,DF,,False,Defender,True,True,True,0.0656455142231947,0.0,0.0656455142231947,0.0656455142231947,0.0,0.0,0.3610503282275711,0.0328227571115973,1.2800875273522976,0.2954048140043763,1.0831509846827134,0.3938730853391685,0.0,0.3610503282275711,1.2472647702407005,1.050328227571116,0.0,0.41042879214827865,-0.8042256269931214,0.4633964660629572,2.159534914214239,0.98919201297531,-0.5493970738797649,-0.8443029211601647,0.00040383525957606324,0.44360451949328866,0.10050947731201731,-0.807986293660309,1.3864382128751174
Gonçalo Ramos,pt POR,FW,Paris Saint-Germain,fr Ligue 1,24.0,2001.0,30,13,1318,14.6,6,1,7,5,1,2,4,1,58,25,24,23,6,1,5,14,0,43.1,0.09,0.2,2.2,1.23,-0.17,,,,,,,,,,,,,,,FW,,False,Forward,True,True,False,0.4097116843702579,0.0682852807283763,0.4779969650986343,0.3414264036418816,0.0682852807283763,0.1365705614567526,0.2731411229135053,0.0682852807283763,3.960546282245827,1.707132018209408,1.6388467374810318,1.5705614567526556,0.4097116843702579,0.0682852807283763,0.3414264036418816,0.9559939301972686,0.0,0.18494924255791562,-0.4821329127838591,0.05885709201221287,1.9138059443568192,1.7675194646786057,-0.7441397526732568,0.21507299361753457,1.4001604494849877,0.3624888707953308,0.46099758515231065,-0.31727514904714404,1.271970753036209
Jacob Ramsey,eng ENG,MF,Newcastle United,eng Premier League,24.0,2001.0,28,15,1450,16.1,2,3,5,2,0,0,5,1,16,4,16,14,2,8,9,21,0,25.0,0.13,0.5,1.18,-0.31,-0.45,,,,,,,,,,,,,,,MF,,False,Midfielder,True,True,True,0.1241379310344827,0.1862068965517241,0.3103448275862069,0.1241379310344827,0.0,0.0,0.3103448275862069,0.0620689655172413,0.993103448275862,0.2482758620689654,0.993103448275862,0.8689655172413794,0.1241379310344827,0.4965517241379309,0.5586206896551724,1.3034482758620691,0.0,-0.09903377521073918,0.600603369116515,-0.017219079569061994,-0.5255255108881405,-0.6519814100235065,-0.992145439187627,-0.5690363749491824,0.6187710424281556,-0.5690768672381531,-0.4115070002023888,-0.11305178258288923,0.9988677881731955
Luca Ranieri,it ITA,DF,Fiorentina,it Serie A,26.0,1999.0,34,29,2458,27.3,1,0,1,1,0,0,8,1,18,3,22,27,3,27,24,24,0,16.7,0.06,0.33,1.21,-0.22,0.06,,,,,,,,,,,,,,,DF,,False,Defender,True,True,True,0.0366151342554922,0.0,0.0366151342554922,0.0366151342554922,0.0,0.0,0.2929210740439381,0.0366151342554922,0.6590724165988608,0.1098454027664768,0.8055329536208299,0.9886086248982914,0.1098454027664768,0.9886086248982914,0.8787632221318145,0.8787632221318145,0.0,-0.12903532622280217,-0.8042256269931214,-0.10512177130459943,0.26201601568138194,-0.4014397942122854,-0.12673165563748998,0.48927894862897026,-0.43938886813570105,-0.5571367231946966,-0.6180972467430639,0.6200359135503755,0.7886231360927921
Lilian Raolisoa,fr FRA,"MF,DF",Angers,fr Ligue 1,25.0,2000.0,32,21,1966,21.8,2,4,6,2,0,0,3,0,16,5,27,17,1,99,14,31,0,31.3,0.13,0.4,1.13,-0.6,-0.1,,,,,,,,,,,,,,,MF,DF,True,Midfielder,True,True,True,0.091556459816887,0.1831129196337741,0.2746693794506612,0.091556459816887,0.0,0.0,0.1373346897253306,0.0,0.7324516785350966,0.2288911495422177,1.2360122075279756,0.7782299084435402,0.0457782299084435,4.532044760935911,0.6408952187182095,1.4191251271617495,0.0,-0.3444638908043868,0.5714098295289816,-0.2905179519642317,-0.869189607394962,-0.7120295199746542,1.1126164970274104,-0.7064476170734216,0.8946092248981766,-0.3607621097704106,0.07854380537607307,-0.5866396329623514,-0.4404729847909194
Raphinha,br BRA,"MF,FW",Barcelona,es La Liga,28.0,1996.0,22,18,1380,15.3,13,3,16,10,3,3,5,0,65,24,10,10,4,72,6,6,0,36.9,0.15,0.42,2.77,2.22,1.11,,,,,,,,,,,,,,,MF,FW,True,Midfielder,True,True,True,0.8478260869565218,0.1956521739130435,1.0434782608695652,0.6521739130434783,0.1956521739130435,0.1956521739130435,0.3260869565217391,0.0,4.239130434782608,1.565217391304348,0.6521739130434783,0.6521739130434783,0.2608695652173913,4.695652173913043,0.391304347826087,0.391304347826087,0.0,5.352373454852535,0.6897252617082712,4.412035741471638,3.7542955417909907,3.427514204762719,1.1979479923804828,-0.8973485338647842,-1.5562892261876284,-0.9927129981944424,-1.0993076126649326,0.7133224860912488,1.1298328767530912
Marcus Rashford,eng ENG,"MF,FW",Barcelona,es La Liga,27.0,1997.0,32,18,1763,19.6,8,7,15,8,0,0,3,0,76,29,10,25,10,121,2,8,0,38.2,0.11,0.28,2.47,0.97,-1.2,,,,,,,,,,,,,,,MF,FW,True,Midfielder,True,True,True,0.4083947816222348,0.3573454339194554,0.7657402155416904,0.4083947816222348,0.0,0.0,0.153148043108338,0.0,3.879750425411231,1.4804310833806011,0.5104934770277935,1.276233692569484,0.5104934770277935,6.176971072036302,0.1020986954055587,0.4083947816222348,0.0,2.042219799009732,2.215398759674178,2.3671752965289636,3.2804602544032937,3.1648712827419816,1.9705484166002005,0.04773609829442136,-1.51553609241032,-1.724966418887053,-1.385137617387539,2.221991484297985,-0.3089153514471709
Andrei Ratiu,ro ROU,DF,Rayo Vallecano,es La Liga,27.0,1998.0,35,31,2807,31.2,0,4,4,0,0,0,9,0,31,9,22,21,4,105,39,44,0,29.0,0.0,0.0,1.43,0.16,1.33,,,,,,,,,,,,,,,DF,,False,Defender,True,True,True,0.0,0.1282508015675098,0.1282508015675098,0.0,0.0,0.0,0.288564303526897,0.0,0.993943712148201,0.288564303526897,0.7053794086213039,0.6733167082294265,0.1282508015675098,3.3665835411471323,1.250445315283221,1.4107588172426078,0.0,-0.809444991619996,1.2379603638010186,-0.8221765122714052,1.2852191566003457,0.9379273997502394,1.474853038371144,-0.21770349279761303,0.9243378450659082,0.4522419393755424,-0.877341974469591,0.8593114549794547,0.750393698058028
Raúl,es ESP,FW,Osasuna,es La Liga,24.0,2000.0,36,6,1041,11.6,7,1,8,7,0,0,2,1,39,23,12,15,7,9,7,13,0,59.0,0.18,0.3,1.08,-0.26,-0.15,,,,,,,,,,,,,,,FW,,False,Forward,True,True,False,0.6051873198847262,0.0864553314121037,0.69164265129683,0.6051873198847262,0.0,0.0,0.1729106628242075,0.0864553314121037,3.3717579250720457,1.9884726224783864,1.037463976945245,1.296829971181556,0.6051873198847262,0.7780979827089338,0.6051873198847262,1.1239193083573489,0.0,1.1913496958559442,-0.29819288732647203,1.605936150685291,1.1444964073521373,2.491483183092526,-0.25274067081547325,-0.1976948836958094,1.9121499335474037,1.6585695579576032,-0.5890967873503073,0.2889237458484461,0.2728518255607115
David Raum,de GER,DF,RB Leipzig,de Bundesliga,27.0,1998.0,30,29,2553,28.4,3,7,10,2,1,1,6,0,24,8,29,17,6,250,33,35,0,33.3,0.08,0.25,2.03,0.81,1.52,,,,,,,,,,,,,,,DF,,False,Defender,True,True,True,0.1057579318448883,0.2467685076380728,0.3525264394829612,0.0705052878965922,0.0352526439482961,0.0352526439482961,0.2115158636897767,0.0,0.8460634547591069,0.282021151586369,1.0223266745005877,0.5992949471210341,0.2115158636897767,8.813160987074031,1.163337250293772,1.2338425381903644,0.0,1.155827578939704,3.1251625959910196,0.5585681436599783,0.833369309057556,0.8888912708519114,5.143165522461422,-0.3836832804813811,0.4708275943024058,0.21568219178954634,-0.05693259558109541,1.9417814974277148,0.07431527140982049
Rayan,br BRA,MF,Bournemouth,eng Premier League,18.0,2006.0,15,13,1111,12.3,5,2,7,5,0,0,1,0,28,8,9,6,1,24,8,6,0,28.6,0.18,0.63,1.8,0.49,0.56,,,,,,,,,,,,,,,MF,,False,Midfielder,True,True,False,0.405040504050405,0.162016201620162,0.5670567056705671,0.405040504050405,0.0,0.0,0.081008100810081,0.0,2.2682268226822684,0.648064806480648,0.7290729072907292,0.486048604860486,0.081008100810081,1.9441944194419445,0.648064806480648,0.486048604860486,0.0,2.016952654788731,0.3723495621674875,2.3390390508708356,1.155698916768493,0.5864465758525234,-0.23710926032873045,-1.1489309638295973,-1.3303660326859625,-0.3426090926351591,-0.944169468634785,-0.3737184682604078,-0.9090764841586916
Abde Rebbach,dz ALG,"MF,DF",Alavés,es La Liga,26.0,1998.0,30,15,1496,16.6,1,4,5,1,0,0,8,0,34,12,40,30,5,109,16,21,0,35.3,0.03,0.08,1.13,0.0,0.56,,,,,,,,,,,,,,,MF,DF,True,Midfielder,True,True,True,0.0601604278074866,0.2406417112299465,0.3008021390374331,0.0601604278074866,0.0,0.0,0.481283422459893,0.0,2.0454545454545454,0.7219251336898397,2.406417112299465,1.804812834224599,0.3008021390374331,6.557486631016043,0.962566844919786,1.2633689839572193,0.0,-0.5809643150420624,1.1142286996835165,-0.553873160467458,0.8619781664494942,0.8152440389650396,2.1690110721853104,0.8482235516559881,0.5231996389061292,0.4536934399550063,2.439750820726883,0.9546656959783574,2.420974563631289
Alejandro Rego,es ESP,MF,Athletic Club,es La Liga,22.0,2003.0,29,11,1279,14.2,1,1,2,1,0,0,6,0,12,3,40,6,0,6,21,20,0,25.0,0.08,0.33,1.31,-0.21,0.29,,,,,,,,,,,,,,,MF,,False,Midfielder,True,True,False,0.070367474589523,0.070367474589523,0.1407349491790461,0.070367474589523,0.0,0.0,0.4222048475371384,0.0,0.8444096950742769,0.2111024237685692,2.8146989835809224,0.4222048475371384,0.0,0.4222048475371384,1.4777169663799845,1.4073494917904612,0.0,-0.5040765448473244,-0.4924114918641573,-0.4682547315946458,-0.7215752227356906,-0.7671337346836911,-1.0309219838424997,-1.2456168197125481,0.8665295372013623,1.758026309842817,3.263429886646854,-0.8633126317738823,1.9294761881816662
Tijjani Reijnders,nl NED,MF,Manchester City,eng Premier League,27.0,1998.0,28,19,1631,18.1,5,2,7,5,0,0,2,0,49,16,19,15,4,43,11,4,0,32.7,0.1,0.31,1.93,0.83,-0.53,,,,,,,,,,,,,,,MF,,False,Midfielder,True,True,True,0.275904353157572,0.1103617412630288,0.3862660944206008,0.275904353157572,0.0,0.0,0.1103617412630288,0.0,2.703862660944206,0.8828939301042305,1.0484365419987738,0.8277130594727161,0.2207234825260576,2.37277743715512,0.6069895769466584,0.2207234825260576,0.0,1.0441942354626468,-0.11504144729996686,1.2558232504313576,1.7300759751371317,1.3138777933969377,-0.013576419616255015,-0.6315096590079182,-1.9630492245785387,-0.4466094020352774,-0.29987649647931036,0.4706888781303977,-0.6648717684048017
Alberto Reina,es ESP,MF,Oviedo,es La Liga,27.0,1997.0,37,31,2462,27.4,4,1,5,4,0,0,6,1,24,11,37,46,2,52,19,18,0,45.8,0.17,0.36,0.78,-0.8,0.32,,,,,,,,,,,,,,,MF,,False,Midfielder,True,True,True,0.1462225832656377,0.0365556458164094,0.1827782290820471,0.1462225832656377,0.0,0.0,0.2193338748984565,0.0365556458164094,0.8773354995938262,0.4021121039805037,1.3525588952071486,1.6815597075548334,0.0731112916328188,1.90089358245329,0.6945572705117791,0.6580016246953696,0.0,0.06732577048745088,-0.8114465034339339,0.16803070585973498,-0.6781632141649259,-0.17544220130276428,-0.25969335418514977,0.6615673374554167,-0.920334051969205,-0.22489263191494885,0.31366829557777076,-0.42144495048755415,0.24171114631718119
Vitor Reis,br BRA,DF,Girona,es La Liga,19.0,2006.0,36,35,3138,34.9,1,1,2,1,0,0,9,1,19,4,40,24,1,0,35,32,1,21.1,0.05,0.25,1.03,-0.4,0.24,,,,,,,,,,,,,,,DF,,False,Defender,True,True,True,0.02868068833652,0.02868068833652,0.0573613766730401,0.02868068833652,0.0,0.0,0.2581261950286806,0.02868068833652,0.5449330783938815,0.1147227533460803,1.147227533460803,0.6883365200764818,0.02868068833652,0.0,1.0038240917782026,0.9177820267686424,0.02868068833652,-0.27647910330058834,-0.34753218561651716,-0.2605064825402365,-0.08673806060384323,-0.36488762579596207,-0.7925672921629087,-0.18402440783537008,-0.3393673892184642,-0.21750838039982226,0.2663698813717039,-0.43512899757746926,0.4833078421065717
Rocco Reitz,de GER,MF,Gladbach,de Bundesliga,23.0,2002.0,31,31,2627,29.2,0,4,4,0,0,0,8,1,47,14,35,55,6,86,49,42,0,29.8,0.0,0.0,1.03,-0.65,-2.31,,,,,,,,,,,,,,,MF,,False,Midfielder,True,True,True,0.0,0.1370384468976018,0.1370384468976018,0.0,0.0,0.0,0.2740768937952036,0.0342596117244004,1.6102017510468216,0.4796345641416064,1.199086410354016,1.8842786448420252,0.2055576703464027,2.946326608298439,1.6787209744956222,1.438903692424819,0.0,-1.0341415412128914,0.13666937106124286,-1.0585089693537577,0.2881061436699552,0.06469946729377159,0.2855653340585328,0.9685676578787056,0.941772364564694,2.266957830661023,0.004048687507785046,0.3790302285157336,0.6971402911491109
Nicolai Remberg,de GER,MF,Hamburger SV,de Bundesliga,25.0,2000.0,32,32,2880,32.0,0,2,2,0,0,0,11,0,17,8,44,48,1,5,43,27,0,47.1,0.0,0.0,1.16,-0.34,1.16,,,,,,,,,,,,,,,MF,,False,Midfielder,True,True,True,0.0,0.0625,0.0625,0.0,0.0,0.0,0.34375,0.0,0.53125,0.25,1.375,1.5,0.03125,0.15625,1.34375,0.84375,0.0,-1.0341415412128914,-0.5666458630227291,-1.0585089693537577,-1.1344699587932654,-0.6466405403092482,-1.1696340655494233,0.386610842807227,-0.4774062434653947,1.4188290342345464,0.3589415970250583,-0.6744448832796218,1.27677882435613
Devyne Rensch,nl NED,MF,Roma,it Serie A,22.0,2003.0,24,12,1184,13.2,1,4,5,1,0,0,1,0,6,2,6,18,3,22,16,15,0,33.3,0.17,0.5,2.08,0.46,-0.43,,,,,,,,,,,,,,,MF,,False,Midfielder,True,True,False,0.0760135135135135,0.304054054054054,0.3800675675675676,0.0760135135135135,0.0,0.0,0.0760135135135135,0.0,0.4560810810810811,0.152027027027027,0.4560810810810811,1.3682432432432434,0.2280405405405405,1.6722972972972974,1.2162162162162162,1.1402027027027029,0.0,-0.46154599192947876,1.7125624266850807,-0.420894805423095,-1.233578660918546,-0.9501318531262019,-0.37892060978171993,0.18707661535144174,0.22950247494354908,1.0959202368167311,-1.494910680117917,0.5149114788599102,-0.9506284604125865
Elvis Rexhbeçaj,xk KVX,MF,Augsburg,de Bundesliga,27.0,1997.0,26,10,1118,12.4,2,0,2,2,0,0,4,0,11,5,13,16,1,16,4,8,0,45.5,0.18,0.4,1.31,-0.08,0.61,,,,,,,,,,,,,,,MF,,False,Midfielder,True,True,False,0.1610017889087656,0.0,0.1610017889087656,0.1610017889087656,0.0,0.0,0.3220035778175313,0.0,0.8855098389982111,0.4025044722719141,1.0465116279069768,1.2880143112701252,0.0805008944543828,1.2880143112701252,0.3220035778175313,0.6440071556350626,0.0,0.1786547563748732,-1.1563710848352395,0.29200117392693004,-0.6673855126793691,-0.17422676030659542,-0.5793482141288755,0.06557682775107668,-0.9537046776981808,-1.1681788837007478,-0.3037598710610206,-0.37678390577793414,1.0958616104846035
Oriol Rey,es ESP,MF,Levante,es La Liga,27.0,1998.0,20,14,1319,14.7,0,1,1,0,0,0,4,0,8,1,23,14,0,8,12,12,0,12.5,0.0,0.0,1.1,-0.14,0.38,,,,,,,,,,,,,,,MF,,False,Midfielder,True,True,False,0.0,0.0682335102350265,0.0682335102350265,0.0,0.0,0.0,0.2729340409401061,0.0,0.5458680818802123,0.0682335102350265,1.5693707354056103,0.9552691432903716,0.0,0.5458680818802123,0.8188021228203184,0.8188021228203184,0.0,-1.0341415412128914,-0.5125467335008843,-1.0585089693537577,-1.1151963129361038,-1.2096994016558256,-0.9664238751402563,-0.438336987880097,-0.5368959081684976,0.08968876490396871,0.751070459564496,-0.8633126317738823,0.6876324395735975
Samuele Ricci,it ITA,MF,Milan,it Serie A,23.0,2001.0,31,11,1312,14.6,1,4,5,1,0,0,3,0,18,6,17,33,1,28,9,9,0,33.3,0.06,0.17,2.1,0.21,-0.43,,,,,,,,,,,,,,,MF,,False,Midfielder,True,True,False,0.0685975609756097,0.274390243902439,0.3429878048780487,0.0685975609756097,0.0,0.0,0.2057926829268292,0.0,1.2347560975609757,0.4115853658536585,1.1661585365853655,2.263719512195122,0.0685975609756097,1.920731707317073,0.6173780487804879,0.6173780487804879,0.0,-0.5174089723473729,1.432666474341635,-0.48310106531876973,-0.20691137115816988,-0.14609683599129544,-0.2493465316981749,1.5431980768121976,-1.0172033323817922,-0.4203063406240528,-0.06238090982742371,-0.4487248911767254,0.1290565356667324
Declan Rice,eng ENG,MF,Arsenal,eng Premier League,26.0,1999.0,36,35,3094,34.4,4,5,9,4,0,0,3,0,40,13,26,11,1,177,33,33,0,32.5,0.1,0.31,2.19,1.08,-0.86,,,,,,,,,,,,,,,MF,,False,Midfielder,True,True,True,0.1163542340012928,0.145442792501616,0.2617970265029088,0.1163542340012928,0.0,0.0,0.0872656755009696,0.0,1.163542340012928,0.3781512605042016,0.7563025210084033,0.3199741435035552,0.0290885585003232,5.148674854557207,0.9599224305106658,0.9599224305106658,0.0,-0.1576669059813975,0.21596944426950299,-0.08251004227695799,-0.30080527286060693,-0.2496658123881449,1.434227645391236,-1.4004363906682973,-0.2003863235319809,0.446997922489838,-0.8892356977035893,-0.6875081341450943,-0.8570172088825401
Chris Richards,us USA,DF,Crystal Palace,eng Premier League,25.0,2000.0,33,31,2827,31.4,1,0,1,1,0,0,4,0,15,2,17,5,0,14,43,35,0,13.3,0.07,0.5,1.3,-0.16,0.6,,,,,,,,,,,,,,,DF,,False,Defender,True,True,True,0.0318358684117439,0.0,0.0318358684117439,0.0318358684117439,0.0,0.0,0.1273434736469756,0.0,0.4775380261761584,0.0636717368234878,0.5412097629996463,0.1591793420587195,0.0,0.4457021577644146,1.3689423417049875,1.1142553944110365,0.0,-0.21784719977482236,-0.8042256269931214,-0.19871681885208714,-0.29266442702604795,-0.7474775838690594,-0.49238340498879785,-1.3705592152161188,0.16427584081770408,0.774044824830748,-1.3022906378478916,-0.807986293660309,-0.6642738180987718
Richarlison,br BRA,"FW,MF",Tottenham Hotspur,eng Premier League,28.0,1997.0,32,20,1964,21.8,11,4,15,11,0,0,5,0,61,26,23,33,10,18,7,16,0,42.6,0.18,0.42,1.19,0.09,0.77,,,,,,,,,,,,,,,FW,MF,True,Forward,True,True,True,0.5040733197556008,0.1832993890020366,0.6873727087576375,0.5040733197556008,0.0,0.0,0.2291242362525458,0.0,2.795315682281059,1.1914460285132382,1.053971486761711,1.5122199592668024,0.4582484725050916,0.824847250509165,0.3207739307535642,0.7331975560081466,0.0,0.6707672954104584,0.6821840377881178,1.01285604478207,0.39131827550163584,0.44052314431288814,-0.22037643274188287,0.12709810820647202,0.7208741979255284,0.26100578666755964,-0.5602724772772036,-0.16675538093548178,0.8332008965242544
Diego Rico,es ESP,DF,Getafe,es La Liga,32.0,1993.0,28,18,1758,19.5,0,0,0,0,0,0,4,0,11,1,22,35,1,66,33,29,0,9.1,0.0,0.0,1.41,-0.31,-0.31,,,,,,,,,,,,,,,DF,,False,Defender,True,True,True,0.0,0.0,0.0,0.0,0.0,0.0,0.204778156996587,0.0,0.5631399317406144,0.0511945392491467,1.1262798634812288,1.7918088737201363,0.0511945392491467,3.378839590443686,1.689419795221843,1.484641638225256,0.0,-0.809444991619996,-0.8042256269931214,-0.8221765122714052,-0.03110680830415729,-0.8409850362568948,1.4831075833742255,2.2903034685911785,1.113730346708232,1.6443668268191174,0.21214740726571404,-0.14244238290493194,0.015193786925793455
Clemens Riedel,de GER,DF,Espanyol,es La Liga,22.0,2003.0,20,16,1396,15.5,0,1,1,0,0,0,5,0,3,1,23,8,2,3,11,14,0,33.3,0.0,0.0,1.2,-0.06,0.42,,,,,,,,,,,,,,,DF,,False,Defender,True,True,True,0.0,0.0644699140401146,0.0644699140401146,0.0,0.0,0.0,0.3223495702005731,0.0,0.1934097421203438,0.0644699140401146,1.482808022922636,0.5157593123209169,0.1289398280802292,0.1934097421203438,0.7091690544412608,0.9025787965616048,0.0,-0.809444991619996,0.22235318320729944,-0.8221765122714052,-1.1608217057587964,-0.7414958305437558,-0.662304319019047,-0.5709961290347813,-0.378339612580526,-1.0177043354564772,1.1350108528049094,0.8682690001906279,1.0468499272161493
Fabian Rieder,ch SUI,MF,Augsburg,de Bundesliga,23.0,2002.0,32,28,2343,26.0,6,3,9,4,2,2,4,0,38,13,45,38,2,116,13,20,0,34.2,0.11,0.31,1.25,-0.65,-0.78,,,,,,,,,,,,,,,MF,,False,Midfielder,True,True,True,0.2304737516005121,0.115236875800256,0.3457106274007682,0.1536491677336748,0.0768245838668374,0.0768245838668374,0.1536491677336748,0.0,1.4596670934699103,0.499359795134443,1.7285531370038412,1.4596670934699103,0.0768245838668374,4.4558258642765685,0.499359795134443,0.7682458386683739,0.0,0.7019740294697218,-0.06904161055865266,0.2303261481774498,0.0896292365667153,0.12580240280727364,1.0728635768647279,0.32553013967193867,-0.657450309297402,-0.7191223188499001,1.0722094105735198,-0.39900267388786415,-0.3047462945670265
Hugo Rincón,es ESP,DF,Girona,es La Liga,22.0,2003.0,33,16,1750,19.4,1,1,2,1,0,0,4,0,7,2,32,53,1,35,5,33,0,28.6,0.14,0.5,1.0,-0.31,0.23,,,,,,,,,,,,,,,DF,,False,Defender,True,True,True,0.0514285714285714,0.0514285714285714,0.1028571428571428,0.0514285714285714,0.0,0.0,0.2057142857142857,0.0,0.36,0.1028571428571428,1.645714285714286,2.725714285714286,0.0514285714285714,1.8,0.2571428571428571,1.697142857142857,0.0,0.1462389841207496,0.014690955315328371,0.1849780896122583,-0.6518032339625198,-0.4538116811566479,0.4197467778959647,4.384409575746964,1.6584596480203664,-2.2452738279956614,1.5566892840832756,-0.13939989645576412,0.02340805358634996
Luis Rioja,es ESP,MF,Valencia,es La Liga,31.0,1993.0,37,31,2624,29.2,3,6,9,3,0,0,1,0,44,5,13,29,9,152,17,25,0,11.4,0.07,0.6,1.32,-0.1,0.58,,,,,,,,,,,,,,,MF,,False,Midfielder,True,True,True,0.1028963414634146,0.2057926829268292,0.3086890243902439,0.1028963414634146,0.0,0.0,0.0342987804878048,0.0,1.5091463414634148,0.1714939024390243,0.4458841463414634,0.9946646341463414,0.3086890243902439,5.213414634146342,0.5830792682926829,0.8574695121951219,0.0,-0.25904268791461343,0.7854070845474159,-0.19539711330127543,0.15486662618596267,-0.8898292268410841,1.4679934882747814,-0.3786759198128285,-0.44469126837955253,-0.5071490393319618,-1.5154822564536816,1.0023322009133253,-1.2976700662952254
Lars Ritzka,de GER,"MF,DF",St Pauli,de Bundesliga,27.0,1998.0,21,12,966,10.7,0,0,0,0,0,0,1,0,4,1,10,3,2,18,13,26,0,25.0,0.0,0.0,0.71,-1.4,-0.71,,,,,,,,,,,,,,,MF,DF,True,Midfielder,True,True,False,0.0,0.0,0.0,0.0,0.0,0.0,0.093167701863354,0.0,0.3726708074534162,0.093167701863354,0.9316770186335404,0.2795031055900621,0.1863354037267081,1.6770186335403727,1.2111801242236024,2.422360248447205,0.0,-1.0341415412128914,-1.1563710848352395,-1.0585089693537577,-1.343553422855315,-1.1324606456838278,-0.37645813773136977,-1.4617262818524814,3.2868817438704805,1.0831691181658691,-0.5354303672423797,0.26285530955835434,-0.8079158828474143
Andrew Robertson,sct SCO,DF,Liverpool,eng Premier League,31.0,1994.0,24,11,1176,13.1,1,0,1,1,0,0,0,0,10,3,4,1,5,53,7,10,0,30.0,0.1,0.33,1.58,0.46,0.3,,,,,,,,,,,,,,,DF,,False,Defender,True,True,False,0.0765306122448979,0.0,0.0765306122448979,0.0765306122448979,0.0,0.0,0.0,0.0,0.7653061224489797,0.2295918367346938,0.3061224489795918,0.0765306122448979,0.3826530612244898,4.056122448979592,0.5357142857142857,0.7653061224489797,0.0,0.6127037818037323,-0.8042256269931214,0.6765654548173795,0.586614340297375,0.4959719768349824,1.9392628827146547,-1.555883347220267,-0.7302267605201986,-1.4887561985946456,-1.9108077573904705,4.166614876016367,-1.7816770450708828
Antonee Robinson,us USA,"DF,MF",Fulham,eng Premier League,27.0,1997.0,22,17,1492,16.6,1,0,1,0,1,1,5,0,6,1,15,9,2,77,28,31,0,16.7,0.0,0.0,1.36,-0.36,-0.46,,,,,,,,,,,,,,,DF,MF,True,Defender,True,True,True,0.0603217158176943,0.0,0.0603217158176943,0.0,0.0603217158176943,0.0603217158176943,0.3016085790884718,0.0,0.3619302949061662,0.0603217158176943,0.9048257372654156,0.5428954423592492,0.1206434316353887,4.644772117962466,1.6890080428954422,1.8699731903485255,0.0,0.31149800941640066,-0.8042256269931214,-0.8221765122714052,-0.6459051954111741,-0.7725835363741055,2.3357230360721193,-0.5101484940301761,2.1014959145049033,1.643248629251382,-0.3610805763768635,0.7604134316854737,0.8648535536641679
Joel Roca,es ESP,"MF,FW",Girona,es La Liga,20.0,2005.0,32,16,1473,16.4,3,1,4,3,0,0,4,1,48,16,13,45,4,33,2,11,0,33.3,0.06,0.19,1.06,-0.55,-0.23,,,,,,,,,,,,,,,MF,FW,True,Midfielder,True,True,True,0.1832993890020366,0.0610997963340122,0.2443991853360488,0.1832993890020366,0.0,0.0,0.2443991853360488,0.0610997963340122,2.9327902240325865,0.9775967413441956,0.7942973523421589,2.74949083503055,0.2443991853360488,2.016293279022403,0.1221995926680244,0.6720977596741344,0.0,0.3466183984033213,-0.5798576297028467,0.4790372019169235,2.0319123456038395,1.6072391117127742,-0.1995051971062918,2.2788567861494813,-0.8867209979423332,-1.674072009817798,-0.8125838809463363,0.6137793320101503,0.4502395235897364
Marc Roca,es ESP,MF,Real Betis,es La Liga,28.0,1996.0,29,23,2026,22.5,1,1,2,1,0,0,1,0,17,7,42,23,0,10,23,29,0,41.2,0.06,0.14,1.69,0.27,-0.06,,,,,,,,,,,,,,,MF,,False,Midfielder,True,True,True,0.0444225074037512,0.0444225074037512,0.0888450148075024,0.0444225074037512,0.0,0.0,0.0444225074037512,0.0,0.7551826258637709,0.3109575518262586,1.8657453109575517,1.0217176702862785,0.0,0.4442250740375123,1.0217176702862785,1.288252714708786,0.0,-0.6995151195191301,-0.7372179163209185,-0.6858854895443282,-0.8392193122221252,-0.4578120617148283,-1.0194370589170447,-0.3377064333182472,0.5825363427190945,0.603460202287937,1.3489846720835321,-0.8633126317738823,-1.2134467190125744
Joe Rodon,wls WAL,DF,Leeds United,eng Premier League,27.0,1997.0,35,33,2951,32.8,2,0,2,2,0,0,3,0,18,7,17,19,1,6,30,19,0,38.9,0.11,0.29,1.2,-0.3,-0.88,,,,,,,,,,,,,,,DF,,False,Defender,True,True,True,0.0609962724500169,0.0,0.0609962724500169,0.0609962724500169,0.0,0.0,0.0914944086750254,0.0,0.5489664520501525,0.2134869535750593,0.5184683158251441,0.579464588275161,0.0304981362250084,0.1829888173500508,0.914944086750254,0.579464588275161,0.0,0.3240331226099631,-0.8042256269931214,0.37234775292440025,-0.07441404045506875,0.37527767939450135,-0.6693228933090755,-0.4281491064985601,-1.2066161646889033,-0.45888019318662154,-1.3611562554442425,-0.41150164604663525,-0.9788392978707413
Rodri,es ESP,MF,Manchester City,eng Premier League,29.0,1996.0,21,17,1511,16.8,1,0,1,1,0,0,3,0,16,3,14,31,0,5,12,25,0,18.8,0.06,0.33,1.81,0.77,-0.59,,,,,,,,,,,,,,,MF,,False,Midfielder,True,True,True,0.0595632031767041,0.0,0.0595632031767041,0.0595632031767041,0.0,0.0,0.1786896095301125,0.0,0.9530112508272668,0.1786896095301125,0.8338848444738584,1.8464592984778292,0.0,0.2978160158835208,0.71475843812045,1.4890800794176042,0.0,-0.5854630962416406,-1.1563710848352395,-0.5588827813366141,-0.5783862638646038,-0.8675390530773149,-1.0957985369098617,0.9112935245028047,1.0614208788136335,-0.17374434363071856,-0.7327189865320706,-0.8633126317738823,-0.09642480950104698
Álvaro Rodríguez,uy URU,FW,Elche,es La Liga,21.0,2004.0,34,24,2201,24.5,7,5,12,7,0,0,2,0,75,24,37,49,18,10,4,14,0,32.0,0.09,0.29,1.06,-0.25,-0.1,,,,,,,,,,,,,,,FW,,False,Forward,True,True,True,0.2862335302135393,0.2044525215810995,0.4906860517946388,0.2862335302135393,0.0,0.0,0.0817810086324398,0.0,3.0667878237164925,0.9813721035892776,1.5129486597001365,2.003634711494775,0.7360290776919582,0.408905043162199,0.1635620172648796,0.5724670604270786,0.0,-0.4507743349031108,0.8963225568722117,-0.26487448992680973,0.7460231620585581,-0.10005257608456332,-0.5083307314264356,0.8681170806290546,0.23082126842014022,-0.5115094432875444,0.24116277833338806,0.694683413953323,-0.6355482982756332
Guido Rodríguez,ar ARG,MF,Valencia,es La Liga,31.0,1994.0,16,14,1309,14.5,4,0,4,4,0,0,4,0,15,5,21,28,0,3,10,27,0,33.3,0.27,0.8,1.63,0.28,0.83,,,,,,,,,,,,,,,MF,,False,Midfielder,True,True,False,0.2750190985485103,0.0,0.2750190985485103,0.2750190985485103,0.0,0.0,0.2750190985485103,0.0,1.0313216195569137,0.3437738731856379,1.4438502673796794,1.925133689839572,0.0,0.2062643239113827,0.6875477463712758,1.8563789152024448,0.0,1.0375257784251855,-1.1563710848352395,1.248397585555042,-0.475135623581761,-0.356156797523463,-1.1435484685048216,1.0304390946226036,1.937266323670802,-0.24264037642254072,0.49784201830910796,-0.8633126317738823,0.7049788706374728
Javi Rodríguez,es ESP,DF,Celta Vigo,es La Liga,22.0,2003.0,33,28,2558,28.4,0,1,1,0,0,0,5,0,12,1,33,33,1,1,28,23,0,8.3,0.0,0.0,1.42,-0.07,-0.8,,,,,,,,,,,,,,,DF,,False,Defender,True,True,True,0.0,0.0351837372947615,0.0351837372947615,0.0,0.0,0.0,0.1759186864738076,0.0,0.4222048475371384,0.0351837372947615,1.1610633307271303,1.1610633307271303,0.0351837372947615,0.0351837372947615,0.9851446442533228,0.8092259577795152,0.0,-0.809444991619996,-0.24398167897131273,-0.8221765122714052,-0.46173559834754874,-0.9609742640078064,-0.7688707700741896,0.8759759824461255,-0.6176418947240946,-0.2682362365640783,0.3021834663546958,-0.3505874683640021,-0.23803996402604494
Jesus Rodríguez,es ESP,MF,Como,it Serie A,19.0,2005.0,31,18,1731,19.2,2,9,11,2,0,0,3,1,45,12,24,32,3,57,4,17,0,26.7,0.04,0.17,1.9,1.4,0.92,,,,,,,,,,,,,,,MF,,False,Midfielder,True,True,True,0.1039861351819757,0.4679376083188908,0.5719237435008665,0.1039861351819757,0.0,0.0,0.1559792027729636,0.0519930675909878,2.339688041594454,0.6239168110918544,1.2478336221837087,1.6637781629116115,0.1559792027729636,2.9636048526863084,0.2079722703639514,0.8838821490467937,0.0,-0.2508334761042138,3.258902672929136,-0.18625573989806213,1.24991909128393,0.5116432234579356,0.2945770188218558,0.6346387239961007,-0.38170879901296123,-1.4569001249699858,0.10239265213217731,0.07938947509521682,-0.2853617979360819
Juan Rodríguez,uy URU,DF,Cagliari,it Serie A,20.0,2005.0,17,16,1310,14.6,1,0,1,1,0,0,3,0,3,2,15,8,0,5,17,27,0,66.7,0.33,0.5,1.06,-0.62,-0.45,,,,,,,,,,,,,,,DF,,False,Defender,True,True,False,0.0687022900763358,0.0,0.0687022900763358,0.0687022900763358,0.0,0.0,0.2061068702290076,0.0,0.2061068702290076,0.1374045801526717,1.0305343511450382,0.549618320610687,0.0,0.3435114503816793,1.16793893129771,1.8549618320610688,0.0,0.46723207520924354,-0.8042256269931214,0.5232590245960834,-1.1220254830484475,-0.19490395538041402,-0.5612096452051085,-0.4950737121270075,2.0630155389413014,0.2281789967282704,-0.035687247780695264,-0.807986293660309,0.026852872476916832
Ricardo Rodríguez,ch SUI,DF,Real Betis,es La Liga,32.0,1992.0,23,18,1547,17.2,0,1,1,0,0,0,0,0,3,0,11,5,0,15,8,14,0,0.0,0.0,,1.91,0.87,1.06,,,,,,,,,,,,,,,DF,,False,Defender,True,True,True,0.0,0.0581771170006464,0.0581771170006464,0.0,0.0,0.0,0.0,0.0,0.1745313510019392,0.0,0.6399482870071105,0.290885585003232,0.0,0.8726567550096962,0.4654169360051713,0.8144796380090499,0.0,-0.809444991619996,0.12215059733770445,-0.8221765122714052,-1.2185048495354542,-1.2246505919904345,-0.20482614636836763,-1.0752328961280624,-0.6041745199234753,-1.679663014228386,-1.0467086534802352,-0.807986293660309,-1.7816770450708828
Morgan Rogers,eng ENG,MF,Aston Villa,eng Premier League,23.0,2002.0,37,37,3280,36.4,10,6,16,10,0,0,7,0,84,32,46,49,3,51,13,23,0,38.1,0.12,0.31,1.68,0.14,-1.15,,,,,,,,,,,,,,,MF,,False,Midfielder,True,True,True,0.274390243902439,0.1646341463414634,0.4390243902439024,0.274390243902439,0.0,0.0,0.1920731707317073,0.0,2.3048780487804876,0.8780487804878049,1.2621951219512195,1.3445121951219512,0.0823170731707317,1.399390243902439,0.3567073170731707,0.6310975609756098,0.0,1.0327887342491835,0.39705145067088515,1.2431226467861953,1.2040228184839465,1.2988689519454364,-0.5212587015272262,0.1511379927702868,-0.9844883572959501,-1.080310850804159,0.1313659363894115,-0.36580734305729373,0.014918407509776143
Alessio Romagnoli,it ITA,DF,Lazio,it Serie A,30.0,1995.0,32,31,2666,29.6,0,0,0,0,0,0,6,1,9,4,18,15,0,2,32,14,0,44.4,0.0,0.0,1.41,-0.07,-0.43,,,,,,,,,,,,,,,DF,,False,Defender,True,True,True,0.0,0.0,0.0,0.0,0.0,0.0,0.2025506376594148,0.0337584396099024,0.3038259564891222,0.1350337584396099,0.6076519129782445,0.5063765941485371,0.0,0.0675168792198049,1.0802700675168793,0.4726181545386346,0.0,-0.809444991619996,-0.8042256269931214,-0.8221765122714052,-0.8234436776863084,-0.21267152675478007,-0.7470941462492225,-0.5920350984787501,-1.4805081616075646,-0.00990371455290002,-1.1303069394091763,-0.807986293660309,-0.004352069836361058
Miguel Román,es ESP,MF,Celta Vigo,es La Liga,22.0,2002.0,19,14,1311,14.6,1,0,1,1,0,0,3,0,9,2,20,11,0,21,12,17,0,22.2,0.11,0.5,1.63,0.34,0.34,,,,,,,,,,,,,,,MF,,False,Midfielder,True,True,False,0.068649885583524,0.0,0.068649885583524,0.068649885583524,0.0,0.0,0.205949656750572,0.0,0.6178489702517163,0.137299771167048,1.3729977116704806,0.7551487414187643,0.0,1.4416475972540046,0.8237986270022883,1.1670480549199085,0.0,-0.5170148208837072,-1.1563710848352395,-0.48266215768792664,-1.0202909647293603,-0.9957525389082817,-0.4992188496309295,-0.7414020508681837,0.2935167792763816,0.10233964931141583,0.3549021255300722,-0.8633126317738823,0.1303624639065144
Carlos Romero,es ESP,DF,Espanyol,es La Liga,23.0,2001.0,36,36,3191,35.5,6,3,9,6,0,0,4,0,42,12,40,19,1,89,38,60,0,28.6,0.14,0.5,1.28,-0.17,2.19,,,,,,,,,,,,,,,DF,,False,Defender,True,True,True,0.16922594797869,0.084612973989345,0.2538389219680351,0.16922594797869,0.0,0.0,0.11281729865246,0.0,1.1845816358508303,0.3384518959573801,1.1281729865246004,0.5358821685991852,0.028204324663115,2.510184895017236,1.0717643371983705,1.6922594797869006,0.0,2.335237473211665,0.5430987406406492,2.4918702817676013,1.8677155511952048,1.311798346823343,0.8980618559918976,-0.5258744328923844,1.645941514012932,-0.033002763044273443,0.21704770478323096,-0.44132186398059936,-0.7917369251554468
Cristian Romero,ar ARG,DF,Tottenham Hotspur,eng Premier League,27.0,1998.0,23,22,1868,20.8,4,1,5,4,0,0,11,2,17,6,32,16,1,1,31,30,0,35.3,0.24,0.67,1.0,-0.24,-0.01,,,,,,,,,,,,,,,DF,,False,Defender,True,True,True,0.1927194860813704,0.0481798715203426,0.240899357601713,0.1927194860813704,0.0,0.0,0.5299785867237687,0.0963597430406852,0.8190578158458244,0.2890792291220557,1.5417558886509637,0.7708779443254818,0.0481798715203426,0.0481798715203426,1.493576017130621,1.4453961456102784,0.0,2.77181187678751,-0.03703932129730364,2.951957434830119,0.7508532650554425,0.9417863897426394,-0.7601177720863864,0.001059111751568964,1.013127771905605,1.1125130344388252,1.287595800256071,-0.18163394081879192,2.868736251121801
Isaac Romero,es ESP,"FW,MF",Sevilla,es La Liga,25.0,2000.0,29,18,1484,16.5,4,0,4,4,0,1,6,1,41,14,29,24,5,10,5,10,0,34.1,0.1,0.29,1.0,-0.3,0.12,,,,,,,,,,,,,,,FW,MF,True,Forward,True,True,True,0.2425876010781671,0.0,0.2425876010781671,0.2425876010781671,0.0,0.0606469002695417,0.3638814016172507,0.0606469002695417,2.486522911051213,0.8490566037735848,1.7587601078167117,1.4555256064690028,0.3032345013477089,0.6064690026954178,0.3032345013477089,0.6064690026954178,0.0,-0.6754840934919303,-1.1734021059287691,-0.5208779339681341,-0.012149661611649244,-0.44053532118730315,-0.37155838563447313,0.04160700143379775,0.3344901543850222,0.17481972073865124,0.670382295923092,-0.6474766624479651,2.176489497702674
Iván Romero,es ESP,"FW,MF",Levante,es La Liga,24.0,2001.0,32,28,2259,25.1,7,1,8,7,0,1,5,0,59,18,41,77,7,21,12,22,0,30.5,0.12,0.39,1.16,-0.16,0.62,,,,,,,,,,,,,,,FW,MF,True,Forward,True,True,True,0.2788844621513944,0.0398406374501992,0.3187250996015936,0.2788844621513944,0.0,0.0398406374501992,0.199203187250996,0.0,2.350597609561753,0.7171314741035857,1.6334661354581674,3.0677290836653386,0.2788844621513944,0.8366533864541833,0.4780876494023904,0.8764940239043825,0.0,-0.48861079165433224,-0.7700852415795032,-0.3079801534256412,-0.18974935338886745,-0.7800135407507293,-0.21220311554499072,2.472696745060219,1.157772333692843,1.0340212715648762,0.4516023376067172,-0.7229897401398272,0.5349414017485513
Zaid Romero,ar ARG,DF,Getafe,es La Liga,25.0,1999.0,15,15,1349,15.0,1,0,1,1,0,0,5,1,10,2,11,12,0,4,28,23,0,20.0,0.1,0.5,1.8,0.53,1.14,,,,,,,,,,,,,,,DF,,False,Defender,True,True,False,0.0667160859896219,0.0,0.0667160859896219,0.0667160859896219,0.0,0.0,0.3335804299481097,0.0667160859896219,0.6671608598962194,0.1334321719792438,0.7338769458858414,0.8005930318754633,0.0,0.2668643439584877,1.8680504077094144,1.5344699777613044,0.0,0.4303229531882359,-0.8042256269931214,0.48436207430858824,0.28673034831304467,-0.22467424361450672,-0.6128320705085168,0.06768957080439085,1.2414611744148736,2.129474751169293,-0.8035768742022309,-0.807986293660309,1.1453975682076174
Rômulo,br BRA,FW,RB Leipzig,de Bundesliga,23.0,2002.0,30,27,2188,24.3,9,4,13,9,0,1,3,0,63,27,20,20,8,0,11,19,1,42.9,0.14,0.33,1.93,0.82,0.93,,,,,,,,,,,,,,,FW,,False,Forward,True,True,True,0.3702010968921389,0.1645338208409506,0.5347349177330896,0.3702010968921389,0.0,0.0411334552102376,0.1234003656307129,0.0,2.591407678244973,1.110603290676417,0.8226691042047533,0.8226691042047533,0.3290676416819013,0.0,0.4524680073126143,0.7815356489945156,0.0411334552102376,-0.018469833396986327,0.4922154380657311,0.2276338993623517,0.12489253819676148,0.23249341734481999,-0.7914132434979451,-0.9126962075615418,0.8682527273641207,0.9081302798381241,-0.9641572345541046,-0.5673642684861558,-0.2206775365402544
Salomón Rondón,ve VEN,FW,Oviedo,es La Liga,35.0,1989.0,16,13,1032,11.5,2,0,2,2,0,1,2,0,24,5,11,21,12,2,1,0,0,20.8,0.08,0.4,0.69,-0.96,-0.09,,,,,,,,,,,,,,,FW,,False,Forward,True,True,False,0.1744186046511628,0.0,0.1744186046511628,0.1744186046511628,0.0,0.0872093023255814,0.1744186046511628,0.0,2.0930232558139537,0.436046511627907,0.9593023255813954,1.8313953488372097,1.0465116279069768,0.1744186046511628,0.0872093023255814,0.0,0.0,-1.026450129358487,-1.1734021059287691,-0.9207204440915014,-0.5262954219578054,-1.5033194252777136,-0.6706642882519388,0.6083922047506449,-1.5145796836109684,-0.8866949736339698,-0.7255774376595472,1.6575357834025992,0.28788331618243207
Valentin Rongier,fr FRA,MF,Rennes,fr Ligue 1,30.0,1994.0,31,31,2745,30.5,2,5,7,2,0,0,6,0,22,10,48,26,0,21,36,48,0,45.5,0.09,0.2,1.77,0.39,1.25,,,,,,,,,,,,,,,MF,,False,Midfielder,True,True,True,0.0655737704918032,0.1639344262295081,0.2295081967213114,0.0655737704918032,0.0,0.0,0.1967213114754098,0.0,0.7213114754098361,0.3278688524590163,1.5737704918032789,0.8524590163934426,0.0,0.6885245901639344,1.180327868852459,1.5737704918032789,0.0,-0.5401866192809717,0.39044916909921296,-0.5084651295767786,-0.8838777403232471,-0.40542585075546855,-0.8920195865314059,-0.5940340447140191,1.26337009477717,1.0050528388244417,0.7599466490179553,-0.8633126317738823,0.05358815584710564
Marten de Roon,nl NED,MF,Atalanta,it Serie A,34.0,1991.0,34,32,2691,29.9,1,2,3,1,0,0,8,1,16,4,37,11,0,13,26,44,0,25.0,0.06,0.25,1.62,0.5,0.5,,,,,,,,,,,,,,,MF,,False,Midfielder,True,True,True,0.0334448160535117,0.0668896321070234,0.1003344481605351,0.0334448160535117,0.0,0.0,0.2675585284280936,0.0334448160535117,0.5351170568561873,0.1337792642140468,1.2374581939799332,0.3678929765886288,0.0,0.4347826086956521,0.8695652173913043,1.4715719063545152,0.0,-0.7822080107961092,-0.5252270347348941,-0.7779682149524553,-1.1293713223944262,-1.0066580289074705,-1.0243618949790458,-1.3278674570092457,1.0196716214485482,0.21821823634907267,0.08146097817716544,-0.8633126317738823,0.6429113935714256
Valentin Rosier,fr FRA,"DF,MF",Osasuna,es La Liga,28.0,1996.0,31,30,2547,28.3,1,1,2,1,0,0,6,1,19,3,33,20,3,46,43,32,0,15.8,0.05,0.33,1.16,-0.28,-0.49,,,,,,,,,,,,,,,DF,MF,True,Defender,True,True,True,0.0353356890459364,0.0353356890459364,0.0706713780918728,0.0353356890459364,0.0,0.0,0.2120141342756183,0.0353356890459364,0.6713780918727915,0.1060070671378091,1.1660777385159011,0.7067137809187279,0.1060070671378091,1.6254416961130742,1.5194346289752652,1.1307420494699647,0.0,-0.1528109289791221,-0.24156209380121407,-0.13017786551191868,0.2996161496993169,-0.4302053069732813,0.30218039575833544,-0.14281687903395915,0.20653801765117671,1.182737378093276,0.31516312455766626,0.5701364332041825,0.07868745590094067
Tom Rothe,de GER,"MF,DF",Union Berlin,de Bundesliga,20.0,2004.0,21,10,1029,11.4,2,0,2,2,0,0,1,1,19,5,10,6,2,35,21,15,0,26.3,0.11,0.4,1.1,-0.44,-0.04,,,,,,,,,,,,,,,MF,DF,True,Midfielder,True,True,False,0.1749271137026239,0.0,0.1749271137026239,0.1749271137026239,0.0,0.0,0.0874635568513119,0.0874635568513119,1.661807580174927,0.4373177842565597,0.8746355685131195,0.5247813411078717,0.1749271137026239,3.0612244897959187,1.8367346938775508,1.3119533527696792,0.0,0.28355161787663363,-1.1563710848352395,0.4088091455031999,0.35614738758490877,-0.06638540940014791,0.34549176320175506,-1.0902735803707828,0.6390518931740419,2.667040213440782,-0.6505073561041252,0.19390625192576824,-0.8553709545111003
Anthony Rouault,fr FRA,DF,Rennes,fr Ligue 1,24.0,2001.0,21,19,1724,19.2,1,0,1,1,0,0,4,0,9,3,26,8,0,0,18,13,0,33.3,0.11,0.33,1.71,0.37,0.23,,,,,,,,,,,,,,,DF,,False,Defender,True,True,True,0.0522041763341067,0.0,0.0522041763341067,0.0522041763341067,0.0,0.0,0.2088167053364269,0.0,0.4698375870069605,0.1566125290023201,1.357308584686775,0.4176334106728538,0.0,0.0,0.9396751740139212,0.6786542923433875,0.0,0.16065185150431072,-0.8042256269931214,0.20016719613718592,-0.3161932085283664,-0.05095445455499965,-0.7925672921629087,-0.7910248891986255,-0.9523515610802362,-0.39171787289711674,0.8101589696744437,-0.807986293660309,0.05063091470299032
Jonathan Rowe,eng ENG,"MF,FW",Bologna,it Serie A,22.0,2003.0,28,17,1605,17.8,3,2,5,3,0,0,2,0,48,17,23,50,4,53,9,14,0,35.4,0.06,0.18,1.32,0.06,-0.04,,,,,,,,,,,,,,,MF,FW,True,Midfielder,True,True,True,0.1682242990654205,0.1121495327102803,0.2803738317757009,0.1682242990654205,0.0,0.0,0.1121495327102803,0.0,2.6915887850467293,0.9532710280373832,1.2897196261682242,2.803738317757009,0.2242990654205607,2.9719626168224296,0.5046728971962616,0.7850467289719626,0.0,0.23306057159376356,-0.0981725559754085,0.3525848065226992,1.71389311754465,1.5318852417354902,0.29893611538457193,2.361009913045496,-0.61738760882491,-0.7056698253502278,0.18689462751697758,0.4922988714372581,-0.6499984138407192
Amir Rrahmani,xk KVX,DF,Napoli,it Serie A,31.0,1994.0,21,21,1795,19.9,2,1,3,2,0,0,2,0,15,4,20,16,2,1,22,12,0,26.7,0.13,0.5,2.0,0.85,0.58,,,,,,,,,,,,,,,DF,,False,Defender,True,True,True,0.1002785515320334,0.0501392757660167,0.1504178272980501,0.1002785515320334,0.0,0.0,0.1002785515320334,0.0,0.7520891364902508,0.2005571030640668,1.0027855153203342,0.8022284122562674,0.1002785515320334,0.0501392757660167,1.1030640668523677,0.6016713091922006,0.0,1.0540056574566672,-0.005838986859535058,1.1416346891730647,0.5462296858758358,0.2783779249556679,-0.758798098010851,0.0713566017466916,-1.14969107206502,0.051998047699902135,-0.10751435473070421,0.49566406300593496,-0.9017609106279423
Antonio Rüdiger,de GER,DF,Real Madrid,es La Liga,32.0,1993.0,18,16,1490,16.6,1,0,1,1,0,0,0,0,13,1,11,2,2,2,4,5,0,7.7,0.08,1.0,2.11,0.97,-0.25,,,,,,,,,,,,,,,DF,,False,Defender,True,True,True,0.0604026845637583,0.0,0.0604026845637583,0.0604026845637583,0.0,0.0,0.0,0.0,0.785234899328859,0.0604026845637583,0.6644295302013423,0.1208053691275167,0.1208053691275167,0.1208053691275167,0.2416107382550335,0.3020134228187919,0.0,0.3130026308943015,-0.8042256269931214,0.3607231879275274,0.6475069499930345,-0.771976734957171,-0.7112039317562731,-1.4566055856932674,-1.917839282735532,-2.2874544702131674,-0.983339621197598,0.7625186662161387,-1.7816770450708828
Javi Rueda,es ESP,MF,Celta Vigo,es La Liga,23.0,2002.0,26,16,1404,15.6,2,6,8,2,0,0,6,0,11,3,25,21,3,27,20,12,0,27.3,0.18,0.67,1.42,0.26,0.21,,,,,,,,,,,,,,,MF,,False,Midfielder,True,True,True,0.1282051282051282,0.3846153846153846,0.5128205128205129,0.1282051282051282,0.0,0.0,0.3846153846153846,0.0,0.7051282051282052,0.1923076923076923,1.6025641025641026,1.3461538461538465,0.1923076923076923,1.7307692307692308,1.2820512820512822,0.7692307692307693,0.0,-0.06839634128189338,2.472707203241747,0.0168972558512347,-0.9052150554905055,-0.8253542576709557,-0.3484238405427684,0.15362413145846016,-0.6551016850641362,1.2626111425987248,0.818035670559617,0.29895043588310527,1.616754359934757
Matteo Ruggeri,it ITA,DF,Atlético Madrid,es La Liga,23.0,2002.0,26,20,1774,19.7,0,3,3,0,0,0,4,0,5,2,28,2,1,86,20,23,0,40.0,0.0,0.0,1.69,0.51,0.07,,,,,,,,,,,,,,,DF,,False,Defender,True,True,True,0.0,0.1521984216459977,0.1521984216459977,0.0,0.0,0.0,0.2029312288613303,0.0,0.2536640360766629,0.1014656144306651,1.420518602029312,0.1014656144306651,0.0507328072153325,4.363021420518602,1.0146561443066515,1.1668545659526492,0.0,-0.809444991619996,1.6192873702556736,-0.8221765122714052,-0.9767140093113523,-0.46424016698528997,2.1459617389831767,-1.4999713247728752,0.2991094672289012,-0.18809172865490636,0.9737763806770457,-0.148445033734744,-0.0010124888983027397
Aitor Ruibal,es ESP,"DF,MF",Real Betis,es La Liga,29.0,1996.0,27,20,1808,20.1,4,2,6,4,0,0,6,1,31,12,32,25,1,31,20,32,0,38.7,0.13,0.33,1.67,0.45,0.34,,,,,,,,,,,,,,,DF,MF,True,Defender,True,True,True,0.1991150442477876,0.0995575221238938,0.2986725663716814,0.1991150442477876,0.0,0.0,0.2986725663716814,0.0497787610619469,1.5431415929203538,0.5973451327433629,1.592920353982301,1.2444690265486726,0.0497787610619469,1.5431415929203538,0.995575221238938,1.592920353982301,0.0,2.890658896756786,0.7810664294668207,3.0772052428091525,2.9632996730873393,3.2520134366349884,0.2467506329428731,1.0629974674362603,1.391293880139921,-0.23990987368146446,1.420033627435914,-0.16084791141033442,0.8390908664198448
Fabián Ruiz Peña,es ESP,MF,Paris Saint-Germain,fr Ligue 1,29.0,1996.0,20,13,1131,12.6,1,4,5,1,0,0,2,0,19,4,2,3,2,21,17,11,0,21.1,0.05,0.25,2.3,1.11,-0.33,,,,,,,,,,,,,,,MF,,False,Midfielder,True,True,False,0.0795755968169761,0.3183023872679045,0.3978779840848807,0.0795755968169761,0.0,0.0,0.1591511936339522,0.0,1.5119363395225462,0.3183023872679045,0.1591511936339522,0.2387267904509283,0.1591511936339522,1.6710875331564987,1.3527851458885942,0.8753315649867375,0.0,-0.43471348608330657,1.8470040501250253,-0.391015450261004,0.15854518230396186,-0.43505993239826135,-0.3795515774211465,-1.5234784890262019,-0.4020981642116453,1.4417055459071457,-2.093945194113202,0.09856025180431402,-0.25897273291284156
Georginio Rutter,fr FRA,"MF,FW",Brighton,eng Premier League,23.0,2002.0,32,20,1786,19.8,3,3,6,3,0,0,2,0,42,14,30,34,11,20,11,19,1,33.3,0.07,0.21,1.38,0.35,0.41,,,,,,,,,,,,,,,MF,FW,True,Midfielder,True,True,True,0.1511758118701007,0.1511758118701007,0.3023516237402015,0.1511758118701007,0.0,0.0,0.1007838745800671,0.0,2.1164613661814107,0.7054871220604704,1.5117581187010078,1.7133258678611425,0.5543113101903695,1.007838745800672,0.5543113101903695,0.9574468085106382,0.0503919372900335,0.10463751312903523,0.2700639421692641,0.20957922229333806,0.9555992261307302,0.7643239374501671,-0.7254772893819796,0.7096744433980573,-0.20628958823272314,-0.5799879881922345,0.6348411835412686,2.486816300083997,-0.7445538853330421
Julian Ryerson,no NOR,MF,Dortmund,de Bundesliga,27.0,1997.0,31,26,2266,25.2,0,15,15,0,0,0,8,0,12,1,26,21,4,250,12,21,0,8.3,0.0,0.0,2.23,1.07,0.05,,,,,,,,,,,,,,,MF,,False,Midfielder,True,True,True,0.0,0.5957634598411298,0.5957634598411298,0.0,0.0,0.0,0.3177405119152692,0.0,0.4766107678729038,0.0397175639894086,1.032656663724625,0.8340688437775816,0.1588702559576346,9.92939099735216,0.4766107678729038,0.8340688437775816,0.0,-1.0341415412128914,4.465016731206342,-1.0585089693537577,-1.2065106833256958,-1.2980333747882695,3.927670026148667,-0.6218843726669055,-0.5004915237664812,-0.7767216530616305,-0.33171125651013605,0.096862329679728,1.0603954542996226
Stefano Sabelli,it ITA,"MF,DF",Genoa,it Serie A,32.0,1993.0,16,12,913,10.1,0,0,0,0,0,0,0,0,8,0,6,19,0,27,3,14,1,0.0,0.0,,1.56,-0.1,0.22,,,,,,,,,,,,,,,MF,DF,True,Midfielder,True,True,False,0.0,0.0,0.0,0.0,0.0,0.0,0.0,0.0,0.7886089813800657,0.0,0.5914567360350492,1.872946330777656,0.0,2.661555312157722,0.2957283680175246,1.380065717415115,0.0985761226725082,-1.0341415412128914,-1.1563710848352395,-1.0585089693537577,-0.7951473372670032,-1.421066648876647,0.13703929791421438,0.9514058470708185,0.8014697897232734,-1.2347063256592274,-1.2218001139524168,-0.8633126317738823,-1.5830153866876162
Marcel Sabitzer,at AUT,MF,Dortmund,de Bundesliga,31.0,1994.0,26,21,1817,20.2,1,2,3,1,0,0,3,0,20,4,20,17,3,37,20,19,0,20.0,0.05,0.25,2.04,0.84,-0.53,,,,,,,,,,,,,,,MF,,False,Midfielder,True,True,True,0.0495321959273527,0.0990643918547055,0.1485965877820583,0.0495321959273527,0.0,0.0,0.1485965877820583,0.0,0.9906439185470556,0.1981287837094111,0.9906439185470556,0.8420473307649972,0.1485965877820583,1.832691249312053,0.9906439185470556,0.9411117226197028,0.0,-0.6610247936336071,-0.22163875747143716,-0.6430245609366396,-0.5287683511839214,-0.8073222370235629,-0.29526513524083814,-0.6098016432761159,-0.24524155098086348,0.5247831058537601,-0.4164689230604065,0.03477066321258462,-0.3467807349931167
Noah Sadiki,cd COD,MF,Sunderland,eng Premier League,20.0,2004.0,33,33,2889,32.1,0,1,1,0,0,0,9,0,19,5,31,40,2,21,33,26,0,26.3,0.0,0.0,1.52,-0.16,0.01,,,,,,,,,,,,,,,MF,,False,Midfielder,True,True,True,0.0,0.0311526479750778,0.0311526479750778,0.0,0.0,0.0,0.2803738317757009,0.0,0.5919003115264797,0.1557632398753894,0.9657320872274144,1.2461059190031152,0.0623052959501557,0.6542056074766356,1.0280373831775702,0.8099688473520249,0.0,-1.0341415412128914,-0.8624270490408426,-1.0585089693537577,-1.054503747421154,-0.9385581700184548,-0.909919081782961,0.002110187551745594,-0.55795936747825,0.6194613811850721,-0.4667267360936295,-0.48675388088189914,0.7495270454296278
Umar Sadiq,ng NGA,FW,Valencia,es La Liga,28.0,1997.0,20,8,911,10.1,4,2,6,4,0,0,3,0,25,10,30,19,13,5,1,5,0,40.0,0.16,0.4,1.65,0.4,0.86,,,,,,,,,,,,,,,FW,,False,Forward,True,True,False,0.3951701427003293,0.1975850713501646,0.5927552140504939,0.3951701427003293,0.0,0.0,0.2963776070252469,0.0,2.469813391877058,0.9879253567508234,2.96377607025247,1.8770581778265645,1.2843029637760703,0.4939626783754117,0.0987925356750823,0.4939626783754117,0.0,0.11008255091242342,0.8268016186925075,0.3740888345178481,-0.033982281606283124,-0.0831893240173125,-0.4494458400570053,0.6772485475083455,-0.008531582850238289,-0.829776741573539,2.774500611190821,2.394961931885034,1.5035970576879187
Alexis Saelemaekers,be BEL,MF,Milan,it Serie A,26.0,1999.0,35,33,2788,31.0,3,3,6,3,0,0,5,0,43,11,26,64,2,82,30,38,0,25.6,0.07,0.27,1.74,0.29,-0.99,,,,,,,,,,,,,,,MF,,False,Midfielder,True,True,True,0.0968436154949784,0.0968436154949784,0.1936872309899569,0.0968436154949784,0.0,0.0,0.1614060258249641,0.0,1.3880918220946914,0.3550932568149211,0.8393113342898134,2.065997130559541,0.0645624103299856,2.6470588235294117,0.9684361549497849,1.2266857962697275,0.0,-0.3046367381086301,-0.24259312277281386,-0.24616839895142184,-0.004741313818802026,-0.3210926926618338,0.12947847270762422,1.2437646083396179,0.43572644348943873,0.4685542226216008,-0.7217714368679102,-0.47311240532949944,-0.24021387895871515
Wesley Saïd,fr FRA,MF,Lens,fr Ligue 1,30.0,1995.0,29,26,1991,22.1,12,2,14,11,1,1,2,0,60,27,37,13,13,22,9,15,0,45.0,0.18,0.41,2.17,0.81,-0.28,,,,,,,,,,,,,,,MF,,False,Midfielder,True,True,True,0.5424409844299347,0.0904068307383224,0.6328478151682572,0.4972375690607734,0.0452034153691612,0.0452034153691612,0.0904068307383224,0.0,2.712204922149674,1.2204922149673532,1.672526368658965,0.5876443997990959,0.5876443997990959,0.9944751381215468,0.406830738322451,0.6780512305374184,0.0,3.051964719067735,-0.30332807186686744,3.112403572601516,1.7410750781275022,2.3596574974192426,-0.7324472463406594,-0.9950729078571292,-0.872524600271877,-0.9534009983880208,0.9591794686072526,2.6882737587962398,-0.8308846777879327
Bukayo Saka,eng ENG,"FW,MF",Arsenal,eng Premier League,23.0,2001.0,31,25,2222,24.7,7,5,12,6,1,1,2,0,71,27,33,54,14,122,16,19,0,38.0,0.08,0.22,2.35,1.22,0.16,,,,,,,,,,,,,,,FW,MF,True,Forward,True,True,True,0.2835283528352835,0.2025202520252025,0.486048604860486,0.243024302430243,0.0405040504050405,0.0405040504050405,0.081008100810081,0.0,2.8757875787578757,1.0936093609360935,1.3366336633663365,2.187218721872187,0.5670567056705671,4.941494149414941,0.648064806480648,0.7695769576957696,0.0,-0.4647018595921236,0.8767617027233272,-0.5183164797302787,0.49646267359678414,0.1887635455147763,2.629553556973066,1.1449488894144295,0.8317917453780033,1.8692629506051617,-0.06670668116523588,0.17067506417782194,-0.6432528107943282
Mohamed Salah,eg EGY,MF,Liverpool,eng Premier League,33.0,1992.0,27,23,2146,23.8,7,7,14,6,1,1,1,0,68,19,10,16,14,117,3,12,0,27.9,0.09,0.32,1.67,0.21,-0.14,,,,,,,,,,,,,,,MF,,False,Midfielder,True,True,True,0.293569431500466,0.293569431500466,0.587138863000932,0.2516309412861137,0.0419384902143522,0.0419384902143522,0.0419384902143522,0.0,2.851817334575955,0.7968313140726934,0.4193849021435228,0.6710158434296365,0.587138863000932,4.906803355079217,0.1258154706430568,0.5032618825722274,0.0,1.177261959467875,1.6136336849085184,1.0522137802098155,1.9251512254919898,1.0472812460912035,1.3080765354984858,-0.868814057789917,-1.289319970444367,-1.6649167979681536,-1.568942559846624,2.685218411697033,-1.2341122549496695
Kike Salas,es ESP,DF,Sevilla,es La Liga,23.0,2002.0,26,24,2203,24.5,2,0,2,2,0,0,1,0,19,8,31,20,2,10,37,35,0,42.1,0.11,0.25,1.0,-0.49,-0.34,,,,,,,,,,,,,,,DF,,False,Defender,True,True,True,0.0817067635043123,0.0,0.0817067635043123,0.0817067635043123,0.0,0.0,0.0408533817521561,0.0,0.7762142532909669,0.3268270540172492,1.2664548343168407,0.8170676350431231,0.0817067635043123,0.4085338175215615,1.5115751248297775,1.4298683613254657,0.0,0.7088908754215889,-0.8042256269931214,0.7779329323917016,0.619944261038318,1.2246786752980399,-0.5174165726761013,0.10463074992519518,0.9733235810050749,1.161393288805644,0.5749865074545698,0.2542254132012019,-1.423200090616712
Manolis Saliakas,gr GRE,MF,St Pauli,de Bundesliga,28.0,1996.0,17,12,1106,12.3,1,3,4,1,0,0,3,0,16,3,4,7,4,44,13,20,0,18.8,0.06,0.33,1.12,-0.73,0.28,,,,,,,,,,,,,,,MF,,False,Midfielder,True,True,False,0.081374321880651,0.244122965641953,0.325497287522604,0.081374321880651,0.0,0.0,0.244122965641953,0.0,1.301989150090416,0.244122965641953,0.325497287522604,0.569620253164557,0.325497287522604,3.580470162748644,1.057866184448463,1.62748643761302,0.0,-0.4211640273326376,1.1470764361684176,-0.3759274412399197,-0.11826594866245578,-0.6648458557005252,0.6163108472664933,-1.0223689210772486,1.3914588929709542,0.6949863288579858,-1.758354013433064,1.103917442958379,0.44794154109620493
William Saliba,fr FRA,DF,Arsenal,eng Premier League,24.0,2001.0,31,30,2614,29.0,1,0,1,1,0,0,2,0,5,1,22,16,1,9,15,23,0,20.0,0.2,1.0,2.29,1.38,0.93,,,,,,,,,,,,,,,DF,,False,Defender,True,True,True,0.0344299923488905,0.0,0.0344299923488905,0.0344299923488905,0.0,0.0,0.0688599846977811,0.0,0.1721499617444529,0.0344299923488905,0.7574598316755929,0.5508798775822494,0.0344299923488905,0.3098699311400152,0.5164498852333589,0.7918898240244836,0.0,-0.16964125881727932,-0.8042256269931214,-0.1479146326629861,-1.2257812121272775,-0.9666230300242671,-0.5838674713800116,-0.4922449094187839,-0.6620816399450097,-1.5410726140231776,-0.7425332156317943,-0.3603863720428832,-1.1774500131944188
Mohammed Salisu,gh GHA,DF,Monaco,fr Ligue 1,26.0,1999.0,12,12,1080,12.0,1,0,1,1,0,0,3,0,8,2,17,3,4,0,19,11,1,25.0,0.13,0.5,1.17,-0.5,-1.05,,,,,,,,,,,,,,,DF,,False,Defender,True,True,False,0.0833333333333333,0.0,0.0833333333333333,0.0833333333333333,0.0,0.0,0.25,0.0,0.6666666666666667,0.1666666666666666,1.4166666666666663,0.25,0.3333333333333333,0.0,1.5833333333333337,0.9166666666666669,0.0833333333333333,0.7391170061080643,-0.8042256269931214,0.8097869630030499,0.28522033514852524,0.024393939453201396,-0.7925672921629087,-1.1669110812529189,-0.3422265226020528,1.3562673649647305,0.9638057507376465,3.5254440585913733,0.41200276232505983
Lazar Samardzic,rs SRB,MF,Atalanta,it Serie A,23.0,2002.0,26,11,1030,11.4,2,1,3,2,0,0,1,0,25,9,17,10,1,68,10,8,0,36.0,0.08,0.22,1.5,0.17,-0.31,,,,,,,,,,,,,,,MF,,False,Midfielder,True,True,False,0.174757281553398,0.087378640776699,0.2621359223300971,0.174757281553398,0.0,0.0,0.087378640776699,0.0,2.1844660194174756,0.7864077669902912,1.4854368932038835,0.8737864077669902,0.087378640776699,5.941747572815535,0.8737864077669902,0.6990291262135923,0.0,0.2822723041299445,-0.3319008718158078,0.4073845648091637,1.045261988581473,1.0149921780732287,1.8478646545050454,-0.561735552658508,-0.82250158745343,0.22890606719235163,0.5817400199669629,-0.3352164029743968,-0.8560774054161259
Mbwana Samatta,tz TAN,FW,Le Havre,fr Ligue 1,32.0,1992.0,27,17,1542,17.1,2,1,3,2,0,0,4,0,42,16,35,20,10,7,4,6,0,38.1,0.05,0.13,0.96,-0.18,0.36,,,,,,,,,,,,,,,FW,,False,Forward,True,True,True,0.1167315175097276,0.0583657587548638,0.1750972762645914,0.1167315175097276,0.0,0.0,0.2334630350194552,0.0,2.4513618677042803,0.933852140077821,2.0428015564202333,1.1673151750972763,0.5836575875486382,0.4085603112840467,0.2334630350194552,0.3501945525291828,0.0,-1.3234503692901083,-0.5825507462886967,-1.259081736369521,-0.058091001395728245,-0.22233399924436034,-0.5085693872407631,-0.39299411041371307,-0.44686776159305036,-0.16802656335517577,1.1663564845917416,0.2221568574063906,0.8764509820438101
Albert Sambi Lokonga,be BEL,MF,Hamburger SV,de Bundesliga,25.0,1999.0,26,20,1710,19.0,5,0,5,5,0,0,3,0,19,11,20,27,0,13,13,13,0,57.9,0.26,0.45,1.23,0.0,0.93,,,,,,,,,,,,,,,MF,,False,Midfielder,True,True,True,0.2631578947368421,0.0,0.2631578947368421,0.2631578947368421,0.0,0.0,0.1578947368421052,0.0,1.0,0.5789473684210527,1.0526315789473684,1.4210526315789471,0.0,0.6842105263157895,0.6842105263157895,0.6842105263157895,0.0,0.948177553382315,-1.1563710848352395,1.1489038086985952,-0.5164325466637056,0.3723411814899607,-0.8942696405632625,0.26705187250983287,-0.8578374011156717,-0.25109004115343786,-0.29141331366770784,-0.8633126317738823,-0.2694257012321161
Antonio Sanabria,py PAR,FW,Cremonese,it Serie A,29.0,1996.0,25,10,945,10.5,1,1,2,1,0,0,2,0,12,4,15,15,6,2,1,2,0,33.3,0.08,0.25,1.04,-0.29,0.51,,,,,,,,,,,,,,,FW,,False,Forward,True,True,False,0.0952380952380952,0.0952380952380952,0.1904761904761905,0.0952380952380952,0.0,0.0,0.1904761904761905,0.0,1.1428571428571428,0.380952380952381,1.4285714285714284,1.4285714285714284,0.5714285714285714,0.1904761904761905,0.0952380952380952,0.1904761904761905,0.0,-1.4341086099458638,-0.20928274448433368,-1.3851505412907357,-1.7677803180672502,-1.6450911820075127,-0.6595477177689731,0.0009619920652346838,-0.9338347863440793,-0.8472427167061325,0.09382889816583963,0.1842328673493477,0.4479488083796537
Oihan Sancet,es ESP,MF,Athletic Club,es La Liga,25.0,2000.0,28,22,1788,19.9,4,0,4,2,2,2,4,1,48,15,28,28,0,23,3,14,0,31.3,0.04,0.13,1.0,-0.4,-0.02,,,,,,,,,,,,,,,MF,,False,Midfielder,True,True,True,0.2013422818791946,0.0,0.2013422818791946,0.1006711409395973,0.1006711409395973,0.1006711409395973,0.2013422818791946,0.0503355704697986,2.4161073825503356,0.7550335570469798,1.4093959731543624,1.4093959731543624,0.0,1.157718120805369,0.1510067114093959,0.7046979865771812,0.0,0.48253212847740057,-1.1563710848352395,-0.21406247036728723,1.3506764496221053,0.9178041488101276,-0.6473058241714009,0.2493988701840435,-0.8089838600792839,-1.6011339082899791,0.42833297840153606,-0.8633126317738823,0.09203186322208226
Alexis Sánchez,cl CHI,"FW,MF",Sevilla,es La Liga,36.0,1988.0,28,11,1308,14.5,4,2,6,3,1,1,3,0,25,9,16,26,13,25,7,13,0,36.0,0.12,0.33,1.14,-0.83,-0.74,,,,,,,,,,,,,,,FW,MF,True,Forward,True,True,False,0.2752293577981651,0.1376146788990825,0.4128440366972477,0.2064220183486238,0.0688073394495412,0.0688073394495412,0.2064220183486238,0.0,1.720183486238532,0.6192660550458716,1.1009174311926606,1.788990825688073,0.8944954128440367,1.720183486238532,0.481651376146789,0.8944954128440367,0.0,-0.5074289869156506,0.2197061456996579,-0.7330057066593355,-1.0134470223831213,-1.031847124705861,0.39945948025853856,0.544449158621933,1.2126569612375522,1.05153287818777,-0.47829860756593956,1.186110987494753,0.6069002731082447
Antonio Sánchez,es ESP,"MF,DF",Mallorca,es La Liga,28.0,1997.0,30,9,1073,11.9,0,0,0,0,0,0,5,1,6,3,16,10,1,29,16,12,0,50.0,0.0,0.0,1.23,-0.5,-0.35,,,,,,,,,,,,,,,MF,DF,True,Midfielder,True,True,False,0.0,0.0,0.0,0.0,0.0,0.0,0.4193849021435228,0.0838769804287045,0.5032618825722274,0.2516309412861137,1.342031686859273,0.8387698042870456,0.0838769804287045,2.4324324324324325,1.342031686859273,1.0065237651444547,0.0,-1.0341415412128914,-1.1563710848352395,-1.0585089693537577,-1.171371726612868,-0.6415883662552205,0.017537390324649394,-0.6147651740265827,-0.08926272964403863,1.4144783562149867,0.29243041618942656,-0.35637962556375197,1.906015930691859
Juanlu Sánchez,es ESP,"MF,DF",Sevilla,es La Liga,21.0,2003.0,32,23,1990,22.1,0,3,3,0,0,0,6,1,14,1,23,42,4,59,11,42,0,7.1,0.0,0.0,0.94,-0.54,-0.42,,,,,,,,,,,,,,,MF,DF,True,Midfielder,True,True,True,0.0,0.135678391959799,0.135678391959799,0.0,0.0,0.0,0.271356783919598,0.0452261306532663,0.6331658291457287,0.0452261306532663,1.0402010050251256,1.899497487437186,0.1809045226130653,2.6683417085427137,0.4974874371859297,1.899497487437186,0.0,-1.0341415412128914,0.12383643186327548,-1.0585089693537577,-1.0000959954860342,-1.280969463407168,0.14057882794560106,0.9916152804427824,2.0400850679770466,-0.7238630301779286,-0.3164910950665879,0.2300323243335954,0.6745106054017368
Manu Sánchez,es ESP,DF,Levante,es La Liga,24.0,2000.0,33,31,2814,31.3,1,2,3,1,0,0,8,0,13,4,35,20,2,75,35,54,0,30.8,0.08,0.25,1.15,-0.26,0.64,,,,,,,,,,,,,,,DF,,False,Defender,True,True,True,0.0319829424307036,0.0639658848614072,0.0959488272921108,0.0319829424307036,0.0,0.0,0.255863539445629,0.0,0.4157782515991471,0.1279317697228145,1.119402985074627,0.6396588486140725,0.0639658848614072,2.3987206823027716,1.119402985074627,1.727078891257996,0.0,-0.21511416093545285,0.21432733607708948,-0.1958365857268385,-0.48137213703141113,-0.2658957277693063,0.8229898374464639,-0.29317487187850255,1.7351981958303864,0.09636971834778144,0.19434679451519832,0.02358882724086602,0.4634536746520436
Philipp Sander,de GER,"DF,MF",Gladbach,de Bundesliga,27.0,1998.0,30,29,2445,27.2,2,0,2,2,0,0,4,0,25,8,28,14,0,28,50,42,1,32.0,0.08,0.25,1.0,-0.15,0.88,,,,,,,,,,,,,,,DF,MF,True,Defender,True,True,True,0.0736196319018405,0.0,0.0736196319018405,0.0736196319018405,0.0,0.0,0.147239263803681,0.0,0.9202453987730062,0.294478527607362,1.030674846625767,0.5153374233128835,0.0,1.030674846625767,1.8404907975460123,1.5460122699386505,0.0368098159509202,0.5586097793790272,-0.8042256269931214,0.6195580916520403,1.0600331023515763,0.9822501752228618,-0.09839972648502616,-0.5719421352757968,1.2710488858893392,2.0546309990481486,-0.035323579049363875,-0.807986293660309,-0.4896938456229656
James Sands,us USA,MF,St Pauli,de Bundesliga,25.0,2000.0,24,23,1934,21.5,1,0,1,1,0,0,4,0,16,4,26,38,0,9,41,23,0,25.0,0.06,0.25,1.0,-0.79,0.33,,,,,,,,,,,,,,,MF,,False,Midfielder,True,True,True,0.046535677352637,0.0,0.046535677352637,0.046535677352637,0.0,0.0,0.1861427094105481,0.0,0.7445708376421925,0.1861427094105481,1.2099276111685626,1.7683557394002067,0.0,0.4188210961737332,1.907962771458118,1.0703205791106516,0.0,-0.683597006387886,-1.1563710848352395,-0.6681598638243345,-0.8532107407672587,-0.8444515525286355,-1.032686821746163,0.7930124305709635,0.06286448521439703,2.847385939816449,0.025920023926297654,-0.8633126317738823,-0.03441948035951803
Sadibou Sané,sn SEN,DF,Metz,fr Ligue 1,21.0,2004.0,23,22,1940,21.6,2,1,3,2,0,0,5,2,6,2,22,15,0,4,39,34,1,33.3,0.33,1.0,0.26,-1.44,-0.39,,,,,,,,,,,,,,,DF,,False,Defender,True,True,True,0.0927835051546391,0.0463917525773195,0.1391752577319587,0.0927835051546391,0.0,0.0,0.2319587628865979,0.0927835051546391,0.2783505154639175,0.0927835051546391,1.0206185567010309,0.6958762886597938,0.0,0.1855670103092783,1.809278350515464,1.577319587628866,0.0463917525773195,0.9147271295617609,-0.06551221511694348,0.994854985972317,-0.9012841842323365,-0.5293062136609881,-0.6675864601980763,-0.16711790399239437,1.351302605741934,1.9698672221007196,-0.06135401205589955,-0.807986293660309,0.25369597210060996
Arouna Sangante,sn SEN,DF,Le Havre,fr Ligue 1,23.0,2002.0,28,28,2324,25.8,1,1,2,1,0,0,4,2,9,5,42,41,0,8,36,25,0,55.6,0.11,0.2,1.04,-0.39,-0.14,,,,,,,,,,,,,,,DF,,False,Defender,True,True,True,0.0387263339070568,0.0387263339070568,0.0774526678141136,0.0387263339070568,0.0,0.0,0.1549053356282272,0.0774526678141136,0.3485370051635112,0.1936316695352839,1.6265060240963856,1.5877796901893286,0.0,0.3098106712564544,1.3941480206540449,0.96815834767642,0.0,-0.08980344362244617,-0.18757157405001126,-0.06377696266021238,-0.6868285480963944,0.22647687569365188,-0.5839073833748066,1.8328066452699006,-0.21023185658224822,0.8424959958060749,1.5069692212212367,-0.807986293660309,-0.4224262177687496
Ibrahim Sangaré,ci CIV,MF,Nottingham Forest,eng Premier League,27.0,1997.0,28,25,2075,23.1,2,2,4,2,0,0,5,0,16,5,42,18,0,8,22,32,0,31.3,0.13,0.4,1.32,0.26,0.86,,,,,,,,,,,,,,,MF,,False,Midfielder,True,True,True,0.0867469879518072,0.0867469879518072,0.1734939759036144,0.0867469879518072,0.0,0.0,0.2168674698795181,0.0,0.6939759036144578,0.2168674698795181,1.8216867469879516,0.7807228915662651,0.0,0.3469879518072289,0.9542168674698794,1.3879518072289156,0.0,-0.3806927408740379,-0.33786089745209286,-0.3308606126367413,-0.9199191398997748,-0.7492753257820359,-1.0701522978707911,-0.702672209468546,0.8202746297288047,0.4325517385420978,1.2600997144870725,-0.8633126317738823,0.22119213309463798
Mamadou Sangare,ml MLI,MF,Lens,fr Ligue 1,23.0,2002.0,29,27,2323,25.8,3,4,7,3,0,0,5,0,53,14,34,43,3,7,40,54,0,26.4,0.06,0.21,2.1,0.7,-0.89,,,,,,,,,,,,,,,MF,,False,Midfielder,True,True,True,0.1162290142057684,0.1549720189410245,0.2712010331467929,0.1162290142057684,0.0,0.0,0.1937150236762806,0.0,2.053379250968575,0.5424020662935859,1.3172621609987083,1.6659492036160135,0.1162290142057684,0.2712010331467929,1.5497201894102457,2.0921222557038313,0.0,-0.15861016322981697,0.30588344708041215,-0.08356040702843956,0.8724267306900907,0.2591346370379849,-1.1096799144977993,0.6379265776165997,2.4994100355950684,1.9403346635126684,0.24245969409962337,-0.16085144064585363,0.028577641098942324
Nhoa Sangui,fr FRA,DF,Paris FC,fr Ligue 1,19.0,2006.0,26,18,1737,19.3,0,0,0,0,0,0,0,0,4,1,5,17,2,37,21,14,0,25.0,0.0,0.0,1.35,-0.26,-0.4,,,,,,,,,,,,,,,DF,,False,Defender,True,True,True,0.0,0.0,0.0,0.0,0.0,0.0,0.0,0.0,0.2072538860103627,0.0518134715025906,0.2590673575129533,0.8808290155440415,0.1036269430051813,1.9170984455958548,1.0880829015544042,0.7253886010362693,0.0,-0.809444991619996,-0.8042256269931214,-0.8221765122714052,-1.118520762979082,-0.8363465925779056,0.4986134963281193,0.24760357628728663,-0.8325520255705104,0.011313632521358294,-2.03260858206895,0.5391941267288145,-1.7816770450708828
Kaishu Sano,jp JPN,MF,Mainz 05,de Bundesliga,24.0,2000.0,34,34,3059,34.0,1,2,3,1,0,0,1,0,24,6,14,29,4,18,67,31,0,25.0,0.04,0.17,1.18,-0.26,-0.26,,,,,,,,,,,,,,,MF,,False,Midfielder,True,True,True,0.029421379535796,0.058842759071592,0.088264138607388,0.029421379535796,0.0,0.0,0.029421379535796,0.0,0.7061131088591043,0.176528277214776,0.4118993135011441,0.8532200065380844,0.117685518143184,0.5295848316443282,1.971232428898333,0.9120627656096764,0.0,-0.8125158039289553,-0.6011541385063645,-0.81171747863983,-0.9039164798040167,-0.8742342217744631,-0.9749166082417231,-0.5928815908714211,-0.3145104791567949,3.007581367184101,-1.5840441920632675,-0.1520486688272069,-1.3382471223170262
Morgan Sanson,fr FRA,MF,Nice,fr Ligue 1,30.0,1994.0,31,20,1772,19.7,0,2,2,0,0,0,4,0,19,4,35,21,2,39,24,25,0,21.1,0.0,0.0,0.9,-1.27,-1.41,,,,,,,,,,,,,,,MF,,False,Midfielder,True,True,True,0.0,0.1015801354401805,0.1015801354401805,0.0,0.0,0.0,0.2031602708803611,0.0,0.9650112866817157,0.2031602708803611,1.7776523702031604,1.0665914221218962,0.1015801354401805,1.9808126410835216,1.2189616252821671,1.2697516930022574,0.0,-1.0341415412128914,-0.1979011983679548,-1.0585089693537577,-0.56256445884072,-0.7917361769031404,-0.21801056820355913,-0.2697490121888489,0.5384195799957874,1.1028714674130815,1.1712635527818633,-0.24938586465935658,0.10715644335670675
Andrey Santos,br BRA,MF,Chelsea,eng Premier League,21.0,2004.0,27,13,1260,14.0,1,0,1,1,0,0,4,0,11,2,13,22,1,2,18,21,0,18.2,0.09,0.5,1.48,0.21,0.09,,,,,,,,,,,,,,,MF,,False,Midfielder,True,True,False,0.0714285714285714,0.0,0.0714285714285714,0.0714285714285714,0.0,0.0,0.2857142857142857,0.0,0.7857142857142857,0.1428571428571428,0.9285714285714286,1.5714285714285714,0.0714285714285714,0.1428571428571428,1.2857142857142856,1.5,0.0,-0.4960835012513355,-1.1563710848352395,-0.45935407245383353,-0.7989639350657901,-0.9785374439809907,-1.1766192779322497,0.49478324450486894,1.0874600648073947,1.2718856741986244,-0.5416956699692969,-0.4316149209298585,0.7939564250890039
Amin Sarr,se SWE,"FW,MF",Hellas Verona,it Serie A,24.0,2001.0,34,9,1102,12.2,0,1,1,0,0,0,2,1,19,6,25,22,7,12,4,9,0,31.6,0.0,0.0,0.56,-2.04,-1.61,,,,,,,,,,,,,,,FW,MF,True,Forward,True,True,False,0.0,0.0816696914700544,0.0816696914700544,0.0,0.0,0.0,0.1633393829401088,0.0816696914700544,1.5517241379310345,0.4900181488203267,2.041742286751361,1.796733212341198,0.5716878402903811,0.9800362976406534,0.3266787658802177,0.73502722323049,0.0,-1.9244390900929182,-0.34663913263930335,-1.9437657630968073,-1.2335556262159593,-1.364436140896357,-0.1129399849831803,0.5561241345476362,0.7264526899166585,0.2900212408051498,1.1645068587107894,0.1850368984865083,0.17744323535920273
Ismaila Sarr,sn SEN,MF,Crystal Palace,eng Premier League,27.0,1998.0,28,24,2174,24.2,9,1,10,6,3,3,2,0,48,21,12,42,14,24,7,9,0,43.8,0.13,0.29,1.18,0.08,0.95,,,,,,,,,,,,,,,MF,,False,Midfielder,True,True,True,0.3725850965961361,0.0413983440662373,0.4139834406623734,0.2483900643974241,0.124195032198712,0.124195032198712,0.0827966881324747,0.0,1.987120515179393,0.8693652253909844,0.4967801287948482,1.7387304507819688,0.5795768169273229,0.9935602575896963,0.2897884084636614,0.3725850965961361,0.0,1.7724721538947648,-0.7657527226411209,1.0250287585963012,0.7850659251474299,1.2719698648167912,-0.7329244137405444,0.7481474898794748,-1.6009263699070095,-1.249745989184778,-1.4128033029289893,2.6395151599871958,-0.8941965083898836
Malang Sarr,fr FRA,DF,Lens,fr Ligue 1,26.0,1999.0,33,33,2925,32.5,0,1,1,0,0,0,4,0,23,5,21,24,0,10,76,44,0,21.7,0.0,0.0,2.12,0.98,1.65,,,,,,,,,,,,,,,DF,,False,Defender,True,True,True,0.0,0.0307692307692307,0.0307692307692307,0.0,0.0,0.0,0.123076923076923,0.0,0.7076923076923077,0.1538461538461538,0.6461538461538462,0.7384615384615385,0.0,0.3076923076923077,2.3384615384615386,1.353846153846154,0.0,-0.809444991619996,-0.3142755350137078,-0.8221765122714052,0.41057465877542076,-0.07168640911938588,-0.5853341177938705,-0.07162854228694261,0.7784469390011094,3.4069722867401326,-1.0306457323785012,-0.807986293660309,-0.701711601429804
Mamadou Sarr,sn SEN,DF,Strasbourg,fr Ligue 1,19.0,2005.0,15,15,1305,14.5,0,0,0,0,0,0,3,0,1,0,16,11,0,0,5,13,0,0.0,0.0,,1.47,0.34,0.04,,,,,,,,,,,,,,,DF,,False,Defender,True,True,False,0.0,0.0,0.0,0.0,0.0,0.0,0.2068965517241379,0.0,0.0689655172413793,0.0,1.103448275862069,0.7586206896551724,0.0,0.0,0.3448275862068965,0.896551724137931,0.0,-0.809444991619996,-0.8042256269931214,-0.8221765122714052,-1.5410624832088335,-1.2246505919904345,-0.7925672921629087,-0.026425461667114285,-0.3937895143129885,-2.0071480312964907,0.15304846357958246,-0.807986293660309,0.033782105877483246
Martin Satriano,uy URU,"FW,MF",Getafe,es La Liga,24.0,2001.0,18,18,1603,17.8,6,1,7,6,0,0,5,0,35,14,21,31,4,21,9,13,0,40.0,0.17,0.43,1.5,0.17,0.61,,,,,,,,,,,,,,,FW,MF,True,Forward,True,True,True,0.3368683718028696,0.0561447286338116,0.3930131004366812,0.3368683718028696,0.0,0.0,0.280723643169058,0.0,1.965065502183406,0.7860262008733624,1.1790393013100435,1.74048658764816,0.2245789145352464,1.1790393013100435,0.5053025577043044,0.7298814722395508,0.0,-0.19008236992211391,-0.6050347967803026,0.03212213936135027,-0.6934847337067492,-0.6027292034935555,0.024828602444490182,0.4713081703477297,0.7107637546060401,1.167751156778527,-0.3418874206098038,-0.8913992857334119,1.3475549566659197
Nicolò Savona,it ITA,DF,Nottingham Forest,eng Premier League,22.0,2003.0,14,11,1028,11.4,2,0,2,2,0,0,2,0,5,3,12,5,1,27,5,12,0,60.0,0.4,0.67,0.93,-0.44,-0.51,,,,,,,,,,,,,,,DF,,False,Defender,True,True,False,0.1750972762645914,0.0,0.1750972762645914,0.1750972762645914,0.0,0.0,0.1750972762645914,0.0,0.4377431906614786,0.2626459143968871,1.050583657587549,0.4377431906614786,0.0875486381322957,2.3638132295719845,0.4377431906614786,1.050583657587549,0.0,2.444342863528458,-0.8042256269931214,2.606851801534843,-0.4142580100895879,0.7436880665102373,0.7994793951712149,-0.7459325141605395,0.001058608983201334,-1.7548167237506447,0.01620983673906873,0.33017148368205873,-0.2452476079842307
Joe Scally,us USA,"DF,MF",Gladbach,de Bundesliga,22.0,2002.0,32,29,2608,29.0,2,3,5,2,0,0,8,0,16,10,33,51,3,47,18,27,1,62.5,0.13,0.2,1.19,-0.07,1.72,,,,,,,,,,,,,,,DF,MF,True,Defender,True,True,True,0.0690184049079754,0.1035276073619632,0.1725460122699386,0.0690184049079754,0.0,0.0,0.2760736196319018,0.0,0.5521472392638037,0.3450920245398773,1.1388036809815951,1.7599693251533743,0.1035276073619632,1.621932515337423,0.6211656441717791,0.9317484662576686,0.0345092024539877,0.4731063561915869,0.8442835973624631,0.5294496789068237,-0.06469510810446577,1.361561244587647,0.2998169350757232,2.218909307848102,-0.30356557658215416,-1.2566955760789966,0.2445649683015671,0.5379027344546693,0.6407914538939614
Giorgio Scalvini,it ITA,DF,Atalanta,it Serie A,21.0,2003.0,24,23,1808,20.1,3,1,4,3,0,0,2,0,20,6,31,10,2,5,38,23,0,30.0,0.15,0.5,1.75,0.7,0.64,,,,,,,,,,,,,,,DF,,False,Defender,True,True,True,0.1493362831858407,0.0497787610619469,0.1991150442477876,0.1493362831858407,0.0,0.0,0.0995575221238938,0.0,0.995575221238938,0.2986725663716814,1.5431415929203538,0.497787610619469,0.0995575221238938,0.2488938053097345,1.8915929203539823,1.1449115044247788,0.0,1.9656329246625905,-0.011579598763150309,2.102359804039013,1.2902042516152574,1.0136814223222765,-0.6249353687587503,-0.6112942682313659,0.2428602436451019,2.193409254242156,1.2911826580755243,0.4862904708396403,-0.9080877412406403
Gianluca Scamacca,it ITA,FW,Atalanta,it Serie A,26.0,1999.0,24,16,1315,14.6,10,1,11,8,2,2,2,0,57,22,26,19,8,0,3,5,0,38.6,0.14,0.36,1.25,0.41,0.03,,,,,,,,,,,,,,,FW,,False,Forward,True,True,False,0.6844106463878327,0.0684410646387832,0.752851711026616,0.5475285171102662,0.1368821292775665,0.1368821292775665,0.1368821292775665,0.0,3.901140684410646,1.505703422053232,1.779467680608365,1.300380228136882,0.5475285171102662,0.0,0.2053231939163498,0.3422053231939163,0.0,1.5992286189486524,-0.48055587279949846,1.2677407592255518,1.8361867244635486,1.24919045970959,-0.7914132434979451,-0.19234134526631752,-0.47122620848319297,-0.30630142648907055,0.70654047517873,0.1101152594051656,-0.0862883975168292
Kevin Schade,de GER,"MF,FW",Brentford,eng Premier League,23.0,2001.0,35,32,2745,30.5,8,3,11,8,0,1,6,1,57,24,50,43,10,23,19,27,0,42.1,0.14,0.33,1.37,0.23,0.76,,,,,,,,,,,,,,,MF,FW,True,Midfielder,True,True,True,0.2622950819672131,0.0983606557377049,0.360655737704918,0.2622950819672131,0.0,0.0327868852459016,0.1967213114754098,0.0327868852459016,1.8688524590163935,0.7868852459016393,1.639344262295082,1.4098360655737705,0.3278688524590163,0.7540983606557378,0.6229508196721312,0.8852459016393444,0.0,0.9416781465147895,-0.2282789324745676,1.141666389754161,0.6291318806278062,1.0164712666141817,-0.8578187652471843,0.25006535213971176,-0.37845685160739606,-0.40619637937679337,0.8922369754486013,1.118250631116719,0.05358815584710564
András Schäfer,hu HUN,MF,Union Berlin,de Bundesliga,26.0,1999.0,28,16,1421,15.8,2,1,3,2,0,0,2,1,27,10,32,22,0,18,20,22,0,37.0,0.07,0.2,1.07,-0.06,0.65,,,,,,,,,,,,,,,MF,,False,Midfielder,True,True,True,0.1266713581984518,0.0633356790992259,0.1900070372976777,0.1266713581984518,0.0,0.0,0.1266713581984518,0.0633356790992259,1.710063335679099,0.633356790992259,2.0267417311752287,1.3933849401829697,0.0,1.140042223786066,1.266713581984518,1.3933849401829697,0.0,-0.07994994325151114,-0.558760726348248,0.004031734508177181,0.4197716270561733,0.5408854910548346,-0.6565249096450821,0.2251515437215839,0.8332302513793429,1.2237768969833778,1.6737832741011525,-0.8633126317738823,-0.529185519397489
Fabian Schär,ch SUI,DF,Newcastle United,eng Premier League,33.0,1991.0,16,11,1091,12.1,0,0,0,0,0,0,1,0,17,4,15,7,1,4,16,9,0,23.5,0.0,0.0,1.75,0.25,0.44,,,,,,,,,,,,,,,DF,,False,Defender,True,True,False,0.0,0.0,0.0,0.0,0.0,0.0,0.0824931255728689,0.0,1.4023831347387716,0.3299725022914757,1.2373968835930338,0.5774518790100825,0.0824931255728689,0.3299725022914757,1.319890009165903,0.7424381301558203,0.0,-0.809444991619996,-0.8042256269931214,-0.8221765122714052,2.53321056590949,1.2482515050932084,-0.5703282325737477,-0.4326622260391461,-0.7888469676310775,0.6408331939059223,0.4997707921873787,0.2644483489684297,-1.0578230297981612
Derry Scherhant,de GER,MF,Freiburg,de Bundesliga,22.0,2002.0,31,12,1301,14.5,5,1,6,5,0,0,2,0,36,13,19,36,4,72,7,9,0,36.1,0.14,0.38,1.39,0.14,0.55,,,,,,,,,,,,,,,MF,,False,Midfielder,True,True,False,0.3458877786318216,0.0691775557263643,0.415065334358186,0.3458877786318216,0.0,0.0,0.1383551114527286,0.0,2.490392006149116,0.8993082244427364,1.3143735588009224,2.490392006149116,0.2767102229054573,4.980784012298232,0.4842428900845503,0.622598001537279,0.0,1.5713662618292317,-0.5036390945123997,1.8428560194775432,1.4486192262194568,1.3647244257547337,1.3466620738480468,1.886473989789366,-1.0047560513153113,-0.7573975231566733,0.23663214865260443,0.8090597453620753,-0.4319836869033964
Patrik Schick,cz CZE,FW,Leverkusen,de Bundesliga,29.0,1996.0,28,23,1988,22.1,16,3,19,12,4,5,2,0,72,34,22,20,6,0,3,4,0,47.2,0.17,0.35,1.64,0.68,0.18,,,,,,,,,,,,,,,FW,,False,Forward,True,True,True,0.7243460764587526,0.1358148893360161,0.8601609657947686,0.5432595573440644,0.1810865191146881,0.2263581488933601,0.090543259557344,0.0,3.2595573440643864,1.539235412474849,0.9959758551307848,0.9054325955734408,0.2716297786720322,0.0,0.1358148893360161,0.1810865191146881,0.0,1.804834984264962,0.2014864200747396,1.242701347205433,0.9978953817459494,1.3354771318184073,-0.7914132434979451,-0.7878946686372915,-0.9624630559276587,-0.6478545741169741,-0.6615405720777799,-0.7454875879991383,-0.5482042839055321
Xaver Schlager,at AUT,MF,RB Leipzig,de Bundesliga,27.0,1997.0,26,21,1837,20.4,3,1,4,3,0,0,6,0,21,7,25,16,2,11,7,25,0,33.3,0.14,0.43,1.88,0.54,-0.05,,,,,,,,,,,,,,,MF,,False,Midfielder,True,True,True,0.1469787697332607,0.0489929232444202,0.195971692977681,0.1469787697332607,0.0,0.0,0.2939575394665215,0.0,1.0288513881328252,0.3429504627109417,1.2248230811105063,0.7838867719107241,0.0979858464888405,0.5389221556886228,0.3429504627109417,1.2248230811105063,0.0,0.07302198140805657,-0.6940932843942955,0.17437372541037596,-0.4783925738467312,-0.35870747980215345,-0.9700466099403185,-0.6978807859709286,0.4312846908119923,-1.1151424786800366,0.055970554285901204,-0.27110891303303286,0.862535361411356
Keven Schlotterbeck,de GER,DF,Augsburg,de Bundesliga,28.0,1997.0,24,22,2031,22.6,0,1,1,0,0,1,7,1,12,3,25,20,1,6,33,25,0,25.0,0.0,0.0,1.29,-0.31,0.48,,,,,,,,,,,,,,,DF,,False,Defender,True,True,True,0.0,0.0443131462333825,0.0443131462333825,0.0,0.0,0.0443131462333825,0.310192023633678,0.0443131462333825,0.5317577548005908,0.1329394387001477,1.1078286558345642,0.8862629246676514,0.0443131462333825,0.2658788774002954,1.4623338257016247,1.1078286558345642,0.0,-0.809444991619996,-0.09861064962247364,-0.8221765122714052,-0.12699541518290247,-0.2283669184607984,-0.6134957899385552,0.25978808891066185,0.1478014279540539,1.0276684805003131,0.16438695802142822,-0.23190249498578794,0.9401708695710548
Nico Schlotterbeck,de GER,DF,Dortmund,de Bundesliga,25.0,1999.0,28,28,2520,28.0,5,1,6,5,0,0,8,0,32,9,30,27,1,31,24,38,0,28.1,0.16,0.56,2.11,0.93,-0.74,,,,,,,,,,,,,,,DF,,False,Defender,True,True,True,0.1785714285714285,0.0357142857142857,0.2142857142857143,0.1785714285714285,0.0,0.0,0.2857142857142857,0.0,1.1428571428571428,0.3214285714285714,1.0714285714285714,0.9642857142857144,0.0357142857142857,1.1071428571428572,0.8571428571428572,1.3571428571428572,0.0,2.5089021463687042,-0.23553355594558675,2.6748880776024273,1.7402258772464205,1.1842210043651498,-0.0468979236743159,0.434739425671456,0.7868977652721009,-0.6158512415934734,0.07016632937469504,-0.34369018449048616,0.7253855919530515
Romano Schmid,at AUT,"MF,FW",Werder Bremen,de Bundesliga,25.0,2000.0,34,34,2982,33.1,4,8,12,1,3,4,4,0,57,21,19,31,5,154,13,28,0,36.8,0.02,0.05,0.94,-0.69,-0.69,,,,,,,,,,,,,,,MF,FW,True,Midfielder,True,True,True,0.1207243460764587,0.2414486921529175,0.3621730382293763,0.0301810865191146,0.090543259557344,0.1207243460764587,0.1207243460764587,0.0,1.7203219315895373,0.6338028169014085,0.5734406438631791,0.9356136820925554,0.1509054325955734,4.647887323943662,0.3923541247484909,0.8450704225352113,0.0,-0.12474767085533223,1.1218430517442772,-0.8053449284101283,0.4332973786691229,0.5422671474914064,1.1730356366440582,-0.4681034860994933,-0.47425761910267283,-0.9900550185320093,-1.2581462733473419,0.0487247855022245,-0.5786611000214391
Joël Schmied,ch SUI,DF,Köln,de Bundesliga,26.0,1998.0,16,13,1078,12.0,0,0,0,0,0,0,5,0,5,0,16,8,0,5,11,9,0,0.0,0.0,,1.0,-0.75,-0.52,,,,,,,,,,,,,,,DF,,False,Defender,True,True,False,0.0,0.0,0.0,0.0,0.0,0.0,0.4174397031539889,0.0,0.4174397031539889,0.0,1.3358070500927643,0.6679035250463822,0.0,0.4174397031539889,0.9183673469387754,0.75139146567718,0.0,-0.809444991619996,-0.8042256269931214,-0.8221765122714052,-0.47629555246894506,-1.2246505919904345,-0.5114183890880307,-0.22984153142248936,-0.7658958324432152,-0.44958363073610774,0.7545028320753885,-0.807986293660309,1.8812391453861643
Jan Schöppner,de GER,MF,Heidenheim,de Bundesliga,26.0,1999.0,31,29,2252,25.0,3,3,6,3,0,0,5,0,25,7,21,17,3,14,32,17,0,28.0,0.12,0.43,0.81,-1.0,-0.33,,,,,,,,,,,,,,,MF,,False,Midfielder,True,True,True,0.1198934280639431,0.1198934280639431,0.2397868561278863,0.1198934280639431,0.0,0.0,0.1998223801065719,0.0,0.9991119005328596,0.2797513321492007,0.839253996447602,0.6793960923623446,0.1198934280639431,0.5595026642984015,1.2788632326820604,0.6793960923623446,0.0,-0.13100682049589277,-0.025104229493301954,-0.052822685924933103,-0.5176034878826605,-0.5544797067852416,-0.9593125879125719,-0.8561228946356652,-0.8693176990008535,1.2545391701583137,-0.7218871118063206,-0.13870457360762573,0.07938719037640528
Alex Scott,eng ENG,MF,Bournemouth,eng Premier League,21.0,2003.0,37,34,2849,31.7,3,1,4,3,0,0,5,0,44,13,45,60,1,88,35,38,0,29.5,0.07,0.23,1.51,0.25,0.88,,,,,,,,,,,,,,,MF,,False,Midfielder,True,True,True,0.0947700947700947,0.0315900315900315,0.1263601263601263,0.0947700947700947,0.0,0.0,0.1579501579501579,0.0,1.38996138996139,0.4106704106704106,1.4215514215514216,1.8954018954018952,0.0315900315900315,2.77992277992278,1.1056511056511056,1.2004212004212005,0.0,-0.3202561810673384,-0.8583000706513109,-0.26356144029734757,-0.0022763263283806286,-0.14893109671960048,0.19877533323041832,0.9854128600671465,0.3730969865084691,0.8159752228000818,0.45285571400599306,-0.6723898112531843,-0.26896463079145067
Sebastian Sebulonsen,no NOR,"DF,MF",Köln,de Bundesliga,25.0,2000.0,31,28,2498,27.8,0,0,0,0,0,0,5,0,31,5,11,9,4,67,17,26,0,16.1,0.0,0.0,1.0,-0.61,-1.09,,,,,,,,,,,,,,,DF,MF,True,Defender,True,True,True,0.0,0.0,0.0,0.0,0.0,0.0,0.1801441152922338,0.0,1.1168935148118495,0.1801441152922338,0.3963170536429143,0.3242594075260208,0.144115292233787,2.413931144915933,0.6124899919935949,0.9367493995196156,0.0,-0.809444991619996,-0.8042256269931214,-0.8221765122714052,1.6608937095787932,0.12539754047466486,0.8332342029120416,-1.000398416461782,-0.290746097731328,-1.2802560820971678,-1.677341475907818,1.0655544511082322,-0.2009630125197632
Alidu Seidu,gh GHA,DF,Rennes,fr Ligue 1,25.0,2000.0,21,13,1186,13.2,0,1,1,0,0,0,1,0,5,1,16,31,3,11,17,22,0,20.0,0.0,0.0,1.57,0.08,-0.31,,,,,,,,,,,,,,,DF,,False,Defender,True,True,False,0.0,0.0758853288364249,0.0758853288364249,0.0,0.0,0.0,0.0758853288364249,0.0,0.3794266441821248,0.0758853288364249,1.2141652613827991,2.3524451939291735,0.2276559865092748,0.8347386172006745,1.2900505902192243,1.669477234401349,0.0,-0.809444991619996,0.40412514791395016,-0.8221765122714052,-0.5924448965688734,-0.6559456619908028,-0.23036430857742776,3.547424293639407,1.5875411120086256,0.5597981552445298,0.43963636984050786,2.1516077917729644,-1.1158045908866174
Nicolas Seiwald,at AUT,MF,RB Leipzig,de Bundesliga,24.0,2001.0,33,31,2694,29.9,0,2,2,0,0,0,2,0,20,7,18,6,0,6,60,47,0,35.0,0.0,0.0,1.88,0.67,0.91,,,,,,,,,,,,,,,MF,,False,Midfielder,True,True,True,0.0,0.0668151447661469,0.0668151447661469,0.0,0.0,0.0,0.0668151447661469,0.0,0.6681514476614699,0.2338530066815144,0.6013363028953229,0.2004454342984409,0.0,0.2004454342984409,2.0044543429844097,1.5701559020044544,0.0,-1.0341415412128914,-0.5259298677528239,-1.0585089693537577,-0.9539681637436968,-0.6966591531120426,-1.1465833832616252,-1.5814522963198048,1.2547508950904547,3.091697497100236,-1.201868804297097,-0.8633126317738823,-1.0271533817064475
Ayumu Seko,jp JPN,"MF,DF",Le Havre,fr Ligue 1,25.0,2000.0,30,29,2625,29.2,0,0,0,0,0,0,6,0,17,6,28,20,1,5,35,24,1,35.3,0.0,0.0,0.87,-0.45,-0.65,,,,,,,,,,,,,,,MF,DF,True,Midfielder,True,True,True,0.0,0.0,0.0,0.0,0.0,0.0,0.2057142857142857,0.0,0.5828571428571429,0.2057142857142857,0.96,0.6857142857142857,0.0342857142857142,0.1714285714285714,1.2000000000000002,0.822857142857143,0.0342857142857142,-1.0341415412128914,-1.1563710848352395,-1.0585089693537577,-1.0664269827530966,-0.7838245938269018,-1.1617174915155533,-0.8465545365458914,-0.5272264769532629,1.0548616347609563,-0.4782908063728944,-0.6560977305687513,0.12840431779155032
Antoine Semenyo,gh GHA,MF,Bournemouth,eng Premier League,25.0,2000.0,20,20,1798,20.0,10,3,13,9,1,2,6,0,49,27,37,14,12,28,6,20,0,55.1,0.18,0.33,1.25,-0.35,-0.96,,,,,,,,,,,,,,,MF,,False,Midfielder,True,True,True,0.5005561735261401,0.150166852057842,0.6507230255839822,0.4505005561735261,0.050055617352614,0.100111234705228,0.3003337041156841,0.0,2.4527252502780867,1.3515016685205783,1.8520578420467184,0.7007786429365962,0.6006674082313682,1.4015572858731924,0.3003337041156841,1.0011123470522802,0.0,2.7364542894409496,0.2605437973839173,2.720365630671349,1.3989563689995173,2.7654860626223043,-0.5201284536460797,-0.8237408687351319,-0.1021665709429669,-1.2230458581576693,1.3213711961976244,2.766981799795441,0.9155812341454275
Antoine Semenyo,gh GHA,"MF,FW",Manchester City,eng Premier League,25.0,2000.0,17,17,1397,15.5,7,1,8,7,0,0,1,0,34,14,17,7,7,21,6,11,0,41.2,0.21,0.5,2.06,0.9,-0.34,,,,,,,,,,,,,,,MF,FW,True,Midfielder,True,True,True,0.4509663564781675,0.0644237652111667,0.5153901216893343,0.4509663564781675,0.0,0.0,0.0644237652111667,0.0,2.1904080171796707,0.901932712956335,1.0952040085898354,0.4509663564781675,0.4509663564781675,1.3528990694345024,0.3865425912670007,0.7086614173228346,0.0,2.3629034927605694,-0.5484939771688015,2.724272842140396,1.0530963926771033,1.3728543154609978,-0.5455067558536161,-1.2020599987321576,-0.7995328288578812,-1.0047695140326123,-0.2055265242989057,1.862223380856248,-1.0470482279835114
Marvin Senaya,gh GHA,"DF,MF",Auxerre,fr Ligue 1,24.0,2001.0,25,20,1780,19.8,1,0,1,1,0,0,5,0,15,5,26,32,1,42,34,31,0,33.3,0.07,0.2,0.8,-0.71,-0.99,,,,,,,,,,,,,,,DF,MF,True,Defender,True,True,True,0.0505617977528089,0.0,0.0505617977528089,0.0505617977528089,0.0,0.0,0.2528089887640449,0.0,0.7584269662921348,0.2528089887640449,1.3146067415730338,1.6179775280898878,0.0505617977528089,2.1235955056179776,1.7191011235955056,1.5674157303370786,0.0,0.1301319508217471,-0.8042256269931214,0.16800357385017284,0.5655949985977261,0.6699675175027214,0.6376908803784588,1.9005195806039317,1.325914886601639,1.7249725382298937,0.6996264099782782,-0.1506682065210101,0.4366508500486093
Marcos Senesi,ar ARG,DF,Bournemouth,eng Premier League,28.0,1997.0,37,37,3288,36.5,0,5,5,0,0,0,8,0,17,5,35,37,1,28,50,34,0,29.4,0.0,0.0,1.54,0.08,-0.6,,,,,,,,,,,,,,,DF,,False,Defender,True,True,True,0.0,0.1368613138686131,0.1368613138686131,0.0,0.0,0.0,0.218978102189781,0.0,0.4653284671532846,0.1368613138686131,0.958029197080292,1.0127737226277371,0.0273722627737226,0.7664233576642335,1.368613138686131,0.9306569343065692,0.0,-0.809444991619996,1.375068805853271,-0.8221765122714052,-0.32997087672023884,-0.1989753380677406,-0.2763751698750673,0.5434646060685117,-0.3063636284715075,0.7731508067733539,-0.22336486742335485,-0.452138910719934,0.13979431907154855
Suat Serdar,de GER,MF,Hellas Verona,it Serie A,28.0,1997.0,20,12,1108,12.3,2,0,2,2,0,0,3,0,19,7,19,12,1,7,10,20,0,36.8,0.11,0.29,0.55,-1.3,-0.52,,,,,,,,,,,,,,,MF,,False,Midfielder,True,True,False,0.1624548736462094,0.0,0.1624548736462094,0.1624548736462094,0.0,0.0,0.243682310469314,0.0,1.5433212996389891,0.5685920577617328,1.5433212996389891,0.9747292418772564,0.0812274368231047,0.5685920577617328,0.8122743682310469,1.624548736462094,0.0,0.18960057133505206,-1.1563710848352395,0.3041898936316299,0.1999256186349609,0.3402634897423465,-0.9545719009108958,-0.40886634946026995,1.3844537736492655,0.07316083542738484,0.6985176120607638,-0.37239285229421604,0.4442755538619373
Benjamin Šeško,si SVN,FW,Manchester Utd,eng Premier League,22.0,2003.0,30,17,1643,18.3,11,1,12,11,0,0,2,0,61,34,17,6,7,2,3,3,0,55.7,0.18,0.32,1.8,0.38,-0.22,,,,,,,,,,,,,,,FW,,False,Forward,True,True,True,0.6025562994522216,0.0547778454047474,0.657334144856969,0.6025562994522216,0.0,0.0,0.1095556908094948,0.0,3.341448569689592,1.862446743761412,0.931223371880706,0.3286670724284845,0.3834449178332318,0.1095556908094948,0.1643335362142422,0.1643335362142422,0.0,1.1778039659805037,-0.6188721019330347,1.5905040060292521,1.1048942720991406,2.1671852950951953,-0.7155684949806728,-1.6576166160390169,-1.013541404928184,-0.5077183175047998,-0.7746070294632531,-0.398732282082259,-0.3586842527251223
Ryan Sessegnon,eng ENG,"DF,MF",Fulham,eng Premier League,25.0,2000.0,27,20,1823,20.3,3,1,4,3,0,0,0,0,16,4,33,3,4,55,23,29,0,25.0,0.19,0.75,1.33,0.15,0.54,,,,,,,,,,,,,,,DF,MF,True,Defender,True,True,True,0.1481075150850246,0.0493691716950082,0.1974766867800329,0.1481075150850246,0.0,0.0,0.0,0.0,0.7899067471201316,0.1974766867800329,1.6291826659352715,0.1481075150850246,0.1974766867800329,2.7153044432254525,1.1354909489851892,1.431705979155239,0.0,1.942799041643259,-0.01810164507332596,2.078296148117642,0.6617818352921274,0.2552924622708132,1.0362114750679754,-1.3953856914151153,0.9780341623447482,0.14005987128960368,1.5138976358344858,1.759268111403771,-1.7816770450708828
Luke Shaw,eng ENG,DF,Manchester Utd,eng Premier League,30.0,1995.0,38,38,3219,35.8,1,1,2,1,0,0,9,0,10,3,48,20,0,54,43,45,0,30.0,0.1,0.33,1.87,0.59,1.48,,,,,,,,,,,,,,,DF,,False,Defender,True,True,True,0.0279589934762348,0.0279589934762348,0.0559179869524697,0.0279589934762348,0.0,0.0,0.2516309412861137,0.0,0.2795899347623485,0.0838769804287045,1.342031686859273,0.5591798695246971,0.0,1.509785647716682,1.2022367194780987,1.2581547064305685,0.0,-0.2898901741157082,-0.3590240056697958,-0.2746398383675815,-0.897497124141116,-0.5960540896795649,0.22428514311480416,-0.4736337485958585,0.5331498270233613,0.32132164793620943,0.7706151350771214,-0.807986293660309,0.4263138141906437
Kwasi Sibo,gh GHA,MF,Oviedo,es La Liga,27.0,1998.0,26,21,1681,18.7,0,0,0,0,0,0,3,1,9,2,30,4,0,2,14,20,0,22.2,0.0,0.0,0.88,-0.54,0.71,,,,,,,,,,,,,,,MF,,False,Midfielder,True,True,True,0.0,0.0,0.0,0.0,0.0,0.0,0.1606186793575252,0.0535395597858417,0.4818560380725758,0.1070791195716835,1.6061867935752527,0.214158239143367,0.0,0.1070791195716835,0.7495538370017846,1.0707911957168352,0.0,-1.0341415412128914,-1.1563710848352395,-1.0585089693537577,-1.1995949004560946,-1.0893671853617588,-1.1952797540816527,-1.560685437842591,0.06398669789421486,-0.08564423340820992,0.8253441869500588,-0.8633126317738823,-0.24676413021592986
Djibril Sidibé,fr FRA,"MF,DF",Toulouse,fr Ligue 1,33.0,1992.0,33,26,2231,24.8,3,4,7,2,1,2,1,0,8,5,30,14,5,58,18,32,0,62.5,0.25,0.4,1.3,-0.12,-0.56,,,,,,,,,,,,,,,MF,DF,True,Midfielder,True,True,True,0.1210219632451815,0.161362617660242,0.2823845809054235,0.080681308830121,0.0403406544150605,0.080681308830121,0.0403406544150605,0.0,0.3227252353204841,0.2017032720753025,1.2102196324518153,0.5647691618108471,0.2017032720753025,2.3397579560735093,0.7261317794710892,1.2909009412819363,0.0,-0.12250577650886567,0.36618260303569683,-0.3817405515196881,-1.4094056514384992,-0.7962495285622958,-0.030798143529645914,-1.0297154799134451,0.5888511930672781,-0.1449476446761614,0.02650915568731209,0.3557351397713219,-1.247405292241343
Jamil Siebert,de GER,DF,Lecce,it Serie A,23.0,2002.0,21,18,1701,18.9,1,0,1,1,0,0,3,0,6,2,22,7,1,5,15,15,0,33.3,0.17,0.5,1.0,-0.95,-0.74,,,,,,,,,,,,,,,DF,,False,Defender,True,True,True,0.0529100529100529,0.0,0.0529100529100529,0.0529100529100529,0.0,0.0,0.1587301587301587,0.0,0.3174603174603174,0.1058201058201058,1.164021164021164,0.3703703703703704,0.0529100529100529,0.2645502645502645,0.7936507936507936,0.7936507936507936,0.0,0.17376897519147103,-0.8042256269931214,0.2139907736171379,-0.7817837290565988,-0.4316064450420941,-0.6143906210784182,-0.897003310641589,-0.6575675399362765,-0.7882769121122237,0.30983973740307297,-0.12014020600131195,-0.3888644689464751
Tim Siersleben,de GER,DF,Heidenheim,de Bundesliga,25.0,2000.0,15,12,1081,12.0,0,0,0,0,0,0,2,0,5,3,13,13,1,13,21,16,0,60.0,0.0,0.0,0.73,-1.08,-0.26,,,,,,,,,,,,,,,DF,,False,Defender,True,True,False,0.0,0.0,0.0,0.0,0.0,0.0,0.1665124884366327,0.0,0.4162812210915819,0.2497687326549491,1.0823311748381128,1.0823311748381128,0.0832562442183163,1.0823311748381128,1.7483811285846438,1.332099907493062,0.0,-0.809444991619996,-0.8042256269931214,-0.8221765122714052,-0.4798353078935137,0.6471830258991961,-0.0636087856520228,0.6994340260988743,0.7227022348416727,1.8044883739953446,0.09838742182259835,0.2743691134700825,-0.32057671082011674
André Silva,pt POR,FW,Elche,es La Liga,29.0,1995.0,31,22,1849,20.5,10,0,10,7,3,3,3,0,57,29,24,34,6,3,4,8,0,50.9,0.12,0.24,1.0,-0.58,-0.81,,,,,,,,,,,,,,,FW,,False,Forward,True,True,True,0.486749594375338,0.0,0.486749594375338,0.3407247160627366,0.1460248783126014,0.1460248783126014,0.1460248783126014,0.0,2.7744726879394266,1.41157382368848,1.1681990265008113,1.6549486208761492,0.2920497566252028,0.1460248783126014,0.1946998377501352,0.3893996755002704,0.0,0.5815766142822388,-1.1734021059287691,0.05474137170425496,0.36408486619354397,1.006970129579771,-0.6903210949198934,0.3423229171514492,-0.32733484225410536,-0.35850296929535996,-0.3608159837821418,-0.682162212248726,0.004848504398251415
Bernardo Silva,pt POR,MF,Manchester City,eng Premier League,30.0,1994.0,38,34,2872,31.9,2,4,6,2,0,0,10,0,30,7,36,22,5,72,21,28,0,23.3,0.07,0.29,2.05,1.16,0.34,,,,,,,,,,,,,,,MF,,False,Midfielder,True,True,True,0.0626740947075208,0.1253481894150417,0.1880222841225627,0.0626740947075208,0.0,0.0,0.3133704735376044,0.0,0.9401114206128134,0.2193593314763231,1.128133704735376,0.6894150417827298,0.1566852367688022,2.256267409470752,0.6580779944289693,0.8774373259052926,0.0,-0.5620293334471812,0.02636473607007291,-0.5327880988148275,-0.5953944295875936,-0.741556275064027,-0.07434368379470968,-0.8409500611376013,-0.3970768547796843,-0.3172562301795709,-0.13909325045048307,0.08365658073215898,1.0240393511593031
Caio Henrique Oliveira Silva,br BRA,"DF,MF",Monaco,fr Ligue 1,28.0,1997.0,22,17,1536,17.1,0,2,2,0,0,0,2,0,2,0,13,17,1,90,12,11,0,0.0,0.0,,1.55,0.0,-0.35,,,,,,,,,,,,,,,DF,MF,True,Defender,True,True,True,0.0,0.1171875,0.1171875,0.0,0.0,0.0,0.1171875,0.0,0.1171875,0.0,0.76171875,0.99609375,0.05859375,5.2734375,0.703125,0.64453125,0.0,-0.809444991619996,1.0617952311316023,-0.8221765122714052,-1.3937196536628749,-1.2246505919904345,2.759134084962697,0.5060629248079318,-1.0398231582270057,-1.0341182001565352,-0.7315091213630827,-0.046250489553567975,-0.7533896353540347
Giovanni Simeone,ar ARG,FW,Torino,it Serie A,30.0,1995.0,32,27,2230,24.8,11,0,11,11,0,0,1,0,78,28,31,41,18,9,5,9,0,35.9,0.14,0.39,1.31,-0.32,0.51,,,,,,,,,,,,,,,FW,,False,Forward,True,True,True,0.4439461883408071,0.0,0.4439461883408071,0.4439461883408071,0.0,0.0,0.0403587443946188,0.0,3.147982062780269,1.1300448430493273,1.251121076233184,1.6547085201793723,0.726457399103139,0.3632286995515695,0.2017937219730941,0.3632286995515695,0.0,0.3612045606374099,-1.1734021059287691,0.6601827708377734,0.8521113713455585,0.2825216689873544,-0.539952190510298,0.341960862144356,-0.4071278111322935,-0.3236447102730982,-0.21602304408635048,0.6650002211218126,-1.0484543967014688
Giuliano Simeone,ar ARG,MF,Atlético Madrid,es La Liga,22.0,2002.0,31,25,2099,23.3,4,6,10,4,0,0,2,0,36,14,21,40,7,48,20,25,0,38.9,0.11,0.29,1.9,0.69,0.55,,,,,,,,,,,,,,,MF,,False,Midfielder,True,True,True,0.1715102429728442,0.2572653644592663,0.4287756074321105,0.1715102429728442,0.0,0.0,0.0857551214864221,0.0,1.5435921867555975,0.6002858504049547,0.9004287756074322,1.715102429728442,0.3001429252024774,2.0581229156741303,0.857551214864221,1.0719390185802764,0.0,0.25781297112929175,1.2710829010914346,0.38014785788569855,0.20028277782968704,0.4384414917520761,-0.17768842621176967,0.7123648928933607,0.06672374829705568,0.18779941716958293,-0.598471431364577,0.9506815605292581,-0.8695841139771491
Moses Simon,ng NGA,"MF,FW",Paris FC,fr Ligue 1,30.0,1995.0,29,25,2001,22.2,3,3,6,3,0,0,1,0,34,11,15,19,11,143,8,11,0,32.4,0.09,0.27,1.28,0.04,0.38,,,,,,,,,,,,,,,MF,FW,True,Midfielder,True,True,True,0.1349325337331334,0.1349325337331334,0.2698650674662669,0.1349325337331334,0.0,0.0,0.0449775112443778,0.0,1.5292353823088456,0.4947526236881559,0.6746626686656672,0.8545727136431784,0.4947526236881559,6.431784107946027,0.3598200899550224,0.4947526236881559,0.0,-0.017720056427943057,0.11679880933269866,0.07332786736873793,0.1813536209940162,0.11153074738866989,2.1034493469062867,-0.5908330328025003,-1.3096107933564498,-1.0724294744496583,-1.053938179125187,2.126857419349642,-1.2088294193164844
Xavi Simons,nl NED,"MF,FW",Tottenham Hotspur,eng Premier League,22.0,2003.0,28,19,1755,19.5,2,5,7,2,0,0,5,1,42,10,21,44,0,51,15,20,0,23.8,0.05,0.2,0.82,-0.36,-0.25,,,,,,,,,,,,,,,MF,FW,True,Midfielder,True,True,True,0.1025641025641025,0.2564102564102564,0.358974358974359,0.1025641025641025,0.0,0.0,0.2564102564102564,0.0512820512820512,2.153846153846154,0.5128205128205129,1.076923076923077,2.2564102564102564,0.0,2.6153846153846154,0.7692307692307693,1.0256410256410258,0.0,-0.26154538126809335,1.2630144405494181,-0.19818398918976418,1.0048903139629033,0.16749972767186347,0.11295839274341317,1.5321288402719997,-0.04367650967061639,-0.03582328138732892,-0.24240697816809548,-0.8633126317738823,0.5501644443939658
Danel Sinani,lu LUX,"MF,FW",St Pauli,de Bundesliga,28.0,1997.0,30,23,2069,23.0,5,3,8,2,3,3,4,0,49,18,39,27,10,135,5,16,0,36.7,0.04,0.11,0.77,-1.09,-0.54,,,,,,,,,,,,,,,MF,FW,True,Midfielder,True,True,True,0.2174963750604156,0.1304978250362493,0.347994200096665,0.0869985500241662,0.1304978250362493,0.1304978250362493,0.1739971000483325,0.0,2.1314644755920735,0.7829869502174964,1.6964717254712425,1.1744804253262446,0.4349927501208313,5.872402126631223,0.2174963750604156,0.6959884001933301,0.0,0.6042178844796182,0.074954656213597,-0.3287504675713466,0.975380523014064,1.0043954987873183,1.8116966685247256,-0.10636043588154338,-0.8297523755704536,-1.4327855954486897,1.0074874894124684,1.7656826106788495,-0.13546367917744664
Lassine Sinayoko,ml MLI,"FW,MF",Auxerre,fr Ligue 1,25.0,1999.0,32,32,2770,30.8,12,4,16,9,3,4,8,0,93,39,30,53,13,32,26,26,0,41.9,0.1,0.23,1.06,-0.13,1.73,,,,,,,,,,,,,,,FW,MF,True,Forward,True,True,True,0.3898916967509025,0.1299638989169675,0.51985559566787,0.2924187725631769,0.0974729241877256,0.1299638989169675,0.259927797833935,0.0,3.0216606498194944,1.2671480144404332,0.9747292418772564,1.7220216606498195,0.4223826714801444,1.03971119133574,0.8447653429602888,0.8447653429602888,0.0,0.08290663007588998,0.1422553620351178,-0.22859519939260514,0.6870600986181195,0.635324358185213,-0.07162741352608398,0.44346435579366295,1.0610344185275622,2.8358192172318577,-0.6986399877517383,-0.277980541496522,1.140257467772192
Ellyes Skhiri,tn TUN,"MF,DF",Eintracht Frankfurt,de Bundesliga,30.0,1995.0,25,16,1444,16.0,0,0,0,0,0,0,3,1,8,0,11,13,0,3,25,8,0,0.0,0.0,,1.36,-0.75,-1.19,,,,,,,,,,,,,,,MF,DF,True,Midfielder,True,True,True,0.0,0.0,0.0,0.0,0.0,0.0,0.1869806094182825,0.0623268698060941,0.4986149584487535,0.0,0.685595567867036,0.8102493074792244,0.0,0.1869806094182825,1.558171745152355,0.4986149584487535,0.0,-1.0341415412128914,-1.1563710848352395,-1.0585089693537577,-1.1774986022600877,-1.421066648876647,-1.1536061313192072,-0.65795700294895,-1.300400831393585,1.9617335557906619,-1.0318818478614047,-0.8633126317738823,-0.027448653911365757
Leo Skiri Østigård,no NOR,DF,Genoa,it Serie A,25.0,1999.0,30,30,2622,29.1,5,1,6,5,0,0,7,0,22,12,38,15,3,1,30,27,0,54.5,0.23,0.42,1.13,-0.24,0.1,,,,,,,,,,,,,,,DF,,False,Defender,True,True,True,0.17162471395881,0.034324942791762,0.205949656750572,0.17162471395881,0.0,0.0,0.2402745995423341,0.0,0.7551487414187643,0.4118993135011441,1.3043478260869563,0.5148741418764302,0.102974828375286,0.034324942791762,1.0297482837528604,0.9267734553775744,0.0,2.3798131272707455,-0.25765658845773337,2.5388466633510416,0.5555783443438319,1.8622329182135178,-0.7694491748848982,-0.5729809562023584,-0.31631860555082486,-0.14710594050359938,0.6730714862162667,0.5307164467378075,0.32666510391377607
Adam Smith,eng ENG,DF,Bournemouth,eng Premier League,34.0,1991.0,22,14,1077,12.0,0,2,2,0,0,0,3,0,0,0,19,11,0,13,10,12,0,,,,1.45,0.17,0.09,,,,,,,,,,,,,,,DF,,False,Defender,True,True,False,0.0,0.1671309192200557,0.1671309192200557,0.0,0.0,0.0,0.2506963788300835,0.0,0.0,0.0,1.5877437325905293,0.9192200557103064,0.0,1.086350974930362,0.8356545961002785,1.0027855153203342,0.0,-0.809444991619996,1.8570631734521672,-0.8221765122714052,-1.751787423788529,-1.2246505919904345,-0.06090141886832415,0.3336882168083998,-0.1214679759176313,-0.6742070047356135,1.406634083732698,-0.807986293660309,0.41811329103646855
Eric Smith,se SWE,"DF,MF",St Pauli,de Bundesliga,28.0,1997.0,27,26,2311,25.7,2,2,4,2,0,0,4,1,12,5,15,29,1,64,24,23,0,41.7,0.17,0.4,0.74,-0.82,0.38,,,,,,,,,,,,,,,DF,MF,True,Defender,True,True,True,0.0778883600173085,0.0778883600173085,0.155776720034617,0.0778883600173085,0.0,0.0,0.155776720034617,0.0389441800086542,0.4673301601038511,0.1947209000432713,0.584162700129814,1.1293812202509736,0.0389441800086542,2.4924275205538726,0.9346603202077024,0.895716140199048,0.0,0.6379344610379921,0.4360201705315757,0.7031549920958918,-0.32385468061326844,0.23463986015055127,0.8861021254867644,0.804934846819727,-0.39593146463936235,-0.40533673299604656,-1.1911081281182794,-0.30170061858114317,-0.4147800642616415
Emile Smith Rowe,eng ENG,MF,Fulham,eng Premier League,25.0,2000.0,37,22,1923,21.4,3,0,3,3,0,0,1,0,36,11,10,17,3,13,22,22,0,30.6,0.08,0.27,1.38,-0.05,0.13,,,,,,,,,,,,,,,MF,,False,Midfielder,True,True,True,0.1404056162246489,0.0,0.1404056162246489,0.1404056162246489,0.0,0.0,0.046801872074883,0.0,1.684867394695788,0.514820592823713,0.4680187207488299,0.7956318252730109,0.1404056162246489,0.608424336973479,1.029641185647426,1.029641185647426,0.0,0.023507648103115186,-1.1563710848352395,0.11923700583174032,0.38655128751165124,0.17369538436667026,-0.9337968768052677,-0.6800939171472112,-0.03413789538990655,0.6235221242405343,-1.470827357828934,-0.014733668180325553,-1.1936518293763132
Ivan Smolčić,hr CRO,DF,Como,it Serie A,24.0,2000.0,28,19,1662,18.5,0,1,1,0,0,0,8,0,12,4,26,17,0,29,23,24,0,33.3,0.0,0.0,2.0,0.87,-0.16,,,,,,,,,,,,,,,DF,,False,Defender,True,True,True,0.0,0.0541516245487364,0.0541516245487364,0.0,0.0,0.0,0.4332129963898917,0.0,0.6498194945848376,0.2166064981949458,1.407942238267148,0.92057761732852,0.0,1.5703971119133573,1.2454873646209386,1.2996389891696751,0.0,-0.809444991619996,0.058051159432742756,-0.8221765122714052,0.23374360477827458,0.3986563802828831,0.2651074380328592,0.3367322917639897,0.6394913551661766,0.4387776113898916,0.9412228050714357,-0.807986293660309,2.019645364857104
Dominic Solanke,eng ENG,FW,Tottenham Hotspur,eng Premier League,27.0,1997.0,15,11,1001,11.1,3,0,3,3,0,0,1,0,20,11,12,9,3,2,3,16,0,55.0,0.15,0.27,0.87,-0.9,-0.94,,,,,,,,,,,,,,,FW,,False,Forward,True,True,False,0.2697302697302697,0.0,0.2697302697302697,0.2697302697302697,0.0,0.0,0.0899100899100899,0.0,1.7982017982017982,0.989010989010989,1.078921078921079,0.8091908091908093,0.2697302697302697,0.1798201798201798,0.2697302697302697,1.4385614385614385,0.0,-0.5357408770890225,-1.1734021059287691,-0.3616737013383525,-0.9115084722690399,-0.08039570533599259,-0.6669248101174471,-0.9330205309074713,2.8714656943487515,0.01018506539951865,-0.5167071673912897,-0.7513782465372735,-0.5545158560395016
Carlos Soler,es ESP,MF,Real Sociedad,es La Liga,28.0,1997.0,33,26,2317,25.7,4,3,7,4,0,0,3,1,35,19,28,20,0,73,16,22,0,54.3,0.11,0.21,1.21,-0.08,-0.08,,,,,,,,,,,,,,,MF,,False,Midfielder,True,True,True,0.1553733275787656,0.1165299956840742,0.2719033232628399,0.1553733275787656,0.0,0.0,0.1165299956840742,0.0388433318946914,1.3595166163141994,0.7380233059991369,1.0876132930513596,0.7768666378938283,0.0,2.835563228312473,0.6214933103150626,0.8545533016832111,0.0,0.13625661217780424,-0.056840243993615015,0.244788691576591,-0.0424171457796445,0.8651114187111856,0.2277953059615534,-0.7085121725667858,-0.45164514202209755,-0.4098867160056676,-0.2208402424044196,-0.8633126317738823,-0.6135555843013817
Oumar Solet,fr FRA,DF,Udinese,it Serie A,25.0,2000.0,35,34,2959,32.9,3,1,4,2,1,1,1,0,33,6,30,29,2,20,47,57,1,18.2,0.06,0.33,1.31,-0.09,-0.09,,,,,,,,,,,,,,,DF,,False,Defender,True,True,True,0.0912470429199053,0.0304156809733017,0.1216627238932071,0.0608313619466035,0.0304156809733017,0.0304156809733017,0.0304156809733017,0.0,1.003717472118959,0.1824940858398107,0.9124704291990536,0.8820547482257519,0.0608313619466035,0.6083136194660358,1.429537005745184,1.7336938154782022,0.0304156809733017,0.8861754452299241,-0.3199052420523361,0.36911821790528265,1.3150829939419795,0.14300884764369212,-0.38286331444784505,0.25035204980670805,1.75215500702921,0.9386020151683288,-0.3412924991909931,-0.01716088297565027,-1.5147879843535672
Hugo Sotelo,es ESP,MF,Celta Vigo,es La Liga,21.0,2003.0,20,16,1338,14.9,0,2,2,0,0,0,3,0,2,1,27,13,0,44,13,16,0,50.0,0.0,0.0,1.1,0.13,0.0,,,,,,,,,,,,,,,MF,,False,Midfielder,True,True,False,0.0,0.1345291479820627,0.1345291479820627,0.0,0.0,0.0,0.2017937219730941,0.0,0.1345291479820627,0.0672645739910313,1.8161434977578472,0.874439461883408,0.0,2.9596412556053813,0.874439461883408,1.0762331838565022,0.0,-1.0341415412128914,0.11299262130827975,-1.0585089693537577,-1.6575383933937986,-1.212700879755374,0.29250975512189215,-0.5607465586075479,0.07696343525007775,0.23055956568604286,1.2489166111724843,-0.8633126317738823,0.09578757454474938
Riccardo Sottil,it ITA,"FW,MF",Lecce,it Serie A,26.0,1999.0,21,13,1066,11.8,1,2,3,1,0,0,1,0,20,3,10,27,4,100,2,2,0,15.0,0.05,0.33,0.86,-0.68,-0.14,,,,,,,,,,,,,,,FW,MF,True,Forward,True,True,False,0.0844277673545966,0.1688555347091932,0.2532833020637898,0.0844277673545966,0.0,0.0,0.0844277673545966,0.0,1.6885553470919326,0.2532833020637898,0.8442776735459663,2.279549718574109,0.3377110694183864,8.442776735459661,0.1688555347091932,0.1688555347091932,0.0,-1.4897652591933248,0.535965242223185,-1.4485580852293234,-1.0547722775223094,-1.9736174582584094,5.053470518879093,1.2841775551974843,-0.9997542352833795,-0.4854979104779803,-0.9264257953575031,-0.5405597190179978,-0.6091648342726571
Tomáš Souček,cz CZE,MF,West Ham United,eng Premier League,30.0,1995.0,35,24,2200,24.4,5,0,5,5,0,0,3,1,26,14,37,22,5,14,16,23,0,53.8,0.19,0.36,1.09,-0.37,0.37,,,,,,,,,,,,,,,MF,,False,Midfielder,True,True,True,0.2045454545454545,0.0,0.2045454545454545,0.2045454545454545,0.0,0.0,0.1227272727272727,0.0409090909090909,1.0636363636363635,0.5727272727272728,1.5136363636363637,0.9,0.2045454545454545,0.5727272727272728,0.6545454545454545,0.9409090909090908,0.0,0.506661027767928,-1.1563710848352395,0.6572527808596618,-0.43252928586551104,0.3530731634777575,-0.9524151277537698,-0.5220373314529655,-0.2457247380847482,-0.32620043438784646,0.6386304064843963,0.3729126310976407,-0.5619979493562955
Matìas Soulé,ar ARG,"MF,FW",Roma,it Serie A,22.0,2003.0,33,28,2139,23.8,6,5,11,6,0,0,1,0,52,18,7,41,6,70,9,15,0,34.6,0.12,0.33,2.0,0.84,0.28,,,,,,,,,,,,,,,MF,FW,True,Midfielder,True,True,True,0.2524544179523141,0.2103786816269284,0.4628330995792426,0.2524544179523141,0.0,0.0,0.0420757363253856,0.0,2.1879382889200563,0.7573632538569425,0.2945301542776998,1.7251051893408136,0.2524544179523141,2.945301542776998,0.3786816269284712,0.6311360448807855,0.0,0.8675502690299149,0.8286787501577821,1.0591212412883306,1.0498401058243345,0.9250208609488527,0.28503069829730565,0.7275132083256024,-0.9843965901849098,-1.0246730601032157,-1.8208279589583067,0.6624632887407603,-1.232970449469461
Sambou Soumano,sn SEN,FW,Lorient,fr Ligue 1,24.0,2001.0,31,8,941,10.5,4,2,6,4,0,1,2,0,28,10,16,18,10,0,4,4,0,35.7,0.14,0.4,1.23,-0.19,-0.15,,,,,,,,,,,,,,,FW,,False,Forward,True,True,False,0.3825717321997874,0.1912858660998937,0.5738575982996812,0.3825717321997874,0.0,0.0956429330499468,0.1912858660998937,0.0,2.678002125398512,0.9564293304994688,1.5302869287991498,1.7215727948990438,0.9564293304994688,0.0,0.3825717321997874,0.3825717321997874,0.0,0.04522001187930923,0.7630331683857721,0.3001933638181245,0.23803664717105477,-0.16423692231703424,-0.7914132434979451,0.4427874977305146,-0.34815263171466676,0.5646707045198894,0.2714377047273357,1.3781772383114619,0.45601983030289617
Issa Soumaré,sn SEN,"FW,MF",Le Havre,fr Ligue 1,24.0,2000.0,34,33,2948,32.8,8,5,13,7,1,3,3,0,77,28,56,74,14,61,12,20,0,36.4,0.09,0.25,1.03,-0.37,-0.37,,,,,,,,,,,,,,,FW,MF,True,Forward,True,True,True,0.2442333785617367,0.1526458616010854,0.3968792401628222,0.2137042062415196,0.030529172320217,0.0915875169606512,0.0915875169606512,0.0,2.3507462686567164,0.8548168249660787,1.7096336499321574,2.259158751696065,0.4274084124830393,1.862279511533243,0.3663500678426051,0.6105834464043419,0.0,-0.6670108574227243,0.37187061551795964,-0.6902923261065891,-0.1895551157513117,-0.4257127499333594,0.49783170742583144,1.2534294076211958,0.34703472587753226,0.48495993392332665,0.5846009593919337,-0.26239497435426384,-0.53779490001294
Vinicius Souza,br BRA,MF,Wolfsburg,de Bundesliga,26.0,1999.0,24,22,1764,19.6,0,0,0,0,0,0,5,0,9,2,40,23,0,4,25,32,0,22.2,0.0,0.0,0.88,-0.56,0.34,,,,,,,,,,,,,,,MF,,False,Midfielder,True,True,True,0.0,0.0,0.0,0.0,0.0,0.0,0.2551020408163265,0.0,0.4591836734693877,0.1020408163265306,2.0408163265306123,1.173469387755102,0.0,0.2040816326530612,1.2755102040816326,1.6326530612244898,0.0,-1.0341415412128914,-1.1563710848352395,-1.0585089693537577,-1.229487955488014,-1.1049743596654638,-1.1446868784679,-0.10789156495342223,1.4037790075875114,1.2460494790274736,1.7021777495137824,-0.8633126317738823,0.5392808738272229
Djibril Sow,ch SUI,MF,Sevilla,es La Liga,28.0,1997.0,33,27,2187,24.3,5,4,9,5,0,0,6,0,19,8,42,29,3,22,23,27,0,42.1,0.26,0.63,1.0,-0.66,-0.8,,,,,,,,,,,,,,,MF,,False,Midfielder,True,True,True,0.205761316872428,0.1646090534979424,0.3703703703703704,0.205761316872428,0.0,0.0,0.2469135802469135,0.0,0.7818930041152264,0.3292181069958848,1.7283950617283952,1.1934156378600822,0.1234567901234567,0.9053497942386832,0.9465020576131686,1.1111111111111112,0.0,0.5158198907751302,0.3968146845475038,0.667451638999934,-0.8040022177121919,-0.40124625899365274,-0.7789316857006566,-0.07768469205137635,0.1601318821272233,0.41301824789180036,1.071890505169232,-0.11716844019161915,0.4711577839835365
Djed Spence,eng ENG,"DF,MF",Tottenham Hotspur,eng Premier League,24.0,2000.0,30,23,2055,22.8,0,0,0,0,0,0,4,0,13,8,28,21,4,49,15,25,0,61.5,0.0,0.0,1.2,-0.04,0.48,,,,,,,,,,,,,,,DF,MF,True,Defender,True,True,True,0.0,0.0,0.0,0.0,0.0,0.0,0.1751824817518248,0.0,0.5693430656934306,0.3503649635036496,1.2262773722627738,0.9197080291970804,0.1751824817518248,2.145985401459854,0.656934306569343,1.094890510948905,0.0,-0.809444991619996,-0.8042256269931214,-0.8221765122714052,-0.012153060316738446,1.4010780580516622,0.6527706502430473,0.3347824049838399,0.1146355634957747,-1.1595584654190212,0.470988239485136,1.4694369571580934,-0.24449995375693775
Leonardo Spinazzola,it ITA,"MF,DF",Napoli,it Serie A,32.0,1993.0,32,22,1901,21.1,3,3,6,3,0,0,2,0,21,7,9,10,2,73,4,10,0,33.3,0.14,0.43,2.0,0.71,0.3,,,,,,,,,,,,,,,MF,DF,True,Midfielder,True,True,True,0.142030510257759,0.142030510257759,0.2840610205155181,0.142030510257759,0.0,0.0,0.094687006838506,0.0,0.9942135718043136,0.3314045239347711,0.4260915307732772,0.4734350341925302,0.094687006838506,3.456075749605471,0.1893740136770121,0.4734350341925302,0.0,0.03574767028352156,0.18377250181917582,0.13286689086807982,-0.5240618354264481,-0.3944733855469024,0.5514313831033477,-1.1680331270934972,-1.3604438258521367,-1.5039899275514648,-1.555412422963764,-0.29104633438990546,-0.7952761749994153
Anton Stach,de GER,MF,Leeds United,eng Premier League,26.0,1998.0,29,28,2370,26.3,5,3,8,5,0,0,3,0,55,14,36,24,0,155,19,35,0,25.5,0.09,0.36,1.03,-0.19,-0.02,,,,,,,,,,,,,,,MF,,False,Midfielder,True,True,True,0.1898734177215189,0.1139240506329113,0.3037974683544304,0.1898734177215189,0.0,0.0,0.1139240506329113,0.0,2.088607594936709,0.5316455696202531,1.3670886075949369,0.9113924050632912,0.0,5.886075949367089,0.7215189873417721,1.3291139240506329,0.0,0.39613932450769995,-0.08142890836686702,0.5341812629118632,0.9188745910413985,0.22581418959579577,1.818828422031563,-0.5047845180176453,0.6799722738647515,-0.156626990454386,0.3429809365973106,-0.8633126317738823,-0.6352354870551672
Jens Stage,dk DEN,MF,Werder Bremen,de Bundesliga,28.0,1996.0,29,29,2460,27.3,10,2,12,10,0,0,5,0,56,21,35,30,3,14,18,32,0,37.5,0.18,0.48,0.97,-0.7,-0.1,,,,,,,,,,,,,,,MF,,False,Midfielder,True,True,True,0.3658536585365854,0.073170731707317,0.4390243902439024,0.3658536585365854,0.0,0.0,0.1829268292682927,0.0,2.048780487804878,0.7682926829268293,1.2804878048780488,1.0975609756097562,0.1097560975609756,0.5121951219512195,0.6585365853658537,1.170731707317073,0.0,1.7217654927365424,-0.4659610690547403,2.0103331854995137,0.8663633542960898,0.9588770018426761,-0.9839864291310504,-0.22284829846485324,0.3023006627471796,-0.31609510217456244,0.16827009757357048,-0.19997224681843087,-0.06117367792819454
Benjamin Stambouli,fr FRA,MF,Metz,fr Ligue 1,34.0,1990.0,19,10,960,10.7,0,0,0,0,0,0,0,0,6,1,14,9,0,8,9,16,0,16.7,0.0,0.0,0.58,-1.5,-0.3,,,,,,,,,,,,,,,MF,,False,Midfielder,True,True,False,0.0,0.0,0.0,0.0,0.0,0.0,0.0,0.0,0.5625,0.09375,1.3125,0.84375,0.0,0.75,0.84375,1.5,0.0,-1.0341415412128914,-1.1563710848352395,-1.0585089693537577,-1.0932674646512948,-1.1306568581638725,-0.8599563165774481,-0.6072230977898586,1.0874600648073947,0.15285547084814438,0.23285237964584857,-0.8633126317738823,-1.5830153866876162
Josip Stanišić,hr CRO,DF,Bayern Munich,de Bundesliga,25.0,2000.0,26,19,1857,20.6,2,3,5,2,0,0,1,0,7,4,8,11,4,36,18,21,0,57.1,0.29,0.5,2.62,2.67,0.35,,,,,,,,,,,,,,,DF,,False,Defender,True,True,True,0.0969305331179321,0.1453957996768982,0.2423263327948303,0.0969305331179321,0.0,0.0,0.048465266558966,0.0,0.3392568659127625,0.1938610662358643,0.3877221324717286,0.5331179321486268,0.1938610662358643,1.7447495961227786,0.8723747980613893,1.0177705977382876,0.0,0.9917902884514146,1.5109666493231753,1.0760685639767489,-0.7151841215830815,0.22819603585999879,0.38253519900885863,-0.5320727098895985,-0.08305495637254488,-0.5744857939811403,-1.6995891956352183,1.7122639919787954,-1.3564079386290206
Carl Starfelt,se SWE,DF,Celta Vigo,es La Liga,30.0,1995.0,19,17,1491,16.6,0,0,0,0,0,0,3,1,4,1,19,8,0,0,16,16,1,25.0,0.0,0.0,1.37,0.3,0.3,,,,,,,,,,,,,,,DF,,False,Defender,True,True,True,0.0,0.0,0.0,0.0,0.0,0.0,0.1810865191146881,0.0603621730382293,0.2414486921529175,0.0603621730382293,1.146881287726358,0.482897384305835,0.0,0.0,0.96579476861167,0.96579476861167,0.0603621730382293,-0.809444991619996,-0.8042256269931214,-0.8221765122714052,-1.0140381348374832,-0.7722803391537056,-0.7925672921629087,-0.6446827821641967,-0.21629069605194773,-0.3207847772550493,0.2654736337036544,-0.807986293660309,-0.19269368357684016
Angelo Stiller,de GER,MF,Stuttgart,de Bundesliga,24.0,2001.0,34,30,2743,30.5,2,5,7,2,0,1,1,0,17,8,18,44,0,105,28,23,0,47.1,0.12,0.25,1.82,0.72,0.72,,,,,,,,,,,,,,,MF,,False,Midfielder,True,True,True,0.0656215822092599,0.1640539555231498,0.2296755377324097,0.0656215822092599,0.0,0.0328107911046299,0.0328107911046299,0.0,0.5577834487787094,0.2624863288370397,0.5905942398833394,1.4436748086037183,0.0,3.4451330659861465,0.918702150929639,0.7546481954064893,0.0,-0.5398264625752244,0.3915770001265081,-0.5080640768317712,-1.0994861422213915,-0.607961584103002,0.5457240894091248,0.3013112055954149,-0.6898746808211136,0.34263035403988545,-1.2235401373886037,-0.8633126317738823,-1.3100492471653291
Kevin Stöger,at AUT,MF,Gladbach,de Bundesliga,31.0,1993.0,29,15,1324,14.7,1,1,2,1,0,1,3,0,23,7,23,29,0,61,13,20,0,30.4,0.04,0.14,1.0,-0.82,-0.87,,,,,,,,,,,,,,,MF,,False,Midfielder,True,True,False,0.0679758308157099,0.0679758308157099,0.1359516616314199,0.0679758308157099,0.0,0.0679758308157099,0.2039274924471299,0.0,1.563444108761329,0.4758308157099698,1.563444108761329,1.9712990936555892,0.0,4.146525679758308,0.8836858006042296,1.3595166163141994,0.0,-0.5220923491044623,-0.5149780943442923,-0.48831624269673046,0.2264571362344235,0.052916578910245,0.9115441917729696,1.1003526111082846,0.7524692625185282,0.2539708064433952,0.739113920120077,-0.8633126317738823,0.11353926748829471
Jørgen Strand Larsen,no NOR,FW,Crystal Palace,eng Premier League,25.0,2000.0,14,12,903,10.0,3,0,3,3,0,0,2,0,23,7,21,10,1,0,1,0,0,30.4,0.13,0.43,1.14,-0.3,-0.05,,,,,,,,,,,,,,,FW,,False,Forward,True,True,False,0.2990033222591362,0.0,0.2990033222591362,0.2990033222591362,0.0,0.0,0.1993355481727574,0.0,2.292358803986711,0.6976744186046512,2.0930232558139537,0.9966777408637876,0.0996677740863787,0.0,0.0996677740863787,0.0,0.0,-0.3850294431196076,-1.1734021059287691,-0.18997378765914044,-0.26584404515162835,-0.8300816860331904,-0.7914132434979451,-0.650303390607781,-1.5145796836109684,-0.8254759542631877,1.2540502586265654,-1.2787672311091254,0.5362608040746715
Jørgen Strand Larsen,no NOR,FW,Wolves,eng Premier League,25.0,2000.0,22,14,1404,15.6,1,1,2,0,1,2,2,0,21,7,30,11,9,3,3,2,0,33.3,0.0,0.0,0.36,-1.28,-0.34,,,,,,,,,,,,,,,FW,,False,Forward,True,True,True,0.0641025641025641,0.0641025641025641,0.1282051282051282,0.0,0.0641025641025641,0.1282051282051282,0.1282051282051282,0.0,1.3461538461538465,0.4487179487179487,1.9230769230769231,0.7051282051282052,0.5769230769230769,0.1923076923076923,0.1923076923076923,0.1282051282051282,0.0,-1.5944089592247084,-0.5244756126488604,-1.9437657630968073,-1.5021533049271036,-1.4707124692459277,-0.6582797800215793,-1.0899396375897137,-1.123693695065947,-0.3702576050958322,0.9573013337394952,0.2012721426022497,-0.17278262289975718
Gabriel Strefezza,br BRA,FW,Parma,it Serie A,28.0,1997.0,14,13,1007,11.2,2,2,4,2,0,0,3,0,24,7,21,28,2,41,5,12,0,29.2,0.08,0.29,1.36,-0.45,0.04,,,,,,,,,,,,,,,FW,,False,Forward,True,True,False,0.1787487586891757,0.1787487586891757,0.3574975173783515,0.1787487586891757,0.0,0.0,0.2681231380337636,0.0,2.144985104270109,0.6256206554121152,1.8768619662363455,2.502482621648461,0.1787487586891757,3.664349553128103,0.4468718967229394,1.0724925521350546,0.0,-1.0041564610185063,0.6361168544783637,-0.8953220995283115,-0.4584021881826107,-1.0154950587744824,1.7453940029613482,1.620344733749549,1.755354345687204,0.8806318507235391,0.8766038656901861,-1.0335253862761282,1.221950393290588
Pascal Struijk,nl NED,DF,Leeds United,eng Premier League,25.0,1999.0,34,33,2936,32.6,0,1,1,0,0,0,5,0,31,5,27,22,5,2,32,22,0,16.1,0.0,0.0,1.18,-0.18,0.0,,,,,,,,,,,,,,,DF,,False,Defender,True,True,True,0.0,0.0306539509536784,0.0306539509536784,0.0,0.0,0.0,0.1532697547683923,0.0,0.9502724795640328,0.1532697547683923,0.8276566757493189,0.6743869209809263,0.1532697547683923,0.0613079019073569,0.9809264305177112,0.6743869209809263,0.0,-0.809444991619996,-0.31611117909128744,-0.8221765122714052,1.1517811971759029,-0.0760060978154288,-0.7512759410028654,-0.21530374328327362,-0.9632906146656852,-0.2796916577892074,-0.5608305936303396,1.1845651285262608,-0.436777980591082
Nikola Štulić,rs SRB,FW,Lecce,it Serie A,23.0,2001.0,34,20,1709,19.0,4,0,4,3,1,1,1,0,33,9,37,26,9,1,2,7,0,27.3,0.09,0.33,1.0,-0.37,0.42,,,,,,,,,,,,,,,FW,,False,Forward,True,True,True,0.2106495026331188,0.0,0.2106495026331188,0.157987126974839,0.0526623756582797,0.0526623756582797,0.0526623756582797,0.0,1.73785839672323,0.4739613809245173,1.9485078993563487,1.369221767115272,0.4739613809245173,0.0526623756582797,0.1053247513165594,0.3686366296079579,0.0,-0.8399164365201468,-1.1734021059287691,-1.0170986163324933,-0.9903530242836158,-1.4057544476575299,-0.7549553962732878,-0.08853313388789649,-0.39063951526091856,-0.7976784358127913,1.0017072043941184,-0.11802732490751479,-0.9258091363559519
Denis Suárez,es ESP,MF,Alavés,es La Liga,31.0,1994.0,30,15,1406,15.6,1,2,3,1,0,0,6,0,9,4,20,26,0,41,7,12,0,44.4,0.11,0.25,1.07,0.0,0.54,,,,,,,,,,,,,,,MF,,False,Midfielder,True,True,True,0.0640113798008534,0.1280227596017069,0.1920341394025604,0.0640113798008534,0.0,0.0,0.3840682788051209,0.0,0.5761024182076814,0.2560455192034139,1.2802275960170697,1.6642958748221908,0.0,2.624466571834993,0.4480796586059744,0.7681365576102419,0.0,-0.5519558155005444,0.05160092001542109,-0.5215707260437266,-1.0753329508426985,-0.627913308665371,0.11769520087783754,0.6354227539666683,-0.6577108963389307,-0.8489609131936734,0.1677451450673946,-0.8633126317738823,1.612202767123061
Gabriel Suazo,cl CHI,"DF,MF",Sevilla,es La Liga,27.0,1997.0,29,25,2096,23.3,0,2,2,0,0,0,7,0,5,2,33,15,2,95,29,62,0,40.0,0.0,0.0,1.31,-0.39,-0.05,,,,,,,,,,,,,,,DF,MF,True,Defender,True,True,True,0.0,0.0858778625954198,0.0858778625954198,0.0,0.0,0.0,0.3005725190839695,0.0,0.2146946564885496,0.0858778625954198,1.4169847328244274,0.6440839694656488,0.0858778625954198,4.0791984732824424,1.245229007633588,2.6622137404580153,0.0,-0.809444991619996,0.5632400400295762,-0.8221765122714052,-1.0957854021842774,-0.5810589441091719,1.954804765460969,-0.2832523760013222,4.132339048160635,0.4380759902056516,0.9646290563377447,0.3084509154121658,0.855762418019659
Luka Sučić,hr CRO,"MF,FW",Real Sociedad,es La Liga,22.0,2002.0,22,10,1022,11.4,3,1,4,3,0,0,1,0,23,7,11,6,1,6,5,8,0,30.4,0.13,0.43,1.23,0.44,0.7,,,,,,,,,,,,,,,MF,FW,True,Midfielder,True,True,False,0.2641878669275929,0.0880626223091976,0.3522504892367906,0.2641878669275929,0.0,0.0,0.0880626223091976,0.0,2.0254403131115457,0.6164383561643836,0.9686888454011742,0.5283757338551859,0.0880626223091976,0.5283757338551859,0.4403131115459882,0.7045009784735812,0.0,0.955936140836699,-0.3254470932403134,1.1575433890432223,0.8355898051417027,0.48847718046762395,-0.9755472283370976,-1.084830183025081,-0.8094536373650445,-0.8686253997071512,-0.4607616909078864,-0.33108257730864754,-0.8503870885372885
Petar Sucic,hr CRO,MF,Inter,it Serie A,21.0,2003.0,34,21,1765,19.6,2,2,4,2,0,0,5,0,22,6,30,25,0,43,9,25,0,27.3,0.09,0.33,2.21,1.07,-0.72,,,,,,,,,,,,,,,MF,,False,Midfielder,True,True,True,0.1019830028328611,0.1019830028328611,0.2039660056657223,0.1019830028328611,0.0,0.0,0.254957507082153,0.0,1.1218130311614731,0.3059490084985836,1.529745042492918,1.274787535410765,0.0,2.192634560906515,0.4589235127478753,1.274787535410765,0.0,-0.26592269662188844,-0.19409990136780134,-0.20305835168361142,-0.3558245241726245,-0.4733270485901986,-0.10753219293836874,0.04554601819114917,0.5504278392245031,-0.821504847855944,0.6711284978449716,-0.8633126317738823,0.5380784396852886
Yukinari Sugawara,jp JPN,"DF,MF",Werder Bremen,de Bundesliga,25.0,2000.0,31,29,2428,27.0,0,6,6,0,0,0,2,1,30,11,22,11,2,74,15,22,0,36.7,0.0,0.0,1.03,-0.41,1.3,,,,,,,,,,,,,,,DF,MF,True,Defender,True,True,True,0.0,0.2224052718286655,0.2224052718286655,0.0,0.0,0.0,0.0741350906095551,0.0370675453047775,1.112026359143328,0.4077429983525535,0.815485996705107,0.4077429983525535,0.0741350906095551,2.742998352553542,0.556013179571664,0.815485996705107,0.0,-0.809444991619996,2.737217583154624,-0.8221765122714052,1.646022058787694,1.8310843819696971,1.0548635394754073,-0.8132022666677255,-0.6015948026297822,-1.4336304050443243,-0.5923340653754344,0.15579146178281528,-1.1311624399122844
Pavel Šulc,cz CZE,"FW,MF",Lyon,fr Ligue 1,24.0,2000.0,27,17,1566,17.4,11,3,14,11,0,0,3,0,44,18,28,15,6,13,6,13,0,40.9,0.25,0.61,1.81,0.34,-0.08,,,,,,,,,,,,,,,FW,MF,True,Forward,True,True,True,0.632183908045977,0.1724137931034482,0.8045977011494253,0.632183908045977,0.0,0.0,0.1724137931034482,0.0,2.528735632183908,1.0344827586206895,1.6091954022988506,0.8620689655172413,0.3448275862068965,0.7471264367816092,0.3448275862068965,0.7471264367816092,0.0,1.3303408212280474,0.571986393237881,1.7642835540641861,0.043005384432708,0.03661517368389623,-0.274182086543788,-0.8532839806981777,0.7633421117031215,0.3792017602515164,0.40922240592326703,-0.5184903465289572,0.2678989206048948
Kamaldeen Sulemana,gh GHA,MF,Atalanta,it Serie A,23.0,2002.0,25,9,1011,11.2,2,1,3,2,0,0,4,0,25,10,14,14,5,22,2,5,0,40.0,0.08,0.2,1.52,0.45,0.07,,,,,,,,,,,,,,,MF,,False,Midfielder,True,True,False,0.1780415430267062,0.0890207715133531,0.2670623145400593,0.1780415430267062,0.0,0.0,0.3560830860534124,0.0,2.225519287833828,0.890207715133531,1.2462908011869436,1.2462908011869436,0.4451038575667655,1.9584569732937684,0.1780415430267062,0.4451038575667655,0.0,0.3070120302046368,-0.3164063772091122,0.43493350363121663,1.0993898942273455,1.3365337377134965,-0.22967044673475248,0.0023901756497271068,-1.4280011649384372,-1.532683144053744,0.09928012265956399,1.8267917978179584,1.3793827170102482
Crysencio Summerville,nl NED,"MF,FW",West Ham United,eng Premier League,23.0,2001.0,31,29,2470,27.4,5,2,7,5,0,0,6,0,54,15,49,67,6,59,15,26,0,27.8,0.09,0.33,1.16,-0.29,0.75,,,,,,,,,,,,,,,MF,FW,True,Midfielder,True,True,True,0.1821862348178137,0.0728744939271255,0.2550607287449393,0.1821862348178137,0.0,0.0,0.2186234817813765,0.0,1.9676113360323888,0.5465587044534413,1.785425101214575,2.4412955465587047,0.2186234817813765,2.1497975708502026,0.5465587044534413,0.9473684210526316,0.0,0.33823321658378963,-0.4687562513048631,0.4696998769901785,0.7593434662828189,0.2720106734974233,-0.12987436161773497,1.8121216425069222,-0.2303220895275857,-0.5996171760128521,1.1869444739039174,0.4579969609309036,0.23580110086615377
Yuito Suzuki,jp JPN,MF,Freiburg,de Bundesliga,23.0,2001.0,25,18,1632,18.1,4,2,6,4,0,0,3,0,38,14,20,10,2,21,10,12,0,36.8,0.11,0.29,1.28,0.0,0.38,,,,,,,,,,,,,,,MF,,False,Midfielder,True,True,True,0.2205882352941176,0.1102941176470588,0.3308823529411764,0.2205882352941176,0.0,0.0,0.1654411764705882,0.0,2.0955882352941178,0.7720588235294118,1.1029411764705883,0.5514705882352942,0.1102941176470588,1.1580882352941175,0.5514705882352942,0.6617647058823529,0.0,0.6275082880801491,-0.11567951693080962,0.7918223298960084,0.9280784244312654,0.9705433922873786,-0.6471127863242639,-1.0498550209129303,-0.9113607659275968,-0.587180545984348,-0.1899173492138545,-0.19672057826472772,-0.20664384126549265
Daniel Svensson,se SWE,MF,Dortmund,de Bundesliga,23.0,2002.0,33,27,2454,27.3,2,2,4,2,0,0,0,0,12,4,28,22,2,129,20,26,0,33.3,0.17,0.5,2.12,0.95,-0.53,,,,,,,,,,,,,,,MF,,False,Midfielder,True,True,True,0.0733496332518337,0.0733496332518337,0.1466992665036674,0.0733496332518337,0.0,0.0,0.0,0.0,0.4400977995110024,0.1466992665036674,1.0268948655256724,0.8068459657701711,0.0733496332518337,4.7310513447432765,0.7334963325183373,0.9535452322738388,0.0,-0.48161250262156263,-0.46427302500637685,-0.443239882072662,-1.2546522950068864,-0.9666356805241393,1.216410873286893,-0.6631110699994748,-0.21559312377881862,-0.12630098574821555,-0.3433352665197821,-0.42000446904896793,-1.5830153866876162
Williot Swedberg,se SWE,"FW,MF",Celta Vigo,es La Liga,21.0,2004.0,29,13,1270,14.1,5,5,10,5,0,0,2,0,23,12,30,34,6,8,4,17,0,52.2,0.22,0.42,1.45,0.21,0.13,,,,,,,,,,,,,,,FW,MF,True,Forward,True,True,False,0.3543307086614173,0.3543307086614173,0.7086614173228346,0.3543307086614173,0.0,0.0,0.1417322834645669,0.0,1.6299212598425197,0.8503937007874016,2.1259842519685037,2.409448818897638,0.4251968503937008,0.5669291338582677,0.2834645669291338,1.204724409448819,0.0,-0.10017805175053024,2.4135774081066312,0.1345467747249949,-1.1313834434275898,-0.43709461724583626,-0.3989315999896665,1.480056285748301,2.158517471740437,0.07767329528876236,1.3116045465864277,-0.26925335591686395,-0.037941010454160526
Lamine Sy,mr MTN,DF,Auxerre,fr Ligue 1,22.0,2002.0,24,17,1536,17.1,0,0,0,0,0,0,1,0,13,2,24,14,3,47,26,29,0,15.4,0.0,0.0,1.04,0.0,0.59,,,,,,,,,,,,,,,DF,,False,Defender,True,True,True,0.0,0.0,0.0,0.0,0.0,0.0,0.05859375,0.0,0.76171875,0.1171875,1.40625,0.8203125,0.17578125,2.75390625,1.5234375,1.69921875,0.0,-0.809444991619996,-0.8042256269931214,-0.8221765122714052,0.5756530820282222,-0.34641615581912766,1.062210093669352,0.11190674536951148,1.6637810276878817,1.1936079921902056,0.9368424923344549,1.4772211186599142,-1.2675333402124587
Dominik Szoboszlai,hu HUN,"MF,DF",Liverpool,eng Premier League,24.0,2000.0,36,36,3231,35.9,6,7,13,6,0,1,8,1,71,23,42,30,2,206,29,32,0,32.4,0.08,0.26,1.5,0.25,-0.23,,,,,,,,,,,,,,,MF,DF,True,Midfielder,True,True,True,0.1671309192200557,0.1949860724233983,0.362116991643454,0.1671309192200557,0.0,0.0278551532033426,0.2228412256267409,0.0278551532033426,1.977715877437326,0.6406685236768802,1.1699164345403898,0.8356545961002785,0.0557103064066852,5.73816155988858,0.807799442896936,0.8913649025069638,0.0,0.22482434616233732,0.6834401921285808,0.3434133520833913,0.7726661001402341,0.5635350778141799,1.7416818196327946,-0.6194828877454933,-0.3638657380103986,0.06183056108515971,-0.05479962323318447,-0.52661246732729,0.27089020467019315
Alexander Sørloth,no NOR,FW,Atlético Madrid,es La Liga,29.0,1995.0,35,20,1980,22.0,13,0,13,13,0,0,4,1,68,35,30,16,11,10,0,7,0,51.5,0.19,0.37,1.8,0.36,-0.26,,,,,,,,,,,,,,,FW,,False,Forward,True,True,True,0.5909090909090909,0.0,0.5909090909090909,0.5909090909090909,0.0,0.0,0.1818181818181818,0.0454545454545454,3.090909090909091,1.5909090909090908,1.3636363636363638,0.7272727272727273,0.5,0.4545454545454546,0.0,0.3181818181818182,0.0,1.1178386617285796,-1.1734021059287691,1.5221877721999562,0.7775399552658447,1.4684471610844738,-0.476734148008353,-1.0565472516877326,-0.5444717302219608,-1.3152281092294456,-0.01955637115191252,-0.037277710938378734,0.361643903495885
Musa Al-Taamari,jo JOR,"MF,FW",Rennes,fr Ligue 1,28.0,1997.0,33,25,2212,24.6,6,6,12,6,0,0,4,0,64,23,16,27,26,86,11,16,0,35.9,0.09,0.26,1.79,0.53,0.95,,,,,,,,,,,,,,,MF,FW,True,Midfielder,True,True,True,0.244122965641953,0.244122965641953,0.488245931283906,0.244122965641953,0.0,0.0,0.162748643761302,0.0,2.603978300180832,0.9358047016274864,0.650994575045208,1.0985533453887883,1.057866184448463,3.4990958408679926,0.4475587703435805,0.650994575045208,0.0,0.8047910004278699,1.1470764361684176,0.989235614987756,1.5983804618818547,1.477779724965153,0.573869050510079,-0.2213454401516723,-0.9370427695584356,-0.8502797747330113,-1.1016868415485719,5.5301851111059666,-0.22904410149840215
Haris Tabakovic,ba BIH,FW,Gladbach,de Bundesliga,31.0,1994.0,32,28,2382,26.5,13,3,16,13,0,2,5,0,67,27,48,20,27,2,0,6,0,40.3,0.19,0.48,1.19,0.08,1.8,,,,,,,,,,,,,,,FW,,False,Forward,True,True,True,0.491183879093199,0.1133501259445843,0.6045340050377833,0.491183879093199,0.0,0.0755667506297229,0.1889168765743073,0.0,2.531486146095718,1.0201511335012594,1.81360201511335,0.7556675062972292,1.0201511335012594,0.0755667506297229,0.0,0.2267002518891687,0.0,0.604406396307823,-0.025930069952709817,0.9372535483589405,0.04659919969457263,-0.0002638848485056074,-0.7390988346759979,-1.0137299168814273,-0.8233908575187645,-1.3152281092294456,0.766143568125512,1.5757879863659472,0.43240522979227464
Nicolás Tagliafico,ar ARG,DF,Lyon,fr Ligue 1,32.0,1992.0,20,14,1310,14.6,0,3,3,0,0,0,5,2,15,1,36,33,2,20,17,14,0,6.7,0.0,0.0,1.55,0.41,0.05,,,,,,,,,,,,,,,DF,,False,Defender,True,True,False,0.0,0.2061068702290076,0.2061068702290076,0.0,0.0,0.0,0.3435114503816793,0.1374045801526717,1.0305343511450382,0.0687022900763358,2.4732824427480917,2.267175572519084,0.1374045801526717,1.3740458015267174,1.16793893129771,0.9618320610687024,0.0,-0.809444991619996,2.4776919738613534,-0.8221765122714052,1.397022279911879,-0.7097772736854246,0.13286329566829225,3.35622330834,-0.22644876913115236,0.2281789967282704,3.6988269542614822,0.9783132408556512,1.2325394841754498
Jonathan Tah,de GER,DF,Bayern Munich,de Bundesliga,29.0,1996.0,28,23,2018,22.4,2,1,3,2,0,0,7,0,8,5,26,6,0,1,25,18,0,62.5,0.25,0.4,2.61,2.5,-0.09,,,,,,,,,,,,,,,DF,,False,Defender,True,True,True,0.0891972249752229,0.0445986124876114,0.1337958374628345,0.0891972249752229,0.0,0.0,0.3121902874132805,0.0,0.3567888999008919,0.2229930624380574,1.1595639246778988,0.267591674925669,0.0,0.0445986124876114,1.1149653121902874,0.8027750247770069,0.0,0.8480842031731693,-0.09406506255318842,0.9246228467934215,-0.6616147876874299,0.44651899913831516,-0.762529778038556,-1.1274650801656338,-0.6341783279980624,0.08431831096643562,0.29830229457004886,-0.807986293660309,0.9577050731837136
Chemsdine Talbi,ma MAR,"MF,FW",Sunderland,eng Premier League,20.0,2005.0,28,16,1561,17.3,4,1,5,4,0,0,0,0,25,10,5,1,2,50,3,6,0,40.0,0.16,0.4,1.46,0.52,1.25,,,,,,,,,,,,,,,MF,FW,True,Midfielder,True,True,True,0.230621396540679,0.0576553491351697,0.2882767456758488,0.230621396540679,0.0,0.0,0.0,0.0,1.441383728379244,0.5765534913516976,0.2882767456758488,0.0576553491351697,0.1153106982703395,2.882767456758488,0.1729660474055093,0.3459320948110186,0.0,0.7030862111293521,-0.6123580679165886,0.8759821775877018,0.0655229887893171,0.3649256578771234,0.2524152625209146,-1.7976955466299112,-1.6644820034428038,-1.5455340306087815,-1.8334437573032636,-0.166401529066041,-1.5830153866876162
Montassar Talbi,tn TUN,DF,Lorient,fr Ligue 1,27.0,1998.0,29,29,2610,29.0,0,1,1,0,0,0,3,0,14,2,7,13,0,5,27,19,0,14.3,0.0,0.0,1.41,-0.03,0.37,,,,,,,,,,,,,,,DF,,False,Defender,True,True,True,0.0,0.0344827586206896,0.0344827586206896,0.0,0.0,0.0,0.1034482758620689,0.0,0.4827586206896551,0.0689655172413793,0.2413793103448275,0.4482758620689655,0.0,0.1724137931034482,0.9310344827586208,0.6551724137931034,0.0,-0.809444991619996,-0.25514362736101964,-0.8221765122714052,-0.2767128397306626,-0.7078045789792747,-0.6764452548009477,-0.7223149922618425,-1.012545414844212,-0.4151834353863074,-2.0783936111673853,-0.807986293660309,-0.8739474695967002
Adrien Tameze,cm CMR,DF,Torino,it Serie A,31.0,1994.0,24,12,1120,12.4,0,0,0,0,0,0,3,0,5,0,16,7,0,14,19,12,0,0.0,0.0,,1.13,-1.04,-0.81,,,,,,,,,,,,,,,DF,,False,Defender,True,True,False,0.0,0.0,0.0,0.0,0.0,0.0,0.2410714285714285,0.0,0.4017857142857142,0.0,1.2857142857142856,0.5625,0.0,1.125,1.5267857142857142,0.9642857142857144,0.0,-0.809444991619996,-0.8042256269931214,-0.8221765122714052,-0.5241264976434298,-1.2246505919904345,-0.034870998376112836,-0.466188984473505,-0.22015903202106327,1.2027007521589677,0.6248390736689411,-0.807986293660309,0.3336570549180612
Ao Tanaka,jp JPN,MF,Leeds United,eng Premier League,26.0,1998.0,28,14,1315,14.6,2,0,2,2,0,0,1,0,17,5,13,10,0,39,21,15,0,29.4,0.12,0.4,1.43,0.07,0.41,,,,,,,,,,,,,,,MF,,False,Midfielder,True,True,False,0.1368821292775665,0.0,0.1368821292775665,0.1368821292775665,0.0,0.0,0.0684410646387832,0.0,1.1634980988593155,0.3422053231939163,0.8897338403041825,0.6844106463878327,0.0,2.6692015209125475,1.4372623574144487,1.0266159695817492,0.0,-0.0030341186249668154,-1.1563710848352395,0.08968140341263689,-0.30086360392852846,-0.36101570178819264,0.14102727385588043,-0.8485287857023504,-0.04135169911778936,1.6555973789078116,-0.6200476877215056,-0.8633126317738823,-1.0136267017373237
Edmond Tapsoba,bf BFA,DF,Leverkusen,de Bundesliga,26.0,1999.0,29,29,2575,28.6,5,3,8,5,0,0,7,0,29,10,31,2,2,13,21,15,0,34.5,0.17,0.5,1.79,0.77,0.95,,,,,,,,,,,,,,,DF,,False,Defender,True,True,True,0.174757281553398,0.1048543689320388,0.2796116504854369,0.174757281553398,0.0,0.0,0.2446601941747573,0.0,1.013592233009709,0.3495145631067961,1.083495145631068,0.0699029126213592,0.0699029126213592,0.4543689320388349,0.7339805825242718,0.5242718446601942,0.0,2.4380248288582664,0.865410123344495,2.600193494129394,1.345255440770138,1.3947049302602978,-0.4865462647694067,-1.5707447090667639,-1.348098198627441,-0.9503235616871267,0.10140032856796337,0.10077191613227648,0.36514746546805915
James Tarkowski,eng ENG,DF,Everton,eng Premier League,32.0,1992.0,37,37,3330,37.0,2,3,5,2,0,0,8,0,20,10,32,35,2,7,29,30,0,50.0,0.1,0.2,1.32,-0.03,1.97,,,,,,,,,,,,,,,DF,,False,Defender,True,True,True,0.054054054054054,0.081081081081081,0.1351351351351351,0.054054054054054,0.0,0.0,0.2162162162162162,0.0,0.5405405405405406,0.2702702702702703,0.8648648648648648,0.945945945945946,0.054054054054054,0.1891891891891892,0.7837837837837838,0.8108108108108109,0.0,0.19502765555496143,0.48685907484452406,0.23639439060932177,-0.1001595111368635,0.8008270265668138,-0.665146894408973,0.3936159667098842,-0.613579255042226,-0.8150727933414889,-0.46451820791795684,-0.10526785816003689,0.11555954510939176
César Tárrega,es ESP,DF,Valencia,es La Liga,23.0,2002.0,32,29,2598,28.9,0,0,0,0,0,0,7,0,11,1,40,13,0,1,24,24,2,9.1,0.0,0.0,1.34,-0.21,0.12,,,,,,,,,,,,,,,DF,,False,Defender,True,True,True,0.0,0.0,0.0,0.0,0.0,0.0,0.2424942263279445,0.0,0.3810623556581985,0.0346420323325635,1.3856812933025404,0.4503464203233256,0.0,0.0346420323325635,0.8314087759815242,0.8314087759815242,0.069284064665127,-0.809444991619996,-0.8042256269931214,-0.8221765122714052,-0.5874469611166566,-0.9650339457319421,-0.7692356126005747,-0.7176721573130452,-0.5607780747334904,-0.6857373967344452,0.8836009543789592,-0.807986293660309,0.34614170575197095
Tylel Tati,fr FRA,DF,Nantes,fr Ligue 1,17.0,2008.0,20,20,1721,19.1,0,0,0,0,0,0,5,1,3,0,25,15,0,1,14,13,0,0.0,0.0,,0.7,-0.94,-0.61,,,,,,,,,,,,,,,DF,,False,Defender,True,True,True,0.0,0.0,0.0,0.0,0.0,0.0,0.2614758861127251,0.052295177222545,0.1568855316676351,0.0,1.307379430563626,0.7844276583381754,0.0,0.052295177222545,0.7321324811156305,0.6798373038930854,0.0,-0.809444991619996,-0.8042256269931214,-0.8221765122714052,-1.2724218558806226,-1.2246505919904345,-0.7573460815278455,0.03144178059552428,-0.9493190088050373,-0.9553424586491298,0.6809187119648156,-0.807986293660309,0.5127004408749021
Nuno Tavares,pt POR,DF,Lazio,it Serie A,25.0,2000.0,23,17,1473,16.4,0,0,0,0,0,0,5,0,16,1,20,22,6,99,18,21,0,6.3,0.0,0.0,1.35,0.12,0.17,,,,,,,,,,,,,,,DF,,False,Defender,True,True,True,0.0,0.0,0.0,0.0,0.0,0.0,0.3054989816700611,0.0,0.9775967413441956,0.0610997963340122,1.2219959266802445,1.3441955193482689,0.3665987780040733,6.04887983706721,1.09979633401222,1.2830957230142568,0.0,-0.809444991619996,-0.8042256269931214,-0.8221765122714052,1.235270797056031,-0.7667523930905273,3.2814005603770933,1.286615250281029,0.5970840604684645,0.043123851539794394,0.4599058340213653,3.9579045214433743,0.8989907440076623
Marcus Tavernier,eng ENG,MF,Bournemouth,eng Premier League,26.0,1999.0,34,31,2732,30.4,7,4,11,5,2,2,6,0,70,24,31,35,4,114,16,21,0,34.3,0.07,0.21,1.38,0.03,-0.36,,,,,,,,,,,,,,,MF,,False,Midfielder,True,True,True,0.2306002928257686,0.1317715959004392,0.3623718887262079,0.164714494875549,0.0658857979502196,0.0658857979502196,0.1976573938506588,0.0,2.3060029282576866,0.7906295754026355,1.0212298682284042,1.1530014641288433,0.1317715959004392,3.7554904831625184,0.527086383601757,0.691800878477306,0.0,0.7029272408006237,0.08697345310036017,0.32314397737739997,1.2055059493661773,1.028070092712784,0.7075948874351207,-0.13888846734325044,-0.8397377647492219,-0.6489200628448726,-0.3547639877304683,-0.06691568351111507,0.061375800815242895
Kenneth Taylor,nl NED,MF,Lazio,it Serie A,23.0,2002.0,17,17,1394,15.5,3,2,5,3,0,0,5,0,16,6,17,13,1,9,9,11,0,37.5,0.19,0.5,1.53,-0.19,-0.37,,,,,,,,,,,,,,,MF,,False,Midfielder,True,True,True,0.1936872309899569,0.1291248206599713,0.3228120516499282,0.1936872309899569,0.0,0.0,0.3228120516499282,0.0,1.0329985652797704,0.3873744619799139,1.0975609756097562,0.8393113342898134,0.0645624103299856,0.5810616929698709,0.5810616929698709,0.7101865136298422,0.0,0.4248680649956319,0.06199953124799562,0.5661721714509149,-0.47292460449944396,-0.22109506027866913,-0.9480682064910931,-0.6139450736127126,-0.7958961479775651,-0.5122574333736033,-0.20077151426801887,-0.47311240532949944,1.1025876287701861
Loum Tchaouna,fr FRA,"MF,FW",Burnley,eng Premier League,21.0,2003.0,29,14,1272,14.1,2,1,3,2,0,0,2,0,23,9,12,16,1,34,2,9,0,39.1,0.09,0.22,0.41,-0.78,0.31,,,,,,,,,,,,,,,MF,FW,True,Midfielder,True,True,False,0.1415094339622641,0.070754716981132,0.2122641509433962,0.1415094339622641,0.0,0.0,0.1415094339622641,0.0,1.6273584905660377,0.6367924528301887,0.8490566037735848,1.1320754716981132,0.070754716981132,2.405660377358491,0.1415094339622641,0.6367924528301887,0.0,0.03182250022037964,-0.4887576261795681,0.1284960150706203,0.3107269583751012,0.5515281559648405,0.0035740896919723513,-0.17057907537119302,-0.9709085563169212,-1.6251805126344088,-0.7021110624301785,-0.4356875408434816,-0.4057416119869322
Jackson Tchatchoua,cm CMR,"MF,DF",Wolves,eng Premier League,23.0,2001.0,31,19,1845,20.5,0,1,1,0,0,0,3,0,3,1,8,9,2,90,14,15,0,33.3,0.0,0.0,0.55,-0.98,0.22,,,,,,,,,,,,,,,MF,DF,True,Midfielder,True,True,True,0.0,0.048780487804878,0.048780487804878,0.0,0.0,0.0,0.1463414634146341,0.0,0.1463414634146341,0.048780487804878,0.3902439024390244,0.4390243902439024,0.0975609756097561,4.390243902439025,0.6829268292682927,0.7317073170731708,0.0,-1.0341415412128914,-0.6960977409815734,-1.0585089693537577,-1.6419640939565625,-1.2699591154976426,1.0386584832815422,-1.220145075091894,-0.7445785399997731,-0.254340294204494,-1.6277324133888316,-0.27367673403570314,-0.3655420196800794
Aurélien Tchouaméni,fr FRA,MF,Real Madrid,es La Liga,25.0,2000.0,33,31,2615,29.1,1,0,1,1,0,0,8,0,45,7,31,27,0,8,45,41,0,15.6,0.02,0.14,2.33,1.07,-0.16,,,,,,,,,,,,,,,MF,,False,Midfielder,True,True,True,0.034416826003824,0.0,0.034416826003824,0.034416826003824,0.0,0.0,0.2753346080305927,0.0,1.548757170172084,0.2409177820267686,1.066921606118547,0.9292543021032504,0.0,0.2753346080305927,1.548757170172084,1.411089866156788,0.0,-0.7748860420344749,-1.1563710848352395,-0.7698148316505443,0.20709270419644407,-0.6747745671979302,-1.1075239967458461,-0.4777342177940079,0.8754486775079408,1.9378963497195778,-0.2625842201902431,-0.8633126317738823,0.7076037206458758
Mathys Tel,fr FRA,"MF,FW",Tottenham Hotspur,eng Premier League,20.0,2005.0,31,13,1349,15.0,4,1,5,4,0,0,1,0,35,8,19,23,3,92,5,12,0,22.9,0.11,0.5,1.0,0.2,0.72,,,,,,,,,,,,,,,MF,FW,True,Midfielder,True,True,False,0.2668643439584877,0.0667160859896219,0.3335804299481097,0.2668643439584877,0.0,0.0,0.0667160859896219,0.0,2.335063009636768,0.5337286879169755,1.267605633802817,1.5344699777613044,0.2001482579688658,6.137879911045218,0.3335804299481097,0.8005930318754633,0.0,0.9760975406301343,-0.5268645470961628,1.1799941295162333,1.2438210800153549,0.23226707438066074,1.9501599319847562,0.4388126467398915,-0.5803165450048846,-1.138866906211656,0.1422812516692333,0.34633699535021734,-1.027977491424729
Nahuel Tenaglia,ar ARG,DF,Alavés,es La Liga,29.0,1996.0,36,36,3239,36.0,2,0,2,2,0,0,3,0,24,8,31,42,5,17,47,43,0,33.3,0.08,0.25,1.08,-0.33,-0.33,,,,,,,,,,,,,,,DF,,False,Defender,True,True,True,0.0555727076258104,0.0,0.0555727076258104,0.0555727076258104,0.0,0.0,0.0833590614387156,0.0,0.6668724915097252,0.2222908305032417,0.8613769682000617,1.167026860142019,0.1389317690645261,0.4723680148193887,1.3059586292065453,1.1948132139549243,0.0,0.2232484060621928,-0.8042256269931214,0.26613503653774023,0.2858492353519632,0.4412562853903954,-0.4744237418232846,0.8893480683207066,0.3707791492640745,0.6029996852967087,-0.4735465335874019,0.9981671412084071,-1.05022468570453
Filippo Terracciano,it ITA,DF,Cremonese,it Serie A,22.0,2003.0,36,33,3011,33.5,2,0,2,2,0,0,6,0,14,4,18,26,0,27,56,23,2,28.6,0.14,0.5,0.94,-0.51,1.25,,,,,,,,,,,,,,,DF,,False,Defender,True,True,True,0.0597808037196944,0.0,0.0597808037196944,0.0597808037196944,0.0,0.0,0.1793424111590833,0.0,0.4184656260378612,0.1195616074393889,0.53802723347725,0.777150448356028,0.0,0.8070408502158751,1.6738625041514448,0.6874792427764862,0.0597808037196944,0.30144637838751265,-0.8042256269931214,0.3485445460457058,-0.47316083315716656,-0.3286239603337575,-0.24901897114680804,0.015124014715862121,-0.9297295304489667,1.6021178243968839,-1.310528528973155,-0.807986293660309,-0.20799774119335548
Ramón Terrats,es ESP,MF,Espanyol,es La Liga,24.0,2000.0,29,12,1030,11.4,1,2,3,1,0,0,0,0,15,3,15,22,1,30,11,13,0,20.0,0.07,0.33,1.03,-0.96,-0.92,,,,,,,,,,,,,,,MF,,False,Midfielder,True,True,False,0.087378640776699,0.174757281553398,0.2621359223300971,0.087378640776699,0.0,0.0,0.0,0.0,1.3106796116504855,0.2621359223300971,1.3106796116504855,1.922330097087379,0.087378640776699,2.621359223300971,0.9611650485436892,1.135922330097087,0.0,-0.3759346185414734,0.49256934120362394,-0.325562202272297,-0.10680775053382255,-0.6090470398933551,0.11607452433166943,1.026193295563188,0.21929567741611,0.4501441656482276,0.22917987816878438,-0.3352164029743968,-1.5830153866876162
Tanner Tessmann,us USA,MF,Lyon,fr Ligue 1,23.0,2001.0,29,22,1953,21.7,1,0,1,1,0,0,2,0,26,8,21,19,3,17,13,21,0,30.8,0.04,0.13,1.86,0.51,0.34,,,,,,,,,,,,,,,MF,,False,Midfielder,True,True,True,0.0460829493087557,0.0,0.0460829493087557,0.0460829493087557,0.0,0.0,0.0921658986175115,0.0,1.1981566820276497,0.3686635944700461,0.967741935483871,0.8755760368663595,0.1382488479262673,0.783410138248848,0.5990783410138248,0.967741935483871,0.0,-0.6870073218828556,-1.1563710848352395,-0.6719574229667101,-0.25516696168973513,-0.27905579753301746,-0.8425308405256658,-0.5590253139689333,-0.1817402589530243,-0.4666402331246372,-0.46267201299430827,-0.027768675301577724,-0.8162502861145131
Kenny Tete,nl NED,DF,Fulham,eng Premier League,29.0,1995.0,22,21,1791,19.9,1,0,1,1,0,0,2,0,16,3,27,31,1,34,26,38,0,18.8,0.06,0.33,1.55,0.0,0.22,,,,,,,,,,,,,,,DF,,False,Defender,True,True,True,0.050251256281407,0.0,0.050251256281407,0.050251256281407,0.0,0.0,0.100502512562814,0.0,0.8040201005025126,0.1507537688442211,1.3567839195979898,1.557788944723618,0.050251256281407,1.708542713567839,1.306532663316583,1.9095477386934672,0.0,0.12436123816576876,-0.8042256269931214,0.1619220657835423,0.7049053508089231,-0.09486156857408008,0.3581495805897907,1.765558075520427,2.202941996459108,0.60455859220381,0.8088008883594952,-0.15470533603442768,-0.8997957154644742
Jordan Teze,nl NED,"MF,DF",Monaco,fr Ligue 1,25.0,1999.0,33,28,2489,27.7,1,2,3,1,0,0,8,0,14,5,32,25,3,64,30,45,0,35.7,0.07,0.2,1.55,0.29,0.6,,,,,,,,,,,,,,,MF,DF,True,Midfielder,True,True,True,0.0361591000401767,0.0723182000803535,0.1084773001205303,0.0361591000401767,0.0,0.0,0.2892728003214142,0.0,0.5062274005624748,0.1807955002008839,1.157091201285657,0.9039775010044196,0.1084773001205303,2.314182402571314,1.0847730012053034,1.627159501807955,0.0,-0.7617618182914132,-0.47400521949975194,-0.755200343361832,-1.1674617510089935,-0.8610156262083795,-0.04413739378189388,-0.5160137497433256,1.3906792955213323,0.7631129662360705,-0.08067360121390595,-0.20770100180585888,0.8235611362842934
Florian Thauvin,fr FRA,MF,Lens,fr Ligue 1,32.0,1993.0,33,29,2443,27.1,11,6,17,9,2,3,6,0,74,27,19,34,8,202,11,17,0,36.5,0.12,0.33,2.03,0.96,0.23,,,,,,,,,,,,,,,MF,,False,Midfielder,True,True,True,0.4052394596807204,0.2210397052803929,0.6262791649611134,0.3315595579205894,0.0736799017601309,0.1105198526401964,0.2210397052803929,0.0,2.7261563651248464,0.9946786737617684,0.6999590667212444,1.2525583299222267,0.2947196070405239,7.44167007777323,0.4052394596807204,0.6262791649611134,0.0,2.018451350259547,0.9292719427783864,1.7226684890355757,1.759469774046113,1.6601538895085832,2.630168022871707,0.011881806553790963,-0.9959781029462378,-0.9574300317728456,-1.0029045305917357,0.9179042840295403,0.2559026338845537
Arthur Theate,be BEL,DF,Eintracht Frankfurt,de Bundesliga,25.0,2000.0,24,24,2141,23.8,1,0,1,1,0,0,8,0,15,7,15,13,1,13,34,21,0,46.7,0.07,0.14,1.29,-0.25,-0.45,,,,,,,,,,,,,,,DF,,False,Defender,True,True,True,0.0420364315740308,0.0,0.0420364315740308,0.0420364315740308,0.0,0.0,0.3362914525922466,0.0,0.6305464736104623,0.2942550210182157,0.6305464736104623,0.5464736104624007,0.0420364315740308,0.5464736104624007,1.429238673517048,0.8827650630546474,0.0,-0.028292746152315133,-0.8042256269931214,0.0010465392449007448,0.17485466488383622,0.9805751571253732,-0.4245130438965529,-0.5021251293713938,-0.42913047987345593,0.937791833050368,-1.0710449917911877,-0.2615004482105409,1.1691860307349622
Igor Thiago,br BRA,FW,Brentford,eng Premier League,24.0,2001.0,38,37,3282,36.5,22,1,23,14,8,9,7,0,84,43,74,26,24,19,12,21,0,51.2,0.17,0.33,1.39,0.08,0.08,,,,,,,,,,,,,,,FW,,False,Forward,True,True,True,0.603290676416819,0.0274223034734917,0.6307129798903107,0.3839122486288848,0.2193784277879342,0.2468007312614259,0.1919561243144424,0.0,2.303473491773309,1.1791590493601465,2.0292504570383914,0.712979890310786,0.6581352833638026,0.5210237659963437,0.3290676416819013,0.5758683729433273,0.0,1.1815848837819338,-0.8957991819296864,0.30805610908306114,-0.2513216192053973,0.4089055001450304,-0.4307116111908624,-1.078099847149148,0.24119156658120258,0.3017598100924232,1.1426944607761302,0.453123221980153,0.46270110930585506
Malick Thiaw,de GER,DF,Newcastle United,eng Premier League,23.0,2001.0,35,33,2965,32.9,4,0,4,4,0,0,4,0,28,14,24,11,2,9,30,34,0,50.0,0.14,0.29,1.26,-0.15,-0.75,,,,,,,,,,,,,,,DF,,False,Defender,True,True,True,0.1214165261382799,0.0,0.1214165261382799,0.1214165261382799,0.0,0.0,0.1214165261382799,0.0,0.8499156829679596,0.4249578414839798,0.7284991568296795,0.3338954468802698,0.0607082630691399,0.2731871838111298,0.9106239460370994,1.0320404721753795,0.0,1.4468072276667565,-0.8042256269931214,1.5555915191571434,0.8451398371834996,1.9600970160075055,-0.6085735884440241,-0.9787914222187154,-0.046475313340270774,-0.47061241794403774,-0.8174971349343098,-0.018761204211436854,-0.7162811183760577
Jan Thielmann,de GER,"MF,FW",Köln,de Bundesliga,23.0,2002.0,26,20,1540,17.1,3,1,4,3,0,0,4,0,27,10,11,23,4,36,13,12,0,37.0,0.11,0.3,1.04,-0.53,-0.23,,,,,,,,,,,,,,,MF,FW,True,Midfielder,True,True,True,0.1753246753246753,0.0584415584415584,0.2337662337662337,0.1753246753246753,0.0,0.0,0.2337662337662337,0.0,1.5779220779220775,0.5844155844155845,0.6428571428571428,1.344155844155844,0.2337662337662337,2.103896103896104,0.7597402597402597,0.7012987012987013,0.0,0.2865463750563824,-0.6049397085949705,0.41214395940060194,0.24554604629949126,0.38928009842376593,-0.15381484660444114,0.15059833001237172,-0.8170896536099519,-0.05985274962343463,-1.1181035208456844,0.5495162400792868,0.36177973203870895
Adrien Thomasson,fr FRA,MF,Lens,fr Ligue 1,31.0,1993.0,32,31,2683,29.8,3,9,12,3,0,0,11,0,43,13,54,43,4,121,20,56,0,30.2,0.07,0.23,2.0,0.77,-1.14,,,,,,,,,,,,,,,MF,,False,Midfielder,True,True,True,0.1006336190831159,0.3019008572493477,0.4025344763324636,0.1006336190831159,0.0,0.0,0.3689899366380917,0.0,1.4424152068579947,0.4360790160268356,1.8114051434960865,1.4424152068579947,0.1341781587774878,4.058889303019009,0.6708907938874394,1.8784942228848305,0.0,-0.27608735147950275,1.692245715272898,-0.21437721002400972,0.06688297234062272,-0.07022274723839664,0.865836341875393,0.29940364755117044,1.990001561597281,-0.28481489940478133,1.2393573250839907,-0.052370975920777815,1.4867599870753319
Kristian Thorstvedt,no NOR,MF,Sassuolo,it Serie A,26.0,1999.0,32,27,2460,27.3,4,4,8,4,0,0,9,0,43,13,34,57,1,13,31,20,0,30.2,0.09,0.31,1.5,0.11,0.77,,,,,,,,,,,,,,,MF,,False,Midfielder,True,True,True,0.1463414634146341,0.1463414634146341,0.2926829268292683,0.1463414634146341,0.0,0.0,0.3292682926829268,0.0,1.573170731707317,0.4756097560975609,1.2439024390243902,2.0853658536585367,0.0365853658536585,0.4756097560975609,1.1341463414634148,0.7317073170731708,0.0,0.06822127236688176,0.22444894672576,0.1690278925875505,0.23928149223292655,0.05223180156864796,-1.0030679849085278,1.2730968664757076,-0.7445785399997731,0.8881236532417716,0.09446177520525251,-0.6421991701220654,1.1562996890793422
Khéphren Thuram,fr FRA,MF,Juventus,it Serie A,24.0,2001.0,35,30,2442,27.1,3,3,6,3,0,0,2,0,50,15,38,12,3,16,12,32,0,30.0,0.06,0.2,1.8,0.88,0.61,,,,,,,,,,,,,,,MF,,False,Midfielder,True,True,True,0.1105651105651105,0.1105651105651105,0.2211302211302211,0.1105651105651105,0.0,0.0,0.0737100737100737,0.0,1.8427518427518428,0.5528255528255528,1.4004914004914004,0.4422604422604422,0.1105651105651105,0.5896805896805897,0.4422604422604422,1.1793611793611791,0.0,-0.20127528770974615,-0.11312253519148721,-0.1310701854546124,0.594718744988063,0.2914235174886081,-0.9435729129635186,-1.2152443538308275,0.3228781409338515,-0.8636948612998129,0.4103686488308292,-0.19508275995143773,-0.9697917006027389
Marcus Thuram,fr FRA,FW,Inter,it Serie A,27.0,1997.0,29,24,1900,21.1,13,6,19,13,0,0,2,0,74,29,43,41,15,21,1,13,0,39.2,0.18,0.45,2.41,1.33,-0.21,,,,,,,,,,,,,,,FW,,False,Forward,True,True,True,0.6157894736842106,0.2842105263157894,0.9,0.6157894736842106,0.0,0.0,0.0947368421052631,0.0,3.505263157894737,1.3736842105263156,2.0368421052631582,1.9421052631578943,0.7105263157894737,0.9947368421052633,0.0473684210526315,0.6157894736842106,0.0,1.245934567068432,1.7037330411185727,1.668122657896662,1.3189340428779581,0.9094701426673942,-0.10276288610545876,0.7753349889771297,0.36290743821106586,-1.0824669534744296,1.155950489385505,0.6155955724359732,-0.5064017450982272
Cheikh Tidiane Sabaly,sn SEN,"MF,FW",Metz,fr Ligue 1,26.0,1999.0,14,12,967,10.7,0,2,2,0,0,0,2,0,8,4,14,16,5,14,3,13,0,50.0,0.0,0.0,0.79,-1.49,-0.29,,,,,,,,,,,,,,,MF,FW,True,Midfielder,True,True,False,0.0,0.1861427094105481,0.1861427094105481,0.0,0.0,0.0,0.1861427094105481,0.0,0.7445708376421925,0.3722854188210962,1.3029989658738366,1.489141675284385,0.4653567735263702,1.3029989658738366,0.2792140641158221,1.2099276111685626,0.0,-1.0341415412128914,0.5999977246994348,-1.0585089693537577,-0.8532107407672587,-0.26783645618062385,-0.5715327798437388,0.3701668479266137,0.39576557605688717,-1.276519669973796,0.21368473232967078,1.9491957222254466,-0.03441948035951803
Youri Tielemans,be BEL,MF,Aston Villa,eng Premier League,28.0,1997.0,25,21,1862,20.7,0,4,4,0,0,0,0,0,24,7,25,40,1,45,16,39,0,29.2,0.0,0.0,1.88,0.24,0.13,,,,,,,,,,,,,,,MF,,False,Midfielder,True,True,True,0.0,0.1933404940923737,0.1933404940923737,0.0,0.0,0.0,0.0,0.0,1.1600429645542427,0.3383458646616541,1.2083780880773365,1.933404940923738,0.0483351235230934,2.1750805585392055,0.7733619763694951,1.8850698174006444,0.0,-1.0341415412128914,0.6679131673882073,-1.0585089693537577,-0.305419128759392,-0.37297116359746074,-0.11668770272962287,1.042965189950062,2.005681449314859,-0.025363283342328746,0.02279397346415818,-0.5711863612779264,-1.5830153866876162
Phillip Tietz,de GER,FW,Mainz 05,de Bundesliga,28.0,1997.0,19,19,1610,17.9,5,2,7,5,0,1,2,0,46,21,32,21,16,4,7,4,0,45.7,0.11,0.24,1.68,0.45,1.5,,,,,,,,,,,,,,,FW,,False,Forward,True,True,True,0.2795031055900621,0.1118012422360248,0.391304347826087,0.2795031055900621,0.0,0.0559006211180124,0.1118012422360248,0.0,2.571428571428571,1.1739130434782608,1.7888198757763976,1.1739130434782608,0.8944099378881988,0.2236024844720497,0.391304347826087,0.2236024844720497,0.0,-0.4854257244439539,-0.0416098120592145,-0.3043515251876839,0.09878788237701915,0.3954061407655352,-0.6366145828595867,-0.38304498775166407,-0.8328356737759248,0.6075814383119942,0.7228706531634593,1.1858459169981983,-0.3363001099119807
Malik Tillman,us USA,MF,Leverkusen,de Bundesliga,23.0,2002.0,29,18,1674,18.6,6,1,7,6,0,0,2,0,34,13,19,29,1,18,19,30,0,38.2,0.18,0.46,1.79,0.32,-0.65,,,,,,,,,,,,,,,MF,,False,Midfielder,True,True,True,0.3225806451612903,0.053763440860215,0.3763440860215054,0.3225806451612903,0.0,0.0,0.1075268817204301,0.0,1.827956989247312,0.6989247311827956,1.021505376344086,1.5591397849462365,0.053763440860215,0.967741935483871,1.021505376344086,1.6129032258064515,0.0,1.3957979940973617,-0.6490805714481344,1.6473518553555782,0.5752120293128072,0.7439955901289838,-0.7463902829985913,0.47617293883645734,1.3566843759080893,0.6029226852509715,-0.3542081700874613,-0.538378870923542,-0.6884561026856625
Jurriën Timber,nl NED,DF,Arsenal,eng Premier League,24.0,2001.0,30,28,2454,27.3,3,5,8,3,0,0,5,0,25,7,38,29,0,46,24,35,0,28.0,0.12,0.43,2.23,1.14,-0.07,,,,,,,,,,,,,,,DF,,False,Defender,True,True,True,0.1100244498777506,0.1833740831295843,0.2933985330073349,0.1100244498777506,0.0,0.0,0.1833740831295843,0.0,0.9168704156479218,0.2567237163814181,1.3936430317848412,1.0635696821515892,0.0,1.687041564792176,0.8801955990220048,1.2836185819070904,0.0,1.2351111911994486,2.1157092121262497,1.3324940907804432,1.0497208021334585,0.6993055322381498,0.34366838882136536,0.6573649301180344,0.5984243660009639,-0.5532468110995021,0.9042096979345033,-0.807986293660309,-0.1726209516264265
Quinten Timber,nl NED,MF,Marseille,fr Ligue 1,24.0,2001.0,15,14,1105,12.3,0,0,0,0,0,0,4,0,10,2,13,20,1,7,9,17,0,20.0,0.0,0.0,1.6,-0.16,-1.08,,,,,,,,,,,,,,,MF,,False,Midfielder,True,True,False,0.0,0.0,0.0,0.0,0.0,0.0,0.3257918552036199,0.0,0.8144796380090499,0.1628959276018099,1.0588235294117647,1.6289592760180998,0.0814479638009049,0.5701357466063348,0.7330316742081449,1.3846153846153846,0.0,-1.0341415412128914,-1.1563710848352395,-1.0585089693537577,-0.7610373987644543,-0.9164632116200616,-0.9537667706599325,0.5819085273201646,0.8123187358803107,-0.12747747602163853,-0.2789215026580027,-0.3710600384132762,1.1273778104513354
Jean-Clair Todibo,fr FRA,DF,West Ham United,eng Premier League,25.0,1999.0,23,22,1814,20.2,0,1,1,0,0,0,5,1,2,0,9,3,1,2,16,24,0,0.0,0.0,,1.0,-0.55,-0.1,,,,,,,,,,,,,,,DF,,False,Defender,True,True,True,0.0,0.0496141124586549,0.0496141124586549,0.0,0.0,0.0,0.2480705622932745,0.0496141124586549,0.0992282249173098,0.0,0.4465270121278942,0.1488423373759647,0.0496141124586549,0.0992282249173098,0.7938257993384785,1.1907386990077178,0.0,-0.809444991619996,-0.014201360708784166,-0.8221765122714052,-1.4485944276953622,-1.2246505919904345,-0.7257363070438969,-1.3937379915224182,0.3603344671503295,-0.787801648411786,-1.5473743637435864,-0.16298839117521857,0.3950724881775717
Corentin Tolisso,fr FRA,MF,Lyon,fr Ligue 1,30.0,1994.0,30,26,2302,25.6,11,4,15,9,2,3,4,0,54,27,42,55,3,49,17,18,0,50.0,0.17,0.33,1.6,0.39,0.03,,,,,,,,,,,,,,,MF,,False,Midfielder,True,True,True,0.4300608166811469,0.156385751520417,0.5864465682015638,0.3518679409209383,0.0781928757602085,0.1172893136403127,0.156385751520417,0.0,2.1112076455256297,1.0556038227628148,1.6420503909643789,2.150304083405734,0.1172893136403127,1.9157254561251087,0.6646394439617723,0.7037358818418766,0.0,2.205425980015244,0.3192228672238652,1.893018628754471,0.9486723015053424,1.84888199372766,-0.2519576047085594,1.371440206308174,-0.811278054799753,-0.30064298688752555,0.8976963937852266,-0.15444323690402578,-0.2819795557412474
Jeremy Toljan,de GER,DF,Levante,es La Liga,30.0,1994.0,37,37,3164,35.2,1,4,5,1,0,0,8,0,9,1,33,19,2,76,31,39,1,11.1,0.11,1.0,1.14,-0.34,0.36,,,,,,,,,,,,,,,DF,,False,Defender,True,True,True,0.0284450063211125,0.11378002528445,0.1422250316055625,0.0284450063211125,0.0,0.0,0.2275600505689001,0.0,0.2560050568900126,0.0284450063211125,0.938685208596713,0.5404551201011378,0.056890012642225,2.1618204804045513,0.8817951959544881,1.1093552465233882,0.0284450063211125,-0.2808587218518845,1.0075367232468115,-0.26512197583132585,-0.9695609929704126,-1.0114761144368432,0.6634356996903527,-0.5156204547646444,0.15171471693916394,-0.5489027788146225,-0.27343625558634244,-0.06839957108890979,0.21509850654110022
Tiago Tomás,pt POR,"MF,FW",Stuttgart,de Bundesliga,23.0,2002.0,27,10,1020,11.3,5,3,8,5,0,0,4,0,35,10,12,29,3,12,5,8,0,28.6,0.14,0.5,1.81,0.35,-0.44,,,,,,,,,,,,,,,MF,FW,True,Midfielder,True,True,False,0.4411764705882353,0.2647058823529412,0.7058823529411764,0.4411764705882353,0.0,0.0,0.3529411764705882,0.0,3.088235294117647,0.8823529411764706,1.0588235294117647,2.5588235294117645,0.2647058823529412,1.0588235294117647,0.4411764705882353,0.7058823529411764,0.0,2.28915811737319,1.3412886781353928,2.6421536291457746,2.236863532470333,1.312201969596525,-0.6988855369263898,1.9901076209134487,-0.8061596695731237,-0.8664394202607604,-0.2789215026580027,0.736508296648089,1.3532439102129143
Fikayo Tomori,eng ENG,DF,Milan,it Serie A,27.0,1997.0,33,31,2554,28.4,0,2,2,0,0,0,8,1,9,2,36,7,2,17,28,40,0,22.2,0.0,0.0,2.03,0.56,0.36,,,,,,,,,,,,,,,DF,,False,Defender,True,True,True,0.0,0.0704776820673453,0.0704776820673453,0.0,0.0,0.0,0.2819107282693813,0.0352388410336726,0.317149569303054,0.0704776820673453,1.2685982772122162,0.2466718872357086,0.0704776820673453,0.5990602975724354,0.9866875489428348,1.409553641346907,0.0,-0.809444991619996,0.31801714437711115,-0.8221765122714052,-0.7827332236677301,-0.6964720117401892,-0.38909549907362034,-1.1743737441473592,0.9212484763226735,-0.2640461636478171,0.5805347511019775,0.10824408622062562,0.6920104433004223
Sandro Tonali,it ITA,MF,Newcastle United,eng Premier League,25.0,2000.0,35,31,2534,28.2,0,2,2,0,0,0,4,0,37,8,24,42,1,95,28,25,0,21.6,0.0,0.0,1.31,-0.18,-0.48,,,,,,,,,,,,,,,MF,,False,Midfielder,True,True,True,0.0,0.0710339384372533,0.0710339384372533,0.0,0.0,0.0,0.1420678768745067,0.0,1.314127861089187,0.2841357537490134,0.8524072612470404,1.4917127071823204,0.0355169692186266,3.3741120757695344,0.9944751381215468,0.8879242304656669,0.0,-1.0341415412128914,-0.486123003217233,-1.0585089693537577,-0.10226130326028157,-0.5408980645537945,0.5086822024532661,0.3740604536599867,-0.37207022068505247,0.5344835512474287,-0.6953513539736376,-0.6486563114646996,-0.40109570127382727
Pablo Torre,es ESP,"MF,FW",Mallorca,es La Liga,22.0,2003.0,35,19,1599,17.8,4,4,8,4,0,0,4,0,25,12,29,36,1,90,9,17,0,48.0,0.16,0.33,1.09,-0.23,0.07,,,,,,,,,,,,,,,MF,FW,True,Midfielder,True,True,True,0.225140712945591,0.225140712945591,0.450281425891182,0.225140712945591,0.0,0.0,0.225140712945591,0.0,1.4071294559099436,0.6754221388367729,1.6322701688555346,2.026266416510319,0.0562851782363977,5.065666041275797,0.5065666041275797,0.9568480300187618,0.0,0.6618012489098368,0.9679674252586064,0.8300092797867168,0.020359422045195197,0.6711915056018786,1.3909333591734303,1.1835958737014858,-0.20771741038595096,-0.7008750595265273,0.8779655049612421,-0.5231380753864716,0.2900205625547486
Ferrán Torres,es ESP,FW,Barcelona,es La Liga,25.0,2000.0,33,23,1965,21.8,16,2,18,16,0,0,2,0,69,37,13,20,12,3,4,6,0,53.6,0.23,0.43,2.39,1.37,-0.42,,,,,,,,,,,,,,,FW,,False,Forward,True,True,True,0.732824427480916,0.0916030534351145,0.8244274809160306,0.732824427480916,0.0,0.0,0.0916030534351145,0.0,3.1603053435114505,1.6946564885496185,0.5954198473282443,0.9160305343511452,0.549618320610687,0.1374045801526717,0.183206106870229,0.2748091603053435,0.0,1.8484855205042652,-0.24608119339442633,2.3545864779758667,0.8682129421021385,1.7354166302329619,-0.6962888757010913,-0.7719137204316325,-0.6767110913709531,-0.41498139994795735,-1.3609646947294176,0.11659604955156881,-0.5376400290716243
Pau Torres,es ESP,DF,Aston Villa,eng Premier League,28.0,1997.0,21,18,1676,18.6,0,0,0,0,0,0,1,0,9,1,7,5,0,4,11,14,1,11.1,0.0,0.0,1.9,0.48,0.59,,,,,,,,,,,,,,,DF,,False,Defender,True,True,True,0.0,0.0,0.0,0.0,0.0,0.0,0.0536992840095465,0.0,0.4832935560859188,0.0536992840095465,0.3758949880668257,0.2684964200477326,0.0,0.2147971360381861,0.5906921241050119,0.7517899761336515,0.0536992840095465,-0.809444991619996,-0.8042256269931214,-0.8221765122714052,-0.27507833840158374,-0.8222138097830579,-0.6478997420365515,-1.125436360488887,-0.7648742838439881,-1.3394526458856144,-1.7302034373083002,-0.807986293660309,-1.3104809050574346
Lucas Torró,es ESP,MF,Osasuna,es La Liga,31.0,1994.0,34,31,2293,25.5,0,1,1,0,0,0,6,0,29,9,40,27,0,2,30,19,0,31.0,0.0,0.0,0.97,-0.51,-1.07,,,,,,,,,,,,,,,MF,,False,Midfielder,True,True,True,0.0,0.039249890972525,0.039249890972525,0.0,0.0,0.0,0.2354993458351504,0.0,1.1382468382032271,0.3532490187527257,1.569995638901003,1.059747056258177,0.0,0.0784997819450501,1.1774967291757523,0.7457479284779764,0.0,-1.0341415412128914,-0.7860246742770131,-1.0585089693537577,-0.33415688134484384,-0.32680559708494533,-1.210185665565149,-0.2801142130989109,-0.7110978851655926,0.9978845428545117,0.7523311570472416,-0.8633126317738823,0.3761981869093358
Jordan Torunarigha,de GER,DF,Hamburger SV,de Bundesliga,27.0,1997.0,24,21,1962,21.8,0,0,0,0,0,0,3,0,5,1,19,13,0,3,30,22,0,20.0,0.0,0.0,1.08,-0.55,-0.39,,,,,,,,,,,,,,,DF,,False,Defender,True,True,True,0.0,0.0,0.0,0.0,0.0,0.0,0.1376146788990825,0.0,0.2293577981651376,0.0458715596330275,0.8715596330275229,0.5963302752293578,0.0,0.1376146788990825,1.3761467889908257,1.0091743119266054,0.0,-0.809444991619996,-0.8042256269931214,-0.8221765122714052,-1.050982002135873,-0.8808768677398926,-0.6998827302318023,-0.3903309960148162,-0.10509082415687399,0.7936099733808957,-0.44718898258171197,-0.807986293660309,-0.5741468758621077
Alpha Touré,sn SEN,MF,Metz,fr Ligue 1,19.0,2006.0,30,16,1606,17.8,0,1,1,0,0,0,5,0,17,1,27,27,1,13,10,23,0,5.9,0.0,0.0,0.53,-1.23,0.13,,,,,,,,,,,,,,,MF,,False,Midfielder,True,True,True,0.0,0.0560398505603985,0.0560398505603985,0.0,0.0,0.0,0.2801992528019925,0.0,0.9526774595267746,0.0560398505603985,1.5130759651307597,1.5130759651307597,0.0560398505603985,0.7285180572851805,0.5603985056039851,1.2889165628891657,0.0,-1.0341415412128914,-0.6276012720021046,-1.0585089693537577,-0.5788263609559052,-1.247471755299895,-0.8711604928527664,0.4064132625451516,0.5841193273305751,-0.564575531254626,0.637499843140523,-0.524620778932369,0.7480746528816093
Bazoumana Touré,ci CIV,"MF,FW",Hoffenheim,de Bundesliga,19.0,2006.0,30,29,2308,25.6,5,9,14,5,0,0,2,0,48,13,44,29,8,118,6,22,0,27.1,0.1,0.38,1.7,0.19,-0.76,,,,,,,,,,,,,,,MF,FW,True,Midfielder,True,True,True,0.1949740034662045,0.3509532062391681,0.5459272097053726,0.1949740034662045,0.0,0.0,0.0779896013864818,0.0,1.8717504332755637,0.5069324090121318,1.7157712305025996,1.130849220103986,0.3119584055459272,4.601386481802426,0.2339688041594454,0.8578856152512998,0.0,0.43456108086587947,2.1550842334880422,0.5769658358756719,0.6329528011857916,0.1492601223952016,1.1487825400215756,-0.17243612749150533,-0.4436990464315416,-1.3910782759204325,1.0464228411758274,1.022091581964316,-0.9341885923118491
Idrissa Touré,de GER,MF,Pisa,it Serie A,27.0,1998.0,32,26,2279,25.3,1,0,1,1,0,0,4,1,29,8,23,19,5,67,25,28,0,27.6,0.03,0.13,0.53,-1.15,0.12,,,,,,,,,,,,,,,MF,,False,Midfielder,True,True,True,0.0394910048266783,0.0,0.0394910048266783,0.0394910048266783,0.0,0.0,0.1579640193067134,0.0394910048266783,1.1452391399736728,0.3159280386134269,0.9082931110136024,0.750329091706889,0.1974550241333918,2.6458973233874508,0.9872751206669592,1.1057481351469944,0.0,-0.736663204068723,-1.1563710848352395,-0.7272517643981177,-0.32493767261730216,-0.4424149627537387,0.12887267776127795,-0.7487009940536322,0.14734355390120724,0.5162534877405718,-0.5826057050194311,0.3300597150086323,-0.26884931260313183
Mattéo Tramoni,fr FRA,"MF,FW",Pisa,it Serie A,25.0,2000.0,27,21,1600,17.8,2,2,4,1,1,1,3,0,28,9,16,15,2,68,15,21,0,32.1,0.04,0.11,0.56,-1.13,0.11,,,,,,,,,,,,,,,MF,FW,True,Midfielder,True,True,True,0.1125,0.1125,0.225,0.05625,0.05625,0.05625,0.1687499999999999,0.0,1.5750000000000002,0.50625,0.9,0.84375,0.1125,3.825,0.84375,1.18125,0.0,-0.18670012827344054,-0.09486568557272083,-0.5866744880450673,0.24169334554855454,0.14714622097233543,0.7438484465195181,-0.6072230977898586,0.3273821436463253,0.15285547084814438,-0.5993364550569357,-0.1833887371945445,-0.17911641035705075
Boubacar Traoré,ml MLI,MF,Metz,fr Ligue 1,23.0,2001.0,20,16,1387,15.4,1,0,1,1,0,0,4,0,19,3,32,5,0,2,15,26,0,15.8,0.05,0.33,0.5,-1.23,0.11,,,,,,,,,,,,,,,MF,,False,Midfielder,True,True,True,0.0648882480173035,0.0,0.0648882480173035,0.0648882480173035,0.0,0.0,0.2595529920692141,0.0,1.2328767123287672,0.1946647440519106,2.076423936553713,0.3244412400865176,0.0,0.129776496034607,0.9733237202595528,1.6870944484498918,0.0,-0.5453505315866762,-1.1563710848352395,-0.5142154076422188,-0.2093893026468284,-0.8180528080310878,-1.1834416531122083,-1.393671358744376,1.5335976630460473,0.48092927956458226,1.7740135204026923,-0.8633126317738823,0.576310123650193
Hamari Traoré,ml MLI,DF,Paris FC,fr Ligue 1,33.0,1992.0,18,14,1150,12.8,0,1,1,0,0,0,4,0,4,0,21,6,1,27,18,22,0,0.0,0.0,,1.28,0.16,0.39,,,,,,,,,,,,,,,DF,,False,Defender,True,True,False,0.0,0.0782608695652174,0.0782608695652174,0.0,0.0,0.0,0.3130434782608696,0.0,0.3130434782608696,0.0,1.6434782608695653,0.4695652173913044,0.0782608695652174,2.11304347826087,1.4086956521739131,1.7217391304347824,0.0,-0.809444991619996,0.4419517808675638,-0.8221765122714052,-0.7952794326354774,-1.2246505919904345,0.6305840074714211,-0.6745776428200784,1.7215101605465468,0.8820030614346245,1.5509013945775962,0.20942778904226,0.9651915833205587
Omar Traoré,de GER,"DF,MF",Heidenheim,de Bundesliga,27.0,1998.0,26,16,1501,16.7,0,2,2,0,0,0,2,0,10,2,22,19,2,37,17,11,0,20.0,0.0,0.0,0.65,-1.2,-0.56,,,,,,,,,,,,,,,DF,MF,True,Defender,True,True,True,0.0,0.1199200532978014,0.1199200532978014,0.0,0.0,0.0,0.1199200532978014,0.0,0.5996002664890073,0.1199200532978014,1.319120586275816,1.139240506329114,0.1199200532978014,2.218520986009327,1.0193204530313125,0.659560293137908,0.0,-0.809444991619996,1.1053067101684868,-0.8221765122714052,0.08029816885972076,-0.32593767129814505,0.7016239334259757,0.8270424295826794,-1.0012974490117703,-0.1754248453450475,0.7113103742451259,0.7510093027526871,-0.7294122473859542
Philipp Treu,de GER,"DF,MF",Freiburg,de Bundesliga,24.0,2000.0,28,24,2186,24.3,1,2,3,1,0,0,2,0,17,5,20,37,2,32,7,27,0,29.4,0.06,0.2,1.32,-0.21,-0.1,,,,,,,,,,,,,,,DF,MF,True,Defender,True,True,True,0.041171088746569,0.0823421774931381,0.1235132662397072,0.041171088746569,0.0,0.0,0.0823421774931381,0.0,0.6999085086916743,0.2058554437328454,0.8234217749313816,1.5233302836230558,0.0823421774931381,1.3174748398902103,0.2881976212259835,1.111619396157365,0.0,-0.04437319036368183,0.5069399896946983,-0.01589995541119982,0.3867911703379756,0.3180851055840479,0.0947623108079043,1.688291050692916,0.15751867728567165,-2.160938271308265,-0.5717925192366693,0.26248597999747103,-1.059147556816044
Christopher Trimmel,at AUT,"MF,DF",Union Berlin,de Bundesliga,38.0,1987.0,29,22,1861,20.7,0,3,3,0,0,0,8,0,5,1,27,9,0,177,10,24,0,20.0,0.0,0.0,1.24,-0.1,0.8,,,,,,,,,,,,,,,MF,DF,True,Midfielder,True,True,True,0.0,0.1450832885545405,0.1450832885545405,0.0,0.0,0.0,0.3868887694787749,0.0,0.2418054809242342,0.0483610961848468,1.3057495969908652,0.4352498656636216,0.0,8.559914024717893,0.4836109618484685,1.1606663084363245,0.0,-1.0341415412128914,0.21257730755059798,-1.0585089693537577,-1.5160967140458972,-1.2712582667787087,3.2134021589413657,-1.2258612665395145,0.27829913347051644,-0.7589975320383471,0.21923393112719153,-0.8633126317738823,1.6356675610163514
Kieran Trippier,eng ENG,DF,Newcastle United,eng Premier League,34.0,1990.0,21,18,1586,17.6,0,1,1,0,0,0,3,0,2,0,22,19,1,96,7,13,0,0.0,0.0,,1.05,-0.28,-0.43,,,,,,,,,,,,,,,DF,,False,Defender,True,True,True,0.0,0.0567465321563682,0.0567465321563682,0.0,0.0,0.0,0.1702395964691046,0.0,0.1134930643127364,0.0,1.248423707440101,1.0781841109709962,0.0567465321563682,5.447667087011349,0.3972257250945776,0.7377049180327869,0.0,-0.809444991619996,0.09937085411645445,-0.8221765122714052,-1.4050080449026496,-1.2246505919904345,2.876479073715144,0.6901350203758532,-0.8009801654822477,-1.8648501796481136,0.5283134258598547,-0.07026485916601283,-0.2878723842968492
Mariano Troilo,ar ARG,DF,Parma,it Serie A,22.0,2003.0,21,18,1625,18.1,1,0,1,1,0,0,8,2,9,2,27,20,1,1,16,18,0,22.2,0.11,0.5,1.09,-0.66,-0.36,,,,,,,,,,,,,,,DF,,False,Defender,True,True,True,0.0553846153846153,0.0,0.0553846153846153,0.0553846153846153,0.0,0.0,0.4430769230769231,0.1107692307692307,0.4984615384615384,0.1107692307692307,1.495384615384615,1.1076923076923078,0.0553846153846153,0.0553846153846153,0.8861538461538462,0.9969230769230768,0.0,0.21975313610080602,-0.8042256269931214,0.26245152052638526,-0.22873239172174725,-0.39451638032327974,-0.7552653207764818,0.7563015659078111,-0.13649585193824718,-0.5370659736795216,1.1675650203937724,-0.0879701735938767,2.1061985520370032
Leandro Trossard,be BEL,"FW,MF",Arsenal,eng Premier League,30.0,1994.0,31,21,2000,22.2,6,6,12,6,0,0,2,0,53,15,13,39,5,58,9,15,0,28.3,0.11,0.4,2.23,1.22,0.14,,,,,,,,,,,,,,,FW,MF,True,Forward,True,True,True,0.27,0.27,0.54,0.27,0.0,0.0,0.09,0.0,2.385,0.6749999999999999,0.585,1.755,0.225,2.6100000000000003,0.4049999999999999,0.6749999999999999,0.0,-0.5343521788760184,1.5598762837662064,-0.3600916092765938,-0.14479926778095797,-0.888428956767716,1.0154741228032929,0.49319337802321334,0.5434350460785689,0.674879772475944,-1.3791591355410853,-0.890093437346126,-0.5536196127964779
Adrien Truffert,fr FRA,DF,Bournemouth,eng Premier League,23.0,2001.0,38,38,3379,37.5,1,5,6,1,0,0,5,0,16,6,39,32,0,142,43,51,0,37.5,0.06,0.17,1.5,0.19,6.77,,,,,,,,,,,,,,,DF,,False,Defender,True,True,True,0.0266350991417579,0.1331754957087895,0.1598105948505475,0.0266350991417579,0.0,0.0,0.1331754957087895,0.0,0.4261615862681266,0.1598105948505475,1.0387688665285586,0.8523231725362533,0.0,3.782184078129625,1.1453092630955906,1.3583900562296536,0.0,-0.3144917635802491,1.3163781300944593,-0.3005664047554505,-0.4496457371048841,-0.02698729460144908,1.75476324865331,0.18368461922206392,0.7900948569904838,0.1667235092427358,-0.014372428634046554,-0.807986293660309,-0.6130994619656166
Heorhii Tsitaishvili,ge GEO,"MF,DF",Metz,fr Ligue 1,24.0,2000.0,33,28,2449,27.2,3,2,5,3,0,0,3,0,31,8,23,36,6,160,14,12,0,25.8,0.1,0.38,0.48,-1.25,0.22,,,,,,,,,,,,,,,MF,DF,True,Midfielder,True,True,True,0.1102490812576561,0.0734993875051041,0.1837484687627603,0.1102490812576561,0.0,0.0,0.1102490812576561,0.0,1.139240506329114,0.2939975500204165,0.8452429563086974,1.3229889750918744,0.2204981625153123,5.87995100040833,0.5144957125357289,0.4409963250306247,0.0,-0.20365587724609657,-0.46286000324274085,-0.13372109255436507,-0.3328467499804945,-0.5103491345140058,1.8156338781896824,0.11854293512940402,-1.4377958152636807,-0.6807989762746438,-0.7098048196175043,0.46932709627055225,-0.665809032204601
Viktor Tsyhankov,ua UKR,"MF,FW",Girona,es La Liga,27.0,1997.0,32,31,2630,29.2,6,5,11,6,0,0,3,0,51,21,22,35,5,120,21,22,0,41.2,0.12,0.29,1.09,-0.34,0.34,,,,,,,,,,,,,,,MF,FW,True,Midfielder,True,True,True,0.2053231939163498,0.1711026615969581,0.376425855513308,0.2053231939163498,0.0,0.0,0.1026615969581749,0.0,1.7452471482889735,0.7186311787072244,0.752851711026616,1.1977186311787071,0.1711026615969581,4.106463878326997,0.7186311787072244,0.752851711026616,0.0,0.5125195926689958,0.4580857961723928,0.6637765897958346,0.4661607737105908,0.8050403400091077,0.8906494574790569,-0.07116818034667242,-0.6941585023516311,-0.16393876922929884,-0.8961974565824363,0.17079215085628885,-0.7289323592621768
Axel Tuanzebe,cd COD,DF,Burnley,eng Premier League,27.0,1997.0,14,14,1201,13.3,1,0,1,1,0,0,1,0,2,1,13,2,1,1,12,8,1,50.0,0.5,1.0,0.71,-0.75,0.35,,,,,,,,,,,,,,,DF,,False,Defender,True,True,False,0.0749375520399667,0.0,0.0749375520399667,0.0749375520399667,0.0,0.0,0.0749375520399667,0.0,0.1498751040799334,0.0749375520399667,0.9741881765195672,0.1498751040799334,0.0749375520399667,0.0749375520399667,0.8992506244796004,0.5995004163197336,0.0749375520399667,0.5831003518823403,-0.8042256269931214,0.645367661997048,-1.2938422989650447,-0.6630485545386745,-0.742096265099675,-1.3914222076814937,-1.1552559764155261,-0.5014989963243774,-0.18153778856066172,0.16622369393998604,-1.1241210661678527
Kareem Tunde,es ESP,MF,Levante,es La Liga,19.0,2005.0,21,17,1133,12.6,0,1,1,0,0,0,3,0,21,3,16,24,1,11,14,11,0,14.3,0.0,0.0,1.38,-0.4,-0.04,,,,,,,,,,,,,,,MF,,False,Midfielder,True,True,False,0.0,0.0794351279788173,0.0794351279788173,0.0,0.0,0.0,0.2383053839364519,0.0,1.6681376875551632,0.2383053839364519,1.2709620476610768,1.9064430714916152,0.0794351279788173,0.8737864077669902,1.1120917917034423,0.8737864077669902,0.0,-1.0341415412128914,-0.40685270936302864,-1.0585089693537577,0.3644935063769801,-0.6828670043463816,-0.7953939652332652,1.0021337675598287,-0.4057826815056139,0.8322826993447414,0.1490525732146527,-0.38322515104707716,0.39954274405281287
Beñat Turrientes,es ESP,MF,Real Sociedad,es La Liga,23.0,2002.0,27,16,1348,15.0,0,3,3,0,0,0,7,0,20,6,28,23,0,9,9,23,0,30.0,0.0,0.0,1.33,0.2,0.42,,,,,,,,,,,,,,,MF,,False,Midfielder,True,True,False,0.0,0.2002967359050445,0.2002967359050445,0.0,0.0,0.0,0.4673590504451038,0.0,1.3353115727002969,0.400593471810089,1.8694362017804151,1.5356083086053411,0.0,0.6008902077151335,0.6008902077151335,1.5356083086053411,0.0,-1.0341415412128914,0.7335495073235472,-1.0585089693537577,-0.0743310071462993,-0.18014647491108238,-0.9377263962817954,0.44053655047845486,1.172370148511895,-0.46205268243616354,1.3564307766481234,-0.8633126317738823,2.305132124415831
Destiny Udogie,it ITA,"DF,MF",Tottenham Hotspur,eng Premier League,22.0,2002.0,20,14,1339,14.9,0,1,1,0,0,0,4,0,4,1,17,22,3,27,7,20,0,25.0,0.0,0.0,1.0,-0.47,-0.38,,,,,,,,,,,,,,,DF,MF,True,Defender,True,True,False,0.0,0.0672143390589992,0.0672143390589992,0.0,0.0,0.0,0.268857356235997,0.0,0.268857356235997,0.0672143390589992,1.1426437640029874,1.4787154592979836,0.2016430171769977,1.81478715459298,0.4705003734129948,1.344286781179985,0.0,-0.809444991619996,0.2660537001463759,-0.8221765122714052,-0.9302906427384848,-0.7209283761729863,0.4297060421010787,1.588250752297685,0.7539422777104667,-1.665857901346937,0.2545049187779363,1.813431619202919,0.577470768708174
Matthieu Udol,fr FRA,"MF,DF",Lens,fr Ligue 1,29.0,1996.0,34,33,3002,33.4,1,7,8,1,0,0,2,0,47,17,30,27,2,115,51,21,0,36.2,0.02,0.06,2.06,0.81,-5.4,,,,,,,,,,,,,,,MF,DF,True,Midfielder,True,True,True,0.0299800133244503,0.2098600932711525,0.2398401065956029,0.0299800133244503,0.0,0.0,0.0599600266489007,0.0,1.4090606262491672,0.5096602265156562,0.8994003997335109,0.80946035976016,0.0599600266489007,3.4477015323117923,1.5289806795469687,0.6295802798134578,0.0,-0.8083077203096405,0.8237855560275527,-0.8070315642591863,0.022905631152043342,0.15771009477174755,0.5470637051902386,-0.6591517961231411,-0.9881064025086413,1.887823321103668,-0.6005461051104072,-0.5009281443232029,-1.0841838605652745
Lesley Ugochukwu,fr FRA,MF,Burnley,eng Premier League,21.0,2004.0,35,27,2336,26.0,3,1,4,3,0,0,3,1,23,8,28,30,1,7,17,26,0,34.8,0.13,0.38,0.6,-0.85,0.4,,,,,,,,,,,,,,,MF,,False,Midfielder,True,True,True,0.1155821917808219,0.0385273972602739,0.1541095890410959,0.1155821917808219,0.0,0.0,0.1155821917808219,0.0385273972602739,0.8861301369863013,0.3082191780821918,1.0787671232876712,1.1558219178082192,0.0385273972602739,0.2696917808219178,0.6549657534246575,1.0017123287671232,0.0,-0.16348255531619552,-0.7928418385124599,-0.08898606255507886,-0.6665676623043111,-0.4662947342045115,-1.110467083950596,-0.13461713386599988,-0.10073587963456686,-0.3251362598482628,-0.23868674836133308,-0.6304619829453424,-0.6214407453653108
Filip Ugrinic,ch SUI,MF,Valencia,es La Liga,26.0,1999.0,27,17,1504,16.7,0,3,3,0,0,0,3,0,20,3,17,13,6,56,11,16,0,15.0,0.0,0.0,1.3,-0.36,-0.22,,,,,,,,,,,,,,,MF,,False,Midfielder,True,True,True,0.0,0.1795212765957446,0.1795212765957446,0.0,0.0,0.0,0.1795212765957446,0.0,1.196808510638298,0.1795212765957446,1.0172872340425532,0.7779255319148937,0.3590425531914893,3.351063829787234,0.6582446808510638,0.9574468085106382,0.0,-1.0341415412128914,0.5375205097326086,-1.0585089693537577,-0.25694449845044354,-0.8649627943202703,0.49666110109149564,-0.7069085690351589,-0.20628958823272314,-0.3168341889720767,-0.3627179662729719,1.3066572445431528,-0.08950583739978038
Lukas Ullrich,de GER,"DF,MF",Gladbach,de Bundesliga,21.0,2004.0,23,14,1305,14.5,0,0,0,0,0,0,2,0,10,2,17,11,1,38,21,17,0,20.0,0.0,0.0,0.78,-0.69,-0.64,,,,,,,,,,,,,,,DF,MF,True,Defender,True,True,False,0.0,0.0,0.0,0.0,0.0,0.0,0.1379310344827586,0.0,0.689655172413793,0.1379310344827586,1.1724137931034482,0.7586206896551724,0.0689655172413793,2.6206896551724137,1.4482758620689655,1.1724137931034482,0.0,-0.809444991619996,-0.8042256269931214,-0.8221765122714052,0.3554619820084232,-0.19095856596811497,0.9724876757388992,-0.026425461667114285,0.31336008629412354,0.989491208063854,0.33156382955933966,0.08858550335728026,-0.5713709444386388
Deniz Undav,de GER,"FW,MF",Stuttgart,de Bundesliga,29.0,1996.0,29,25,2241,24.9,19,7,26,19,0,1,5,0,124,46,32,23,25,16,4,14,0,37.1,0.15,0.41,1.83,0.76,0.43,,,,,,,,,,,,,,,FW,MF,True,Forward,True,True,True,0.7630522088353414,0.2811244979919678,1.0441767068273091,0.7630522088353414,0.0,0.0401606425702811,0.2008032128514056,0.0,4.979919678714859,1.8473895582329316,1.285140562248996,0.9236947791164658,1.0040160642570282,0.642570281124498,0.1606425702811245,0.5622489959839357,0.0,2.0041123472298685,1.6724923947204682,2.5318863152289484,3.245716920716394,2.1284391779025804,-0.34656568682189526,-0.7603565769908953,0.19966730229731805,-0.5258551579853026,-0.15662049189345315,1.5257507470999168,0.5508908033614973
Dayot Upamecano,fr FRA,DF,Bayern Munich,de Bundesliga,26.0,1998.0,24,21,1794,19.9,1,1,2,1,0,0,4,0,8,2,15,5,0,7,21,26,0,25.0,0.13,0.5,2.75,2.91,0.92,,,,,,,,,,,,,,,DF,,False,Defender,True,True,True,0.0501672240802675,0.0501672240802675,0.1003344481605351,0.0501672240802675,0.0,0.0,0.2006688963210702,0.0,0.4013377926421405,0.1003344481605351,0.7525083612040133,0.2508361204013378,0.0,0.3511705685618729,1.0535117056856187,1.3043478260869563,0.0,0.1227996892865278,-0.005393955287554982,0.16027641598746323,-0.525495127438463,-0.4727174292484461,-0.5560511692417238,-1.1650362395224056,0.6515620691931769,-0.0825715131245303,-0.7553499623006883,-0.807986293660309,-0.02086382174303607
Can Uzun,tr TUR,MF,Eintracht Frankfurt,de Bundesliga,19.0,2005.0,21,15,1156,12.8,8,4,12,7,1,1,3,0,41,19,15,26,0,24,3,9,0,46.3,0.17,0.37,1.19,0.08,0.31,,,,,,,,,,,,,,,MF,,False,Midfielder,True,True,False,0.6228373702422145,0.3114186851211072,0.9342560553633218,0.5449826989619377,0.0778546712802768,0.0778546712802768,0.2335640138408304,0.0,3.19204152249135,1.4792387543252594,1.1678200692041525,2.0242214532871974,0.0,1.8685121107266436,0.2335640138408304,0.7006920415224913,0.0,3.657575623849812,1.782052165718445,3.5128977699691943,2.373729948997295,3.161177799740141,-0.27658231632865715,1.1804989535362882,-0.8185362691442382,-1.3921031836045954,-0.05902888826657764,-0.8633126317738823,0.36009738332008756
Josha Vagnoman,de GER,"DF,MF",Stuttgart,de Bundesliga,24.0,2000.0,27,18,1587,17.6,1,3,4,1,0,0,3,0,19,11,17,16,1,33,3,19,0,57.9,0.05,0.09,1.78,0.17,-0.99,,,,,,,,,,,,,,,DF,MF,True,Defender,True,True,True,0.0567107750472589,0.1701323251417769,0.2268431001890359,0.0567107750472589,0.0,0.0,0.1701323251417769,0.0,1.0775047258979205,0.6238185255198487,0.9640831758034027,0.9073724007561436,0.0567107750472589,1.8714555765595464,0.1701323251417769,1.0775047258979205,0.0,0.24439682157868295,1.9048556944431498,0.28842245010818507,1.5405408066295823,3.450412115492363,0.46787266725557974,0.3071220932199198,0.07006854128373695,-2.481568704824712,-0.20769430812620304,-0.07072971199178181,-0.28881366007553466
Lautaro Valenti,ar ARG,DF,Parma,it Serie A,26.0,1999.0,27,25,2252,25.0,0,0,0,0,0,0,7,0,17,4,25,17,0,20,26,30,0,23.5,0.0,0.0,1.15,-0.48,-0.02,,,,,,,,,,,,,,,DF,,False,Defender,True,True,True,0.0,0.0,0.0,0.0,0.0,0.0,0.2797513321492007,0.0,0.6793960923623446,0.1598579040852575,0.9991119005328596,0.6793960923623446,0.0,0.7992895204262876,1.0390763765541742,1.1989342806394316,0.0,-0.809444991619996,-0.8042256269931214,-0.8221765122714052,0.3241152435118878,-0.02663274655604125,-0.2542395523499099,-0.20407162464802625,0.3813431629066637,-0.12177359867273893,-0.11702340671039711,-0.807986293660309,0.6730623486403853
Óscar Valentín,es ESP,MF,Rayo Vallecano,es La Liga,30.0,1994.0,33,26,2109,23.4,1,0,1,1,0,0,3,1,13,4,31,22,0,3,29,43,0,30.8,0.08,0.25,1.39,0.0,0.21,,,,,,,,,,,,,,,MF,,False,Midfielder,True,True,True,0.0426742532005689,0.0,0.0426742532005689,0.0426742532005689,0.0,0.0,0.1280227596017069,0.0426742532005689,0.5547652916073968,0.1706970128022759,1.3229018492176383,0.9388335704125178,0.0,0.1280227596017069,1.2375533428165006,1.8349928876244663,0.0,-0.7126843907379937,-1.1563710848352395,-0.700550140480404,-1.1034655215228493,-0.8922977554024631,-1.1843563363136071,-0.463227243360734,1.8862700965857413,1.1499447132059089,0.2538373560802255,-0.8633126317738823,-0.5179426687507245
Nicolás Valentini,ar ARG,DF,Hellas Verona,it Serie A,24.0,2001.0,21,15,1409,15.7,0,0,0,0,0,0,8,1,16,7,30,7,1,15,16,18,0,43.8,0.0,0.0,0.71,-0.77,0.31,,,,,,,,,,,,,,,DF,,False,Defender,True,True,True,0.0,0.0,0.0,0.0,0.0,0.0,0.511000709723208,0.063875088715401,1.022001419446416,0.4471256210078069,1.91625266146203,0.4471256210078069,0.063875088715401,0.9581263307310148,1.022001419446416,1.1497515968772178,0.0,-0.809444991619996,-0.8042256269931214,-0.8221765122714052,1.3709498077970188,2.126228278738412,-0.14726171903008048,-0.7248941901120084,0.2552674203819354,-0.16814413329478856,2.256970512876852,0.02240845091595383,2.702210708868305
Germán Valera,es ESP,"MF,DF",Elche,es La Liga,23.0,2002.0,36,33,2857,31.7,4,5,9,4,0,0,4,1,28,8,40,70,4,104,23,40,0,28.6,0.14,0.5,1.17,-0.22,-0.06,,,,,,,,,,,,,,,MF,DF,True,Midfielder,True,True,True,0.1260063003150157,0.1575078753937696,0.2835141757087854,0.1260063003150157,0.0,0.0,0.1260063003150157,0.0315015750787539,0.8820441022051102,0.2520126006300315,1.2600630031501574,2.2051102555127757,0.1260063003150157,3.2761638081904096,0.7245362268113406,1.2600630031501574,0.0,-0.08495969962862766,0.32981078322568874,-0.0015468831179797455,-0.6719550166766604,-0.6404060984131859,0.4575960567360315,1.4544394200135962,0.515316335316388,-0.14898749964862668,0.12706454133364473,-0.10175979220304576,-0.5347184028449351
Emanuele Valeri,it ITA,"MF,DF",Parma,it Serie A,26.0,1998.0,34,29,2643,29.4,0,2,2,0,0,0,2,0,23,5,23,26,3,234,20,32,0,21.7,0.0,0.0,1.26,-0.37,0.44,,,,,,,,,,,,,,,MF,DF,True,Midfielder,True,True,True,0.0,0.0681044267877412,0.0681044267877412,0.0,0.0,0.0,0.0681044267877412,0.0,0.7832009080590238,0.170261066969353,0.7832009080590238,0.8853575482406356,0.1021566401816118,7.968217934165721,0.681044267877412,1.0896708286038592,0.0,-1.0341415412128914,-0.5137647137342066,-1.0585089693537577,-0.8022777727655497,-0.8936481867422097,2.9047956521662677,-0.5442120598826978,0.10900628100653909,-0.25910684010910784,-0.8349701525519766,-0.24590160377902393,-1.0164273271267874
Martin Valjent,sk SVK,DF,Mallorca,es La Liga,29.0,1995.0,37,37,3308,36.8,0,0,0,0,0,0,6,0,17,8,36,12,0,2,24,33,0,47.1,0.0,0.0,1.05,-0.33,-1.93,,,,,,,,,,,,,,,DF,,False,Defender,True,True,True,0.0,0.0,0.0,0.0,0.0,0.0,0.1632406287787182,0.0,0.4625151148730351,0.2176541717049576,0.9794437726723096,0.3264812575574365,0.0,0.0544135429262394,0.652962515114873,0.8978234582829505,0.0,-0.809444991619996,-0.8042256269931214,-0.8221765122714052,-0.338567107355476,0.40650792549339476,-0.7559193456677795,-0.9954163383410043,-0.390529529001846,-1.1703446765930088,-0.1679338208362568,-0.807986293660309,-0.3492863606769184
Álex Valle,es ESP,DF,Como,it Serie A,21.0,2004.0,28,23,2026,22.5,1,4,5,1,0,0,3,0,11,2,34,19,1,45,24,31,0,18.2,0.09,0.5,1.82,0.76,-0.47,,,,,,,,,,,,,,,DF,,False,Defender,True,True,True,0.0444225074037512,0.1776900296150049,0.2221125370187561,0.0444225074037512,0.0,0.0,0.1332675222112537,0.0,0.4886475814412636,0.0888450148075024,1.510365251727542,0.8440276406712734,0.0444225074037512,1.9990128331688055,1.0661401776900297,1.3770977295162885,0.0,0.016047090090914384,2.0251998795020167,0.04777440248496732,-0.25871905161600917,-0.5588223126423959,0.5537834766586437,0.16508345927861065,0.838050430377363,-0.048276317264972064,1.2063419901945978,-0.23048076794068745,-0.6122919552448126
Federico Valverde,uy URU,"MF,DF",Real Madrid,es La Liga,27.0,1998.0,33,31,2740,30.4,5,8,13,5,0,0,3,1,51,22,18,14,1,30,25,25,0,43.1,0.1,0.23,2.33,1.25,0.72,,,,,,,,,,,,,,,MF,DF,True,Midfielder,True,True,True,0.1642335766423357,0.2627737226277372,0.4270072992700729,0.1642335766423357,0.0,0.0,0.0985401459854014,0.0328467153284671,1.6751824817518246,0.7226277372262774,0.5912408759124088,0.4598540145985401,0.0328467153284671,0.9854014598540146,0.8211678832116788,0.8211678832116788,0.0,0.20299920760382467,1.3230575849750228,0.319109954175265,0.3737819253087986,0.8174204970553961,-0.7371797368851398,-1.188600408191282,-0.531254614865814,0.09567874512950653,-1.2222355960952505,-0.6647947063492584,-0.7632203640128336
Ignace Van Der Brempt,be BEL,DF,Como,it Serie A,23.0,2002.0,20,11,931,10.3,0,1,1,0,0,0,2,0,3,0,19,15,1,11,8,14,0,0.0,0.0,,2.1,0.97,0.03,,,,,,,,,,,,,,,DF,,False,Defender,True,True,False,0.0,0.0966702470461868,0.0966702470461868,0.0,0.0,0.0,0.1933404940923737,0.0,0.2900107411385607,0.0,1.8367346938775508,1.4500537056928036,0.0966702470461868,1.0633727175080558,0.7733619763694951,1.3533834586466165,0.0,-0.809444991619996,0.7350912570453174,-0.8221765122714052,-0.8656562289770287,-1.2246505919904345,-0.0763774548563777,1.5239821952301755,0.7772608581209698,-0.8433753406614484,2.05114041613986,0.44875505446853436,-0.08516849370130397
Virgil van Dijk,nl NED,DF,Liverpool,eng Premier League,34.0,1991.0,38,38,3420,38.0,6,0,6,6,0,0,4,0,30,14,19,18,1,1,26,15,0,46.7,0.2,0.43,1.58,0.26,,,,,,,,,,,,,,,,DF,,False,Defender,True,True,True,0.1578947368421052,0.0,0.1578947368421052,0.1578947368421052,0.0,0.0,0.1052631578947368,0.0,0.7894736842105263,0.368421052631579,0.5,0.4736842105263157,0.0263157894736842,0.0263157894736842,0.6842105263157895,0.3947368421052631,0.0,2.1246724777594865,-0.8042256269931214,2.2699648093012463,0.6604586065316665,1.5363952143586568,-0.7748434022497672,-0.665341580400286,-1.680150465417374,-1.0854843178748057,-1.408960988743295,-0.4658733711141238,-0.8580223893252231
Vladyslav Vanat,ua UKR,FW,Girona,es La Liga,23.0,2002.0,27,27,1942,21.6,9,1,10,6,3,3,4,0,27,18,28,17,20,5,3,3,0,66.7,0.22,0.33,1.37,-0.23,0.44,,,,,,,,,,,,,,,FW,,False,Forward,True,True,True,0.4170957775489186,0.0463439752832131,0.4634397528321318,0.2780638516992791,0.1390319258496395,0.1390319258496395,0.1853759011328527,0.0,1.251287332646756,0.8341915550978373,1.297631307929969,0.7878475798146242,0.9268795056642636,0.2317198764160659,0.1390319258496395,0.1390319258496395,0.0,0.22296602507222005,-0.7042503054318637,-0.3127934110677512,-1.62610567710665,-0.4787870194860999,-0.6309949610392962,-0.9652046235274322,-1.0906837557655438,-0.6320465501132804,-0.13480998682299614,1.2865388552857995,0.39710801992083206
Jari Vandeputte,be BEL,MF,Cremonese,it Serie A,29.0,1996.0,32,23,1944,21.6,1,5,6,1,0,0,3,0,20,8,34,25,1,162,18,21,0,40.0,0.05,0.13,1.03,-0.46,0.45,,,,,,,,,,,,,,,MF,,False,Midfielder,True,True,True,0.0462962962962963,0.2314814814814814,0.2777777777777778,0.0462962962962963,0.0,0.0,0.1388888888888889,0.0,0.925925925925926,0.3703703703703704,1.5740740740740742,1.1574074074074074,0.0462962962962963,7.5,0.8333333333333333,0.9722222222222222,0.0,-0.6854002190155863,1.0277964033592424,-0.6701678324741769,-0.6140977179631915,-0.27376871025827837,2.6605907243671116,-0.13221604681664834,-0.17105675454426666,0.12648102161092747,0.7605591042329117,-0.5835085599305333,-0.42754297818509246
Charles Vanhoutte,be BEL,MF,Nice,fr Ligue 1,26.0,1998.0,26,21,1772,19.7,0,2,2,0,0,0,7,0,5,1,35,8,0,13,21,28,0,20.0,0.0,0.0,1.04,-0.51,0.4,,,,,,,,,,,,,,,MF,,False,Midfielder,True,True,True,0.0,0.1015801354401805,0.1015801354401805,0.0,0.0,0.0,0.3555304740406321,0.0,0.2539503386004514,0.0507900677200902,1.7776523702031604,0.4063205417607223,0.0,0.6602708803611739,1.0665914221218962,1.4221218961625284,0.0,-1.0341415412128914,-0.1979011983679548,-1.0585089693537577,-1.5000839643735964,-1.2637340308832705,-0.906755662745008,-1.2696722287844333,0.9017551949446454,0.717078169315645,1.1712635527818633,-0.8633126317738823,1.3747853158899506
Jamie Vardy,eng ENG,FW,Cremonese,it Serie A,38.0,1987.0,29,24,2105,23.4,7,2,9,7,0,0,5,0,30,14,19,21,23,14,3,10,0,46.7,0.23,0.5,0.86,-0.56,0.27,,,,,,,,,,,,,,,FW,,False,Forward,True,True,True,0.2992874109263658,0.0855106888361045,0.3847980997624702,0.2992874109263658,0.0,0.0,0.2137767220902613,0.0,1.2826603325415675,0.5985748218527316,0.8123515439429929,0.8978622327790973,0.983372921615202,0.5985748218527316,0.1282660332541567,0.4275534441805226,0.0,-0.38356682112723367,-0.30775574339671047,-0.18830747699364125,-1.5851137863373124,-1.0850911353242276,-0.37702347974633027,-0.7993102446518434,-0.21100740827317732,-0.6849484950709693,-0.982173068528425,1.4617333046001795,0.6802135524017665
Ruben Vargas,ch SUI,"MF,FW",Sevilla,es La Liga,26.0,1998.0,24,20,1594,17.7,3,6,9,2,1,1,2,0,41,8,13,17,7,90,7,15,0,19.5,0.05,0.25,1.17,-0.51,-0.26,,,,,,,,,,,,,,,MF,FW,True,Midfielder,True,True,True,0.1693851944792973,0.3387703889585947,0.5081555834378921,0.1129234629861982,0.0564617314930991,0.0564617314930991,0.1129234629861982,0.0,2.314930991217064,0.4516938519447929,0.7340025094102886,0.9598494353826852,0.3952321204516938,5.081555834378921,0.3952321204516938,0.8469259723964868,0.0,0.24180537914763642,2.040131999518643,-0.11128792783066559,1.21727742014323,-0.02185260077494812,1.3992208797794192,-0.4314005311346651,-0.46983295249508367,-0.9827680855804202,-0.9342243538628469,1.5253785913404785,-0.6435597772652385
Johan Vásquez,mx MEX,DF,Genoa,it Serie A,26.0,1998.0,36,36,3215,35.7,1,0,1,1,0,0,2,0,24,6,23,46,1,24,46,38,0,25.0,0.04,0.17,1.11,-0.28,-0.28,,,,,,,,,,,,,,,DF,,False,Defender,True,True,True,0.0279937791601866,0.0,0.0279937791601866,0.0279937791601866,0.0,0.0,0.0559875583203732,0.0,0.671850699844479,0.1679626749611197,0.6438569206842925,1.287713841368585,0.0279937791601866,0.671850699844479,1.287713841368585,1.0637636080870918,0.0,-0.28924376065691537,-0.8042256269931214,-0.2739586107795201,0.3010602088572112,0.034106571890554736,-0.34007059416270713,1.159965778845689,0.03484432213587945,0.5534522363178945,-1.0365912614954726,-0.44405901679935944,-1.2904019404596614
Denis Vavro,sk SVK,DF,Wolfsburg,de Bundesliga,29.0,1996.0,17,13,1176,13.1,1,0,1,1,0,0,2,0,12,5,9,5,0,4,14,5,0,41.7,0.08,0.2,0.94,-0.84,-0.22,,,,,,,,,,,,,,,DF,,False,Defender,True,True,False,0.0765306122448979,0.0,0.0765306122448979,0.0765306122448979,0.0,0.0,0.1530612244897959,0.0,0.9183673469387754,0.3826530612244898,0.6887755102040816,0.3826530612244898,0.0,0.3061224489795918,1.0714285714285714,0.3826530612244898,0.0,0.6127037818037323,-0.8042256269931214,0.6765654548173795,1.0542946931145554,1.6430536893852612,-0.5863914299079983,-0.8694617013955351,-1.711126238403151,-0.0339146035926924,-0.9203207140078877,-0.807986293660309,-0.4386077752366324
José Luis García Vayá,es ESP,"MF,DF",Valencia,es La Liga,26.0,1998.0,31,26,2225,24.7,2,0,2,1,1,3,4,0,24,3,30,14,1,46,19,33,0,12.5,0.04,0.33,1.29,-0.4,-0.48,,,,,,,,,,,,,,,MF,DF,True,Midfielder,True,True,True,0.0808988764044943,0.0,0.0808988764044943,0.0404494382022471,0.0404494382022471,0.1213483146067415,0.1617977528089887,0.0,0.9707865168539326,0.1213483146067415,1.2134831460674158,0.5662921348314607,0.0404494382022471,1.8606741573033707,0.7685393258426967,1.3348314606741574,0.0,-0.42474546898677007,-1.1563710848352395,-0.7192122636935765,-0.5549499344458624,-1.045165436628202,-0.28067029910367414,-1.0274090688223985,0.693606072612895,-0.03757397948708536,0.033093057730471505,-0.6188456134981659,-0.23695494496242958
Jesus Vazquez,es ESP,"DF,MF",Valencia,es La Liga,22.0,2003.0,24,7,974,10.8,0,0,0,0,0,0,2,0,8,2,16,8,2,26,4,10,0,25.0,0.0,0.0,1.38,0.28,0.72,,,,,,,,,,,,,,,DF,MF,True,Defender,True,True,False,0.0,0.0,0.0,0.0,0.0,0.0,0.1848049281314168,0.0,0.7392197125256674,0.1848049281314168,1.4784394250513349,0.7392197125256674,0.1848049281314168,2.402464065708419,0.3696098562628337,0.924024640657084,0.0,-0.809444991619996,-0.8042256269931214,-0.8221765122714052,0.5069070111724756,0.16032691720784786,0.8255110354310701,-0.069928480463134,-0.32336496476587406,-1.9398467136773865,1.123702856011611,1.5945315607708082,-0.1600656884742931
Luis Vázquez,ar ARG,FW,Getafe,es La Liga,24.0,2001.0,17,14,1194,13.3,3,1,4,3,0,0,2,0,25,9,21,32,17,2,4,3,0,36.0,0.12,0.33,1.59,0.38,0.82,,,,,,,,,,,,,,,FW,,False,Forward,True,True,False,0.2261306532663316,0.0753768844221105,0.3015075376884422,0.2261306532663316,0.0,0.0,0.1507537688442211,0.0,1.884422110552764,0.6783919597989949,1.5829145728643217,2.412060301507538,1.2814070351758793,0.1507537688442211,0.3015075376884422,0.2261306532663316,0.0,-0.7602121962764196,-0.4103428123232488,-0.6174055002658081,-0.7988532069823601,-0.8797005478870584,-0.6870473123305427,1.4839942183221888,-0.8251275128607048,0.16633368619611916,0.3633325785040161,2.385981228420318,0.05198710908879674
Danilo Veiga,pt POR,DF,Lecce,it Serie A,22.0,2002.0,36,33,3020,33.6,0,1,1,0,0,0,9,0,6,2,46,47,1,89,32,53,0,33.3,0.0,0.0,1.06,-0.51,0.62,,,,,,,,,,,,,,,DF,,False,Defender,True,True,True,0.0,0.0298013245033112,0.0298013245033112,0.0,0.0,0.0,0.2682119205298013,0.0,0.1788079470198675,0.0596026490066225,1.370860927152318,1.400662251655629,0.0298013245033112,2.652317880794702,0.9536423841059604,1.5794701986754969,0.0,-0.809444991619996,-0.32968787234418595,-0.8221765122714052,-1.2054376606299153,-0.7779724151827766,0.9937895329238419,1.413231208875254,1.356815519309172,-0.35378706024212814,0.8452388396136753,-0.4205604012404574,0.5718072516055588
Renato Veiga,pt POR,DF,Villarreal,es La Liga,22.0,2003.0,32,27,2481,27.6,0,0,0,0,0,0,5,1,9,3,24,6,3,2,26,9,0,33.3,0.0,0.0,1.84,0.47,-0.77,,,,,,,,,,,,,,,DF,,False,Defender,True,True,True,0.0,0.0,0.0,0.0,0.0,0.0,0.181378476420798,0.0362756952841596,0.3264812575574365,0.1088270858524788,0.8706166868198306,0.2176541717049576,0.1088270858524788,0.0725513905683192,0.94316807738815,0.3264812575574365,0.0,-0.809444991619996,-0.8042256269931214,-0.8221765122714052,-0.7542201416004917,-0.40907133324851985,-0.7437033635027364,-1.2394404784528197,-1.8551180118191009,-0.3822321801469687,-0.4496297731985105,0.6067974972803849,-0.19013184018870016
Joël Veltman,nl NED,DF,Brighton,eng Premier League,33.0,1992.0,24,9,1057,11.7,1,0,1,1,0,0,5,0,4,1,10,22,2,18,19,17,0,25.0,0.25,1.0,1.75,0.51,0.51,,,,,,,,,,,,,,,DF,,False,Defender,True,True,False,0.0851466414380321,0.0,0.0851466414380321,0.0851466414380321,0.0,0.0,0.4257332071901608,0.0,0.3405865657521286,0.0851466414380321,0.8514664143803217,1.8732261116367075,0.1702932828760643,1.5326395458845792,1.6177861873226111,1.447492904446547,0.0,0.7728132463613706,-0.8042256269931214,0.845297994158501,-0.7111212082483124,-0.5865389108366378,0.23967742217293442,2.4728662131252213,1.0185026397850385,1.4498311290583064,-0.49919973264920003,1.4058759487388472,1.9540123147329924
Micky van de Ven,nl NED,DF,Tottenham Hotspur,eng Premier League,24.0,2001.0,35,35,3041,33.8,4,1,5,4,0,0,9,1,16,6,28,22,2,3,21,20,0,37.5,0.25,0.67,1.09,-0.12,1.07,,,,,,,,,,,,,,,DF,,False,Defender,True,True,True,0.1183821111476488,0.0295955277869122,0.147977638934561,0.1183821111476488,0.0,0.0,0.2663597500822098,0.0295955277869122,0.4735284445905952,0.1775731667214732,0.8286747780335415,0.6511016113120683,0.0591910555738244,0.0887865833607366,0.6215060835251562,0.591910555738244,0.0,1.3904194707888242,-0.3329648512483704,1.4961668659547205,-0.30491575022587314,0.10613016495707674,-0.7327688342514219,-0.26751664253229807,-1.1747119563514083,-1.2557710434595086,-0.5581952635531836,-0.03848534324402872,0.5555549759626108
Carlos Vicente,es ESP,MF,Alavés,es La Liga,26.0,1999.0,21,11,1258,14.0,5,0,5,2,3,3,1,0,12,6,12,42,10,128,7,18,0,50.0,0.17,0.33,1.05,-0.5,-0.29,,,,,,,,,,,,,,,MF,,False,Midfielder,True,True,False,0.3577106518282988,0.0,0.3577106518282988,0.1430842607313195,0.2146263910969793,0.2146263910969793,0.0715421303656597,0.0,0.8585055643879173,0.4292527821939586,0.8585055643879173,3.0047694753577106,0.7154213036565977,9.157392686804451,0.5007949125596184,1.287758346581876,0.0,1.6604257495325796,-1.1563710848352395,0.14170592745690114,-0.7029901036054106,-0.0913684020518607,3.5250246383245285,2.665454236917646,0.5813574931561452,-0.7154886774086457,-0.6830484696476481,3.4605277153125265,-0.9878276913699416
Nacho Vidal,es ESP,DF,Oviedo,es La Liga,30.0,1995.0,29,27,2263,25.1,0,0,0,0,0,0,4,0,15,3,24,27,1,40,29,30,0,20.0,0.0,0.0,0.79,-0.56,1.0,,,,,,,,,,,,,,,DF,,False,Defender,True,True,True,0.0,0.0,0.0,0.0,0.0,0.0,0.1590808661069377,0.0,0.5965532479010164,0.1193106495802032,0.9544851966416262,1.073795846221829,0.0397702165267344,1.590808661069377,1.1533362792752984,1.1931064958020328,0.0,-0.809444991619996,-0.8042256269931214,-0.8221765122714052,0.07098796810167629,-0.33050470558358974,0.278854775940382,0.6802951673318226,0.3664041184209721,0.1885225116837886,-0.23253841618579701,-0.290961903422592,-0.3857871101834955
Fabio Vieira,pt POR,"MF,FW",Hamburger SV,de Bundesliga,25.0,2000.0,29,25,2206,24.5,7,5,12,6,1,1,4,2,59,19,18,44,1,59,15,9,0,32.2,0.1,0.32,1.14,-0.29,0.45,,,,,,,,,,,,,,,MF,FW,True,Midfielder,True,True,True,0.28558476881233,0.2039891205802357,0.4895738893925657,0.2447869446962828,0.0407978241160471,0.0407978241160471,0.1631912964641885,0.0815956482320942,2.4070716228467814,0.7751586582048957,0.7343608340888486,1.7951042611060744,0.0407978241160471,2.4070716228467814,0.6119673617407072,0.3671804170444243,0.0,1.1171149920876184,0.7683893852690551,0.9948051832135255,1.338762982861979,0.9801457639071278,0.00431014245165353,0.8335207562579563,-1.6138141427641293,-0.43400591412829226,-0.9335014598102502,-0.6167400498774772,-0.22536149600831423
Federico Viñas,uy URU,"FW,MF",Oviedo,es La Liga,27.0,1998.0,33,28,2439,27.1,9,1,10,7,2,2,7,3,57,21,46,69,13,3,13,32,0,36.8,0.12,0.33,0.85,-0.66,0.8,,,,,,,,,,,,,,,FW,MF,True,Forward,True,True,True,0.3321033210332103,0.03690036900369,0.3690036900369003,0.2583025830258302,0.07380073800738,0.07380073800738,0.2583025830258302,0.1107011070110701,2.103321033210332,0.7749077490774907,1.6974169741697418,2.5461254612546123,0.4797047970479705,0.1107011070110701,0.4797047970479705,1.1808118081180812,0.0,-0.2146150910561415,-0.7998503238193017,-0.4287023386412256,-0.5128403692814719,-0.631339917990527,-0.7147755302052768,1.6861550742245353,2.0856100854236193,1.0419676870595682,0.5632690168910007,-0.10021614093157041,1.1240569746831222
Jan Virgili,es ESP,"MF,FW",Mallorca,es La Liga,19.0,2006.0,31,19,1792,19.9,2,4,6,2,0,0,0,1,32,16,22,24,2,47,7,10,0,50.0,0.06,0.13,1.13,-0.15,0.24,,,,,,,,,,,,,,,MF,FW,True,Midfielder,True,True,True,0.1004464285714285,0.2008928571428571,0.3013392857142857,0.1004464285714285,0.0,0.0,0.0,0.0502232142857142,1.607142857142857,0.8035714285714285,1.1049107142857142,1.2053571428571428,0.1004464285714285,2.3604910714285716,0.3515625,0.5022321428571429,0.0,-0.27749742251695364,0.7391742709906862,-0.21594739558823955,0.28407305380886677,1.0681601286614202,-0.01998452754256047,-0.05960031419554623,-1.2917754447093972,-1.0933372556103453,-0.18594394950652682,-0.25623772589947397,-1.5830153866876162
Martin Vitík,cz CZE,DF,Bologna,it Serie A,22.0,2003.0,19,14,1325,14.7,0,0,0,0,0,0,3,0,8,2,23,4,0,2,8,22,0,25.0,0.0,0.0,1.58,-0.07,-0.24,,,,,,,,,,,,,,,DF,,False,Defender,True,True,False,0.0,0.0,0.0,0.0,0.0,0.0,0.2037735849056604,0.0,0.5433962264150943,0.1358490566037735,1.562264150943396,0.2716981132075471,0.0,0.1358490566037735,0.5433962264150943,1.4943396226415095,0.0,-0.809444991619996,-0.8042256269931214,-0.8221765122714052,-0.09143392971153406,-0.20656146447411267,-0.7010718906490314,-1.1182571696274806,1.1385903277573297,-1.4678943191191458,1.3406808795128362,-0.807986293660309,0.006378948882036565
Vitinha,pt POR,"FW,MF",Genoa,it Serie A,25.0,2000.0,35,28,2226,24.7,5,1,6,5,0,0,5,0,65,20,33,68,14,67,14,32,0,30.8,0.08,0.25,1.06,-0.32,-0.17,,,,,,,,,,,,,,,FW,MF,True,Forward,True,True,True,0.2021563342318059,0.0404312668463611,0.2425876010781671,0.2021563342318059,0.0,0.0,0.2021563342318059,0.0,2.628032345013477,0.8086253369272237,1.3342318059299192,2.7493261455525606,0.5660377358490566,2.7088948787061997,0.5660377358490566,1.293800539083558,0.0,-0.883643259592095,-0.764106150598585,-0.7580259054895797,0.172746245036132,-0.5445756546554593,1.0839384549588964,1.992567451124807,2.430102637447145,1.4661945067110016,-0.07090064405051763,0.16751508785593444,0.564379010251152
Vitinha,pt POR,MF,Paris Saint-Germain,fr Ligue 1,25.0,2000.0,29,24,2119,23.5,1,7,8,1,0,0,2,0,34,10,14,21,0,21,26,20,0,29.4,0.03,0.1,2.24,1.32,-0.02,,,,,,,,,,,,,,,MF,,False,Midfielder,True,True,True,0.0424728645587541,0.2973100519112789,0.339782916470033,0.0424728645587541,0.0,0.0,0.0849457291175082,0.0,1.4440773949976404,0.4247286455875413,0.5946201038225578,0.8919301557338368,0.0,0.8919301557338368,1.1042944785276074,0.8494572911750826,0.0,-0.7142014136283892,1.6489286961322474,-0.7022394223533309,0.06907453384739408,-0.10538284007880101,-0.785930866238254,-0.534258413551321,-0.4637968755851823,0.8125403146526385,-1.2154182488546639,-0.8633126317738823,-0.8763177739366632
Daniel Vivian,es ESP,DF,Athletic Club,es La Liga,26.0,1999.0,31,28,2564,28.5,1,0,1,1,0,0,8,1,17,6,38,17,1,11,34,38,0,35.3,0.06,0.17,1.06,-0.56,-0.67,,,,,,,,,,,,,,,DF,,False,Defender,True,True,True,0.0351014040561622,0.0,0.0351014040561622,0.0351014040561622,0.0,0.0,0.2808112324492979,0.0351014040561622,0.5967238689547583,0.2106084243369735,1.3338533541341655,0.5967238689547583,0.0351014040561622,0.3861154446177847,1.1934477379095163,1.3338533541341655,0.0,-0.1571645869607512,-0.8042256269931214,-0.1347660000653171,0.07150930271714163,0.3537052121739111,-0.5325155220644764,-0.3894484365890823,0.7271970502999634,0.2974533728040082,0.749445743213983,-0.3516578244294382,0.6823626761850895
Dušan Vlahović,rs SRB,FW,Juventus,it Serie A,25.0,2000.0,19,11,968,10.8,7,1,8,6,1,1,0,0,49,18,9,18,9,3,2,3,0,36.7,0.12,0.33,1.58,0.37,-0.47,,,,,,,,,,,,,,,FW,,False,Forward,True,True,False,0.6508264462809917,0.0929752066115702,0.743801652892562,0.5578512396694215,0.0929752066115702,0.0929752066115702,0.0,0.0,4.555785123966942,1.6735537190082646,0.8367768595041323,1.6735537190082646,0.8367768595041323,0.2789256198347107,0.1859504132231405,0.2789256198347107,0.0,1.4263213708293607,-0.2321905392293979,1.3282882737218153,2.691543669894958,1.6811136278430747,-0.5983147076293318,0.37037809994190307,-0.6641603738219034,-0.40149629944735654,-0.9395232153891334,1.0071172056992082,-1.4507590990632495
Nikola Vlašić,hr CRO,"MF,FW",Torino,it Serie A,27.0,1997.0,37,36,3043,33.8,8,3,11,3,5,5,7,0,49,17,44,45,4,48,22,39,0,34.7,0.06,0.18,1.19,-0.59,-0.83,,,,,,,,,,,,,,,MF,FW,True,Midfielder,True,True,True,0.2366086099244167,0.0887282287216562,0.3253368386460729,0.0887282287216562,0.1478803812027604,0.1478803812027604,0.2070325336838646,0.0,1.449227735787052,0.5027932960893855,1.3013473545842915,1.330923430824844,0.1183043049622083,1.4196516595465003,0.6506736772921459,1.1534669733815317,0.0,0.7481867673025491,-0.3191666950126818,-0.31424163110804204,0.07586515420595032,0.1364383739404679,-0.5106911064322561,0.1305589829885894,0.2611319001460023,-0.33600356967986567,0.21035272633105634,-0.14830886488138148,0.13937135171772302
Mërgim Vojvoda,xk KVX,"MF,DF",Como,it Serie A,30.0,1995.0,30,19,1591,17.7,2,2,4,2,0,0,2,0,18,7,15,12,5,66,14,4,0,38.9,0.11,0.29,1.9,1.07,0.24,,,,,,,,,,,,,,,MF,DF,True,Midfielder,True,True,True,0.1131363922061596,0.1131363922061596,0.2262727844123193,0.1131363922061596,0.0,0.0,0.1131363922061596,0.0,1.0182275298554369,0.3959773727215587,0.8485229415461973,0.6788183532369579,0.2828409805153991,3.733500942803268,0.7919547454431175,0.2262727844123193,0.0,-0.18190630507013789,-0.08886094101372524,-0.10950184164300414,-0.49239991651678616,-0.19444578552665046,0.6961259672509,-0.8569978306381338,-1.9498165913499739,0.021712624892379732,-0.7031876872717167,0.8461126217253954,-0.6417883336271071
Cristian Volpato,it ITA,FW,Sassuolo,it Serie A,21.0,2003.0,24,11,1064,11.8,2,4,6,2,0,0,4,0,21,7,19,11,0,49,6,11,0,33.3,0.1,0.29,1.33,0.42,0.77,,,,,,,,,,,,,,,FW,,False,Forward,True,True,False,0.169172932330827,0.3383458646616541,0.5075187969924811,0.169172932330827,0.0,0.0,0.3383458646616541,0.0,1.776315789473684,0.5921052631578947,1.607142857142857,0.9304511278195488,0.0,4.144736842105263,0.5075187969924811,0.9304511278195488,0.0,-1.0534573161474927,2.251758783413305,-0.9514887243623381,-0.9401046818176203,-1.1017390194125596,2.077963245637414,-0.7501684771209008,1.3222827257355114,1.1786414167171582,0.4056383887896596,-1.5878517589524646,1.9219457365261174
Alexis Vossah,fr FRA,MF,Toulouse,fr Ligue 1,17.0,2008.0,23,12,1092,12.1,1,1,2,1,0,0,5,1,9,2,18,10,0,6,7,7,0,22.2,0.11,0.5,1.39,0.58,0.85,,,,,,,,,,,,,,,MF,,False,Midfielder,True,True,False,0.0824175824175824,0.0824175824175824,0.1648351648351648,0.0824175824175824,0.0,0.0,0.4120879120879121,0.0824175824175824,0.7417582417582418,0.1648351648351648,1.4835164835164836,0.8241758241758242,0.0,0.4945054945054945,0.5769230769230769,0.5769230769230769,0.0,-0.4133053412572498,-0.3787114516758853,-0.3671763960076912,-0.8569190916610894,-0.9104560278431973,-0.9932126758805999,-0.6368664963320008,-1.113670566609276,-0.5227361903820992,0.5778657326944555,-0.8633126317738823,1.8453093418363555
Luka Vušković,hr CRO,DF,Hamburger SV,de Bundesliga,18.0,2007.0,28,27,2442,27.1,6,0,6,5,1,1,6,0,32,10,29,32,1,2,40,17,0,31.3,0.16,0.5,1.29,-0.22,0.94,,,,,,,,,,,,,,,DF,,False,Defender,True,True,True,0.2211302211302211,0.0,0.2211302211302211,0.1842751842751842,0.0368550368550368,0.0368550368550368,0.2211302211302211,0.0,1.1793611793611791,0.3685503685503685,1.0687960687960687,1.1793611793611791,0.0368550368550368,0.0737100737100737,1.4742014742014742,0.6265356265356266,0.0,3.2997612922775605,-0.8042256269931214,2.786587929367439,1.8517643856332857,1.5373643424058125,-0.7429229813496869,0.9170054444026152,-1.0859534507794708,1.0598975046888743,0.06335216789687857,-0.3288600876373965,0.1586785585225797
Elye Wahi,ci CIV,FW,Nice,fr Ligue 1,22.0,2003.0,14,11,922,10.2,5,1,6,4,1,1,5,0,23,15,21,5,20,9,2,4,0,65.2,0.17,0.27,0.93,-0.39,0.41,,,,,,,,,,,,,,,FW,,False,Forward,True,True,False,0.4880694143167028,0.0976138828633405,0.5856832971800434,0.3904555314533622,0.0976138828633405,0.0976138828633405,0.4880694143167028,0.0,2.245119305856833,1.4642082429501084,2.049891540130152,0.4880694143167028,1.9522776572668112,0.8785249457700651,0.1952277657266811,0.3904555314533622,0.0,0.5883716677105881,-0.18523204457845333,0.34643547163958194,-0.32756706666155216,1.1424123988683332,-0.18321568583801762,-1.417249066932629,-0.3241156317298189,-0.3559088121914173,1.1787365401628185,4.466450380798847,3.414422496743538
Hauke Wahl,de GER,DF,St Pauli,de Bundesliga,31.0,1994.0,30,29,2592,28.8,2,1,3,2,0,0,1,0,10,4,11,13,4,12,31,32,0,40.0,0.2,0.5,0.77,-0.76,0.97,,,,,,,,,,,,,,,DF,,False,Defender,True,True,True,0.0694444444444444,0.0347222222222222,0.1041666666666666,0.0694444444444444,0.0,0.0,0.0347222222222222,0.0,0.3472222222222222,0.1388888888888889,0.3819444444444444,0.4513888888888888,0.1388888888888889,0.4166666666666666,1.0763888888888888,1.1111111111111112,0.0,0.481023339820054,-0.25133055791912945,0.5377930504573071,-0.6908458826754801,-0.18378014912073748,-0.5119390352048362,-0.7153346188839635,0.1562157306036545,-0.020443848083415102,-1.714544583979477,0.9976096864445588,-1.4769992940436687
Kyle Walker,eng ENG,"DF,MF",Burnley,eng Premier League,35.0,1990.0,36,35,3096,34.4,0,2,2,0,0,0,9,0,4,0,32,22,1,37,43,32,0,0.0,0.0,,0.61,-1.02,-0.46,,,,,,,,,,,,,,,DF,MF,True,Defender,True,True,True,0.0,0.0581395348837209,0.0581395348837209,0.0,0.0,0.0,0.2616279069767442,0.0,0.1162790697674418,0.0,0.9302325581395348,0.6395348837209303,0.0290697674418604,1.0755813953488371,1.25,0.9302325581395348,0.0,-0.809444991619996,0.1215521630842605,-0.8221765122714052,-1.396495372811136,-1.2246505919904345,-0.06815481489904708,-0.29345283968602154,-0.3074514816807251,0.4510325947412921,-0.29531571143934343,-0.4300708559639423,0.5140343812737085
Kyle Walker-Peters,eng ENG,DF,West Ham United,eng Premier League,28.0,1997.0,23,15,1383,15.4,1,0,1,1,0,0,2,0,5,3,12,25,1,20,9,30,0,60.0,0.2,0.33,1.13,-0.33,0.29,,,,,,,,,,,,,,,DF,,False,Defender,True,True,True,0.0650759219088937,0.0,0.0650759219088937,0.0650759219088937,0.0,0.0,0.1301518438177874,0.0,0.3253796095444685,0.1952277657266811,0.7809110629067245,1.6268980477223427,0.0650759219088937,1.3015184381778742,0.5856832971800434,1.9522776572668112,0.0,0.39984420400278464,-0.8042256269931214,0.4522418198301219,-0.7575862399255419,0.23843844701078795,0.08401554952825063,1.9205221573118219,2.312476609051649,-1.353055138757153,-0.6818303413062244,0.038019631941971666,-0.63963115835716
Sebastian Walukiewicz,pl POL,DF,Sassuolo,it Serie A,25.0,2000.0,34,33,2852,31.7,0,1,1,0,0,0,7,0,7,0,35,13,1,45,23,34,0,0.0,0.0,,1.35,-0.09,0.06,,,,,,,,,,,,,,,DF,,False,Defender,True,True,True,0.0,0.0315568022440392,0.0315568022440392,0.0,0.0,0.0,0.2208976157082748,0.0,0.2208976157082748,0.0,1.1044880785413744,0.4102384291725105,0.0315568022440392,1.4200561009817672,0.7258064516129032,1.072931276297335,0.0,-0.809444991619996,-0.3017347367267172,-0.8221765122714052,-1.0768321880958518,-1.2246505919904345,0.1638515919999472,-0.8076067354148352,0.05834488144685317,-0.9725220842391137,0.15573996453930522,-0.3977386796673386,0.15663751125372197
Aaron Wan-Bissaka,cd COD,"DF,MF",West Ham United,eng Premier League,27.0,1997.0,25,23,2081,23.1,0,2,2,0,0,0,4,0,0,0,23,12,1,43,41,24,0,,,,0.96,-0.69,-0.49,,,,,,,,,,,,,,,DF,MF,True,Defender,True,True,True,0.0,0.0864968765016818,0.0864968765016818,0.0,0.0,0.0,0.1729937530033637,0.0,0.0,0.0,0.9947140797693416,0.5189812590100913,0.0432484382508409,1.8596828447861604,1.7731859682844786,1.0379625180201826,0.0,-0.809444991619996,0.5730968324396382,-0.8221765122714052,-1.751787423788529,-1.2246505919904345,0.4599436403822992,-0.563771523467582,-0.03129463855727639,1.8718509840936721,-0.12840704616553267,-0.24574400864927923,-0.2637054339944022
Ollie Watkins,eng ENG,FW,Aston Villa,eng Premier League,29.0,1995.0,37,33,2839,31.5,16,3,19,16,0,0,4,0,83,38,35,32,25,7,5,14,0,45.8,0.19,0.42,1.76,0.32,0.78,,,,,,,,,,,,,,,FW,,False,Forward,True,True,True,0.5072208524128214,0.095103909827404,0.6023247622402255,0.5072208524128214,0.0,0.0,0.1268052131032053,0.0,2.6312081718915112,1.204649524480451,1.109545614653047,1.0144417048256429,0.7925325818950334,0.2219091229306093,0.1585065163790066,0.4438182458612187,0.0,0.6869722730009408,-0.21064113738527665,1.0313177711433494,0.17689577325859038,0.47449922843101167,-0.6377868869116209,-0.6235165791384762,-0.1614174802222859,-0.5363513992355554,-0.46323265042310485,0.8699091484316093,-0.18673727973704823
Timothy Weah,us USA,"MF,DF",Marseille,fr Ligue 1,25.0,2000.0,29,26,2253,25.0,2,2,4,2,0,0,5,0,29,10,32,18,1,62,15,35,0,34.5,0.07,0.2,1.69,0.52,-0.04,,,,,,,,,,,,,,,MF,DF,True,Midfielder,True,True,True,0.0798934753661784,0.0798934753661784,0.1597869507323568,0.0798934753661784,0.0,0.0,0.1997336884154461,0.0,1.158455392809587,0.3994673768308922,1.2782956058588548,0.7190412782956058,0.0399467376830892,2.4766977363515315,0.5992010652463382,1.3981358189081226,0.0,-0.43231896655549196,-0.40252792512816926,-0.3883490314097679,-0.30751231005568413,-0.18363478432154903,0.04062451398818948,-0.796083684941559,0.8445589981247628,-0.4663295018567396,0.1638474950348562,-0.6218838187852138,0.07864932860229817
Danny Welbeck,eng ENG,FW,Brighton,eng Premier League,34.0,1990.0,37,26,2258,25.1,13,1,14,12,1,3,5,0,56,28,31,10,5,3,8,14,0,50.0,0.21,0.43,1.41,0.2,0.12,,,,,,,,,,,,,,,FW,,False,Forward,True,True,True,0.5181576616474757,0.0398582816651904,0.5580159433126661,0.4782993799822851,0.0398582816651904,0.1195748449955712,0.1992914083259521,0.0,2.2320637732506645,1.1160318866253325,1.2356067316209034,0.3985828166519043,0.1992914083259521,0.1195748449955712,0.3188662533215234,0.5580159433126661,0.0,0.7432801076956406,-0.7699066247219529,0.8616800364075559,-0.3446253960633284,0.24646262921580261,-0.7086322945516131,-1.5521885785091956,0.1867611026691336,0.25163175236322416,-0.243113155475489,-0.9698195874676653,0.5358208085248182
Wesley,br BRA,MF,Roma,it Serie A,21.0,2003.0,30,28,2448,27.2,5,0,5,5,0,0,7,2,25,13,36,57,2,95,23,40,0,52.0,0.2,0.38,2.0,1.1,1.29,,,,,,,,,,,,,,,MF,,False,Midfielder,True,True,True,0.1838235294117647,0.0,0.1838235294117647,0.1838235294117647,0.0,0.0,0.2573529411764705,0.0735294117647058,0.9191176470588236,0.4779411764705882,1.3235294117647058,2.0955882352941178,0.0735294117647058,3.4926470588235294,0.8455882352941176,1.4705882352941178,0.0,0.3505666498646425,-1.1563710848352395,0.48343378002104753,-0.6230742962076296,0.059453852796321115,0.5705056074664743,1.2885777804919771,1.0173260005710794,0.1575097854194179,0.2551034180068855,-0.41891792943444633,0.5580070173023536
Adam Wharton,eng ENG,MF,Crystal Palace,eng Premier League,21.0,2004.0,34,29,2552,28.4,1,5,6,1,0,0,6,1,32,6,35,31,0,86,27,36,0,18.8,0.03,0.17,1.15,-0.35,-0.35,,,,,,,,,,,,,,,MF,,False,Midfielder,True,True,True,0.0352664576802507,0.1763322884012539,0.2115987460815047,0.0352664576802507,0.0,0.0,0.2115987460815047,0.0352664576802507,1.128526645768025,0.2115987460815047,1.2343260188087777,1.093260188087774,0.0,3.0329153605015677,0.9521943573667712,1.2695924764890285,0.0,-0.7684859258713714,0.5074304814069525,-0.7626879779376515,-0.34697275884469164,-0.7655962748540838,0.3307267822582078,-0.22936146968107024,0.5380399189561339,0.4274308498976638,0.07514204192075602,-0.8633126317738823,0.17735950526293712
Silvan Widmer,ch SUI,MF,Mainz 05,de Bundesliga,32.0,1993.0,27,22,1810,20.1,2,1,3,2,0,0,5,0,20,4,15,11,4,37,18,27,0,20.0,0.1,0.5,1.37,0.15,1.01,,,,,,,,,,,,,,,MF,,False,Midfielder,True,True,True,0.0994475138121547,0.0497237569060773,0.149171270718232,0.0994475138121547,0.0,0.0,0.2486187845303867,0.0,0.9944751381215468,0.1988950276243094,0.7458563535911602,0.5469613259668509,0.1988950276243094,1.839779005524862,0.8950276243093922,1.3425414364640884,0.0,-0.28502206016144305,-0.6871974277026351,-0.22432646096270265,-0.5237169655175349,-0.8049486398506502,-0.29156842721684695,-1.0566839091253992,0.7119909584814846,0.28268770438604524,-0.9103100828916275,0.33876276195754373,0.4853440627865142
Mats Wieffer,nl NED,DF,Brighton,eng Premier League,25.0,1999.0,26,23,1903,21.1,2,3,5,2,0,0,8,0,18,6,30,22,2,17,24,43,0,33.3,0.11,0.33,1.54,0.24,0.18,,,,,,,,,,,,,,,DF,,False,Defender,True,True,True,0.094587493431424,0.1418812401471361,0.2364687335785601,0.094587493431424,0.0,0.0,0.3783499737256962,0.0,0.8512874408828167,0.2837624802942722,1.4188124014713608,1.0404624277456649,0.094587493431424,0.8039936941671046,1.1350499211770888,2.0336311087756176,0.0,0.9482501818390734,1.455002989464768,1.0301835017027523,0.8493312594574205,0.9019412534522254,-0.25107125456435775,0.6055512860920036,2.5210194542430755,0.13886217017001995,0.9693599269300018,0.42167865127710924,1.5382377448924978
Iñaki Williams,gh GHA,"MF,FW",Athletic Club,es La Liga,31.0,1994.0,30,25,2157,24.0,3,6,9,2,1,1,2,0,57,20,28,23,10,67,8,9,0,35.1,0.04,0.1,1.2,-0.38,0.05,,,,,,,,,,,,,,,MF,FW,True,Midfielder,True,True,True,0.125173852573018,0.2503477051460361,0.3755215577190542,0.0834492350486787,0.0417246175243393,0.0417246175243393,0.0834492350486787,0.0,2.3783031988873433,0.8344923504867873,1.168289290681502,0.9596662030598052,0.4172461752433936,2.7955493741307373,0.3337969401947148,0.3755215577190542,0.0,-0.09123037243464353,1.205810610324746,-0.3585227198461967,1.3008323966327797,1.163944005590331,0.20692557915617613,-0.431678020660749,-1.5939242075042555,-1.1383187137148476,-0.05808226796487359,1.6584264301800826,-0.8887677087000083
Neco Williams,wls WAL,DF,Nottingham Forest,eng Premier League,24.0,2001.0,37,36,3204,35.6,2,3,5,2,0,0,6,1,46,19,29,52,4,143,46,61,0,41.3,0.04,0.11,1.19,-0.06,0.36,,,,,,,,,,,,,,,DF,,False,Defender,True,True,True,0.0561797752808988,0.0842696629213483,0.1404494382022471,0.0561797752808988,0.0,0.0,0.1685393258426966,0.0280898876404494,1.2921348314606742,0.5337078651685393,0.8146067415730337,1.460674157303371,0.1123595505617977,4.01685393258427,1.2921348314606742,1.7134831460674158,0.0,0.2345293888708301,0.5376320687370167,0.27802358341923755,2.196345592128795,2.775098750272895,1.9128152299722174,1.547796547618339,1.70034662737254,0.5654583381684122,-0.5946099933749633,0.6527205666492462,-0.30279178165788806
Nico Williams,es ESP,MF,Athletic Club,es La Liga,23.0,2002.0,25,20,1674,18.6,6,3,9,5,1,2,2,0,46,16,26,29,7,76,7,9,0,34.8,0.11,0.31,1.32,-0.16,0.46,,,,,,,,,,,,,,,MF,,False,Midfielder,True,True,True,0.3225806451612903,0.1612903225806451,0.4838709677419355,0.2688172043010753,0.053763440860215,0.1075268817204301,0.1075268817204301,0.0,2.4731182795698925,0.8602150537634408,1.3978494623655913,1.5591397849462365,0.3763440860215054,4.086021505376344,0.3763440860215054,0.4838709677419355,0.0,1.3957979940973617,0.36550045532607695,1.1963750512373559,1.4258441664373624,1.2436253375918216,0.8799874818344191,0.47617293883645734,-1.3355587350988598,-1.0305915900863216,0.40503873026046805,1.4112236941785021,-0.6884561026856625
Joe Willock,eng ENG,MF,Newcastle United,eng Premier League,25.0,1999.0,24,10,983,10.9,0,2,2,0,0,0,3,0,17,6,16,11,2,16,7,15,0,35.3,0.0,0.0,1.46,-0.46,-0.57,,,,,,,,,,,,,,,MF,,False,Midfielder,True,True,False,0.0,0.1831129196337741,0.1831129196337741,0.0,0.0,0.0,0.2746693794506612,0.0,1.5564598168870805,0.5493387589013224,1.4649033570701933,1.007121057985758,0.1831129196337741,1.4649033570701933,0.6408952187182095,1.3733468972533065,0.0,-1.0341415412128914,0.5714098295289816,-1.0585089693537577,0.21724848839331812,0.2806224604881355,-0.4870895168300702,-0.3598117418470003,0.7854483721193755,-0.3607621097704106,0.5403150999489673,0.24337936347224193,0.7020694171057774
Callum Wilson,eng ENG,FW,West Ham United,eng Premier League,33.0,1992.0,32,11,1251,13.9,7,1,8,7,0,0,1,0,38,16,12,14,9,5,3,2,0,42.1,0.18,0.44,1.16,-0.07,0.67,,,,,,,,,,,,,,,FW,,False,Forward,True,True,False,0.5035971223021583,0.0719424460431654,0.5755395683453237,0.5035971223021583,0.0,0.0,0.0719424460431654,0.0,2.7338129496402876,1.1510791366906474,0.8633093525179856,1.0071942446043165,0.6474820143884893,0.3597122302158273,0.2158273381294964,0.1438848920863309,0.0,0.6683156070875501,-0.44511050195995144,1.010062927748248,0.31095894401025287,0.3366484647918501,-0.5423866211680521,-0.6344452407253172,-1.0758874950280668,-0.25468567293560607,-0.8931939498520073,0.42008585718088426,-0.7336212203528012
Harry Wilson,wls WAL,MF,Fulham,eng Premier League,28.0,1997.0,36,32,2673,29.7,10,7,17,10,0,0,7,0,78,25,13,37,13,115,16,19,0,32.1,0.13,0.4,1.44,0.07,0.79,,,,,,,,,,,,,,,MF,,False,Midfielder,True,True,True,0.3367003367003366,0.2356902356902356,0.5723905723905723,0.3367003367003366,0.0,0.0,0.2356902356902356,0.0,2.6262626262626263,0.8417508417508418,0.4377104377104377,1.2457912457912457,0.4377104377104377,3.872053872053872,0.5387205387205387,0.6397306397306397,0.0,1.502158983858416,1.0675085395082329,1.7657902079522823,1.6277618959568274,1.1864286661650998,0.7683899828194058,0.0016336421526558932,-0.9639022786972271,-0.619462997219444,-1.531972120843629,1.782107683835962,0.37778627622575656
Patrick Wimmer,at AUT,MF,Wolfsburg,de Bundesliga,24.0,2001.0,25,21,1621,18.0,4,3,7,4,0,0,4,0,24,8,28,33,2,25,23,20,0,33.3,0.17,0.5,1.0,-0.28,0.91,,,,,,,,,,,,,,,MF,,False,Midfielder,True,True,True,0.2220851326341764,0.1665638494756323,0.3886489821098087,0.2220851326341764,0.0,0.0,0.2220851326341764,0.0,1.3325107958050586,0.4441702652683529,1.554595928439235,1.8322023442319555,0.1110425663170882,1.3880320789636027,1.2769895126465145,1.1104256631708822,0.0,0.6387841351635689,0.415259364412166,0.8043785570963461,-0.078023774942108,-0.04515844858416791,-0.5271826947073714,0.8897025987594309,0.15849739163162058,1.2497950100979367,0.7212633580073895,-0.19219712817922452,0.26459996361376625
Florian Wirtz,de GER,MF,Liverpool,eng Premier League,22.0,2003.0,33,27,2378,26.4,5,3,8,5,0,0,1,0,51,18,22,19,2,32,12,26,0,35.3,0.1,0.28,1.61,0.23,-0.12,,,,,,,,,,,,,,,MF,,False,Midfielder,True,True,True,0.1892346509671993,0.1135407905803196,0.3027754415475189,0.1892346509671993,0.0,0.0,0.0378469301934398,0.0,1.930193439865433,0.6812447434819175,0.8326324642556769,0.7190916736753574,0.0756938603868797,1.2111017661900756,0.4541631623212784,0.9840201850294364,0.0,0.3913276142781947,-0.0850451982792913,0.5288231797082789,0.7100087255588553,0.6892282138301418,-0.6194629153130361,-0.7960073654918882,-0.14292382577738663,-0.8335578034409977,-0.7352455727972178,-0.40583650421839873,-1.2681515848753229
Axel Witsel,be BEL,MF,Girona,es La Liga,36.0,1989.0,32,30,2526,28.1,1,2,3,1,0,0,2,1,20,5,34,37,1,1,30,24,0,25.0,0.05,0.2,1.03,-0.36,0.25,,,,,,,,,,,,,,,MF,,False,Midfielder,True,True,True,0.0356294536817102,0.0712589073634204,0.1068883610451306,0.0356294536817102,0.0,0.0,0.0712589073634204,0.0356294536817102,0.7125890736342042,0.178147268408551,1.211401425178147,1.318289786223278,0.0356294536817102,0.0356294536817102,1.0688836104513064,0.8551068883610452,0.0,-0.7657515450325428,-0.48400028561907593,-0.7596431062920378,-0.8953780509813074,-0.8692190655744628,-1.2325452222039375,0.11142641948614757,-0.4503250823788956,0.7228818689703175,0.02889333680679397,-0.6479764814716377,-0.9901839371946352
Marius Wolf,de GER,MF,Augsburg,de Bundesliga,30.0,1995.0,29,12,1019,11.3,1,1,2,1,0,0,4,0,14,5,10,2,11,43,13,10,0,35.7,0.07,0.2,1.17,-0.18,0.44,,,,,,,,,,,,,,,MF,,False,Midfielder,True,True,False,0.0883218842001962,0.0883218842001962,0.1766437684003925,0.0883218842001962,0.0,0.0,0.353287536800785,0.0,1.2365063788027475,0.4416094210009814,0.8832188420019628,0.1766437684003925,0.971540726202159,3.7978410206084394,1.1481844946025517,0.8832188420019628,0.0,-0.36882934263432404,-0.3230008008214866,-0.3176501174460991,-0.20460366067462096,-0.05309118722667854,0.7296833406629205,-1.6174978634241595,-0.38329049325524084,0.9236675147476059,-0.6331912243159658,5.008454073131096,1.3561254208084985
Nick Woltemade,de GER,"FW,MF",Newcastle United,eng Premier League,23.0,2002.0,33,24,1902,21.1,8,3,11,7,1,1,0,0,32,13,20,20,8,3,5,13,1,40.6,0.22,0.54,1.24,0.09,0.33,,,,,,,,,,,,,,,FW,MF,True,Forward,True,True,True,0.3785488958990536,0.1419558359621451,0.5205047318611987,0.3312302839116719,0.0473186119873817,0.0473186119873817,0.0,0.0,1.5141955835962144,0.6151419558359621,0.946372239747634,0.946372239747634,0.3785488958990536,0.1419558359621451,0.2365930599369085,0.6151419558359621,0.0473186119873817,0.02450855970294527,0.263652778243142,-0.00094783867663671,-1.2825903505069733,-1.042459521757015,-0.6931380685658642,-0.7261605572379799,0.36093321410820334,-0.1526461009893534,-0.7481550891338127,-0.4139155711815479,-1.4507590990632495
Jeong Woo-yeong,kr KOR,"MF,FW",Union Berlin,de Bundesliga,25.0,1999.0,28,13,1197,13.3,4,1,5,4,0,0,0,0,22,8,13,20,4,31,8,7,0,36.4,0.18,0.5,1.21,-0.45,-0.06,,,,,,,,,,,,,,,MF,FW,True,Midfielder,True,True,False,0.3007518796992481,0.075187969924812,0.3759398496240601,0.3007518796992481,0.0,0.0,0.0,0.0,1.6541353383458646,0.6015037593984962,0.9774436090225564,1.5037593984962403,0.3007518796992481,2.3308270676691727,0.6015037593984962,0.5263157894736842,0.0,1.2313659954673446,-0.4469272089705657,1.4642484912775027,0.3460316916163415,0.4422142138419063,-0.03545616023259309,0.39230412710710244,-1.2343465880685234,-0.4604992020143466,-0.4430995902141253,0.9543619402009554,-1.5830153866876162
Chris Wood,nz NZL,FW,Nottingham Forest,eng Premier League,33.0,1991.0,15,11,901,10.0,3,0,3,3,0,0,0,0,23,9,6,6,4,1,1,1,0,39.1,0.13,0.33,1.13,0.0,0.11,,,,,,,,,,,,,,,FW,,False,Forward,True,True,False,0.2996670366259711,0.0,0.2996670366259711,0.2996670366259711,0.0,0.0,0.0,0.0,2.297447280799112,0.8990011098779135,0.5993340732519422,0.5993340732519422,0.3995560488346282,0.099889012208657,0.099889012208657,0.099889012208657,0.0,-0.38161232958581554,-1.1734021059287691,-0.18608079770256403,-0.2591954528469205,-0.3120149092560509,-0.7222606786733732,-1.2494697667440764,-1.210027004411629,-0.8243888240634847,-1.3541299350972706,-0.34876927885241815,-1.4507590990632495
Granit Xhaka,ch SUI,MF,Sunderland,eng Premier League,32.0,1992.0,34,32,2904,32.3,1,6,7,1,0,0,8,0,21,5,23,40,0,99,29,33,0,23.8,0.05,0.2,1.5,-0.03,0.84,,,,,,,,,,,,,,,MF,,False,Midfielder,True,True,True,0.03099173553719,0.1859504132231405,0.2169421487603305,0.03099173553719,0.0,0.0,0.2479338842975206,0.0,0.6508264462809917,0.1549586776859504,0.7128099173553719,1.2396694214876034,0.0,3.068181818181818,0.8987603305785125,1.0227272727272727,0.0,-0.8006866065188283,0.5981832941110722,-0.7985450678062704,-0.976810828316138,-0.9410504658803255,0.34912044495906724,-0.007637331975087821,-0.0506245230273613,0.29213871929923113,-0.9769788714059077,-0.8633126317738823,0.47964610287060755
Lamine Yamal,es ESP,"MF,FW",Barcelona,es La Liga,18.0,2007.0,28,26,2262,25.1,16,11,27,13,3,4,1,0,117,37,28,52,14,77,8,20,0,31.6,0.11,0.35,2.61,1.55,0.0,,,,,,,,,,,,,,,MF,FW,True,Midfielder,True,True,True,0.636604774535809,0.4376657824933687,1.0742705570291775,0.5172413793103449,0.1193633952254641,0.1591511936339522,0.039787798408488,0.0,4.655172413793103,1.4721485411140585,1.1140583554376655,2.068965517241379,0.5570291777188329,3.0636604774535807,0.3183023872679045,0.7957559681697614,0.0,3.7612828998237884,2.9732697257351246,3.2801989047491427,4.302838492286792,3.139214414835887,0.34676228307434165,1.2482599735712023,-0.5918508048510134,-1.177550102478514,-0.1674892468870805,2.503242460749806,-1.2520047232439229
Yehor Yarmoliuk,ua UKR,MF,Brentford,eng Premier League,21.0,2004.0,37,30,2659,29.5,1,2,3,1,0,0,7,0,16,4,37,12,1,30,28,46,0,25.0,0.06,0.25,1.41,0.0,-0.35,,,,,,,,,,,,,,,MF,,False,Midfielder,True,True,True,0.0338473110191801,0.0676946220383602,0.1015419330575404,0.0338473110191801,0.0,0.0,0.236931177134261,0.0,0.5415569763068823,0.1353892440767205,1.2523505077096653,0.4061677322301617,0.0338473110191801,1.0154193305754045,0.947724708537044,1.5569763068822866,0.0,-0.7791760916636022,-0.5176314688818632,-0.7745920193372463,-1.1208804186042813,-1.0016707871477812,-0.7215235404490442,-1.2699036456193555,1.2233233836796253,0.4161139353855528,0.11150514110752673,-0.6587473381810017,0.38811016613955485
Terry Yegbe,gh GHA,DF,Metz,fr Ligue 1,24.0,2001.0,24,22,1963,21.8,0,1,1,0,0,0,3,0,6,2,19,8,0,5,22,7,0,33.3,0.0,0.0,0.58,-1.24,0.16,,,,,,,,,,,,,,,DF,,False,Defender,True,True,True,0.0,0.0458481915435557,0.0458481915435557,0.0,0.0,0.0,0.1375445746306673,0.0,0.2750891492613347,0.0916963830871115,0.87111563932756,0.3667855323484462,0.0,0.2292409577177789,1.0086602139582272,0.3209373408048904,0.0,-0.809444991619996,-0.07416754291783599,-0.8221765122714052,-0.9112493266214308,-0.5374533969017302,-0.638171715232334,-0.9050416313306684,-1.8693293839445384,-0.20437490254860113,-0.44833824820041507,-0.807986293660309,-0.5747620211342463
Kenan Yıldız,tr TUR,"MF,FW",Juventus,it Serie A,20.0,2005.0,36,33,2825,31.4,10,6,16,9,1,2,2,0,97,40,23,56,7,122,7,14,0,41.2,0.09,0.23,1.81,0.73,0.13,,,,,,,,,,,,,,,MF,FW,True,Midfielder,True,True,True,0.3185840707964602,0.1911504424778761,0.5097345132743363,0.2867256637168142,0.031858407079646,0.063716814159292,0.063716814159292,0.0,3.0902654867256634,1.2743362831858407,0.7327433628318584,1.784070796460177,0.2230088495575221,3.886725663716814,0.2230088495575221,0.4460176991150442,0.0,1.3656925485271463,0.6472487086019603,1.3465942274055849,2.2395403004395766,2.526450506298766,0.776042239519306,0.8168115270808579,-1.4258220565955784,-1.4188283014843326,-0.9367645907690864,0.4845011061533004,-1.0529296375126533
Darlin Yongwa,cm CMR,"DF,MF",Lorient,fr Ligue 1,24.0,2000.0,23,14,1312,14.6,0,1,1,0,0,0,4,1,10,2,14,22,1,38,11,24,0,20.0,0.0,0.0,1.04,-0.14,-0.09,,,,,,,,,,,,,,,DF,MF,True,Defender,True,True,False,0.0,0.0685975609756097,0.0685975609756097,0.0,0.0,0.0,0.274390243902439,0.0685975609756097,0.6859756097560975,0.1371951219512195,0.9603658536585368,1.5091463414634148,0.0685975609756097,2.606707317073171,0.7545731707317074,1.646341463414634,0.0,-0.809444991619996,0.28807926556769176,-0.8221765122714052,0.34421903548359195,-0.19647369110695345,0.9630704617333258,1.656486245282671,1.5282344763615252,-0.8944001811243352,-0.21731649541195644,0.08380196480611889,0.6260203045100295
Leny Yoro,fr FRA,DF,Manchester Utd,eng Premier League,19.0,2005.0,32,18,1740,19.3,0,0,0,0,0,0,1,0,9,3,17,5,2,3,31,20,0,33.3,0.0,0.0,1.72,-0.26,-1.54,,,,,,,,,,,,,,,DF,,False,Defender,True,True,True,0.0,0.0,0.0,0.0,0.0,0.0,0.0517241379310344,0.0,0.4655172413793103,0.1551724137931034,0.8793103448275862,0.2586206896551724,0.1034482758620689,0.1551724137931034,1.603448275862069,1.0344827586206895,0.0,-0.809444991619996,-0.8042256269931214,-0.8221765122714052,-0.3293940748755863,-0.061747062715325145,-0.6880574585371437,-1.1475808165141765,-0.040214714009432745,1.4108936010989026,-0.42712647585462915,0.5368714018660743,-1.327812257333792
Ali Yousuf,ly LBY,DF,Nantes,fr Ligue 1,24.0,2001.0,13,10,969,10.8,0,0,0,0,0,0,4,0,6,1,11,11,0,1,18,7,0,16.7,0.0,0.0,0.69,-0.84,-0.23,,,,,,,,,,,,,,,DF,,False,Defender,True,True,False,0.0,0.0,0.0,0.0,0.0,0.0,0.371517027863777,0.0,0.5572755417956656,0.0928792569659442,1.021671826625387,1.021671826625387,0.0,0.0928792569659442,1.671826625386997,0.6501547987616099,0.0,-0.809444991619996,-0.8042256269931214,-0.8221765122714052,-0.049025520033096875,-0.5285886240032692,-0.7300123865871154,0.563416919958414,-1.0254076560317251,1.5965889796602706,-0.058627651498581804,-0.807986293660309,1.4782805634432106
Illia Zabarnyi,ua UKR,DF,Paris Saint-Germain,fr Ligue 1,22.0,2002.0,28,26,2387,26.5,1,0,1,1,0,0,6,0,4,3,18,8,0,0,20,20,0,75.0,0.25,0.33,2.25,1.21,-0.53,,,,,,,,,,,,,,,DF,,False,Defender,True,True,True,0.0377042312526183,0.0,0.0377042312526183,0.0377042312526183,0.0,0.0,0.22622538751571,0.0,0.1508169250104734,0.113112693757855,0.6786761625471303,0.3016338500209468,0.0,0.0,0.754084625052367,0.754084625052367,0.0,-0.10879691556373143,-0.8042256269931214,-0.08379337306050878,-1.2909645541504857,-0.3769538425397893,-0.7925672921629087,-1.0511319463682098,-0.7589921411032766,-0.8957269267316793,-0.946462600783381,-0.807986293660309,0.20338721298325801
Mattia Zaccagni,it ITA,FW,Lazio,it Serie A,30.0,1995.0,26,26,2104,23.4,3,0,3,3,0,1,6,1,34,14,30,82,6,55,20,21,0,41.2,0.09,0.21,1.42,-0.04,-0.18,,,,,,,,,,,,,,,FW,,False,Forward,True,True,True,0.1283269961977186,0.0,0.1283269961977186,0.1283269961977186,0.0,0.0427756653992395,0.2566539923954373,0.0427756653992395,1.4543726235741443,0.5988593155893536,1.2832699619771863,3.5076045627376424,0.2566539923954373,2.3526615969581752,0.8555133079847909,0.8982889733840305,0.0,-1.263751394647624,-1.1734021059287691,-1.1910689219275046,-1.3607548948905246,-1.0843590577630613,0.8373202878146302,3.1359981091691154,1.2242231885994428,2.888633068855451,-0.1598868090337701,-0.7919297190973253,1.1076234663362898
Warren Zaïre-Emery,fr FRA,"DF,MF",Paris Saint-Germain,fr Ligue 1,19.0,2006.0,32,27,2447,27.2,3,4,7,3,0,0,3,0,19,7,35,17,0,15,11,29,0,36.8,0.16,0.43,2.19,1.36,0.19,,,,,,,,,,,,,,,DF,MF,True,Defender,True,True,True,0.1103391908459338,0.1471189211279117,0.2574581119738455,0.1103391908459338,0.0,0.0,0.1103391908459338,0.0,0.6988148753575807,0.2574581119738455,1.2872905598692277,0.6252554147936249,0.0,0.551695954229669,0.4045770331017572,1.06661217817736,0.0,1.2409599420289281,1.5384045635091876,1.338657839951413,0.3834495609575042,0.7048092890299762,-0.4209957545478065,-0.3254718457904628,0.04214639599180482,-1.8448862008039508,0.6289192164549229,-0.807986293660309,-0.8134816253783539
Denis Zakaria,ch SUI,"DF,MF",Monaco,fr Ligue 1,28.0,1996.0,24,23,2031,22.6,2,1,3,2,0,0,4,1,18,3,26,7,0,11,45,25,1,16.7,0.11,0.67,1.67,0.35,0.53,,,,,,,,,,,,,,,DF,MF,True,Defender,True,True,True,0.0886262924667651,0.0443131462333825,0.1329394387001477,0.0886262924667651,0.0,0.0,0.1772525849335303,0.0443131462333825,0.7976366322008863,0.1329394387001477,1.1521418020679468,0.310192023633678,0.0,0.4874446085672083,1.9940915805022157,1.1078286558345642,0.0443131462333825,0.8374747105427858,-0.09861064962247364,0.9134419547856221,0.685400589119911,-0.2283669184607984,-0.4642695380849272,-1.0319418620209608,0.1478014279540539,2.4717653074446453,0.27909033202614675,-0.807986293660309,-0.22633537956120395
Nicola Zalewski,pl POL,MF,Atalanta,it Serie A,23.0,2002.0,33,24,1897,21.1,2,4,6,2,0,0,3,0,38,7,21,51,3,124,16,20,0,18.4,0.05,0.29,1.64,0.76,0.82,,,,,,,,,,,,,,,MF,,False,Midfielder,True,True,True,0.0948866631523458,0.1897733263046916,0.2846599894570374,0.0948866631523458,0.0,0.0,0.1423299947285187,0.0,1.8028465998945704,0.3321033210332103,0.9963099630996308,2.419609910384818,0.1423299947285187,5.8829731154454405,0.7590933052187665,0.948866631523458,0.0,-0.31937809329348116,0.6342547863508751,-0.2625836450586553,0.5421044878661212,-0.39230871867641265,1.817210100138022,1.779280619645134,-0.22674951948797029,-0.06149080426528204,-0.40503808908808736,-0.0031031710514729176,-0.39891503764760256
Andre-Frank Zambo Anguissa,cm CMR,MF,Napoli,it Serie A,29.0,1995.0,18,14,1258,14.0,4,1,5,4,0,0,1,0,23,9,18,18,0,15,13,14,0,39.1,0.17,0.44,2.0,0.29,-0.46,,,,,,,,,,,,,,,MF,,False,Midfielder,True,True,False,0.2861685214626391,0.0715421303656597,0.3577106518282988,0.2861685214626391,0.0,0.0,0.0715421303656597,0.0,1.645468998410175,0.643879173290938,1.287758346581876,1.287758346581876,0.0,1.0731319554848968,0.9300476947535772,1.0015898251192368,0.0,1.1215122913834858,-0.48132790565398825,1.3419208242675609,0.33460529736249894,0.5734807213605327,-0.691422798100858,0.06518919133998885,-0.10102799671070863,0.3713566711265806,0.1829378881873062,-0.8633126317738823,-0.9878276913699416
Nicolò Zaniolo,it ITA,"FW,MF",Udinese,it Serie A,26.0,1999.0,32,28,2257,25.1,5,6,11,5,0,0,8,0,72,22,61,61,6,120,4,21,0,30.6,0.07,0.23,1.34,0.08,0.47,,,,,,,,,,,,,,,FW,MF,True,Forward,True,True,True,0.1993797075764288,0.2392556490917146,0.4386353566681435,0.1993797075764288,0.0,0.0,0.3190075321222862,0.0,2.871067789100576,0.877270713336287,2.4324324324324325,2.4324324324324325,0.2392556490917146,4.785112981834294,0.1595037660611431,0.8373947718210013,0.0,-0.8979386387438567,1.2486434321261484,-0.774312097596724,0.49029580709581316,-0.3679329617666801,2.52129181136812,1.5147139626025161,1.0385622052373722,-0.5314510672542022,1.8467038724835303,-0.8458845583077095,1.7291770507525117
Alessandro Zanoli,it ITA,MF,Udinese,it Serie A,24.0,2000.0,19,16,1280,14.2,1,2,3,1,0,0,1,0,3,1,16,5,1,40,7,18,0,33.3,0.33,1.0,1.16,-0.14,-0.1,,,,,,,,,,,,,,,MF,,False,Midfielder,True,True,False,0.0703125,0.140625,0.2109375,0.0703125,0.0,0.0,0.0703125,0.0,0.2109375,0.0703125,1.125,0.3515625,0.0703125,2.8125,0.4921874999999999,1.265625,0.0,-0.5044906581257346,0.17051066424290878,-0.4687158677178946,-1.5567955237484645,-1.2032593058420662,0.21576639037783404,-1.3525985532376728,0.5285792404242555,-0.7372821909079199,-0.14541527249178063,-0.4383601976617962,-0.9980574798832136
Duván Zapata,co COL,FW,Torino,it Serie A,34.0,1991.0,28,11,1103,12.3,3,1,4,3,0,1,0,0,34,15,15,24,7,8,1,2,0,44.1,0.09,0.2,1.18,-0.08,0.62,,,,,,,,,,,,,,,FW,,False,Forward,True,True,False,0.2447869446962828,0.0815956482320942,0.3263825929283771,0.2447869446962828,0.0,0.0815956482320942,0.0,0.0,2.7742520398912056,1.2239347234814144,1.2239347234814144,1.958295557570263,0.57116953762466,0.6527651858567542,0.0815956482320942,0.1631912964641885,0.0,-0.6641608387630005,-0.34738869109196874,-0.5079777723259887,0.3637965679523344,0.5241251415314956,-0.3395078153424475,0.7997488171625456,-1.0170239919362543,-0.9142796088354922,-0.2634940357856634,0.18342956516154113,-1.4507590990632495
Gabriele Zappa,it ITA,"DF,MF",Cagliari,it Serie A,25.0,1999.0,31,18,1597,17.7,0,3,3,0,0,0,2,0,11,2,13,5,0,37,18,17,0,18.2,0.0,0.0,1.03,-0.45,-0.2,,,,,,,,,,,,,,,DF,MF,True,Defender,True,True,True,0.0,0.169067000626174,0.169067000626174,0.0,0.0,0.0,0.1127113337507827,0.0,0.6199123356293049,0.1127113337507827,0.7326236693800876,0.2817783343769567,0.0,2.08515967438948,1.0144020037570445,0.9580463368816532,0.0,-0.809444991619996,1.887892129499904,-0.8221765122714052,0.14236193251799892,-0.3799617416716323,0.6118040476047276,-1.095654181743228,-0.2361531600135944,-0.18878189924099034,-0.8068209463566587,-0.807986293660309,-0.7926667374158556
Davide Zappacosta,it ITA,MF,Atalanta,it Serie A,33.0,1992.0,35,30,2569,28.5,3,3,6,3,0,0,3,0,37,9,18,8,7,107,18,14,0,24.3,0.08,0.33,1.54,0.6,0.81,,,,,,,,,,,,,,,MF,,False,Midfielder,True,True,True,0.1050992604126119,0.1050992604126119,0.2101985208252238,0.1050992604126119,0.0,0.0,0.1050992604126119,0.0,1.296224211755547,0.3152977812378357,0.6305955624756715,0.2802646944336317,0.2452316076294277,3.748540288049825,0.6305955624756715,0.4904632152588555,0.0,-0.24244851238662363,-0.164696130288706,-0.17691865783888264,-0.12586690347753618,-0.44436731382083866,0.7039699261257903,-1.4605729213320706,-1.3198391373312055,-0.3868402948004524,-1.1428403700317962,0.6188102991892512,-0.708652458649895
Bryan Zaragoza,es ESP,"FW,MF",Celta Vigo,es La Liga,23.0,2001.0,19,13,1131,12.6,1,1,2,0,1,1,1,0,26,12,7,17,6,67,2,5,0,46.2,0.0,0.0,1.47,0.32,0.28,,,,,,,,,,,,,,,FW,MF,True,Forward,True,True,False,0.0795755968169761,0.0795755968169761,0.1591511936339522,0.0,0.0795755968169761,0.0795755968169761,0.0795755968169761,0.0,2.068965517241379,0.9549071618037136,0.5570291777188329,1.3527851458885942,0.4774535809018567,5.3315649867374,0.1591511936339522,0.3978779840848807,0.0,-1.5147465138427267,-0.367838183236469,-1.9437657630968073,-0.557729208813724,-0.1681538646009095,2.8995972611571643,-0.11331840562886696,-0.3014852364022813,-0.5331835540843864,-1.4279999154888778,-0.10719749559683907,-0.6575323207548752
Aaron Zehnter,de GER,"DF,MF",Wolfsburg,de Bundesliga,20.0,2004.0,20,17,1456,16.2,2,0,2,2,0,0,0,0,11,5,2,0,0,36,16,10,0,45.5,0.18,0.4,1.1,-0.37,0.64,,,,,,,,,,,,,,,DF,MF,True,Defender,True,True,True,0.1236263736263736,0.0,0.1236263736263736,0.1236263736263736,0.0,0.0,0.0,0.0,0.679945054945055,0.3090659340659341,0.1236263736263736,0.0,0.0,2.225274725274726,0.989010989010989,0.6181318681318682,0.0,1.487872257756797,-0.8042256269931214,1.5988682037950945,0.3257926050724087,1.0915720968130123,0.7061726296131714,-1.72748875867645,-1.1074957904751803,-0.25773638743914656,-2.3831938857729327,-0.807986293660309,-1.7816770450708828
Jordan Zemura,zw ZIM,"MF,DF",Udinese,it Serie A,25.0,1999.0,17,13,1127,12.5,0,1,1,0,0,0,3,0,5,1,26,11,2,35,6,17,0,20.0,0.0,0.0,1.12,-0.16,-0.12,,,,,,,,,,,,,,,MF,DF,True,Midfielder,True,True,False,0.0,0.0798580301685891,0.0798580301685891,0.0,0.0,0.0,0.2395740905057675,0.0,0.3992901508429459,0.0798580301685891,2.076308784383319,0.878438331854481,0.1597160603371783,2.7950310559006213,0.479148181011535,1.3575865128660158,0.0,-1.0341415412128914,-0.4028623719603379,-1.0585089693537577,-1.3084563559730686,-1.1736900747113734,0.20665524379153868,-0.5546906154436823,0.7478668185451285,-0.7702970571558376,1.77378120924998,0.10197417508232015,0.4100976231871894
Alessio Zerbin,it ITA,MF,Cremonese,it Serie A,26.0,1999.0,32,17,1646,18.3,0,3,3,0,0,0,1,0,21,7,37,20,7,58,3,20,0,33.3,0.0,0.0,0.88,-0.71,-0.1,,,,,,,,,,,,,,,MF,,False,Midfielder,True,True,True,0.0,0.1640340218712029,0.1640340218712029,0.0,0.0,0.0,0.0546780072904009,0.0,1.1482381530984205,0.3827460510328068,2.023086269744836,1.0935601458080195,0.3827460510328068,3.1713244228432567,0.1640340218712029,1.0935601458080195,0.0,-1.0341415412128914,0.39138891408945325,-1.0585089693537577,-0.3209835343547706,-0.2354325093931447,0.4029157622384958,-0.22890720962297623,0.1182805841760266,-1.5681494469966297,1.6664086457664629,1.4499156851424553,-1.1281270995007182
Cedric Zesiger,ch SUI,DF,Augsburg,de Bundesliga,27.0,1998.0,27,20,1816,20.2,0,0,0,0,0,0,7,0,12,3,18,16,0,34,17,24,1,25.0,0.0,0.0,1.38,-0.69,-0.55,,,,,,,,,,,,,,,DF,,False,Defender,True,True,True,0.0,0.0,0.0,0.0,0.0,0.0,0.3469162995594713,0.0,0.5947136563876653,0.1486784140969163,0.8920704845814978,0.7929515418502203,0.0,1.685022026431718,0.842511013215859,1.1894273127753303,0.0495594713656387,-0.809444991619996,-0.8042256269931214,-0.8221765122714052,0.06536707482271982,-0.11041483156164,0.3423082139494727,0.050554975882767764,0.35697283699235954,-0.6555870032190777,-0.3940972010918545,-0.807986293660309,1.2624160797296535
Piotr Zieliński,pl POL,MF,Inter,it Serie A,31.0,1994.0,34,22,2045,22.7,6,3,9,5,1,1,3,0,29,10,18,18,0,23,7,19,1,34.5,0.17,0.5,2.21,1.28,-0.36,,,,,,,,,,,,,,,MF,,False,Midfielder,True,True,True,0.2640586797066014,0.1320293398533007,0.3960880195599022,0.2200488997555012,0.0440097799511002,0.0440097799511002,0.1320293398533007,0.0,1.276283618581907,0.4400977995110024,0.7921760391198044,0.7921760391198044,0.0,1.0122249388753055,0.3080684596577017,0.8361858190709046,0.0440097799511002,0.9549629977158924,0.08940542285671363,0.78729829248953,-0.15215817302711426,-0.05777374381912359,-0.7231896154486592,-0.6853274067784525,-0.4954434730053885,-1.203461866086768,-0.8168634765307019,-0.8633126317738823,-0.4846103196319167
Budu Zivzivadze,ge GEO,FW,Heidenheim,de Bundesliga,31.0,1994.0,20,14,1142,12.7,6,0,6,6,0,0,2,1,28,14,15,13,8,6,1,10,0,50.0,0.21,0.43,0.7,-0.87,0.07,,,,,,,,,,,,,,,FW,,False,Forward,True,True,False,0.4728546409807355,0.0,0.4728546409807355,0.4728546409807355,0.0,0.0,0.1576182136602452,0.0788091068301226,2.206654991243433,1.1033274956217165,1.182136602451839,1.0245183887915936,0.6304728546409808,0.4728546409807355,0.0788091068301226,0.7880910683012259,0.0,0.5100388630014767,-1.1734021059287691,0.8297441385147744,-0.37782445321803165,0.2137708740563916,-0.46405880790982307,-0.608321646621652,0.8882396155011593,-0.9279722458892257,-0.3364791204183457,0.3673379338148593,0.12041338126384642
Nadir Zortea,it ITA,DF,Bologna,it Serie A,26.0,1999.0,32,16,1819,20.2,0,2,2,0,0,0,2,0,11,1,28,17,1,67,20,17,0,9.1,0.0,0.0,1.31,-0.35,-0.91,,,,,,,,,,,,,,,DF,,False,Defender,True,True,True,0.0,0.0989554700384826,0.0989554700384826,0.0,0.0,0.0,0.0989554700384826,0.0,0.5442550852116547,0.0494777350192413,1.3853765805387577,0.8411214953271028,0.0494777350192413,3.3150082462891697,0.9895547003848268,0.8411214953271028,0.0,-0.809444991619996,0.7714797265415533,-0.8221765122714052,-0.08880967666289695,-0.8538512258664306,1.4401166741357312,0.15856697844944906,-0.5358803219116139,-0.25625982811745474,0.8828122136760512,-0.16476133758117037,-0.9133705792517088
Yanis Zouaoui,dz ALG,"DF,MF",Le Havre,fr Ligue 1,27.0,1998.0,30,28,2338,26.0,1,1,2,0,1,1,7,0,16,5,22,26,1,182,27,30,1,31.3,0.0,0.0,0.93,-0.5,-0.63,,,,,,,,,,,,,,,DF,MF,True,Defender,True,True,True,0.0384944396920444,0.0384944396920444,0.0769888793840889,0.0,0.0384944396920444,0.0384944396920444,0.2694610778443114,0.0,0.6159110350727117,0.1924721984602224,0.8468776732249785,1.0008554319931564,0.0384944396920444,7.005988023952096,1.039349871685201,1.1548331907613345,0.0384944396920444,-0.09411267444878037,-0.1912641132891929,-0.8221765122714052,0.13013591209856964,0.21778748965961597,3.9260204056710295,0.5167400953373441,0.26829366606723776,-0.12103086676646206,-0.5110775643468206,-0.3075473735970277,0.5827682563139657
Igor Zubeldia,es ESP,DF,Real Sociedad,es La Liga,28.0,1997.0,25,23,2082,23.1,0,1,1,0,0,0,9,0,6,1,38,5,0,0,23,21,0,16.7,0.0,0.0,1.28,-0.13,-0.2,,,,,,,,,,,,,,,DF,,False,Defender,True,True,True,0.0,0.0432276657060518,0.0432276657060518,0.0,0.0,0.0,0.3890489913544669,0.0,0.2593659942363112,0.0432276657060518,1.6426512968299711,0.2161383285302593,0.0,0.0,0.9942363112391932,0.9077809798270894,0.0,-0.809444991619996,-0.11589516635921869,-0.8221765122714052,-0.9592916097928453,-0.9006909152471289,-0.7925672921629087,-1.2428394698376626,-0.3650042459885634,-0.24354595733937112,1.5487608206489827,-0.807986293660309,1.6321186206173282
Martín Zubimendi,es ESP,MF,Arsenal,eng Premier League,26.0,1999.0,38,34,2992,33.2,5,1,6,5,0,0,4,0,27,9,33,15,1,13,39,39,0,33.3,0.19,0.56,2.24,0.96,-1.56,,,,,,,,,,,,,,,MF,,False,Midfielder,True,True,True,0.1504010695187165,0.0300802139037433,0.1804812834224599,0.1504010695187165,0.0,0.0,0.1203208556149732,0.0,0.8121657754010695,0.2707219251336898,0.9926470588235294,0.4512032085561497,0.0300802139037433,0.3910427807486631,1.1731283422459893,1.1731283422459893,0.0,0.09880152421418141,-0.8725461117703951,0.20308055286199161,-0.7640881799020747,-0.5824501409360148,-1.047174950067964,-1.2017013067184439,0.30801557818107017,0.9868240181190663,-0.41242773282422474,-0.6815147989986584,-0.5820178991078904
Martin Ødegaard,no NOR,MF,Arsenal,eng Premier League,26.0,1998.0,24,16,1369,15.2,1,6,7,1,0,0,0,0,22,8,9,9,2,22,7,9,0,36.4,0.05,0.13,2.17,1.05,-0.18,,,,,,,,,,,,,,,MF,,False,Midfielder,True,True,True,0.0657414170927684,0.3944485025566107,0.4601899196493791,0.0657414170927684,0.0,0.0,0.0,0.0,1.4463111760409055,0.5259313367421475,0.591672753834916,0.591672753834916,0.1314828341855368,1.4463111760409055,0.4601899196493791,0.591672753834916,0.0,-0.5389237688596699,2.5654886057857174,-0.5070588816299416,0.07201972905858049,0.208113185070839,-0.49678650170523525,-0.9889723136239265,-1.078499103817282,-0.8182983725403561,-1.2213643137072139,-0.06866089230935364,-1.5830153866876162
